Sample_Name,buffer_test,reads_G4,reads_G6,Acanthocephala_G4,Ancylostoma_G4,Ascaridida_G4,Blastocystis_G4,Cryptosporidium_G4,Cyclophyllidea_G4,Echinostoma_paraensei_G4,Eimeria_G4,Eimeriorina_G4,Entamoeba_G4,Eucestoda_G4,Haemonchus_contortus_G4,Hepatozoon_G4,Hexamastix_G4,Hymenolepis_diminuta_G4,Hymenolepis_microstoma_G4,Hypotrichomonadidae_G4,Hypotrichomonas_G4,Microsporidia_G4,Moniliformis_moniliformis_G4,Neobalantidium_coli_G4,Nippostrongylus_brasiliensis_G4,Ostertagia_G4,Pentatrichomonas_hominis_G4,Rhabditida_G4,Simplicimonas_G4,Simplicimonas_similis_G4,Spirocerca_lupi_G4,Spirurida_G4,Streptopharagus_G4,Syphacia_G4,Tetratrichomonas_G4,Trichomitus_G4,Trichomitus_batrachorum_G4,Trichomonadea_G4,Trichuris_trichiura_G4,Tritrichomonas_G4,Ancylostoma_G6,Apicomplexa_G6,Ascaridida_G6,Blastocystis_G6,Cryptosporidium_G6,Cyclophyllidea_G6,Eimeria_G6,Entamoeba_G6,Hepatozoon_G6,Hymenolepis_diminuta_G6,Hymenolepis_microstoma_G6,Neobalantidium_coli_G6,Nippostrongylus_brasiliensis_G6,Rhabditida_G6,Sarcocystis_G6,Spirocerca_G6,Spirurida_G6,Strongyloides_G6,Strongyloides_ratti_G6,Syphacia_obvelata_G6
TMR-3552,,5475,1780,0,0,0,0,0,0,0,0,0,0,0,0,0,0,0,0,0,0,0,0,0,0,0,0,0.12037,0,0,0,0,0,0,0,0,0,0,0,0.05881,0,0,0,0,0,0,0,0,0,0,0,0,0,0,0,0,0,0,0,0
TMR-3560,,5507,3013,0,0,0,0,0,0,0,0,0,0,0,0,0,0,0,0,0,0,0,0,0,0,0,0,0,0,0,0,0,0,0,0,0,0,0,0,0.64772,0,0,0,0,0,0,0,0,0,0,0,0,0,0,0,0,0,0,0,0
TMR-3571,,1689,6417,0,0,0,0,0,0,0,0,0,0,0,0,0,0,0,0,0,0,0,0,0,0,0,0,0.01539,0,0,0,0,0,0,0,0,0,0,0,0.55654,0,0,0,0,0,0,0,0,0,0,0,0,0,0,0,0,0,0,0,0
TMR-3575,,4467,6092,0,0,0,0,0,0,0,0,0,0,0,0,0,0,0,0,0,0,0,0,0,0,0,0,0,0,0,0,0,0,0,0,0,0,0,0,0.38258,0,0,0,0,0,0,0,0,0,0,0,0,0,0,0,0,0,0,0,0
TMR-2886,,2233,8222,0,0,0,0,0,0,0,0,0,0,0,0,0,0,0,0,0,0,0,0,0,0,0,0,0,0,0,0,0,0,0,0,0,0,0,0,0,0,0,0,0,0,0,0,0,0,0,0,0,0,0,0,0,0,0,0,0
TMR-2139,,4350,963,0,0,0,0,0,0,0,0,0,0,0,0,0,0,0,0,0,0.07011,0,0,0,0,0,0,0,0,0,0,0,0,0,0,0,0,0,0,0.53333,0,0,0,0,0,0,0,0,0,0,0,0,0,0,0,0,0,0,0,0
TMR-3068,,1781,3372,0,0,0,0,0,0,0,0,0,0,0,0,0,0,0,0,0,0,0,0,0,0,0,0,0,0,0,0,0,0,0,0,0,0,0,0,0.99102,0,0,0,0,0,0,0,0,0,0,0,0,0,0,0,0,0,0,0,0
TMR-3580,,10,6334,0,0,0,0,0,0,0,0,0,0,0,0,0,0,0,0,0,0,0,0,0,0,0,0,0,0,0,0,0,0,0,0,0,0,0,0,0,0,0,0,0,0,0,0,0,0,0,0,0,0,0,0,0,0,0,0,0
TMR-2135,,2888,2852,0,0,0,0,0,0,0,0,0,0,0,0,0,0,0,0,0,0,0,0,0,0,0,0,0,0,0,0,0,0,0,0,0,0,0,0,0.21676,0,0,0,0,0,0,0,0,0,0,0,0,0,0,0,0,0,0,0,0
TMR-2141,,1214,452,0,0,0,0,0,0,0,0,0,0,0,0,0,0,0,0,0,0,0,0,0,0,0,0,0,0,0,0,0,0,0,0,0,0,0,0,0.35997,0,0,0,0,0,0,0,0,0,0,0,0,0,0,0,0,0,0,0,0
TMR-2358,,5111,2572,0,0,0,0,0,0,0,0,0,0,0,0,0,0,0,0,0,0,0,0,0,0,0,0,0,0,0,0,0,0,0,0,0,0,0,0,0.66308,0,0,0,0,0,0,0,0,0,0,0,0,0,0,0,0,0,0,0,0
TMR-2362,,3945,7008,0,0,0,0,0,0,0,0,0,0,0,0,0,0,0,0,0,0,0,0,0,0,0,0,0,0,0,0,0,0,0,0,0,0,0,0,0.21825,0,0,0,0,0,0,0,0,0,0,0,0,0,0,0,0,0,0,0,0
TMR-2376,,3644,4402,0,0,0,0,0,0,0,0,0,0,0,0,0,0,0,0,0,0,0,0,0,0,0,0,0,0,0,0,0,0,0,0,0,0,0,0,0.62486,0,0,0,0,0,0,0.03839,0,0,0,0,0,0,0,0,0,0,0,0,0
TMR-2379,,2768,2669,0,0,0,0,0,0,0,0,0,0,0,0,0,0,0,0,0,0,0,0,0,0,0,0,0,0,0,0,0,0,0,0,0,0,0,0,0.60694,0,0,0,0,0,0,0,0,0,0,0,0,0,0,0,0,0,0,0,0
TMR-2380,,2843,1906,0,0,0,0,0,0,0,0,0,0,0,0,0,0,0,0,0,0,0,0,0,0,0,0,0,0,0,0,0,0,0,0,0,0,0,0,0.58776,0,0,0,0,0,0,0,0,0,0,0,0,0,0,0,0,0,0,0,0
TMR-2384,,3111,4626,0,0,0,0,0,0,0,0,0,0,0,0,0,0,0,0,0,0,0,0,0,0,0,0,0,0,0,0,0,0,0,0,0,0,0,0,0.64288,0,0,0,0,0,0,0,0,0,0,0,0,0,0,0,0,0,0,0,0
TMR-2657,,6137,5556,0,0,0,0,0,0,0,0,0,0,0,0,0,0,0,0,0,0,0,0,0,0,0,0,0,0,0,0,0,0,0,0,0,0,0,0,0.67264,0,0,0,0,0,0,0,0,0,0,0,0,0,0,0,0,0,0,0,0
TMR-2679,,5804,7554,0,0,0,0,0,0,0,0,0,0,0,0,0,0,0,0,0,0,0,0,0,0,0,0,0,0,0,0,0,0,0,0,0,0,0,0,0.73398,0,0,0,0,0,0,0,0,0,0,0,0,0,0,0,0,0,0,0,0
TMR-2680,,5031,6105,0,0,0,0,0,0,0,0,0,0,0,0,0,0,0,0,0,0,0,0,0,0,0,0,0,0,0,0,0,0,0,0,0,0,0,0,0.47645,0,0,0,0,0,0,0,0,0,0,0,0,0,0,0,0,0,0,0,0
TMR-2686,,2651,2063,0,0,0,0,0,0,0,0,0,0,0,0,0,0,0,0,0,0,0,0,0,0,0,0,0,0,0,0,0,0,0,0,0,0,0,0,0.76877,0,0,0,0,0,0,0,0,0,0,0,0,0,0,0,0,0,0,0,0
TMR-2687,,1885,4188,0,0,0,0,0,0,0,0,0,0,0,0,0,0,0,0,0,0,0,0,0,0,0,0,0,0,0,0,0,0,0,0,0,0,0,0,0.58249,0,0,0,0,0,0,0,0,0,0,0,0,0,0,0,0,0,0,0,0
TMR-2692,,2547,3818,0,0,0,0,0,0,0,0,0,0,0,0,0,0,0,0,0,0,0,0,0,0,0,0,0,0,0,0,0,0,0,0,0,0,0,0,0.79584,0,0,0,0,0,0,0,0,0,0,0,0,0,0,0,0,0,0,0,0
TMR-2908,,903,5018,0,0,0,0,0,0,0,0,0,0,0,0,0,0,0,0,0,0,0,0,0,0,0,0,0,0,0,0,0,0,0,0,0,0,0,0,0,0,0,0,0,0,0,0,0,0,0,0,0,0,0,0,0,0,0,0,0
TMR-2914,,3703,6787,0,0,0,0,0,0,0,0,0,0,0,0,0,0,0,0,0,0,0,0,0,0,0,0,0,0,0,0,0,0,0,0,0,0,0,0,0,0,0,0,0,0,0,0,0,0,0,0,0,0,0,0,0,0,0,0,0
TMR-2915,,3412,11955,0,0,0,0,0,0,0,0,0,0,0,0,0,0,0,0,0,0,0,0,0,0,0,0,0,0,0,0,0,0,0,0,0,0,0,0,0.10346,0,0,0,0,0,0,0,0,0,0,0,0,0,0,0,0,0,0,0,0
TMR-3930,,4083,4609,0,0,0,0,0,0,0,0,0,0,0,0,0,0,0,0,0,0,0,0,0,0,0,0,0,0,0,0,0,0,0,0,0,0,0,0,0.87093,0,0,0,0,0,0,0,0,0,0,0,0,0,0,0,0,0,0,0,0
TMR-3932,,4058,4438,0,0,0,0,0,0,0,0,0,0,0,0,0,0,0,0,0,0,0,0,0,0,0,0,0,0,0,0,0,0,0,0,0,0,0,0,0.31124,0,0,0,0,0,0,0,0,0,0,0,0,0,0,0,0,0,0,0,0
TMR-3933,,1251,3508,0,0,0,0,0,0,0,0,0,0,0,0,0,0,0,0,0,0,0,0,0,0,0,0,0,0,0,0,0,0,0,0,0,0,0,0,0.28217,0,0,0,0,0,0,0,0,0,0,0,0,0,0,0,0,0,0,0,0
TMR-3934,,3609,4890,0,0,0,0,0,0,0,0,0,0,0,0,0,0,0,0,0,0,0,0,0,0,0,0,0,0,0,0,0,0,0,0,0,0,0,0,0,0,0,0,0,0,0,0,0,0,0,0,0,0,0,0,0,0,0,0,0
TMR-3935,,1775,6747,0,0,0,0,0,0,0,0,0,0,0,0,0,0,0,0,0,0,0,0,0,0.71606,0,0,0,0,0,0,0,0,0,0,0,0,0,0,0,0,0,0,0,0,0,0,0,0,0,0,0,0,0,0,0,0,0,0,0
TMR-3938,,2731,3468,0,0,0,0,0,0,0,0,0,0,0,0,0,0,0,0,0,0,0,0,0,0,0,0,0,0,0,0,0,0,0,0,0,0,0,0,0.7078,0,0,0,0,0,0,0,0,0,0,0,0,0,0,0,0,0,0,0,0
TMR-3941,,6647,3288,0,0,0,0,0,0,0,0,0,0,0,0,0,0.04288,0,0,0,0,0,0,0,0,0,0,0,0,0,0,0,0,0,0,0,0,0,0,0.61697,0,0,0,0,0,0,0,0,0,0,0,0,0,0,0,0,0,0,0,0
TMR-3942,,4044,3810,0,0,0,0,0,0,0,0,0,0,0,0,0,0.01088,0,0,0,0,0,0,0,0,0,0,0,0,0,0,0,0,0,0,0,0,0,0,0.81429,0,0,0,0,0,0,0,0,0,0,0,0,0,0,0,0,0,0,0,0
TMR-2006,,1333,6138,0,0,0,0,0,0,0,0,0,0,0,0,0,0,0,0,0,0,0,0,0,0,0,0,0,0,0,0,0,0,0,0,0,0,0,0,0,0,0,0,0.94444,0,0,0,0.03112,0,0,0,0,0,0,0,0,0,0,0,0
TMR-2007,,1201,5407,0,0,0,0,0,0,0,0,0,0,0,0,0,0,0,0,0,0,0,0,0,0,0,0,0,0,0,0,0,0,0,0,0,0,0,0,0,0,0,0,0.06436,0,0,0,0.02238,0,0,0,0,0,0,0,0,0,0,0,0
TMR-2021,,7834,613,0,0,0,0,0,0,0,0.06727,0,0,0,0,0,0,0,0,0,0,0,0,0,0,0,0,0,0,0,0,0,0,0,0,0,0,0,0,0,0,0,0,0.01958,0,0,0,0.35726,0,0,0,0,0,0,0,0,0,0,0,0
TMR-2026,,2239,2012,0,0,0,0,0,0,0,0,0,0,0,0,0,0,0,0,0,0,0,0,0,0,0,0,0,0,0,0,0,0,0,0,0,0,0,0,0,0,0,0,0.22962,0,0,0,0,0,0,0,0,0,0,0,0,0,0,0,0
TMR-2027,,1546,3864,0,0,0,0,0,0,0,0,0,0,0,0,0,0,0,0,0,0,0,0,0,0,0,0,0,0,0,0,0,0,0,0,0,0,0,0,0,0,0,0,0.25569,0,0,0,0,0,0,0,0,0,0,0,0,0,0,0,0
TMR-2028,,1367,39,0,0,0,0,0,0,0,0.02195,0,0,0,0,0,0,0,0,0,0,0,0,0,0,0,0,0,0,0,0,0,0,0,0,0,0,0,0,0,0,0,0,0.28205,0,0,0,0.07692,0,0,0,0,0,0,0,0,0,0,0,0
TMR-2033,,3652,4097,0,0,0,0,0,0,0,0,0,0,0,0,0,0,0,0,0,0,0,0,0,0,0,0,0,0,0,0,0,0,0,0,0,0,0,0,0,0,0,0,0.85672,0,0,0,0,0,0,0,0,0,0,0,0,0,0,0,0
TMR-2034,,3671,4068,0,0,0,0,0,0,0,0.01035,0,0,0,0,0,0,0,0,0,0,0,0,0,0,0,0,0,0,0,0,0,0,0,0,0,0,0,0,0,0,0,0,0.19494,0,0,0,0.06096,0,0,0,0,0,0,0,0,0,0,0,0
TMR-2035,,3348,1334,0,0,0,0,0,0,0,0,0,0,0,0,0,0,0,0,0,0,0,0,0,0,0,0,0,0,0,0,0,0,0,0,0,0,0,0,0,0,0,0,0.08696,0,0,0,0,0,0,0,0,0,0,0,0,0,0,0,0
TMR-2036,,2002,1844,0,0,0,0,0,0,0,0,0,0,0,0,0,0,0,0,0,0,0,0,0,0,0,0,0,0,0,0,0,0,0,0,0,0,0,0,0,0,0,0,0.80748,0,0,0,0,0,0,0,0,0,0,0,0,0,0,0,0
TMR-2043,,5176,4246,0,0,0,0,0,0,0,0,0,0,0,0,0,0,0,0,0,0,0,0,0,0,0,0,0,0,0,0,0,0,0,0,0,0,0,0,0,0,0,0,0,0,0,0,0,0,0,0,0,0,0,0,0,0,0,0,0
TMR-2045,,2480,3566,0,0,0,0,0,0,0,0.04718,0,0,0,0,0,0,0,0,0,0,0,0,0,0,0,0,0,0,0,0,0,0,0,0,0,0,0,0,0,0,0,0,0.45261,0,0,0,0.43718,0,0,0,0,0,0,0,0,0,0,0,0
TMR-2046,,2234,1278,0,0,0,0,0,0,0,0.01477,0,0,0,0,0,0,0,0,0,0,0,0,0,0,0,0,0,0,0,0,0,0,0,0,0,0,0,0,0,0,0,0,0,0,0,0,0,0,0,0,0,0,0,0,0,0,0,0,0
TMR-2047,,3344,2134,0,0,0,0,0,0,0,0.03499,0,0,0,0,0,0,0,0,0,0,0,0,0,0,0,0,0,0,0,0,0,0,0,0,0,0,0,0,0,0,0,0,0.0881,0,0,0,0,0,0,0,0,0,0,0,0,0,0,0,0
TMR-2057,,2996,1683,0,0,0,0,0,0,0,0,0,0,0,0,0,0,0,0,0,0,0,0,0,0,0,0,0,0,0,0,0,0,0,0,0,0,0,0,0,0,0,0,0.21985,0,0,0,0.28818,0,0,0,0,0,0,0,0,0,0,0,0
TMR-2058,,4368,3542,0,0,0,0,0,0,0,0.01053,0,0,0,0,0,0,0,0,0,0,0,0,0,0,0,0,0,0,0,0,0,0,0,0,0,0,0,0,0,0,0,0,0,0,0,0,0,0,0,0,0,0,0,0,0,0,0,0,0
TMR-2069,,5628,3437,0,0,0,0,0,0,0,0.01955,0,0,0,0,0,0,0,0,0,0,0,0,0,0,0,0,0,0,0,0,0,0,0,0,0,0,0,0,0,0,0,0,0,0,0,0,0,0,0,0,0,0,0,0,0,0,0,0,0
TMR-2072,,2627,4029,0,0,0,0,0,0,0,0,0,0,0,0,0,0,0,0,0,0,0,0,0,0,0,0,0,0,0,0,0,0,0,0,0,0,0,0,0,0,0,0,0,0,0,0,0,0,0,0,0,0,0,0,0,0,0,0,0
TMR-2081,,7329,2797,0,0,0,0,0,0,0,0,0,0,0,0,0,0,0,0,0,0,0,0,0,0,0,0,0,0,0,0,0,0,0,0,0,0,0,0,0,0,0,0,0,0,0,0.47551,0,0,0,0,0,0,0,0,0,0,0,0,0
TMR-2082,,6527,3574,0,0,0,0,0,0,0,0,0,0,0,0,0,0,0,0,0,0,0,0,0,0,0,0,0,0,0,0,0,0,0,0,0,0,0,0,0,0,0,0,0,0,0,0.87801,0,0,0,0,0,0,0,0,0,0,0,0,0
TMR-2083,,11666,3769,0,0,0,0,0,0,0,0.02863,0,0,0,0,0,0,0,0,0,0,0,0,0,0,0,0,0,0,0,0,0,0,0,0,0,0,0,0,0,0,0,0,0,0,0,0.48554,0,0,0,0,0,0,0,0,0,0,0,0,0
TMR-2097,,4265,4622,0,0,0,0,0,0,0,0.08839,0,0,0,0,0,0,0,0,0,0,0,0,0,0,0,0,0,0,0,0,0,0,0,0,0,0,0,0,0,0,0,0,0,0,0,0.69212,0,0,0,0,0,0,0,0,0,0,0,0,0
TMR-2098,,3085,5513,0,0,0,0,0,0,0,0.10956,0,0,0,0,0,0,0,0,0,0,0,0,0,0,0,0,0,0,0,0,0,0,0,0,0,0,0,0,0,0,0,0,0,0,0,0.38781,0,0,0,0,0,0,0,0,0,0,0,0,0
TMR-2108,,14289,1677,0,0,0,0,0,0,0,0,0,0,0,0,0,0,0,0,0,0,0,0,0,0,0,0,0,0,0,0,0,0,0,0,0,0,0,0,0,0,0,0,0,0,0,0,0,0,0,0,0,0,0,0,0,0,0,0,0
TMR-2109,,4389,1316,0,0,0,0,0,0,0,0.25541,0,0,0,0,0,0,0,0,0,0,0,0,0,0,0,0,0,0,0,0,0,0,0,0,0,0,0,0,0,0,0,0,0,0,0,0.45669,0,0,0,0,0,0,0,0,0,0,0,0,0
TMR-2110,,7349,3295,0,0,0,0,0,0,0,0,0,0,0,0,0,0,0,0,0,0,0,0,0,0,0,0,0,0,0,0,0,0,0,0,0,0,0,0,0,0,0,0,0,0,0,0.8003,0,0,0,0,0,0,0,0,0,0,0,0,0
TMR-2111,,1735,570,0,0,0,0,0,0,0,0,0,0,0,0,0,0,0,0,0,0,0,0,0,0,0,0,0,0,0,0,0,0,0,0,0,0,0,0,0,0,0,0,0,0,0,0.01754,0,0,0,0,0,0,0,0,0,0,0,0,0
TMR-2114,,16103,1894,0,0,0,0,0,0,0,0,0,0,0,0,0,0,0,0,0,0,0,0,0,0,0,0,0,0,0,0,0,0,0,0,0,0,0,0,0,0,0,0,0,0,0,0.01056,0,0,0,0,0,0,0,0,0,0,0,0,0
TMR-2115,,50,4785,0,0,0,0,0,0,0,0,0,0,0,0,0,0,0,0,0,0,0,0,0,0,0,0,0,0,0,0,0,0,0,0,0,0,0,0,0.12,0,0,0,0.17053,0,0,0,0.34963,0,0,0,0,0,0,0,0,0,0,0,0
TMR-2116,,15759,2609,0,0,0,0,0,0,0,0,0,0,0,0,0,0,0,0,0,0,0,0,0,0,0,0,0,0,0,0,0,0,0,0,0,0,0,0,0,0,0,0,0,0,0,0.17823,0,0,0,0,0,0,0,0,0,0,0,0,0
TMR-2117,,16104,1888,0,0,0,0,0,0,0,0,0,0,0,0,0,0,0,0,0,0,0,0,0,0,0,0,0,0,0,0,0,0,0,0,0,0,0,0,0,0,0,0,0,0,0,0,0,0,0,0,0,0,0,0,0,0,0,0,0
TMR-2118,,13986,4192,0,0,0,0,0,0,0,0,0,0,0,0,0,0,0,0,0,0,0,0,0,0,0,0,0,0,0,0,0,0,0,0,0,0,0,0,0,0,0,0,0,0,0,0.06393,0,0,0,0,0,0,0,0,0,0,0,0,0
TMR-2120,,5070,3427,0,0,0,0,0,0,0,0.02229,0,0,0,0,0,0,0,0,0,0,0,0,0,0,0,0,0,0,0,0,0,0,0,0,0,0,0,0,0,0,0,0,0,0,0,0.7686,0,0,0,0,0,0,0,0,0,0,0,0,0
TMR-2124,,4412,4785,0,0,0,0,0,0,0,0,0,0,0,0,0,0,0,0,0,0,0,0,0,0,0,0,0,0,0,0,0,0,0,0,0,0,0,0,0,0,0,0,0,0,0,0.50533,0,0,0,0,0,0,0,0,0,0,0,0,0
TMR-2125,,3923,2785,0,0,0,0,0,0,0,0.26893,0,0,0,0,0,0,0,0,0,0,0,0,0,0,0,0,0,0,0,0,0,0,0,0,0,0,0,0,0,0,0,0,0,0,0,0.88259,0,0,0,0,0,0,0,0,0,0,0,0,0
TMR-2126,,7935,3870,0,0,0,0,0,0,0,0,0,0,0,0,0,0,0,0,0,0,0,0,0,0,0,0,0,0,0,0,0,0,0,0,0,0,0,0,0,0,0,0,0,0,0,0.7584,0,0,0,0,0,0,0,0,0,0,0,0,0
TMR-2131,,6370,1860,0,0,0,0,0,0,0,0.11774,0,0,0,0,0,0,0,0,0,0,0,0,0,0,0,0,0,0,0,0,0,0,0,0,0,0,0,0,0,0,0,0,0,0,0,0.92473,0,0,0,0,0,0,0,0,0,0,0,0,0
TMR-2132,,4949,3646,0,0,0,0,0,0,0,0,0,0,0,0,0,0,0,0,0,0,0,0,0,0,0,0,0,0,0,0,0,0,0,0,0,0,0,0,0,0,0,0,0,0,0,0.24685,0,0,0,0,0,0,0,0,0,0,0,0,0
TMR-2133,,15542,3835,0,0,0,0,0,0,0,0.01827,0,0,0,0,0,0,0,0,0,0,0,0,0,0,0,0,0,0,0,0,0,0,0,0,0,0,0,0,0,0,0,0,0,0,0,0.81799,0,0,0,0,0,0,0,0,0,0,0,0,0
TMR-2134,,6690,4377,0,0,0,0,0,0,0,0.04066,0,0,0,0,0,0,0,0,0,0,0,0,0,0,0,0,0,0,0,0,0,0,0,0,0,0,0,0,0,0,0,0,0,0,0,0.73178,0,0,0,0,0,0,0,0,0,0,0,0,0
TMR-2136,,4734,6761,0,0,0,0,0,0,0,0,0,0,0,0,0,0,0,0,0,0,0,0,0,0,0,0,0,0,0,0,0,0,0,0,0,0,0,0,0,0,0,0,0,0,0,0.09939,0,0,0,0,0,0,0,0,0,0,0,0,0
TMR-2137,,3497,2366,0,0,0,0,0,0,0,0.03174,0,0,0,0,0,0,0,0,0,0,0,0,0,0,0,0,0,0,0,0,0,0,0,0,0,0,0,0,0,0,0,0,0.95689,0,0,0,0,0,0,0,0,0,0,0,0,0,0,0,0
TMR-2142,,6442,6223,0,0,0,0,0,0,0,0.05029,0,0,0,0,0,0,0,0,0,0,0,0,0,0,0,0,0,0,0,0,0,0,0,0,0,0,0,0,0,0,0,0,0,0,0,0.62478,0,0,0,0,0,0,0,0,0,0,0,0,0
TMR-2143,,18578,2624,0,0,0,0,0,0,0,0,0,0,0,0,0,0,0,0,0,0,0,0,0,0,0,0,0,0,0,0,0,0,0,0,0,0,0,0,0,0,0,0,0,0,0,0.01486,0,0,0,0,0,0,0,0,0,0,0,0,0
TMR-2144,,19,4811,0,0,0,0,0,0,0,0,0,0,0,0,0,0,0,0,0,0.21053,0,0,0,0,0,0,0,0,0,0,0,0,0,0,0,0,0,0,0,0,0,0,0,0,0,0.80898,0,0,0,0,0,0,0,0,0,0,0,0,0
TMR-2145,,1008,2019,0,0,0,0,0,0,0,0,0,0,0,0,0,0,0,0,0,0,0,0,0,0,0,0,0,0,0,0,0,0,0,0,0,0,0,0,0,0,0,0,0,0,0,0.77959,0,0,0,0,0,0,0,0,0,0,0,0,0
TMR-2146,,2925,4397,0,0,0,0,0,0,0,0.20752,0,0,0,0,0,0,0,0,0,0,0,0,0,0,0,0,0,0,0,0,0,0,0,0,0,0,0,0,0,0,0,0,0,0,0,0.86423,0,0,0,0,0,0,0,0,0,0,0,0,0
TMR-2147,,3941,1562,0,0,0,0,0,0,0,0.08653,0,0,0,0,0,0,0,0,0,0,0,0,0,0,0,0,0.06724,0,0,0,0,0,0,0,0,0,0,0,0,0,0,0,0,0,0,0.06594,0,0,0,0,0,0,0,0,0,0,0,0,0
TMR-2148,,5244,1459,0,0,0,0,0,0,0,0.01888,0,0,0,0,0,0,0,0,0,0,0,0,0,0,0,0,0,0,0,0,0,0,0,0,0,0,0,0,0,0,0,0,0,0,0,0.15353,0,0,0,0,0,0,0,0,0,0,0,0,0
TMR-2150,,2616,3642,0,0,0,0,0,0,0,0,0,0,0,0,0,0,0,0,0,0,0,0,0,0,0,0,0,0,0,0,0,0,0,0,0,0,0,0,0,0,0,0,0,0,0,0.56645,0,0,0,0,0,0,0,0,0,0,0,0,0
TMR-2156,,4442,7108,0,0,0,0,0,0,0,0.1783,0,0,0,0,0,0,0,0,0,0,0,0,0,0,0,0,0,0,0,0,0,0,0,0,0,0,0,0,0,0,0,0,0,0,0,0.73255,0,0,0,0,0,0,0,0,0,0,0,0,0
TMR-2157,,2082,2290,0,0,0,0,0,0,0,0,0,0,0,0,0,0,0,0,0,0,0,0,0,0,0,0,0,0,0,0,0,0,0,0,0,0,0,0,0,0,0,0,0,0,0,0,0,0,0,0,0,0,0,0,0,0,0,0,0
TMR-2161,,4406,4378,0,0,0,0,0,0,0,0,0,0,0,0,0,0,0,0,0,0,0,0,0,0,0,0,0,0,0,0,0,0,0,0,0,0,0,0,0,0,0,0,0,0,0,0.32161,0,0,0,0,0,0,0,0,0,0,0,0,0
TMR-2162,,4722,2064,0,0,0,0,0,0,0,0,0,0,0,0,0,0,0,0,0,0,0,0,0,0,0,0,0,0,0,0,0,0,0,0,0,0,0,0,0,0,0,0,0,0,0,0.01405,0,0,0,0,0,0,0,0,0,0,0,0,0
TMR-2163,,700,1822,0,0,0,0,0,0,0,0,0,0,0,0,0,0,0,0,0,0,0,0,0,0,0,0,0,0,0,0,0,0,0,0,0,0,0,0,0,0,0,0,0,0,0,0,0,0,0,0,0,0,0,0,0,0,0,0,0
TMR-2165,,1782,2957,0,0,0,0,0,0,0,0,0,0,0,0,0,0,0,0,0,0,0,0,0,0,0,0,0,0,0,0,0,0,0,0,0,0,0,0,0,0,0,0,0,0,0,0.30538,0,0,0,0,0,0,0,0,0,0,0,0,0
TMR-2170,,13377,9995,0,0,0,0,0,0,0,0,0,0,0,0,0,0,0,0,0,0,0,0,0,0,0,0,0,0,0,0,0,0,0,0,0,0,0,0,0,0,0,0,0,0,0,0,0,0,0,0,0,0,0,0,0,0,0,0,0
TMR-2171,,3575,4361,0,0,0,0,0,0,0,0.78965,0,0,0,0,0,0,0,0,0,0,0,0,0,0,0,0,0,0,0,0,0,0,0,0,0,0,0,0,0,0,0,0,0,0,0,0.92112,0,0,0,0,0,0,0,0,0,0,0,0,0
TMR-2172,,5903,1808,0,0,0,0,0,0,0,0.16212,0,0,0,0,0,0,0,0,0,0,0,0,0,0,0,0,0,0,0,0,0,0,0,0,0,0,0,0,0,0,0,0,0,0,0,0.95962,0,0,0,0,0,0,0,0,0,0,0,0,0
TMR-2173,,5039,2298,0,0,0,0,0,0,0,0.43263,0,0,0,0,0,0,0,0,0,0,0,0,0,0,0,0,0,0,0,0,0,0,0,0,0,0,0,0,0,0,0,0,0,0,0,0.90513,0,0,0,0,0,0,0,0,0,0,0,0,0
TMR-2185,,3894,4161,0,0,0,0,0,0,0,0.06805,0,0,0,0,0,0,0,0,0,0,0,0,0,0,0,0,0,0,0,0,0,0,0,0,0,0,0,0,0,0,0,0,0,0,0,0.34511,0,0,0,0,0,0,0,0,0,0,0,0,0
TMR-2188,,4952,2970,0,0,0,0,0,0,0,0,0,0,0,0,0,0,0,0,0,0,0,0,0,0,0,0,0.61753,0,0,0,0,0,0,0,0,0,0,0,0,0,0,0,0,0,0,0.15152,0,0,0,0,0,0,0,0,0,0,0,0,0
TMR-2195,,5386,4289,0,0,0,0,0,0,0,0,0,0,0,0,0,0,0,0,0,0,0,0,0,0,0,0,0,0,0,0,0,0,0,0,0,0,0,0,0,0,0,0,0,0,0,0.58918,0,0,0,0,0,0,0,0,0,0,0,0,0
TMR-2196,,4209,1396,0,0,0,0,0,0,0,0.14231,0,0,0,0,0,0.19363,0,0,0,0,0,0,0,0,0,0,0,0,0,0,0,0,0,0,0,0,0,0,0,0,0,0,0,0,0,0.7414,0,0,0,0,0,0,0,0,0,0,0,0,0
TMR-2197,,3544,2274,0,0,0,0,0,0,0,0,0,0,0,0,0,0,0,0,0,0,0,0,0,0,0,0,0,0,0,0,0,0,0,0,0,0,0,0,0,0,0,0,0,0,0,0,0,0,0,0,0,0,0,0,0,0,0,0,0
TMR-2234,,3335,4218,0,0,0,0,0,0,0,0.08696,0,0,0,0,0,0,0,0,0,0,0,0,0,0,0,0,0,0,0,0,0,0,0,0,0,0,0,0,0,0,0,0,0,0,0,0.8504,0,0,0,0,0,0,0,0,0,0,0,0,0
TMR-2235,,3214,4357,0,0,0,0,0,0,0,0,0,0,0,0,0,0,0,0,0,0,0,0,0,0,0,0,0.09988,0,0,0,0,0,0,0,0,0,0,0,0,0,0,0,0,0,0,0.79642,0,0,0,0,0,0,0,0,0,0,0,0,0
TMR-2244,,1366,7934,0,0,0,0,0,0,0,0.10761,0,0,0,0,0,0,0,0,0,0,0,0,0,0,0,0,0,0,0,0,0,0,0,0,0,0,0,0,0,0,0,0,0,0,0,0.23658,0,0,0,0,0,0,0,0,0,0,0,0,0
TMR-2245,,3733,1742,0,0,0,0,0,0,0,0,0,0,0,0,0,0,0,0,0,0,0,0,0,0,0,0,0,0,0,0,0,0,0,0,0,0,0,0,0,0,0,0,0,0,0,0.94719,0,0,0,0,0,0,0,0,0,0,0,0,0
TMR-2254,,1785,1158,0,0,0,0,0,0,0,0,0,0,0,0,0,0,0,0,0,0,0,0,0,0,0,0,0,0,0,0,0,0,0,0,0,0,0,0,0,0,0,0,0,0,0,0.27634,0,0,0,0,0,0,0,0,0,0,0,0,0
TMR-2255,,2933,3542,0,0,0,0,0,0,0,0.209,0,0,0,0,0,0,0,0,0,0,0,0,0,0,0,0,0,0,0,0,0,0,0,0,0,0,0,0,0,0,0,0,0,0,0,0.77132,0,0,0,0,0,0,0,0,0,0,0,0,0
TMR-2256,,90,1509,0,0,0,0,0,0,0,0,0,0,0,0,0,0,0,0,0,0,0,0,0,0,0,0,0,0,0,0,0,0,0,0,0,0,0,0,0.05556,0,0,0,0,0,0,0.41286,0,0.41948,0,0,0,0,0,0,0,0,0,0,0
TMR-2257,,82,680,0,0,0,0,0,0,0,0.02439,0,0,0,0,0,0,0,0,0,0,0,0,0,0,0,0,0.0122,0,0,0,0,0,0,0,0,0,0,0,0.07317,0,0,0,0,0,0,0.86324,0,0,0,0,0,0,0,0,0,0,0,0,0
TMR-2264,,113,4945,0,0,0,0,0,0,0,0,0,0,0,0,0,0,0,0,0,0,0,0,0,0,0,0,0,0,0,0,0,0,0,0,0,0,0,0,0,0,0,0,0,0,0,0,0,0,0,0,0,0,0,0,0,0,0,0,0
TMR-2265,,2167,2424,0,0,0,0,0,0,0,0,0,0,0,0,0,0,0,0,0,0,0,0,0,0,0,0,0,0,0,0,0,0,0,0,0,0,0,0,0,0,0,0,0,0,0,0.40347,0,0,0,0,0,0,0,0,0,0,0,0,0
TMR-2266,,43,5351,0,0,0,0,0,0,0,0,0,0,0,0,0,0,0,0,0,0,0,0,0,0,0,0,0,0,0,0,0,0,0,0,0,0,0,0,0.02326,0,0,0,0,0,0,0.44123,0,0,0,0,0,0,0,0,0,0,0,0,0
TMR-2267,,45,3641,0,0,0,0,0,0,0,0,0,0,0,0,0,0,0,0,0,0,0,0,0,0,0,0,0,0,0,0,0,0,0,0,0,0,0,0,0.08889,0,0,0,0,0,0,0.73112,0,0,0,0,0,0,0,0,0,0,0,0,0
TMR-2271,,959,1962,0,0,0,0,0,0,0,0,0,0,0,0,0,0,0,0,0,0,0,0,0,0,0,0,0,0,0,0,0,0,0,0,0,0,0,0,0,0,0,0,0,0,0,0.61978,0,0,0,0,0,0,0,0,0,0,0,0,0
TMR-2272,,128,1954,0,0,0,0,0,0,0,0,0,0,0,0,0,0,0,0,0,0,0,0,0,0,0,0,0,0,0,0,0,0,0,0,0,0,0,0,0.10938,0,0,0,0,0,0,0.8695,0,0,0,0,0,0,0,0,0,0,0,0,0
TMR-2273,,365,2608,0,0,0,0,0,0,0,0,0,0,0,0,0,0,0,0,0,0.03288,0,0,0,0,0,0,0,0,0,0,0,0,0,0,0,0,0,0,0.09315,0,0,0,0,0,0,0.05637,0,0,0,0,0,0,0,0,0,0,0,0,0
TMR-2274,,1122,2009,0,0,0,0,0,0,0,0.51961,0,0,0,0,0,0,0,0,0,0,0,0,0,0,0,0,0,0,0,0,0,0,0,0,0,0,0,0,0.02406,0,0,0,0,0,0,0.80687,0,0,0,0,0,0,0,0,0,0,0,0,0
TMR-2275,,12,2292,0,0,0,0,0,0,0,0,0,0,0,0,0,0,0,0,0,0,0,0,0,0,0,0,0,0,0,0,0,0,0,0,0,0,0,0,0.16667,0,0,0,0,0,0,0.52138,0,0,0,0,0,0,0,0,0,0,0,0,0
TMR-2276,,2534,2166,0,0,0,0,0,0,0,0,0,0,0,0,0,0,0,0,0,0,0,0,0,0,0,0,0,0,0,0,0,0,0,0,0,0,0,0,0,0,0,0,0,0,0,0,0,0,0,0,0,0,0,0,0,0,0,0,0
TMR-2279,,18,5226,0,0,0,0,0,0,0,0,0,0,0,0,0,0,0,0,0,0,0,0,0,0,0,0,0,0,0,0,0,0,0,0,0,0,0,0,0,0,0,0,0,0,0,0.31975,0,0,0,0,0,0,0,0,0,0,0,0,0
TMR-2281,,4410,3342,0,0,0,0,0,0,0,0.08798,0,0,0,0,0,0,0,0,0,0,0,0,0,0,0,0,0,0,0,0,0,0,0,0,0,0,0,0,0,0,0,0,0,0,0,0.70467,0,0,0,0,0,0,0,0,0,0,0,0,0
TMR-2282,,5353,5998,0,0,0,0,0,0,0,0,0,0,0,0,0,0,0,0,0,0,0,0,0,0,0,0,0,0,0,0,0,0,0,0,0,0,0,0,0,0,0,0,0,0,0,0.03618,0,0.08069,0,0,0,0,0,0,0,0,0,0,0
TMR-2283,,841,4013,0,0,0,0,0,0,0,0.08442,0,0,0,0,0,0,0,0,0,0,0,0,0,0,0,0,0,0,0,0,0,0,0,0,0,0,0,0,0,0,0,0,0,0,0,0.93197,0,0,0,0,0,0,0,0,0,0,0,0,0
TMR-2284,,45,2518,0,0,0,0,0,0,0,0,0,0,0,0,0,0,0,0,0,0,0,0,0,0,0,0,0,0,0,0,0,0,0,0,0,0.02222,0,0,0.44444,0,0,0,0,0,0,0.80064,0,0,0,0,0,0,0,0,0,0,0,0,0
TMR-2285,,20,5099,0,0,0,0,0,0,0,0,0,0,0,0,0,0,0,0,0,0.05,0,0,0,0,0,0,0,0,0,0,0,0,0,0.05,0,0,0,0,0.1,0,0,0,0,0,0,0.84428,0,0,0,0,0,0,0,0,0,0,0,0,0
TMR-2286,,141,3649,0,0,0,0,0,0,0,0,0,0,0,0,0,0,0,0,0,0,0,0,0,0,0,0,0,0,0,0,0,0,0,0,0,0,0,0,0,0,0,0,0,0,0,0.51357,0,0,0,0,0,0,0,0,0,0,0,0,0
TMR-2289,,51,3943,0,0,0,0,0,0,0,0.01961,0,0,0,0,0,0,0,0,0,0,0,0,0,0,0,0,0,0,0,0,0,0,0,0,0,0,0,0,0.07843,0,0,0,0,0,0,0.26046,0,0,0,0,0,0,0,0,0,0,0,0,0
TMR-2291,,21,3613,0,0,0,0,0,0,0,0,0,0,0,0,0,0,0,0,0,0,0,0,0.04762,0,0,0,0,0,0,0,0,0,0,0,0,0,0,0,0,0,0,0,0,0,0,0.0465,0,0.85165,0,0,0,0,0,0,0,0,0,0,0
TMR-2293,,1995,6093,0,0,0,0,0,0,0,0,0,0,0,0,0,0,0,0,0,0,0,0,0,0,0,0,0,0,0,0,0,0,0,0,0,0,0,0,0,0,0,0,0,0,0,0,0,0,0,0,0,0,0,0,0,0,0,0,0
TMR-2294,,3218,2499,0,0,0,0,0,0,0,0.56246,0,0,0,0,0,0,0,0,0,0,0,0,0,0,0,0,0,0,0,0,0,0,0,0,0,0,0,0,0,0,0,0,0,0,0,0.79952,0,0,0,0,0,0,0,0,0,0,0,0,0
TMR-2295,,1143,1808,0,0,0,0,0,0,0,0.03325,0,0,0,0,0,0,0,0,0,0,0,0,0,0,0,0,0,0,0,0,0,0,0,0,0,0,0,0,0.01312,0,0,0,0,0,0,0.85841,0,0,0,0,0,0,0,0,0,0,0,0,0
TMR-2296,,795,4832,0,0,0,0,0,0,0,0,0,0,0,0,0,0,0,0,0,0,0,0,0,0,0,0,0,0,0,0,0,0,0,0,0,0,0,0,0,0,0,0,0,0,0,0.89756,0,0,0,0,0,0,0,0,0,0,0,0,0
TMR-2305,,3056,2037,0,0,0,0,0,0,0,0,0,0,0,0,0,0,0,0,0,0,0,0,0,0,0,0,0,0,0,0,0,0,0,0,0,0,0,0,0,0,0,0,0,0,0,0.36917,0,0.01571,0,0,0,0,0,0,0,0,0,0,0
TMR-2306,,2439,2946,0,0,0,0,0,0,0,0.02378,0,0,0,0,0,0,0,0,0,0,0,0,0,0,0,0,0,0,0,0,0,0,0,0,0,0,0,0,0,0,0,0,0,0,0,0.78955,0,0,0,0,0,0,0,0,0,0,0,0,0
TMR-2307,,2560,5167,0,0,0,0,0,0,0,0.01523,0,0,0,0,0,0,0,0,0,0,0,0,0,0,0,0,0,0,0,0,0,0,0,0,0,0,0,0,0,0,0,0,0,0,0,0.09638,0,0,0,0,0,0,0,0,0,0,0,0,0
TMR-2308,,3397,2109,0,0,0,0,0,0,0,0.2461,0,0,0,0,0,0,0,0,0,0,0,0,0,0,0,0,0,0,0,0,0,0,0,0,0,0,0,0,0,0,0,0,0,0,0,0.5377,0,0,0,0,0,0,0,0,0,0,0,0,0
TMR-2309,,2057,2648,0,0,0,0,0,0,0,0,0,0,0,0,0,0,0,0,0,0,0,0,0,0,0,0,0,0,0,0,0,0,0,0,0,0,0,0,0,0,0,0,0,0,0,0.07024,0,0,0,0,0,0,0,0,0,0,0,0,0
TMR-2318,,3483,3354,0,0,0,0,0,0,0,0.05053,0,0,0,0,0,0,0,0,0,0,0,0,0,0,0,0,0,0,0,0,0,0,0,0,0,0,0,0,0,0,0,0,0,0,0,0.79696,0,0,0,0,0,0,0,0,0,0,0,0,0
TMR-2319,,2970,7701,0,0,0,0,0,0,0,0,0,0,0,0,0,0,0,0,0,0,0,0,0,0,0,0,0,0,0,0,0,0,0,0,0,0,0,0,0,0,0,0,0,0,0,0.8408,0,0.02974,0,0,0,0,0,0,0,0,0,0,0
TMR-2327,,7160,4247,0,0,0,0,0,0,0,0,0,0,0,0,0,0,0,0,0,0,0,0,0,0,0,0,0,0,0,0,0,0,0,0,0,0,0,0,0,0,0,0,0,0,0,0.02308,0,0,0,0,0,0,0,0,0,0,0,0,0
TMR-2333,,4556,2673,0,0,0,0,0,0,0,0,0,0,0,0,0,0,0,0,0,0,0,0,0,0,0,0,0,0,0,0,0,0,0,0,0,0,0,0,0,0,0,0,0,0,0,0,0,0,0,0,0,0,0,0,0,0,0,0,0
TMR-2334,,2062,3368,0,0,0,0,0,0,0,0.18526,0,0,0,0,0,0,0,0,0,0,0,0,0,0,0,0,0,0,0,0,0,0,0,0,0,0,0,0,0,0,0,0,0,0,0,0.80493,0,0,0,0,0,0,0,0,0,0,0,0,0
TMR-2338,,2589,3350,0,0,0,0,0,0,0,0,0,0,0,0,0,0,0,0,0,0,0,0,0,0,0,0,0,0,0,0,0,0,0,0,0,0,0,0,0,0,0,0,0,0,0,0.37134,0,0,0,0,0,0,0,0,0,0,0,0,0
TMR-2339,,4148,4167,0,0,0,0,0,0,0,0.1567,0,0,0,0,0,0,0,0,0,0,0,0,0,0,0,0,0,0,0,0,0,0,0,0,0,0,0,0,0,0,0,0,0,0,0,0.82913,0,0,0,0,0,0,0,0,0,0,0,0,0
TMR-2345,,3708,1590,0,0,0,0,0,0,0,0,0,0,0,0,0,0,0,0,0,0,0,0,0,0,0,0,0,0,0,0,0,0,0,0,0,0,0,0,0,0,0,0,0,0,0,0.74151,0,0,0,0,0,0,0,0,0,0,0,0,0
TMR-2346,,1709,1841,0,0,0,0,0,0,0,0.25453,0,0,0,0,0,0,0,0,0,0,0,0,0,0,0,0,0,0,0,0,0,0,0,0,0,0,0,0,0,0,0,0,0,0,0,0.84465,0,0,0,0,0,0,0,0,0,0,0,0,0
TMR-2347,,4493,1284,0,0,0,0,0,0,0,0,0,0,0,0,0,0,0,0,0,0,0,0,0,0,0,0,0,0,0,0,0,0,0,0,0,0,0,0,0,0,0,0,0,0,0,0.94704,0,0,0,0,0,0,0,0,0,0,0,0,0
TMR-2348,,1070,2993,0,0,0,0,0,0,0,0,0,0,0,0,0,0,0,0,0,0,0,0,0,0,0,0,0,0,0,0,0,0,0,0,0,0,0,0,0,0,0,0,0,0,0,0.89776,0,0,0,0,0,0,0,0,0,0,0,0,0
TMR-2349,,1806,1590,0,0,0,0,0,0,0,0,0,0,0,0,0,0,0,0,0,0,0,0,0,0,0,0,0,0,0,0,0,0,0,0,0,0,0,0,0,0,0,0,0,0,0,0.24403,0,0,0,0,0,0,0,0,0,0,0,0,0
TMR-2350,,2296,4774,0,0,0,0,0,0,0,0.81925,0,0,0,0,0,0,0,0,0,0,0,0,0,0,0,0,0,0,0,0,0,0,0,0,0,0,0,0,0,0,0,0,0,0,0,0.91558,0,0,0,0,0,0,0,0,0,0,0,0,0
TMR-2352,,4069,2141,0,0,0,0,0,0,0,0.25264,0,0,0,0,0,0,0,0,0,0,0,0,0,0,0,0,0,0,0,0,0,0,0,0,0,0,0,0,0,0,0,0,0,0,0,0.9631,0,0,0,0,0,0,0,0,0,0,0,0,0
TMR-2355,,4061,1020,0,0,0,0,0,0,0,0,0,0,0,0,0,0,0,0,0,0,0,0,0,0,0,0,0.13076,0,0,0,0,0,0,0,0,0,0,0,0,0,0,0,0,0,0,0.71373,0,0,0,0,0,0,0,0,0,0,0,0,0
TMR-2359,,1270,4445,0,0,0,0,0,0,0,0,0,0,0,0,0.01339,0,0,0,0,0,0,0,0,0,0,0,0,0,0,0,0,0,0,0,0,0,0,0,0,0,0,0,0,0,0,0.01575,0,0.32733,0,0,0,0,0,0,0,0,0,0,0
TMR-2363,,1254,7702,0,0,0,0,0,0,0,0.73525,0,0,0,0,0,0,0,0,0,0,0,0,0,0.01116,0,0,0,0,0,0,0,0,0,0,0,0,0,0,0,0,0,0,0,0,0,0.95819,0,0,0,0,0,0,0,0,0,0,0,0,0
TMR-2371,,23,3380,0,0,0,0,0,0,0,0,0,0,0,0,0,0,0,0,0,0,0,0,0,0,0,0,0,0,0,0,0,0,0,0,0,0,0,0,0,0,0,0,0,0,0,0.70858,0,0,0,0,0,0,0,0,0,0,0,0,0
TMR-2372,,2524,1628,0,0,0,0,0,0,0,0,0,0,0,0,0,0,0,0,0,0,0,0,0,0,0,0,0,0,0,0,0,0,0,0,0,0,0,0,0,0,0,0,0,0,0,0.31388,0,0,0,0,0,0,0,0,0,0,0,0,0
TMR-2373,,34,3904,0,0,0,0,0,0,0,0,0,0,0,0,0,0,0,0,0,0,0,0,0,0,0,0,0,0,0,0,0,0,0,0,0,0,0,0,0.08824,0,0,0,0,0,0,0,0,0,0,0,0,0,0,0,0,0,0,0,0
TMR-2374,,6292,5342,0,0,0,0,0,0,0,0,0,0,0,0,0,0,0,0,0,0,0,0,0,0,0,0,0,0,0,0,0,0,0,0,0,0,0,0,0,0,0,0,0,0,0,0,0,0,0,0,0,0,0,0,0,0,0,0,0
TMR-2375,,2763,3104,0,0,0,0,0,0,0,0,0,0,0,0,0,0,0,0,0,0,0,0,0,0,0,0,0,0,0,0,0,0,0,0,0,0,0,0,0,0,0,0,0,0,0,0.01095,0,0,0,0,0,0,0,0,0,0,0,0,0
TMR-2378,,3728,327,0,0,0,0,0,0,0,0,0,0,0,0,0,0,0,0,0,0,0,0,0,0,0,0,0,0,0,0,0,0,0,0,0,0,0,0,0,0,0,0,0,0,0,0.22936,0,0,0,0,0,0,0,0,0,0,0,0,0
TMR-2383,,2576,3119,0,0,0,0,0,0,0,0,0,0,0,0,0,0,0,0,0,0,0,0,0,0,0,0,0,0,0,0,0,0,0,0,0,0,0,0,0,0,0,0,0,0,0,0.17249,0,0,0,0,0,0,0,0,0,0,0,0,0
TMR-2385,,2770,4594,0,0,0,0,0,0,0,0.71264,0,0,0,0,0,0,0,0,0,0,0,0,0,0,0,0,0,0,0,0,0,0,0,0,0,0,0,0,0,0,0,0,0,0,0,0.80257,0,0,0,0,0,0,0,0,0,0,0,0,0
TMR-2386,,6899,3191,0,0,0,0,0,0,0,0,0,0,0,0,0,0,0,0,0,0,0,0,0,0,0,0,0,0,0,0,0,0,0,0,0,0,0,0,0,0,0,0,0,0,0,0.49953,0,0,0,0,0,0,0,0,0,0,0,0,0
TMR-2387,,2787,2809,0,0,0,0,0,0,0,0.169,0,0,0,0,0,0,0,0,0,0,0,0,0,0,0,0,0,0,0,0,0,0,0,0,0,0,0,0,0,0,0,0,0,0,0,0.94874,0,0,0,0,0,0,0,0,0,0,0,0,0
TMR-2388,,5256,1256,0,0,0,0,0,0,0,0.01826,0,0,0,0,0,0,0,0,0,0,0,0,0,0,0,0,0,0,0,0,0,0,0,0,0,0,0,0,0,0,0,0,0,0,0,0.32564,0,0,0,0,0,0,0,0,0,0,0,0,0
TMR-2389,,3826,5387,0,0,0,0,0,0,0,0.15656,0,0,0,0,0,0,0,0,0,0,0,0,0,0,0,0,0,0,0,0,0,0,0,0,0,0,0,0,0,0,0,0,0,0,0,0.78968,0,0,0,0,0,0,0,0,0,0,0,0,0
TMR-2390,,3116,4791,0,0,0,0,0,0,0,0.08569,0,0,0,0,0,0,0,0,0,0,0,0,0,0,0,0,0,0,0,0,0,0,0,0,0,0,0,0,0,0,0,0,0,0,0,0.07514,0,0,0,0,0,0,0,0,0,0,0,0,0
TMR-2391,,3451,3443,0,0,0,0,0,0,0,0.19791,0,0,0,0,0,0,0,0,0,0,0,0,0,0,0,0,0,0,0,0,0,0,0,0,0,0,0,0,0,0,0,0,0,0,0,0.8693,0,0,0,0,0,0,0,0,0,0,0,0,0
TMR-2392,,2473,1514,0,0,0,0,0,0,0,0.70117,0,0,0,0,0,0,0,0,0,0,0,0,0,0,0,0,0,0,0,0,0,0,0,0,0,0,0,0,0,0,0,0,0,0,0,0.91546,0,0,0,0,0,0,0,0,0,0,0,0,0
TMR-2393,,3463,4399,0,0,0,0,0,0,0,0.69622,0,0,0,0,0,0,0,0,0,0,0,0,0,0,0,0,0,0,0,0,0,0,0,0,0,0,0,0,0,0,0,0,0,0,0,0.90157,0,0,0,0,0,0,0,0,0,0,0,0,0
TMR-2394,,4609,13110,0,0,0,0,0,0,0,0,0,0,0,0,0,0,0,0.01432,0,0,0,0,0,0,0,0,0,0,0,0,0,0,0,0,0,0,0,0,0,0,0,0,0,0,0,0.09321,0,0,0,0,0,0,0,0,0,0,0,0,0
TMR-2401,,1119,3130,0,0,0,0,0,0,0,0.39589,0,0,0,0,0,0,0,0,0,0,0,0,0,0,0,0,0,0,0,0,0,0,0,0,0,0,0,0,0,0,0,0,0,0,0,0.39936,0,0,0,0,0,0,0,0,0,0,0,0,0
TMR-2402,,2701,1402,0,0,0,0,0,0,0,0,0,0,0,0,0,0,0,0,0,0,0,0,0,0,0,0,0,0,0,0,0,0,0,0,0,0,0,0,0,0,0,0,0,0,0,0.81098,0,0,0,0,0,0,0,0,0,0,0,0,0
TMR-2405,,2046,325,0,0,0,0,0,0,0,0,0,0,0,0,0,0,0,0,0,0,0,0,0,0,0,0,0,0,0,0,0,0,0,0,0,0,0,0,0,0,0,0,0,0,0,0.04923,0,0,0,0,0,0,0,0,0,0,0,0,0
TMR-2406,,5765,6009,0,0,0,0,0,0,0,0,0,0,0,0,0,0,0,0,0,0,0,0,0,0,0,0,0,0,0,0,0,0,0,0,0,0,0,0,0,0,0,0,0,0,0,0.3786,0,0,0,0,0,0,0,0,0,0,0,0,0
TMR-2407,,3922,3770,0,0,0,0,0,0,0,0.42096,0,0,0,0,0,0,0,0,0,0,0,0,0,0,0,0,0,0,0,0,0,0,0,0,0,0,0,0,0,0,0,0,0,0,0,0.88647,0,0,0,0,0,0,0,0,0,0,0,0,0
TMR-2411,,3338,4554,0,0,0,0,0,0,0,0.58598,0,0,0,0,0,0,0,0,0,0,0,0,0,0,0,0,0,0,0,0,0,0,0,0,0,0,0,0,0,0,0,0,0,0,0,0.59486,0,0,0,0,0,0,0,0,0,0,0,0,0
TMR-2412,,4126,2885,0,0,0,0,0,0,0,0,0,0,0,0,0,0,0,0,0,0,0,0,0,0,0,0,0,0,0,0,0,0,0,0,0,0,0,0,0,0,0,0,0,0,0,0,0,0,0,0,0,0,0,0,0,0,0,0,0
TMR-2421,,3502,3734,0,0,0,0,0,0,0,0.62736,0,0,0,0,0,0,0,0,0,0,0,0,0,0,0,0,0,0,0,0,0,0,0,0,0,0,0,0,0,0,0,0,0,0,0,0.29727,0,0,0,0,0,0,0,0,0,0,0,0,0
TMR-2422,,3898,3453,0,0,0,0,0,0,0,0.01488,0,0,0,0,0,0,0,0,0,0,0,0,0,0,0,0,0,0,0,0,0,0,0,0,0,0,0,0,0,0,0,0,0,0,0,0.14944,0,0,0,0,0,0,0,0,0,0,0,0,0
TMR-2423,,4549,2730,0,0,0,0,0,0,0,0.06331,0,0,0,0,0,0,0,0,0,0,0,0,0,0,0,0,0,0,0,0,0,0,0,0,0,0,0,0,0,0,0,0,0,0,0,0.45092,0,0,0,0,0,0,0,0,0,0,0,0,0
TMR-2424,,3635,3414,0,0,0,0,0,0,0,0.09766,0,0,0,0,0,0,0,0,0,0,0,0,0,0,0,0,0,0,0,0,0,0,0,0,0,0,0,0,0,0,0,0,0,0,0,0.8717,0,0,0,0,0,0,0,0,0,0,0,0,0
TMR-2430,,4152,4959,0,0,0,0,0,0,0,0.30058,0,0,0,0,0,0,0,0,0,0,0,0,0,0,0,0,0,0,0,0,0,0,0,0,0,0,0,0,0,0,0,0,0,0,0,0.77213,0,0,0,0,0,0,0,0,0,0,0,0,0
TMR-2432,,2989,3320,0,0,0,0,0,0,0,0.03245,0,0,0,0,0,0,0,0,0,0,0,0,0,0,0,0,0,0,0,0,0,0,0,0,0,0,0,0,0,0,0,0,0,0,0,0.02922,0,0,0,0,0,0,0,0,0,0,0,0,0
TMR-2441,,4820,5856,0,0,0,0,0,0,0,0,0,0,0,0,0,0,0,0,0,0,0,0,0,0,0,0,0,0,0,0,0,0,0,0,0,0,0,0,0,0,0,0,0,0,0,0.37568,0,0,0,0,0,0,0,0,0,0,0,0,0
TMR-2444,,8420,5702,0,0,0,0,0,0,0,0,0,0,0,0,0,0,0,0,0,0,0,0,0,0,0,0,0,0,0,0,0,0,0,0,0,0,0,0,0,0,0,0,0,0,0,0.74588,0,0,0,0,0,0,0,0,0,0,0,0,0
TMR-2445,,4423,2774,0,0,0,0,0,0,0,0.08026,0,0,0,0,0,0,0,0,0,0,0,0,0,0,0,0,0,0,0,0,0,0,0,0,0,0,0,0,0,0,0,0,0,0,0,0.43547,0,0,0,0,0,0,0,0,0,0,0,0,0
TMR-2497,,1924,256,0,0,0,0,0,0,0,0,0,0,0,0,0,0,0,0,0,0,0,0,0,0,0,0,0,0,0,0,0,0,0,0,0,0,0,0,0,0,0,0,0,0,0,0.26953,0,0,0,0,0,0,0,0,0,0,0,0,0
TMR-2498,,3235,6123,0,0,0,0,0,0,0,0,0,0,0,0,0,0,0,0,0,0,0,0,0,0,0,0,0,0,0,0,0,0,0,0,0,0,0,0,0,0,0,0,0,0,0,0,0,0,0,0,0,0,0,0,0,0,0,0,0
TMR-2524,,5675,14277,0,0,0,0,0,0,0,0.02696,0,0,0,0,0,0,0,0,0,0,0,0,0,0,0,0,0,0,0,0,0,0,0,0,0,0,0,0,0,0,0,0,0,0,0,0.75373,0,0,0,0,0,0,0,0,0,0,0,0,0
TMR-2525,,7068,6351,0,0,0,0,0,0,0,0.0382,0,0,0,0,0,0,0,0,0,0,0,0,0,0,0,0,0,0,0,0,0,0,0,0,0,0,0,0,0,0,0,0,0,0,0,0.76933,0,0,0,0,0,0,0,0,0,0,0,0,0
TMR-2528,,5777,4645,0,0,0,0,0,0,0,0.02216,0,0,0,0,0,0,0,0,0,0,0,0,0,0,0,0,0,0,0,0,0,0,0,0,0,0,0,0,0,0,0,0,0,0,0,0.12809,0,0,0,0,0,0,0,0,0,0,0,0,0
TMR-2529,,5039,2716,0,0,0,0,0,0,0,0,0,0,0,0,0,0,0,0,0,0,0,0,0,0,0,0,0,0,0,0,0,0,0,0,0,0,0,0,0,0,0,0,0,0,0,0,0,0,0,0,0,0,0,0,0,0,0,0,0
TMR-2530,,5616,1573,0,0,0,0,0,0,0,0,0,0,0,0,0,0,0,0,0,0,0,0,0,0,0,0,0,0,0,0,0,0,0,0,0,0,0,0,0,0,0,0,0,0,0,0.01081,0,0.25938,0,0,0,0,0,0,0,0,0,0,0
TMR-2544,,2888,4274,0,0,0,0,0,0,0,0,0,0,0,0,0,0,0,0,0,0,0,0,0,0,0,0,0,0,0,0,0,0,0,0,0,0,0,0,0,0,0,0,0,0,0,0,0,0,0,0,0,0,0,0,0,0,0,0,0
TMR-2578,,5688,6622,0,0,0,0,0,0,0,0,0,0,0,0,0,0,0,0,0,0,0,0,0,0,0,0,0,0,0,0,0,0,0,0,0,0,0,0,0,0,0,0,0,0,0,0,0,0,0,0,0,0,0,0,0,0,0,0,0
TMR-2579,,4857,5188,0,0,0,0,0,0,0,0,0,0,0,0,0,0,0,0,0,0,0,0,0,0,0,0,0,0,0,0,0,0,0,0,0,0,0,0,0,0,0,0,0,0,0,0,0,0.78258,0,0,0,0,0,0,0,0,0,0,0
TMR-2590,,3232,4420,0,0,0,0,0,0,0,0,0,0,0,0,0,0,0,0,0,0,0,0,0,0,0,0,0,0,0,0,0,0,0,0,0,0,0,0,0,0,0,0,0,0,0,0,0,0,0,0,0,0,0,0,0,0,0,0,0
TMR-2592,,7518,4766,0,0,0,0,0,0,0,0.05161,0,0,0,0,0,0,0,0,0,0,0,0,0,0,0,0,0,0,0,0,0,0,0,0,0,0,0,0,0,0,0,0,0,0,0,0.15904,0,0,0,0,0,0,0,0,0,0,0,0,0
TMR-2625,,3307,1725,0,0,0,0,0,0,0,0.01935,0,0,0,0,0,0,0,0,0,0,0,0,0,0,0,0,0,0,0,0,0,0,0,0,0,0,0,0,0,0,0,0,0,0,0,0.80406,0,0,0,0,0,0,0,0,0,0,0,0,0
TMR-2626,,7109,1864,0,0,0,0,0,0,0,0,0,0,0,0,0,0,0,0,0,0,0,0,0,0,0,0,0,0,0,0,0,0,0,0,0,0,0,0,0,0,0,0,0,0,0,0.21084,0,0,0,0,0,0,0,0,0,0,0,0,0
TMR-2635,,7050,3321,0,0,0,0,0,0,0,0,0,0,0,0,0,0,0,0,0,0,0,0,0,0,0,0,0,0,0,0,0,0,0,0,0,0,0,0,0,0,0,0,0,0,0,0,0,0,0,0,0,0,0,0,0,0,0,0,0
TMR-2637,,5111,5333,0,0,0,0,0,0,0,0,0,0,0,0,0,0,0,0,0,0,0,0,0,0,0,0,0.03717,0,0,0,0,0,0,0,0,0,0,0,0,0,0,0,0,0,0,0.05307,0,0,0,0,0,0,0,0,0,0,0,0,0
TMR-2649,,942,4457,0,0,0,0,0,0,0,0.01486,0,0,0,0,0,0,0,0,0,0,0,0,0,0,0,0,0,0,0,0,0,0,0,0,0,0,0,0,0,0,0,0,0,0,0,0.10725,0,0,0,0,0,0,0,0,0,0,0,0,0
TMR-2654,,8535,3059,0,0,0,0,0,0,0,0.05577,0,0,0,0,0,0,0,0,0,0,0,0,0,0,0,0,0,0,0,0,0,0,0,0,0,0,0,0,0,0,0,0,0,0,0,0.81628,0,0,0,0,0,0,0,0,0,0,0,0,0
TMR-2655,,5524,27,0,0,0,0,0,0,0,0.06191,0,0,0,0,0,0,0,0,0,0,0,0,0,0,0,0,0,0,0,0,0,0,0,0,0,0,0,0,0,0,0,0,0,0,0,0,0,0,0,0,0,0,0,0,0,0,0,0,0
TMR-2656,,2544,3823,0,0,0,0,0,0,0,0.08176,0,0,0,0,0,0,0,0,0,0,0,0,0,0,0,0,0.22406,0,0,0,0,0,0,0,0,0,0,0,0,0,0,0,0,0,0,0.71384,0,0,0,0,0,0,0,0,0,0,0,0,0
TMR-2663,,6504,3129,0,0,0,0,0,0,0,0.01968,0,0,0,0,0,0,0,0,0,0,0,0,0,0,0,0,0,0,0,0,0,0,0,0,0,0,0,0,0,0,0,0,0,0,0,0.01406,0,0,0,0,0,0,0,0,0,0,0,0,0
TMR-2664,,7992,1679,0,0,0,0,0,0,0,0.02427,0,0,0,0,0,0,0,0,0,0,0,0,0,0,0,0,0,0,0,0,0,0,0,0,0,0,0,0,0,0,0,0,0,0,0,0.72126,0,0,0,0,0,0,0,0,0,0,0,0,0
TMR-2677,,6759,3243,0,0,0,0,0,0,0,0,0,0,0,0,0.02944,0,0,0,0,0,0,0,0,0,0,0,0,0,0,0,0,0,0,0,0,0,0,0,0,0,0,0,0,0,0,0.05674,0,0.44619,0,0,0,0,0,0,0,0,0,0,0
TMR-2678,,8115,3067,0,0,0,0,0,0,0,0.03931,0,0,0,0,0,0,0,0,0,0,0,0,0,0,0,0,0.02058,0,0,0,0,0,0,0,0,0,0,0,0,0,0,0,0,0,0,0.01663,0,0,0,0,0,0,0,0,0,0,0,0,0
TMR-2681,,4530,1690,0,0,0,0,0,0,0,0,0,0,0,0,0.01391,0,0,0,0,0,0,0,0,0,0,0,0,0,0,0,0,0,0,0,0,0,0,0,0,0,0,0,0,0,0,0,0,0.18047,0,0,0,0,0,0,0,0,0,0,0
TMR-2682,,2671,2373,0,0,0,0,0,0,0,0.01011,0,0,0,0,0,0,0,0,0,0,0,0,0,0,0,0,0,0,0,0,0,0,0,0,0,0,0,0,0,0,0,0,0,0,0,0.16983,0,0,0,0,0,0,0,0,0,0,0,0,0
TMR-2688,,3428,2232,0,0,0,0,0,0,0,0.11406,0,0,0,0,0,0,0,0,0,0,0,0,0,0,0,0,0,0,0,0,0,0,0,0,0,0,0,0,0,0,0,0,0,0,0,0.63889,0,0,0,0,0,0,0,0,0,0,0,0,0
TMR-2689,,2741,814,0,0,0,0,0,0,0,0.35316,0,0,0,0,0,0,0,0,0,0,0,0,0,0,0,0,0,0,0,0,0,0,0,0,0,0,0,0,0,0,0,0,0,0,0,0.91523,0,0,0,0,0,0,0,0,0,0,0,0,0
TMR-2693,,4826,1466,0,0,0,0,0,0,0,0.01554,0,0,0,0,0,0,0,0,0,0,0,0,0,0,0,0,0,0,0,0,0,0,0,0,0,0,0,0,0,0,0,0,0,0,0,0.55935,0,0,0,0,0,0,0,0,0,0,0,0,0
TMR-2727,,10439,83,0,0,0,0,0,0,0,0,0,0,0,0,0,0,0,0,0,0,0,0,0,0,0,0,0,0,0,0,0,0,0,0,0,0,0,0,0,0,0,0,0.01205,0,0,0.08434,0,0,0,0,0,0,0,0,0,0,0,0,0
TMR-2729,,6407,2973,0,0,0,0,0,0,0,0,0,0,0,0,0,0,0,0,0,0,0,0,0,0,0,0,0,0,0,0,0,0,0,0,0,0,0,0,0,0,0,0,0,0,0,0,0,0,0,0,0,0,0,0,0,0,0,0,0
TMR-2761,,5279,5698,0,0,0,0,0,0,0,0.29077,0,0,0,0,0,0,0,0,0,0,0,0,0,0,0,0,0,0,0,0,0,0,0,0,0,0,0,0,0,0,0,0,0,0,0,0.53966,0,0,0,0,0,0,0,0,0,0,0,0,0
TMR-2767,,6123,4038,0,0,0,0,0,0,0,0,0,0,0,0,0,0,0,0,0,0,0,0,0,0,0,0,0,0,0,0,0,0,0,0,0,0,0,0,0,0,0,0,0,0,0,0.03219,0,0,0,0,0,0,0,0,0,0,0,0,0
TMR-2871,,3542,2613,0,0,0,0,0,0,0,0.52739,0,0,0,0,0,0,0,0,0,0,0,0,0,0,0,0,0,0,0,0,0,0,0,0,0,0,0,0,0,0,0,0,0,0,0,0.5067,0,0,0,0,0,0,0,0,0,0,0,0,0
TMR-2872,,233,4086,0,0,0,0,0,0,0,0,0,0,0,0,0,0,0,0,0,0,0,0,0,0,0,0,0,0,0,0,0,0,0,0,0,0,0,0,0,0,0,0,0.57293,0,0,0,0.09422,0,0,0,0,0,0,0,0,0,0,0,0
TMR-2873,,5661,2091,0,0,0,0,0,0,0,0,0,0,0,0,0,0,0,0,0,0,0,0,0,0,0,0,0,0,0,0,0,0,0,0,0,0,0,0,0,0,0,0,0,0,0,0,0,0,0,0,0,0,0,0,0,0,0,0,0
TMR-2874,,109,2086,0,0,0,0,0,0,0,0,0,0,0,0,0,0,0,0,0,0,0,0,0,0,0,0,0,0,0,0,0,0,0,0,0,0,0,0,0,0,0,0,0,0,0,0.17593,0,0,0,0,0,0,0,0,0,0,0,0,0
TMR-2875,,3154,5023,0,0,0,0,0,0,0,0.62555,0,0,0,0,0,0,0,0,0,0,0,0,0,0,0,0,0,0,0,0,0,0,0,0,0,0,0,0,0,0,0,0,0,0,0,0.60641,0,0,0,0,0,0,0,0,0,0,0,0,0
TMR-2882,,8978,9884,0,0,0,0,0,0,0,0,0,0,0,0,0,0,0,0,0,0,0,0,0,0,0,0,0,0,0,0,0,0,0,0,0,0,0,0,0,0,0,0,0,0,0,0,0,0,0,0,0,0,0,0,0,0,0,0,0
TMR-2884,,1324,1121,0,0,0,0,0,0,0,0,0,0,0,0,0,0,0,0,0,0,0,0,0,0,0,0,0,0,0,0,0,0,0,0,0,0,0,0,0,0,0,0,0,0,0,0,0,0,0,0,0,0,0,0,0,0,0,0,0
TMR-2890,,1341,2452,0,0,0,0,0,0,0,0.956,0,0,0,0,0,0,0,0,0,0,0,0,0,0,0,0,0,0,0,0,0,0,0,0,0,0,0,0,0,0,0,0,0,0,0,0.95759,0,0,0,0,0,0,0,0,0,0,0,0,0
TMR-2897,,3456,3391,0,0,0,0,0,0,0,0,0,0,0,0,0,0,0,0,0,0,0,0,0,0,0,0,0,0,0,0,0,0,0,0,0,0,0,0,0,0,0,0,0.79475,0,0,0,0,0,0,0,0,0,0,0,0,0,0,0,0
TMR-2902,,1017,5381,0,0,0,0,0,0,0,0,0,0,0,0,0,0,0,0,0,0,0,0,0,0,0,0,0,0,0,0,0,0,0,0,0,0,0,0,0,0,0,0,0,0,0,0,0,0,0,0,0,0,0,0,0,0,0,0,0
TMR-2904,,1684,1329,0,0,0,0,0,0,0,0.0101,0,0,0,0,0,0,0,0,0,0,0,0,0,0,0,0,0,0,0,0,0,0,0,0,0,0,0,0,0,0,0,0,0.64485,0,0,0,0,0,0,0,0,0,0,0,0,0,0,0,0
TMR-2905,,3519,1463,0,0,0,0,0,0,0,0.97727,0,0,0,0,0,0,0,0,0,0,0,0,0,0,0,0,0,0,0,0,0,0,0,0,0,0,0,0,0,0,0,0,0,0,0,0.99522,0,0,0,0,0,0,0,0,0,0,0,0,0
TMR-2907,,1173,3555,0,0,0,0,0,0,0,0,0,0,0,0,0,0,0,0,0,0,0,0,0,0,0,0,0,0,0,0,0,0,0,0,0,0,0,0,0,0,0,0,0.95865,0,0,0,0,0,0,0,0,0,0,0,0,0,0,0,0
TMR-3046,,2282,595,0,0,0,0,0,0,0,0,0,0,0,0,0,0,0,0,0,0,0,0,0,0,0,0,0,0,0,0,0,0,0,0,0,0,0,0,0,0,0,0,0,0,0,0,0,0,0,0,0,0,0,0,0,0,0,0,0
TMR-3047,,1214,486,0,0,0,0,0,0,0,0,0,0,0,0,0,0,0,0,0,0,0,0,0,0,0,0,0,0,0,0,0,0,0,0,0,0,0,0,0,0,0,0,0,0,0,0,0,0,0,0,0,0,0,0,0,0,0,0,0
TMR-3048,,2398,1164,0,0,0,0,0,0,0,0,0,0,0,0,0,0,0,0,0,0,0,0,0,0,0,0,0,0,0,0,0,0,0,0,0,0,0,0,0,0,0,0,0,0,0,0,0,0,0,0,0,0,0,0,0,0,0,0,0
TMR-3055,,7565,3964,0,0,0,0,0,0,0,0.38691,0,0,0,0,0,0,0,0,0,0,0,0,0,0,0,0,0,0,0,0,0,0,0,0,0,0,0,0,0,0,0,0,0,0,0,0.94677,0,0,0,0,0,0,0,0,0,0,0,0,0
TMR-3060,,1150,1875,0,0,0,0,0,0,0,0.15043,0,0,0,0,0,0,0,0,0,0,0,0,0,0,0,0,0,0,0,0,0,0,0,0,0,0,0,0,0,0,0,0,0,0,0,0.9904,0,0,0,0,0,0,0,0,0,0,0,0,0
TMR-3061,,3282,697,0,0,0,0,0,0,0,0,0,0,0,0,0,0,0,0,0,0,0,0,0,0,0,0,0,0,0,0,0,0,0,0,0,0,0,0,0,0,0,0,0,0,0,0,0,0,0,0,0,0,0,0,0,0,0,0,0
TMR-3065,,2637,3193,0,0,0,0,0,0,0,0,0,0,0,0,0,0,0,0,0,0,0,0,0,0,0,0,0,0,0,0,0,0,0,0,0,0,0,0,0,0,0,0,0,0,0,0.1353,0,0,0,0,0,0,0,0,0,0,0,0,0
TMR-3326,,6162,4188,0,0,0,0,0,0,0,0,0,0,0,0,0,0,0,0,0,0,0,0,0,0,0,0,0,0,0,0,0,0,0,0,0,0,0,0,0,0,0,0,0,0,0,0.33883,0,0,0,0,0,0,0,0,0,0,0,0,0
TMR-3327,,6315,1968,0,0,0,0,0,0,0,0.10404,0,0,0,0,0,0,0,0,0,0,0,0,0,0,0,0,0,0,0,0,0,0,0,0,0,0,0,0,0,0,0,0,0,0,0,0.91362,0,0,0,0,0,0,0,0,0,0,0,0,0
TMR-3355,,3772,3447,0,0,0,0,0,0,0,0.0106,0,0,0,0,0,0,0,0,0,0,0,0,0,0,0,0,0.01299,0,0,0,0,0,0,0,0,0,0,0,0,0,0,0,0,0,0,0.89382,0,0,0,0,0,0,0,0,0,0,0,0,0
TMR-3422,,978,1492,0,0,0,0,0,0,0,0,0,0,0,0,0,0,0,0,0,0,0,0,0,0,0,0,0.16564,0,0,0,0,0,0,0,0,0,0,0,0,0,0,0,0,0,0,0,0,0,0,0,0,0,0,0,0,0,0,0,0
TMR-3492,,6859,4582,0,0,0,0,0,0,0,0,0,0,0,0,0,0,0,0,0,0,0,0,0,0,0,0,0,0,0,0,0,0,0,0,0,0,0,0,0,0,0,0,0,0,0,0,0,0,0,0,0,0,0,0,0,0,0,0,0
TMR-3493,,6125,3424,0,0,0,0,0,0,0,0.09682,0,0,0,0,0.01927,0,0,0,0,0,0,0,0,0,0,0,0,0,0,0,0,0,0,0,0,0,0,0,0,0,0,0,0,0,0,0.61711,0,0.34871,0,0,0,0,0,0,0,0,0,0,0
TMR-3494,,1959,3425,0,0,0,0,0,0,0,0,0,0,0,0,0,0,0,0,0,0,0,0,0,0,0,0,0,0,0,0,0,0,0,0,0,0,0,0,0,0,0,0,0,0,0,0.18686,0,0,0,0,0,0,0,0,0,0,0,0,0
TMR-3495,,5584,242,0,0,0,0,0,0,0,0,0,0,0,0,0,0,0,0,0,0,0,0,0,0,0,0,0,0,0,0,0,0,0,0,0,0,0,0,0,0,0,0,0,0,0,0.07851,0,0,0,0,0,0,0,0,0,0,0,0,0
TMR-3510,,3510,1151,0,0,0,0,0,0,0,0,0,0,0,0,0,0,0,0,0,0,0,0,0,0,0,0,0,0,0,0,0,0,0,0,0,0,0,0,0,0,0,0,0,0,0,0.53692,0,0,0,0,0,0,0,0,0,0,0,0,0
TMR-3517,,4562,5078,0,0,0,0,0,0,0,0,0,0,0,0,0,0,0,0,0,0,0,0,0,0,0,0,0,0,0,0,0,0,0,0,0,0,0,0,0,0,0,0,0,0,0,0,0,0,0,0,0,0,0,0,0,0,0,0,0
TMR-3523,,5605,2438,0,0,0,0,0,0,0,0.12614,0,0,0,0,0,0,0,0,0,0,0,0,0,0,0,0,0,0,0,0,0,0,0,0,0,0,0,0,0,0,0,0,0,0,0,0.96637,0,0,0,0,0,0,0,0,0,0,0,0,0
TMR-3529,,1810,2597,0,0,0,0,0,0,0,0.02983,0,0,0,0,0,0,0,0,0,0,0,0,0,0,0,0,0,0,0,0,0,0,0,0,0,0,0,0,0,0,0,0,0,0,0,0.08548,0,0,0,0,0,0,0,0,0,0,0,0,0
TMR-3530,,2402,2510,0,0,0,0,0,0,0,0,0,0,0,0,0,0,0,0,0,0,0,0,0,0,0,0,0,0,0,0,0,0,0,0,0,0,0,0,0,0,0,0,0,0,0,0,0,0,0,0,0,0,0,0,0,0,0,0,0
TMR-3531,,4581,2040,0,0,0,0,0,0,0,0,0,0,0,0,0,0,0,0,0,0,0,0,0,0,0,0,0.1766,0,0,0,0,0,0,0,0,0,0,0,0,0,0,0,0,0,0,0.62353,0,0,0,0,0,0,0,0,0,0,0,0,0
TMR-3536,,3990,19806,0,0,0,0,0,0,0,0,0,0,0,0,0,0,0,0,0,0,0,0,0,0,0,0,0,0,0,0,0,0,0,0,0,0,0,0,0,0,0,0,0,0,0,0.03433,0,0.0159,0,0,0,0,0,0,0,0,0,0,0
TMR-3537,,1924,3524,0,0,0,0,0,0,0,0.91944,0,0,0,0,0,0,0,0,0,0,0,0,0,0,0,0,0,0,0,0,0,0,0,0,0,0,0,0,0,0,0,0,0,0,0,0.96226,0,0,0,0,0,0,0,0,0,0,0,0,0
TMR-3538,,6192,2601,0,0,0,0,0,0,0,0,0,0,0,0,0,0,0,0,0,0,0,0,0,0,0,0,0,0,0,0,0,0,0,0,0,0,0,0,0,0,0,0,0,0,0,0.24414,0,0,0,0,0,0,0,0,0,0,0,0,0
TMR-3539,,3011,1286,0,0,0,0,0,0,0,0,0,0,0,0,0,0,0,0,0,0,0,0,0,0,0,0,0,0,0,0,0,0,0,0,0,0,0,0,0,0,0,0,0,0,0,0,0.01555,0.02566,0,0,0,0,0,0,0,0,0,0,0
TMR-3541,,3154,1374,0,0,0,0,0,0,0,0.03932,0,0,0,0,0,0,0,0,0,0,0,0,0,0,0,0,0,0,0,0,0,0,0,0,0,0,0,0,0,0,0,0,0,0,0,0.66739,0,0,0,0,0,0,0,0,0,0,0,0,0
TMR-3545,,4049,2313,0,0,0,0,0,0,0,0.04569,0,0,0,0,0,0,0,0,0,0,0,0,0,0,0,0,0,0,0,0,0,0,0,0,0,0,0,0,0,0,0,0,0,0,0,0.14137,0,0,0,0,0,0,0,0,0,0,0,0,0
TMR-3555,,4794,2563,0,0,0,0,0,0,0,0.75031,0,0,0,0,0,0,0,0,0,0,0,0,0,0,0,0,0,0,0,0,0,0,0,0,0,0,0,0,0,0,0,0,0,0,0,0.89778,0,0,0,0,0,0,0,0,0,0,0,0,0
TMR-3556,,4816,1381,0,0,0,0,0,0,0,0,0,0,0,0,0,0,0,0,0,0,0,0,0,0,0,0,0.32911,0,0,0,0,0,0,0,0,0,0,0,0,0,0,0,0,0,0,0.03621,0,0.4895,0,0,0,0,0,0,0,0,0,0,0
TMR-3561,,5301,1163,0,0,0,0,0,0,0,0.02547,0,0,0,0,0,0,0,0,0,0,0,0,0,0,0,0,0,0,0,0,0,0,0,0,0,0,0,0,0,0,0,0,0,0,0,0.04815,0,0,0,0,0,0,0,0,0,0,0,0,0
TMR-3562,,2117,2938,0,0,0,0,0,0,0,0.33821,0,0,0,0,0,0,0,0,0,0,0,0,0,0,0,0,0,0,0,0,0,0,0,0,0,0,0,0,0,0,0,0,0,0,0,0.9646,0,0,0,0,0,0,0,0,0,0,0,0,0
TMR-3566,,8225,1679,0,0,0,0,0,0,0,0,0,0,0,0,0,0,0,0,0,0,0,0,0,0,0,0,0,0,0,0,0,0,0,0,0,0,0,0,0,0,0,0,0,0,0,0.15068,0,0,0,0,0,0,0,0,0,0,0,0,0
TMR-3570,,5146,2475,0,0,0,0,0,0,0,0,0,0,0,0,0,0,0,0,0,0,0,0,0,0,0,0,0,0,0,0,0,0,0,0,0,0,0,0,0,0,0,0,0,0,0,0.83838,0,0,0,0,0,0,0,0,0,0,0,0,0
TMR-3572,,3855,2945,0,0,0,0,0,0,0,0,0,0,0,0,0,0,0,0,0,0,0,0,0,0,0,0,0,0,0,0,0,0,0,0,0,0,0,0,0,0,0,0,0,0,0,0.88523,0,0,0,0,0,0,0,0,0,0,0,0,0
TMR-3582,,4197,2579,0,0,0,0,0,0,0,0.01287,0,0,0,0,0,0,0,0,0,0,0,0,0,0,0,0,0.06481,0,0,0,0,0,0,0,0,0,0,0,0,0,0,0,0,0,0,0.62893,0,0,0,0,0,0,0,0,0,0,0,0,0
TMR-3583,,3881,2235,0,0,0,0,0,0,0,0,0,0,0,0,0,0,0,0,0,0,0,0,0,0,0,0,0,0,0,0,0,0,0,0,0,0,0,0,0,0,0,0,0,0,0,0.24653,0,0,0,0,0,0,0,0,0,0,0,0,0
TMR-3601,,2736,2627,0,0,0,0,0,0,0,0,0,0,0,0,0,0,0,0,0,0,0,0,0,0,0,0,0,0,0,0,0,0,0,0,0,0,0,0,0,0,0,0,0,0,0,0,0,0,0,0,0,0,0,0,0,0,0,0,0
TMR-3606,,5370,289,0,0,0,0,0,0,0,0,0,0,0,0,0,0,0,0,0,0,0,0,0,0,0,0,0,0,0,0,0,0,0,0,0,0,0,0,0,0,0,0,0,0,0,0.84429,0,0,0,0,0,0,0,0,0,0,0,0,0
TMR-3609,,2920,2360,0,0,0,0,0,0,0,0,0,0,0,0,0,0,0,0,0,0,0,0,0,0,0,0,0,0,0,0,0,0,0,0,0,0,0,0,0,0,0,0,0,0,0,0.5839,0,0,0,0,0,0,0,0,0,0,0,0,0
TMR-3615,,1260,3883,0,0,0,0,0,0,0,0.02698,0,0,0,0,0,0,0,0,0,0,0,0,0,0,0,0,0,0,0,0,0,0,0,0,0,0,0,0,0,0,0,0,0,0,0,0.88488,0,0,0,0,0,0,0,0,0,0,0,0,0
TMR-3619,,2916,2422,0,0,0,0,0,0,0,0,0,0,0,0,0,0,0,0,0,0,0,0,0,0,0,0,0,0,0,0,0,0,0,0,0,0,0,0,0,0,0,0,0,0,0,0.22461,0,0,0,0,0,0,0,0,0,0,0,0,0
TMR-3667,,2158,2218,0,0,0,0,0,0,0,0.11724,0,0,0,0,0,0,0,0,0,0,0,0,0,0,0,0,0,0,0,0,0,0,0,0,0,0,0,0,0,0,0,0,0,0,0,0.62263,0,0,0,0,0,0,0,0,0,0,0,0,0
TMR-3668,,5285,4481,0,0,0,0,0,0,0,0.70009,0,0,0,0,0,0,0,0,0,0,0,0,0,0,0,0,0,0,0,0,0,0,0,0,0,0,0,0,0,0,0,0,0,0,0,0.86409,0,0,0,0,0,0,0,0,0,0,0,0,0
TMR-3671,,2966,2562,0,0,0,0,0,0,0,0.06473,0,0,0,0,0,0,0,0,0,0,0,0,0,0,0,0,0,0,0,0,0,0,0,0,0,0,0,0,0,0,0,0,0,0,0,0.69867,0,0.10226,0,0,0,0,0,0,0,0,0,0,0
TMR-3672,,2692,3879,0,0,0,0,0,0,0,0.03715,0,0,0,0,0,0,0,0,0,0,0,0,0,0,0,0,0,0,0,0,0,0,0,0,0,0,0,0,0,0,0,0,0,0,0,0.05104,0,0,0,0,0,0,0,0,0,0,0,0,0
TMR-3677,,2155,2849,0,0,0,0,0,0,0,0,0,0,0,0,0,0,0,0,0,0,0,0,0,0,0,0,0,0,0,0,0,0,0,0,0,0,0,0,0,0,0,0,0,0,0,0,0,0,0,0,0,0,0,0,0,0,0,0,0
TMR-3678,,4089,2346,0,0,0,0,0,0,0,0,0,0,0,0,0,0,0,0,0,0,0,0,0,0,0,0,0.05282,0,0,0,0,0,0,0,0,0,0,0,0,0,0,0,0,0,0,0.33078,0,0,0,0,0,0,0,0,0,0,0,0,0
TMR-3682,,4896,1844,0,0,0,0,0,0,0,0,0,0,0,0,0,0,0,0,0,0,0,0,0,0,0,0,0,0,0,0,0,0,0,0,0,0,0,0,0,0,0,0,0,0,0,0,0,0,0,0,0,0,0,0,0,0,0,0,0
TMR-3683,,2555,3024,0,0,0,0,0,0,0,0.12094,0,0,0,0,0,0,0,0,0,0,0,0,0,0,0,0,0,0,0,0,0,0,0,0,0,0,0,0,0,0,0,0,0,0,0,0.94345,0,0,0,0,0,0,0,0,0,0,0,0,0
TMR-3684,,3912,2253,0,0,0,0,0,0,0,0.45578,0,0,0,0,0,0,0,0,0,0,0,0,0,0,0,0,0,0,0,0,0,0,0,0,0,0,0,0,0,0,0,0,0,0,0,0.47182,0,0,0,0,0,0,0,0,0,0,0,0,0
TMR-3685,,4694,2644,0,0,0,0,0,0,0,0.16915,0,0,0,0,0,0,0,0,0,0,0,0,0,0,0,0,0,0,0,0,0,0,0,0,0,0,0,0,0,0,0,0,0,0,0,0.85666,0,0,0,0,0,0,0,0,0,0,0,0,0
TMR-3686,,2084,2199,0,0,0,0,0,0,0,0.50576,0,0,0,0,0,0,0,0.16219,0,0,0,0,0,0,0,0,0,0,0,0,0,0,0,0,0,0,0,0,0,0,0,0,0,0,0,0.97271,0,0,0,0,0,0,0,0,0,0,0,0,0
TMR-3687,,2065,1912,0,0,0,0,0,0,0,0.26538,0,0,0,0,0,0,0,0,0,0,0,0,0,0,0,0,0,0,0,0,0,0,0,0,0,0,0,0,0,0,0,0,0,0,0,0.98483,0,0,0,0,0,0,0,0,0,0,0,0,0
TMR-3691,,3373,1069,0,0,0,0,0,0,0,0,0,0,0,0,0,0,0,0,0,0,0,0,0,0,0,0,0,0,0,0,0,0,0,0,0,0,0,0,0,0,0,0,0,0,0,0,0,0,0,0,0,0,0,0,0,0,0,0,0
TMR-3693,,1911,3040,0,0,0,0,0,0,0,0.01413,0,0,0,0,0.15228,0,0,0,0,0,0,0,0,0,0,0,0,0,0,0,0,0,0,0,0,0,0,0,0,0,0,0,0,0,0,0.07664,0,0.77928,0,0,0,0,0,0,0,0,0,0,0
TMR-3695,,2862,4789,0,0,0,0,0,0,0,0.18484,0,0,0,0,0.06045,0,0,0,0,0,0,0,0,0,0,0,0,0,0,0,0,0,0,0,0,0,0,0,0,0,0,0,0,0,0,0.21821,0,0.21904,0,0,0,0,0,0,0,0,0,0,0
TMR-3697,,4144,5528,0,0,0,0,0,0,0,0.15782,0,0,0,0,0.1793,0,0,0,0,0,0,0,0,0,0,0,0,0,0,0,0,0,0,0,0,0,0,0,0,0,0,0,0,0,0,0.12373,0,0.30409,0,0,0,0,0,0,0,0,0,0,0
TMR-3698,,4138,3632,0,0,0,0,0,0,0,0.05002,0,0,0,0,0,0,0,0,0,0,0,0,0,0,0,0,0,0,0,0,0,0,0,0,0,0,0,0,0,0,0,0,0,0,0,0.2288,0,0.1685,0,0,0,0,0,0,0,0,0,0,0
TMR-3700,,4491,1794,0,0,0,0,0,0,0,0.2004,0,0,0,0,0,0,0,0,0,0,0,0,0,0,0,0,0,0,0,0,0,0,0,0,0,0,0,0,0,0,0,0,0,0,0,0.25084,0,0,0,0,0,0,0,0,0,0,0,0,0
TMR-3702,,5307,2418,0,0,0,0,0,0,0,0.64179,0,0,0,0,0,0,0,0,0,0,0,0,0,0,0,0,0.05709,0,0,0,0,0,0,0,0,0,0,0,0,0,0,0,0,0,0,0.95533,0,0,0,0,0,0,0,0,0,0,0,0,0
TMR-3703,,6045,1676,0,0,0,0,0,0,0,0,0,0,0,0,0,0,0,0,0,0,0,0,0,0,0,0,0,0,0,0,0,0,0,0,0,0,0,0,0,0,0,0,0,0,0,0.47494,0,0,0,0,0,0,0,0,0,0,0,0,0
TMR-3705,,1524,3795,0,0,0,0,0,0,0,0.01378,0,0,0,0,0,0,0,0.45472,0,0,0,0,0,0,0,0,0,0,0,0,0,0,0,0,0,0,0,0,0,0,0,0,0,0,0,0.84374,0,0.01765,0,0.07325,0,0,0,0,0,0,0,0,0
TMR-3707,,4701,1595,0,0,0,0,0,0,0,0.35609,0,0,0,0,0,0,0,0,0,0,0,0,0,0,0,0,0,0,0,0,0,0,0,0,0,0,0,0,0,0,0,0,0,0,0,0.50972,0,0,0,0,0,0,0,0,0,0,0,0,0
TMR-3709,,1045,2338,0,0,0,0,0,0,0,0.46029,0,0,0,0,0,0,0,0,0,0,0,0,0,0,0,0,0,0,0,0,0,0,0,0,0,0,0,0,0,0,0,0,0,0,0,0.98375,0,0,0,0,0,0,0,0,0,0,0,0,0
TMR-3710,,7508,3518,0,0,0,0,0,0,0,0.19659,0,0,0,0,0,0,0,0,0,0,0,0,0,0,0,0,0,0,0,0,0,0,0,0,0,0,0,0,0,0,0,0,0,0,0,0.9133,0,0.02956,0,0,0,0,0,0,0,0,0,0,0
TMR-3711,,4832,2391,0,0,0,0,0,0,0,0.19536,0,0,0,0,0,0,0,0,0,0,0,0,0,0,0,0,0,0,0,0,0,0,0,0,0,0,0,0,0,0,0,0,0,0,0,0.91593,0,0,0,0,0,0,0,0,0,0,0,0,0
TMR-3720,,3883,3541,0,0,0,0,0,0,0,0,0,0,0,0,0,0,0,0,0,0,0,0,0,0,0,0,0,0,0,0,0,0,0,0,0,0,0,0,0,0,0,0,0,0,0,0,0.01073,0,0,0,0,0,0,0,0,0,0,0,0
TMR-3722,,3915,2640,0,0,0,0,0.02708,0,0,0.01481,0,0,0,0,0,0,0,0,0,0,0,0,0,0,0,0,0,0,0,0,0,0,0,0,0,0,0,0,0,0,0,0,0,0.16629,0,0.10152,0,0,0,0,0,0,0,0,0,0,0,0,0
TMR-3723,,5302,9214,0,0,0,0,0,0,0,0.29234,0,0,0,0,0,0,0,0,0,0,0,0,0,0,0,0,0,0,0,0,0,0,0,0,0,0,0,0,0,0,0,0,0,0,0,0.88897,0,0,0,0,0,0,0,0,0,0,0,0,0
TMR-3724,,3037,3134,0,0,0,0,0,0,0,0.52651,0,0,0,0,0,0,0,0,0,0,0,0,0,0,0,0,0,0,0,0,0,0,0,0,0,0,0,0,0,0,0,0,0,0,0,0.39279,0,0,0,0,0,0,0,0,0,0,0,0,0
TMR-3729,,2225,3777,0,0,0,0,0,0,0,0.14292,0,0,0,0,0,0,0,0,0,0,0,0,0,0,0,0,0.09798,0,0,0,0,0,0,0,0,0,0,0,0,0,0,0,0,0,0,0.77972,0,0,0,0,0,0,0,0,0,0,0,0,0
TMR-3730,,3899,1842,0,0,0,0,0,0,0,0.51193,0,0,0,0,0,0,0,0,0,0,0,0,0,0,0,0,0.04232,0,0,0,0,0,0,0,0,0,0,0,0,0,0,0,0,0,0,0.9962,0,0,0,0,0,0,0,0,0,0,0,0,0
TMR-3734,,5780,1436,0,0,0,0,0,0,0,0.01107,0,0,0,0,0,0,0,0,0,0,0,0,0,0,0,0,0,0,0,0,0,0,0,0,0,0,0,0,0,0,0,0,0,0,0,0.20961,0,0,0,0,0,0,0,0,0,0,0,0,0
TMR-3736,,14659,2451,0,0,0,0,0,0,0,0.02736,0,0,0,0,0,0,0,0,0,0,0,0,0,0,0,0,0,0,0,0,0,0,0,0,0,0,0,0,0,0,0,0,0,0,0,0.86332,0,0,0,0,0,0,0,0,0,0,0,0,0
TMR-3744,,3154,1564,0,0,0,0,0,0,0,0.58909,0,0,0,0,0,0,0,0,0,0,0,0,0,0,0,0,0,0,0,0,0,0,0,0,0,0,0,0,0,0,0,0,0,0,0,0.95844,0,0,0,0,0,0,0,0,0,0,0,0,0
TMR-3745,,9837,3266,0,0,0,0,0,0,0,0.15381,0,0,0,0,0,0,0,0,0,0,0,0,0,0,0,0,0,0,0,0,0,0,0,0,0,0,0,0,0,0,0,0,0,0,0,0.93539,0,0,0,0,0,0,0,0,0,0,0,0,0
TMR-3747,,6368,2489,0,0,0,0,0,0,0,0.31234,0,0,0,0,0,0,0,0,0,0,0,0,0,0,0,0,0,0,0,0,0,0,0,0,0,0,0,0,0,0,0,0,0,0,0,0.66332,0,0,0,0,0,0,0,0,0,0,0,0,0
TMR-3750,,375,3300,0,0,0,0,0,0,0,0.368,0,0,0,0,0,0,0,0,0,0,0,0,0,0,0,0,0,0,0,0,0,0,0,0,0,0,0,0,0.03733,0,0,0,0,0,0,0.56848,0,0,0,0,0,0,0,0,0,0,0,0,0
TMR-3755,,3124,1389,0,0,0,0,0,0,0,0.04449,0,0,0,0,0,0,0,0,0,0,0,0,0,0,0,0,0,0,0,0,0,0,0,0,0,0,0,0,0,0,0,0,0,0,0,0.14399,0,0,0,0,0,0,0,0,0,0,0,0,0
TMR-3758,,2119,2675,0,0,0,0,0,0,0,0.66682,0,0,0,0,0,0,0,0,0,0,0,0,0,0,0,0,0,0,0,0,0,0,0,0,0,0,0,0,0,0,0,0,0,0,0,0.84561,0,0,0,0,0,0,0,0,0,0,0,0,0
TMR-3759,,11,2682,0,0,0,0,0,0,0,0,0,0,0,0,0,0,0,0,0,0,0,0,0,0,0,0,0,0,0,0,0,0,0,0,0,0,0,0,0,0,0,0,0,0,0,0.59508,0,0,0,0,0,0,0,0,0,0,0,0,0
TMR-3762,,1853,2376,0,0,0,0,0,0,0,0.24879,0,0,0,0,0.02644,0,0,0,0,0,0,0,0,0,0,0,0,0,0,0,0,0,0,0,0,0,0,0,0,0,0,0,0,0,0,0.2479,0,0.13047,0,0,0,0,0,0,0,0,0,0,0
TMR-3763,,3107,2200,0,0,0,0,0,0,0,0.01674,0,0,0,0,0,0,0,0,0,0,0.04699,0,0,0,0,0,0,0,0,0,0,0,0,0,0,0,0,0,0,0,0,0,0,0,0,0.08682,0,0,0,0,0,0,0,0,0,0,0,0,0
TMR-3764,,3790,2150,0,0,0,0,0,0,0,0.1781,0,0,0,0,0,0,0,0,0,0,0,0,0,0,0,0,0,0,0,0,0,0,0,0,0,0,0,0,0,0,0,0,0,0,0,0.85442,0,0,0,0,0,0,0,0,0,0,0,0,0
TMR-3765,,5223,2889,0,0,0,0,0,0,0,0.36971,0,0,0,0,0,0,0,0,0,0,0,0,0,0,0,0,0,0,0,0,0,0,0,0,0,0,0,0,0,0,0,0,0,0,0,0.65974,0,0,0,0,0,0,0,0,0,0,0,0,0
TMR-3766,,2936,3331,0,0,0,0,0,0,0,0.02759,0,0,0,0,0,0,0,0,0,0,0,0,0,0,0,0,0,0,0,0,0,0,0,0,0,0,0,0,0,0,0,0,0,0,0,0.01201,0,0,0,0,0,0,0,0,0,0,0,0,0
TMR-3769,,5181,2566,0,0,0,0,0,0,0,0,0,0,0,0,0,0,0,0,0,0,0,0,0,0,0,0,0,0,0,0,0,0,0,0,0,0,0,0,0,0,0,0,0,0,0,0.04871,0,0,0,0,0,0,0,0,0,0,0,0,0
TMR-3775,,14,1837,0,0,0,0,0,0,0,0,0,0,0,0,0,0,0,0,0,0,0,0,0,0,0,0,0,0,0,0,0,0,0,0,0,0,0,0,0,0,0,0,0,0,0,0.72564,0,0,0,0,0,0,0,0,0,0,0,0,0
TMR-3776,,5641,679,0,0,0,0,0,0,0,0,0,0,0,0,0,0,0,0,0,0,0,0,0,0,0,0,0,0,0,0,0,0,0,0,0,0,0,0,0,0,0,0,0,0,0,0.45803,0,0.02356,0,0,0,0,0,0,0,0,0,0,0
TMR-3827,,4713,2494,0,0,0,0,0,0,0,0,0,0,0,0,0,0,0,0,0,0,0,0,0,0,0,0,0,0,0,0,0,0,0,0,0,0,0,0,0,0,0,0,0,0,0,0.7482,0,0,0,0,0,0,0,0,0,0,0,0,0
TMR-3828,,2355,2946,0,0,0,0,0,0,0,0.25223,0,0,0,0,0,0,0,0,0,0,0,0,0,0,0,0,0,0,0,0,0,0,0,0,0,0,0,0,0,0,0,0,0,0,0,0.92498,0,0,0,0,0,0,0,0,0,0,0,0,0
TMR-3836,,4006,2259,0,0,0,0,0,0,0,0.77833,0,0,0,0,0,0,0,0,0,0,0,0,0,0,0,0,0,0,0,0,0,0,0,0,0,0,0,0,0,0,0,0,0,0,0,0.92563,0,0,0,0,0,0,0,0,0,0,0,0,0
TMR-3842,,3399,3321,0,0,0,0,0,0,0,0.73345,0,0,0,0,0,0,0,0,0,0,0,0,0,0,0,0,0,0,0,0,0,0,0,0,0,0,0,0,0,0,0,0,0,0,0,0.97922,0,0,0,0,0,0,0,0,0,0,0,0,0
TMR-3849,,342,3874,0,0,0,0,0,0,0,0,0,0,0,0,0,0,0,0,0,0,0,0,0,0,0,0,0,0,0,0,0,0,0,0,0,0,0,0,0,0,0,0,0,0,0,0.27697,0,0,0,0,0,0,0,0,0,0,0,0,0
TMR-3853,,2905,3514,0,0,0,0,0,0,0,0.11153,0,0,0,0,0.12874,0,0,0,0,0,0,0,0,0,0,0,0.33666,0,0,0,0,0,0,0,0,0,0,0,0,0,0,0,0,0,0,0.12948,0,0.48662,0,0,0,0,0,0,0,0,0,0,0
TMR-3854,,0,5344,0,0,0,0,0,0,0,0,0,0,0,0,0,0,0,0,0,0,0,0,0,0,0,0,0,0,0,0,0,0,0,0,0,0,0,0,0,0,0,0,0,0,0,0.92066,0,0,0,0,0,0,0,0,0,0,0,0,0
TMR-3855,,2101,2684,0,0,0,0,0,0,0,0,0,0,0,0,0,0,0,0,0,0,0,0,0,0,0,0,0,0,0,0,0,0,0,0,0,0,0,0,0,0,0,0,0,0,0,0,0,0,0,0,0,0,0,0,0,0,0,0,0
TMR-3856,,0,4245,0,0,0,0,0,0,0,0,0,0,0,0,0,0,0,0,0,0,0,0,0,0,0,0,0,0,0,0,0,0,0,0,0,0,0,0,0,0,0,0,0,0,0,0.81296,0,0,0,0,0,0,0,0,0,0,0,0,0
TMR-3858,,2033,3985,0,0,0,0,0,0,0,0.13822,0,0,0,0,0,0,0,0,0,0,0,0,0,0,0,0,0,0,0,0,0,0,0,0,0,0,0,0,0,0,0,0,0,0,0,0.84391,0,0.03538,0,0,0,0,0,0,0,0,0,0,0
TMR-3859,,4282,3738,0,0,0,0,0,0,0,0,0,0,0,0,0.23237,0,0,0,0,0,0,0,0,0,0,0,0,0,0,0,0,0,0,0,0,0,0,0,0,0,0,0,0,0,0,0.01124,0,0.87801,0,0,0,0,0,0,0,0,0,0,0
TMR-3860,,4543,1319,0,0,0,0,0,0,0,0.61259,0,0,0,0,0,0,0,0,0,0,0,0,0,0,0,0,0,0,0,0,0,0,0,0,0,0,0,0,0,0,0,0,0,0,0,0.76042,0,0.03563,0,0,0,0,0,0,0,0,0,0,0
TMR-3861,,5153,3520,0,0,0,0,0,0,0,0.72598,0,0,0,0,0,0,0,0,0,0,0,0,0,0,0,0,0,0,0,0,0,0,0,0,0,0,0,0,0,0,0,0,0,0,0,0.94631,0,0,0,0,0,0,0,0,0,0,0,0,0
TMR-3862,,3553,3368,0,0,0,0,0,0,0,0.49085,0,0,0,0,0,0,0,0,0,0,0,0,0,0,0,0,0,0,0,0,0,0,0,0,0,0,0,0,0,0,0,0,0,0,0,0.84709,0,0,0,0,0,0,0,0,0,0,0,0,0
TMR-3863,,2273,5230,0,0,0,0,0,0,0,0.28641,0,0,0,0,0,0,0,0,0,0,0,0,0,0,0,0,0,0,0,0,0,0,0,0,0,0,0,0,0,0,0,0,0,0,0,0.65411,0,0,0,0,0,0,0,0,0,0,0,0,0
TMR-3865,,6044,2700,0,0,0,0,0,0,0,0.87839,0,0,0,0,0,0,0,0,0,0,0,0,0,0,0,0,0,0,0,0,0,0,0,0,0,0,0,0,0,0,0,0,0,0,0,0.57222,0,0,0,0,0,0,0,0,0,0,0,0,0
TMR-3866,,2144,2547,0,0,0,0,0,0,0,0.96642,0,0,0,0,0,0,0,0,0,0,0,0,0,0,0,0,0,0,0,0,0,0,0,0,0,0,0,0,0,0,0,0,0,0,0,0.87829,0,0,0,0,0,0,0,0,0,0,0,0,0
TMR-3867,,4630,3720,0,0,0,0,0,0,0,0.11058,0,0,0,0,0,0,0,0,0,0,0,0,0,0,0,0,0,0,0,0,0,0,0,0,0,0,0,0,0,0,0,0,0,0,0,0.88602,0,0,0,0,0,0,0,0,0,0,0,0,0
TMR-3870,,4775,1964,0,0,0,0,0,0,0,0.75581,0,0,0,0,0,0,0,0,0,0,0,0,0,0,0,0,0,0,0,0,0,0,0,0,0,0,0,0,0,0,0,0,0,0,0,0.92923,0,0,0,0,0,0,0,0,0,0,0,0,0
TMR-3871,,5980,3886,0,0,0,0,0,0,0,0.90251,0,0,0,0,0,0,0,0,0,0,0,0,0,0,0,0,0,0,0,0,0,0,0,0,0,0,0,0,0,0,0,0,0,0,0,0.97041,0,0,0,0,0,0,0,0,0,0,0,0,0
TMR-3879,,1657,3123,0,0,0,0,0,0,0,0,0,0,0,0,0,0,0,0,0,0,0,0,0,0,0,0,0,0,0,0,0,0,0,0,0,0,0,0,0,0,0,0,0,0,0,0,0,0,0,0,0,0,0,0,0,0,0,0,0
TMR-3880,,628,4725,0,0,0,0,0,0,0,0.24522,0,0,0,0,0,0,0,0,0,0,0,0,0,0,0,0,0,0,0,0,0,0,0,0,0,0,0,0,0,0,0,0,0,0,0,0.12127,0,0,0,0,0,0,0,0,0,0,0,0,0
TMR-3881,,6027,1404,0,0,0,0,0,0,0,0.12378,0,0,0,0,0,0,0,0,0,0,0,0,0,0,0,0,0,0,0,0,0,0,0,0,0,0,0,0,0,0,0,0,0,0,0,0.8198,0,0,0,0,0,0,0,0,0,0,0,0,0
TMR-3883,,1879,3696,0,0,0,0,0,0,0,0.43906,0,0,0,0,0,0,0,0,0,0,0,0,0,0,0,0,0.02129,0,0,0,0,0,0,0,0,0,0,0,0,0,0,0,0,0,0,0.94291,0,0,0,0,0,0,0,0,0,0,0,0,0
TMR-3891,,5001,3984,0,0,0,0,0,0,0,0.69886,0.0136,0,0,0,0.15457,0,0,0,0,0,0,0,0,0,0,0,0.04119,0,0,0,0,0,0,0,0,0,0,0,0,0,0,0,0,0,0,0.38881,0,0.40311,0,0,0,0,0,0,0,0,0,0,0
TMR-3892,,1821,2691,0,0,0,0,0,0,0,0.38386,0,0,0,0,0.11587,0,0,0,0,0,0,0,0,0,0,0,0,0,0,0,0,0,0,0,0,0,0,0,0,0,0,0,0,0,0,0.6964,0,0.27945,0,0,0,0,0,0,0,0,0,0,0
TMR-3901,,3272,4378,0,0,0,0,0,0,0,0.125,0,0,0,0,0,0,0,0,0,0,0,0,0,0,0,0,0,0,0,0,0,0,0,0,0,0,0,0,0,0,0,0,0,0,0,0.65235,0,0,0,0,0,0,0,0,0,0,0,0,0
TMR-3902,,1921,2507,0,0,0,0,0,0,0,0,0,0,0,0,0,0,0,0,0,0,0,0,0,0,0,0,0,0,0,0,0,0,0,0,0,0,0,0,0,0,0,0,0,0,0,0.13123,0,0,0,0,0,0,0,0,0,0,0,0,0
TMR-3922,,5363,7029,0,0,0,0,0,0,0,0,0,0,0,0,0,0,0,0,0,0,0,0,0,0,0,0,0.01939,0,0,0,0,0,0,0,0,0,0,0,0,0,0,0,0,0,0,0,0,0,0,0,0,0,0,0,0,0,0,0,0
TMR-3923,,2642,2449,0,0,0,0,0,0,0,0.11885,0,0,0,0,0,0,0,0,0,0,0,0,0,0,0,0,0,0.04996,0,0,0,0,0,0,0,0,0,0,0,0,0,0,0,0,0,0.08412,0,0,0,0,0,0,0,0,0,0,0,0,0
TMR-3926,,3962,2627,0,0,0,0,0,0,0,0.21555,0.01565,0,0,0,0.54165,0,0,0,0,0,0,0,0,0,0,0,0.03458,0,0,0,0,0,0,0,0,0,0,0,0,0,0,0,0,0,0,0.06509,0,0.89113,0,0,0,0,0,0,0,0,0,0,0
TMR-3939,,5424,3434,0,0,0,0,0,0,0,0.53558,0,0,0,0,0,0,0,0,0,0,0,0,0,0,0,0,0.026,0,0,0,0,0,0,0,0,0,0,0,0,0,0,0,0,0,0,0.65143,0,0,0,0,0,0,0,0,0,0,0,0,0
TMR-3940,,3058,3286,0,0,0,0,0,0,0,0.69817,0,0,0,0,0.0121,0,0,0,0,0,0,0,0,0,0,0,0.03401,0,0,0,0,0,0,0,0,0,0,0,0,0,0,0,0,0,0,0.89957,0,0.01795,0,0,0,0,0,0,0,0,0,0,0
TMR-3992,,2228,2387,0,0,0,0,0,0,0,0.21095,0,0,0,0,0,0,0,0,0,0,0,0,0,0,0,0,0,0,0,0,0,0,0,0,0,0,0,0,0,0,0,0,0,0,0,0.62798,0,0,0,0,0,0,0,0,0,0,0,0,0
TMR-2912,,10,4565,0,0,0,0,0,0,0,0,0,0,0,0,0,0,0,0,0,0,0,0,0,0,0,0,0,0,0,0,0,0,0,0,0,0,0,0,0,0,0,0,0.95487,0,0,0,0,0,0,0,0,0,0,0,0,0,0,0,0
TMR-2913,,6674,3989,0,0,0,0,0,0,0,0,0,0,0,0,0,0,0,0,0,0,0,0,0,0,0,0,0,0,0,0,0,0,0,0,0,0,0,0,0,0,0,0,0,0,0,0,0,0,0,0,0,0,0,0,0,0,0,0,0
TMR-2919,,11360,5147,0,0,0,0,0,0,0,0.7,0,0,0,0,0,0,0,0,0,0,0,0,0,0,0,0,0,0,0,0,0,0,0,0,0,0,0,0,0,0,0,0,0,0,0,0.77929,0,0,0,0,0,0,0,0,0,0,0,0,0
TMR-3521,,2866,4882,0,0,0,0,0,0,0,0.38207,0,0,0,0,0,0,0,0,0,0,0,0,0,0,0,0,0,0,0,0,0,0,0,0,0,0,0,0,0,0,0,0,0,0,0,0.89,0,0,0,0,0,0,0,0,0,0,0,0,0
TMR-3666,,1635,3167,0,0,0,0,0,0,0,0,0,0,0,0,0,0,0,0,0,0,0,0,0,0,0,0,0,0,0,0,0,0,0,0,0,0,0,0,0,0,0,0,0,0,0,0.26334,0,0,0,0,0,0,0,0,0,0,0,0,0
TMR-3843,,1509,4140,0,0,0,0,0,0,0,0.0941,0,0,0,0,0,0,0,0,0,0,0,0,0,0,0,0,0,0,0,0,0,0,0,0,0,0,0,0,0,0,0,0,0,0,0,0.85604,0,0,0,0,0,0,0,0,0,0,0,0,0
TMR-2909,,1998,5706,0,0,0,0,0,0,0,0.98398,0,0,0,0,0,0,0,0,0,0,0,0,0,0,0,0,0,0,0,0,0,0,0,0,0,0,0,0,0,0,0,0,0,0,0,0.93428,0,0,0,0,0,0,0,0,0,0,0,0,0
TMR-3054,,5714,2435,0,0,0,0,0,0,0,0,0,0,0,0,0,0,0,0,0,0,0,0,0,0,0,0,0,0,0,0,0,0,0,0,0,0,0,0,0,0,0,0,0,0,0,0.10595,0,0,0,0,0,0,0,0,0,0,0,0,0
TMR-3532,,3940,2802,0,0,0,0,0,0,0,0,0,0,0,0,0,0,0,0,0,0,0,0,0,0,0,0,0,0,0,0,0,0,0,0,0,0,0,0,0,0,0,0,0,0,0,0,0,0,0,0,0,0,0,0,0,0,0,0,0
TMR-2080,,2175,550,0,0,0,0,0,0,0,0,0,0,0,0,0,0,0,0,0,0,0,0,0,0,0,0,0,0,0,0,0,0,0,0,0,0,0,0,0,0,0,0,0,0,0,0,0,0,0,0,0,0,0,0,0,0,0,0,0
TMR-2542,,2986,3178,0,0,0,0,0,0,0,0.03483,0,0,0,0,0,0,0,0,0,0,0,0,0,0,0,0,0.05559,0,0,0,0,0,0,0,0,0,0,0,0,0,0,0,0,0,0,0,0,0,0,0,0,0,0,0,0,0,0,0,0
TMR-2760,,3293,60,0,0,0,0,0,0,0,0,0,0,0,0,0,0,0,0.01154,0,0,0,0,0,0,0,0,0,0,0,0,0,0,0,0,0,0,0,0,0,0,0,0,0.01667,0,0,0.16667,0,0,0,0,0,0,0,0,0,0,0,0,0
TMR-2813,,1888,1464,0,0,0,0,0,0,0,0,0,0,0,0,0,0,0,0,0,0,0,0,0,0,0,0,0,0,0,0,0,0,0,0,0,0,0,0,0,0,0,0,0.97814,0,0,0,0,0,0,0,0,0,0,0,0,0,0,0,0
TMR-2850,,724,1674,0,0,0,0,0,0,0,0,0,0,0,0,0,0,0,0,0,0,0,0,0,0,0,0,0,0,0,0,0,0,0,0,0,0,0,0,0.04834,0,0,0,0,0,0,0,0,0,0,0,0,0,0,0,0,0,0,0,0
TMR-2864,,2487,621,0,0,0,0,0,0,0,0,0,0,0,0,0,0,0,0,0,0,0,0,0,0,0,0,0,0,0,0,0,0,0,0,0,0,0,0,0,0,0,0,0,0,0,0,0.22222,0,0,0,0,0,0,0,0,0,0,0,0
TMR-2920,,5512,5575,0,0,0,0,0,0,0,0,0,0,0,0,0,0,0,0,0,0,0,0,0,0,0,0,0,0,0,0,0,0,0,0,0,0,0,0,0,0,0,0,0,0,0,0,0,0,0,0,0,0,0,0,0,0,0,0,0
TMR-2985,,3286,7509,0,0,0,0,0,0,0,0,0,0,0,0,0,0,0,0,0,0,0,0,0,0,0,0,0,0,0,0,0,0,0,0,0,0,0,0,0,0,0,0,0,0,0,0,0,0,0,0,0,0,0,0,0,0,0,0,0
TMR-2986,,1521,14342,0,0,0,0,0,0,0,0,0,0,0,0,0,0,0,0,0,0,0,0,0,0,0,0,0,0,0,0,0,0,0,0,0,0,0,0,0,0,0,0,0,0,0,0,0,0,0,0,0,0,0,0,0,0,0,0,0
TMR-2987,,422,3464,0,0,0,0,0,0,0,0,0,0,0,0,0,0,0,0,0,0,0,0,0,0,0,0,0,0,0,0,0,0,0,0,0,0,0,0,0.06635,0,0,0,0,0,0,0,0,0,0,0,0,0,0,0,0,0,0,0,0
TMR-2994,,2005,1608,0,0,0,0,0,0,0,0,0,0,0,0,0,0,0,0,0,0,0,0,0,0,0,0,0,0,0,0,0,0,0,0,0,0,0,0,0,0,0,0,0,0,0,0,0,0,0,0,0,0,0,0,0,0,0,0,0
TMR-3012,,7064,1467,0,0,0,0,0,0,0,0,0,0,0,0,0,0,0,0,0,0,0,0,0,0,0,0,0,0,0,0,0,0,0,0,0,0,0,0,0,0,0,0,0,0,0,0,0,0,0,0,0,0,0,0,0,0,0,0,0
TMR-3013,,1522,2589,0,0,0,0,0,0,0,0,0,0,0,0,0,0,0,0,0,0,0,0,0,0,0,0,0,0,0,0,0,0,0,0,0,0,0,0,0,0,0,0,0,0,0,0,0,0,0,0,0,0,0,0,0,0,0,0,0
TMR-3123,,5238,196,0,0,0,0,0,0,0,0,0,0,0,0,0,0,0,0,0,0,0,0,0,0,0,0,0,0,0,0,0,0,0,0,0,0,0,0,0,0,0,0,0,0,0,0,0,0,0,0,0,0,0,0,0,0,0,0,0
TMR-3132,,728,923,0,0,0,0,0,0,0,0,0,0,0,0,0,0,0,0,0,0,0,0,0,0,0,0,0,0,0,0,0,0,0,0,0,0,0,0,0,0,0,0,0,0,0,0,0,0,0,0,0,0,0,0,0,0,0,0,0
TMR-3157,,3772,4710,0,0,0,0,0,0,0,0,0,0,0,0,0,0,0,0,0,0,0,0,0,0,0,0,0,0,0,0,0,0,0,0,0,0,0,0,0,0,0,0,0,0,0,0.64034,0,0,0,0,0,0,0,0,0,0,0,0,0
TMR-3158,,1578,2963,0,0,0,0,0,0,0,0,0,0,0,0,0,0,0,0,0,0,0,0,0,0,0,0,0,0,0,0,0,0,0,0,0,0,0,0,0,0,0,0,0,0,0,0.12049,0,0,0,0,0,0,0,0,0,0,0,0,0
TMR-3200,,1677,9697,0,0,0,0,0,0,0,0,0,0,0,0,0,0,0,0,0,0,0,0,0,0,0,0,0,0,0,0,0,0,0,0,0,0,0,0,0,0,0,0,0,0,0,0,0,0,0,0,0,0,0,0,0,0,0,0,0
TMR-3324,,7628,5287,0,0,0,0,0,0,0,0.01547,0,0,0,0,0,0,0,0,0,0,0,0,0,0,0,0,0,0,0,0,0,0,0,0,0,0,0,0,0,0,0,0,0,0,0,0.89521,0,0,0,0,0,0,0,0,0,0,0,0,0
TMR-3325,,8916,5175,0,0,0,0,0,0,0,0.02849,0,0,0,0,0,0,0,0,0,0,0,0,0,0,0,0,0,0,0,0,0,0,0,0,0,0,0,0,0,0,0,0,0,0,0,0.9142,0,0,0,0,0,0,0,0,0,0,0,0,0
TMR-2041,,2939,5228,0,0,0,0,0,0,0,0,0,0,0,0,0,0,0,0,0,0,0,0,0,0,0,0,0,0,0,0,0,0,0,0,0,0,0,0,0.1293,0,0,0,0.04361,0,0,0,0.82422,0,0,0,0,0,0,0,0,0,0,0,0
TMR-2050,,3348,4502,0,0,0,0,0,0,0,0,0,0,0,0,0,0,0,0,0,0,0,0,0,0,0,0,0,0,0,0,0,0,0,0,0,0,0,0,0,0,0,0,0.62461,0,0,0,0.03332,0,0,0,0,0,0,0,0,0,0,0,0
TMR-2051,,5661,2453,0,0,0,0,0,0,0,0,0,0,0,0,0,0,0,0,0,0,0,0,0,0,0,0,0,0,0,0,0,0,0,0,0,0,0,0,0,0,0,0,0.62332,0,0,0,0,0,0,0,0,0,0,0,0,0,0,0,0
TMR-2052,,2386,1277,0,0,0,0,0,0,0,0,0,0,0,0,0,0,0,0,0,0,0,0,0,0,0,0,0,0,0,0,0,0,0,0,0,0,0,0,0,0,0,0,0.5278,0,0,0,0.34377,0,0,0,0,0,0,0,0,0,0,0,0
TMR-2060,,3128,3880,0,0,0,0,0,0,0,0,0,0,0,0,0,0,0,0,0,0,0,0,0,0,0,0,0,0,0,0,0,0,0,0,0,0,0,0,0,0,0,0,0.07938,0,0,0,0.52938,0,0,0,0,0,0,0,0,0,0,0,0
TMR-2061,,2657,1396,0,0,0,0,0,0,0,0,0,0,0,0,0,0,0,0,0,0,0,0,0,0,0,0,0,0,0,0,0,0,0,0,0,0,0,0,0,0,0,0,0.21848,0,0,0,0,0,0,0,0,0,0,0,0,0,0,0,0
TMR-2068,,1814,16,0,0,0,0,0,0,0,0,0,0,0,0,0,0,0,0,0,0,0,0,0,0,0,0,0,0,0,0,0,0,0,0,0,0,0,0,0,0,0,0,0.3125,0,0,0,0.0625,0,0,0,0,0,0,0,0,0,0,0,0
TMR-2074,,3156,4978,0,0,0,0,0,0,0,0,0,0,0,0,0,0,0,0,0,0,0,0,0,0,0,0,0,0,0,0,0,0,0,0,0,0,0,0,0,0,0,0,0,0,0,0,0,0,0,0,0,0,0,0,0,0,0,0,0
TMR-2075,,2376,2343,0,0,0,0,0,0,0,0,0,0,0,0,0,0,0,0,0,0,0,0,0,0,0,0,0,0,0,0,0,0,0,0,0,0,0,0,0,0,0,0,0,0,0,0,0,0,0,0,0,0,0,0,0,0,0,0,0
TMR-2076,,6113,1513,0,0,0,0,0,0,0,0,0,0,0,0,0,0,0,0,0,0,0,0,0,0,0,0,0,0,0,0,0,0,0,0,0,0,0,0,0,0,0,0,0,0,0,0,0,0,0,0,0,0,0,0,0,0,0,0,0
TMR-2084,,13282,4473,0,0,0,0,0,0,0,0,0,0,0,0,0,0,0,0,0,0,0,0,0,0,0,0,0,0,0,0,0,0,0,0,0,0,0,0,0,0,0,0,0,0,0,0,0,0,0,0,0,0,0,0,0,0,0,0,0
TMR-2089,,3886,4701,0,0,0,0,0,0,0,0,0,0,0,0,0,0,0,0,0,0,0,0,0,0,0,0,0,0,0,0,0,0,0,0,0,0,0,0,0,0,0,0,0,0,0,0,0,0,0,0,0,0,0,0,0,0,0,0,0
TMR-2090,,3115,3249,0,0,0,0,0,0,0,0,0,0,0,0,0,0,0,0,0,0,0,0,0,0,0,0,0,0,0,0,0,0,0,0,0,0,0,0,0,0,0,0,0.03786,0,0,0,0,0,0,0,0,0,0,0,0,0,0,0,0
TMR-2099,,4209,924,0,0,0,0,0,0,0,0,0,0,0,0,0,0,0,0,0,0,0,0,0,0.01924,0,0,0,0,0,0,0,0,0,0,0,0,0,0,0,0,0,0,0,0,0,0,0,0,0,0,0,0,0,0,0,0,0,0,0
TMR-2151,,5807,3811,0,0,0,0,0,0,0,0,0,0,0,0,0,0,0,0,0,0,0,0,0,0,0,0,0,0,0,0,0,0,0,0,0,0,0,0,0.02962,0,0,0,0,0,0,0,0,0,0,0,0,0,0,0,0,0,0,0,0
TMR-2159,,9300,2945,0,0,0,0,0,0,0,0,0,0,0,0,0,0,0,0,0,0,0,0,0,0.06183,0,0,0,0,0,0,0,0,0,0,0,0,0,0,0,0,0,0,0,0,0,0,0,0,0,0,0,0,0,0,0,0,0,0,0
TMR-2166,,9858,4026,0,0,0,0,0,0,0,0,0,0,0,0,0,0,0,0,0,0,0,0,0,0,0,0,0,0,0,0,0,0,0,0,0,0,0,0,0.90221,0,0,0,0,0,0,0,0,0,0,0,0,0,0,0,0,0,0,0,0
TMR-2167,,5742,1319,0,0,0,0,0,0,0,0,0,0,0,0,0,0,0,0,0,0,0,0,0,0.12975,0,0,0,0,0,0,0,0,0,0,0,0,0,0,0.10693,0,0,0,0,0,0,0,0,0,0,0,0,0.01668,0,0,0,0,0.01061,0,0
TMR-2168,,5613,1166,0,0,0,0,0,0,0,0,0,0,0,0,0,0,0,0,0,0,0,0,0,0,0,0,0,0,0,0,0,0,0,0,0,0,0,0,0.89774,0,0,0,0,0,0,0,0,0,0,0,0,0,0,0,0,0,0,0,0
TMR-2174,,9657,4235,0,0,0,0,0,0,0,0,0,0,0,0,0,0,0,0,0,0,0,0,0,0.03707,0,0,0,0,0,0,0,0,0,0,0,0,0,0,0,0,0,0,0,0,0,0,0,0,0,0,0,0,0,0,0,0,0,0,0
TMR-2180,,4380,1887,0,0,0,0,0,0,0,0,0,0,0,0,0,0,0,0,0,0,0,0,0,0,0,0,0,0,0,0,0,0,0,0,0,0,0,0,0,0,0,0,0,0,0,0,0,0,0,0,0,0,0,0,0,0,0,0,0
TMR-2198,,6144,4086,0,0,0,0,0,0,0,0,0,0,0,0,0,0,0,0,0,0,0,0,0,0,0,0,0,0,0,0,0,0,0,0,0,0,0,0,0,0,0,0,0,0,0,0,0,0,0,0,0,0,0,0,0,0,0,0,0
TMR-2199,,11850,4207,0,0,0,0,0,0,0,0,0,0,0,0,0,0,0,0,0,0,0,0,0,0,0,0,0,0,0,0,0,0,0,0,0,0,0,0,0.84869,0,0,0,0,0,0,0,0,0,0,0,0,0,0,0,0,0,0,0,0
TMR-2209,,4120,4062,0,0,0,0,0,0,0,0,0,0,0,0,0,0,0,0,0,0,0,0,0,0,0,0,0,0,0,0,0,0,0,0,0,0,0,0,0,0,0,0,0,0,0,0,0,0,0,0,0,0,0,0,0,0,0,0,0
TMR-2210,,2426,3772,0,0,0,0,0,0,0,0,0,0,0,0,0,0,0,0,0,0,0,0,0,0.09563,0,0,0,0,0,0,0,0,0,0,0,0,0,0,0,0,0,0,0,0,0,0,0,0,0,0,0,0,0,0,0,0,0,0,0
TMR-2214,,4281,4067,0,0,0,0,0,0,0,0,0,0,0,0,0,0,0,0,0,0,0,0,0,0.01588,0,0,0,0,0,0,0,0,0,0,0,0,0,0,0.67391,0,0,0,0,0,0,0,0,0,0,0,0,0,0,0,0,0,0,0,0
TMR-2215,,2040,8632,0,0,0,0,0,0,0,0.01618,0,0.15686,0,0,0,0,0,0,0,0,0,0,0,0,0,0,0,0,0,0,0,0,0,0,0,0,0,0,0,0,0,0,0,0,0,0.01077,0.58214,0,0,0,0,0,0,0,0,0,0,0,0
TMR-2230,,1492,527,0,0,0,0,0,0,0,0,0,0,0,0,0,0,0,0,0,0,0,0,0,0.0945,0,0,0,0,0,0,0,0,0,0,0,0,0,0,0,0,0,0,0,0,0,0,0,0,0,0,0,0,0,0,0,0,0,0,0
TMR-2231,,3999,4066,0,0,0,0,0,0,0,0,0,0.04076,0,0,0,0,0,0,0,0,0,0,0,0.0195,0,0,0,0,0,0,0,0,0,0,0,0,0,0,0,0,0,0,0,0,0,0,0.76193,0,0,0,0,0,0,0,0,0,0,0,0
TMR-2232,,4314,6637,0,0,0,0,0,0,0,0,0,0,0,0,0,0,0,0,0,0,0,0,0,0,0,0,0,0,0,0,0,0,0,0.04543,0,0,0,0,0,0,0,0,0,0,0,0,0.01401,0,0,0,0,0,0,0,0,0,0,0,0
TMR-2237,,3351,5065,0,0,0,0,0,0,0,0,0,0,0,0,0,0,0,0,0,0,0,0,0,0.04178,0,0,0,0,0,0,0,0,0,0,0,0,0,0,0,0,0,0,0,0,0,0,0,0,0,0,0,0,0,0,0,0,0,0,0
TMR-2238,,1281,4118,0,0,0,0,0,0,0,0,0,0,0,0,0,0,0,0,0,0,0,0,0,0.44106,0,0,0,0,0,0,0,0,0,0,0,0,0,0,0.01015,0,0,0,0,0,0,0,0,0,0,0,0,0,0,0,0,0,0,0,0
TMR-2240,,2757,3579,0,0,0,0,0,0,0,0,0,0,0,0,0,0,0,0,0,0,0,0,0,0.22307,0,0,0,0,0,0,0,0,0,0,0,0,0,0,0,0,0,0,0,0,0,0.09556,0,0,0,0,0,0,0,0,0,0,0,0,0
TMR-2246,,3712,1873,0,0,0,0,0,0,0,0,0,0,0,0,0,0,0,0,0,0,0,0,0,0,0,0,0,0,0,0,0,0,0,0,0,0,0,0,0.80657,0,0,0,0,0,0,0,0,0,0,0,0,0,0,0,0,0,0,0,0
TMR-2259,,6606,2299,0,0,0,0,0,0,0,0,0,0,0,0,0,0,0,0,0,0,0,0,0,0,0,0,0,0,0,0,0,0,0,0,0,0,0,0,0,0,0,0,0,0,0,0,0,0,0,0,0,0,0,0,0,0,0,0,0
TMR-2260,,1827,3976,0,0,0,0,0,0,0,0.12644,0,0,0,0,0,0,0,0,0,0,0,0,0,0.01587,0,0,0,0,0,0,0,0,0,0,0,0,0,0,0,0,0,0,0,0,0,0.4746,0,0,0,0,0,0,0,0,0,0,0,0,0
TMR-2298,,166,3228,0,0,0,0,0,0,0,0,0,0,0,0,0,0,0,0,0,0,0,0,0,0,0,0,0,0,0,0,0,0,0,0,0,0,0,0,0,0,0,0,0,0,0,0,0,0,0,0,0,0,0,0,0,0,0,0,0
TMR-2299,,1247,5122,0,0,0,0,0,0,0,0,0,0,0,0,0,0,0,0,0,0,0,0,0,0,0,0,0,0,0,0,0,0,0,0,0,0,0,0,0.03288,0,0,0,0,0,0,0,0,0,0,0,0,0,0,0,0,0,0,0,0
TMR-2300,,5372,12011,0,0,0,0,0,0,0,0,0,0,0,0,0,0,0,0,0,0,0,0,0,0.0497,0,0,0,0,0,0,0,0,0,0,0,0,0,0,0,0,0,0,0,0,0,0,0,0,0,0,0,0,0,0,0,0,0,0,0
TMR-2301,,1403,4933,0,0,0,0,0,0,0,0,0,0,0,0,0,0,0,0,0,0,0,0,0,0,0,0,0,0,0,0,0,0,0,0,0,0,0,0,0,0,0,0,0,0,0,0,0,0,0,0,0,0,0,0,0,0,0,0,0
TMR-2321,,3492,8,0,0,0,0,0,0,0,0,0,0,0,0,0,0,0,0,0,0,0,0,0,0,0,0,0,0,0,0,0,0,0,0,0,0,0,0,0,0,0,0,0,0,0,0.25,0,0,0,0,0,0,0,0,0,0,0,0,0
TMR-2323,,163,2440,0,0,0,0,0,0,0,0,0,0,0,0,0,0,0,0,0,0,0,0,0,0,0,0,0,0,0,0,0,0,0,0,0,0,0,0,0,0,0,0,0,0,0,0,0,0,0,0,0,0,0,0,0,0,0,0,0
TMR-2335,,1182,3412,0,0,0,0,0,0,0,0,0,0,0,0,0,0,0,0,0,0,0,0,0,0,0,0,0,0,0,0,0,0,0,0,0,0,0,0,0,0,0,0,0,0,0,0,0,0,0,0,0,0,0,0,0,0,0,0,0
TMR-2395,,3985,2739,0,0,0,0,0,0,0,0,0,0,0,0,0,0,0,0,0,0,0,0,0,0,0,0,0,0,0,0,0,0,0,0,0,0,0,0,0,0,0,0,0,0,0,0,0,0,0,0,0,0,0,0,0,0,0,0,0
TMR-2409,,6507,3306,0,0,0,0,0,0,0,0,0,0,0,0,0,0,0,0,0,0.95666,0,0,0,0,0,0,0,0,0,0,0,0,0,0,0,0,0,0,0,0,0,0,0,0,0,0,0,0,0,0,0,0,0,0,0,0,0,0,0
TMR-2413,,2887,2956,0,0,0,0,0,0,0,0,0,0,0,0,0,0,0,0,0,0,0,0,0,0.05438,0,0,0,0,0,0,0,0,0,0,0,0,0,0,0,0,0,0,0,0,0,0,0,0,0,0,0,0,0,0,0,0,0,0,0
TMR-2414,,3246,5289,0,0,0,0,0,0,0,0,0,0,0,0,0,0,0,0,0,0,0,0,0,0,0,0,0,0,0,0,0,0,0,0,0,0,0,0,0,0,0,0,0,0,0,0,0,0,0,0,0,0,0,0,0,0,0,0,0
TMR-2415,,7359,4273,0,0,0,0,0,0,0,0,0,0,0,0,0,0,0,0,0,0,0,0,0,0,0,0,0,0,0,0,0,0,0,0,0,0,0,0,0,0,0,0,0,0,0,0,0,0,0,0,0,0,0,0,0,0,0,0,0
TMR-2425,,2758,4332,0,0,0,0,0,0,0,0,0,0,0,0,0,0,0,0,0,0,0,0,0,0,0,0,0,0,0,0,0,0,0,0,0,0,0,0,0,0,0,0,0,0,0,0,0,0,0,0,0,0,0,0,0,0,0,0,0
TMR-2426,,1550,4928,0,0,0,0,0,0,0,0,0,0,0,0,0,0,0,0,0,0,0,0,0,0,0,0,0.03677,0,0,0,0,0,0,0,0,0,0,0,0,0,0,0,0,0,0,0,0,0,0,0,0,0,0,0,0,0,0,0,0
TMR-2433,,4443,899,0,0,0,0,0,0,0,0,0,0,0,0,0,0,0,0,0,0,0,0,0,0,0,0,0,0,0,0,0,0,0,0,0,0,0,0,0.8564,0,0,0,0,0,0,0,0,0,0,0,0,0,0,0,0,0,0,0,0
TMR-2442,,7823,2838,0,0,0,0,0,0,0,0,0,0,0,0,0,0,0,0,0,0,0,0,0,0,0,0,0,0,0,0,0,0,0,0,0,0,0,0,0.37722,0,0,0,0,0,0,0,0,0,0,0,0,0,0,0,0,0,0,0,0
TMR-2463,,3237,807,0,0,0,0,0,0,0,0.02255,0,0,0,0,0,0,0,0,0,0,0,0,0,0,0,0,0,0,0,0,0,0,0,0,0,0,0,0,0,0,0,0,0,0,0,0.05328,0,0,0,0,0,0,0,0,0,0,0,0,0
TMR-2466,,4213,4420,0,0,0,0,0,0,0,0,0,0.02065,0,0,0,0,0,0,0,0,0,0,0,0,0,0,0,0,0,0,0,0,0,0,0,0,0,0,0,0,0,0,0,0,0,0,0.11109,0,0,0,0,0,0,0,0,0,0,0,0
TMR-2473,,3217,1936,0,0,0,0,0,0,0,0,0,0,0,0,0,0,0,0,0,0,0,0,0,0,0,0,0,0,0,0,0,0,0,0,0,0,0,0,0.63569,0,0,0,0,0,0,0,0,0,0,0,0,0,0,0,0,0,0,0,0
TMR-2519,,2412,1359,0,0,0,0,0,0,0,0,0,0,0,0,0,0,0,0,0,0,0,0,0,0,0,0,0,0,0,0,0,0,0,0,0,0,0,0,0,0,0,0,0,0,0,0,0,0,0,0,0,0,0,0,0,0,0,0,0
TMR-2520,,3030,2340,0,0,0,0,0,0,0,0,0,0,0,0,0,0,0,0,0,0,0,0,0,0.06799,0,0,0,0,0,0,0,0,0,0,0,0,0,0,0,0,0,0,0,0,0,0,0,0,0,0,0,0,0,0,0,0,0,0,0
TMR-2531,,5206,1063,0,0,0,0,0,0,0,0,0,0,0,0,0,0,0,0,0,0,0,0,0,0,0,0,0.03381,0,0,0,0,0,0,0,0,0,0,0,0,0,0,0,0,0,0,0,0,0,0,0,0,0,0,0,0,0,0,0,0
TMR-2532,,11370,4676,0,0,0,0,0,0,0,0,0,0,0,0,0,0,0,0,0,0,0,0,0,0,0,0,0,0,0,0,0,0,0,0,0,0,0,0,0.80308,0,0,0,0,0,0,0,0,0,0,0,0,0,0,0,0,0,0,0,0
TMR-2533,,4404,4758,0,0,0,0,0,0,0,0.16394,0,0,0,0,0,0,0,0,0,0,0,0,0,0,0,0,0,0,0,0,0,0,0,0,0,0,0,0,0.06857,0,0,0,0,0,0,0.01093,0,0,0,0,0,0,0,0,0,0,0,0,0
TMR-2534,,2060,99,0,0,0,0,0,0,0,0,0,0,0,0,0,0,0,0,0,0,0,0,0,0,0,0,0,0,0,0,0,0,0,0,0,0,0,0,0,0,0,0,0,0,0,0.0404,0,0,0,0,0,0,0,0,0,0,0,0,0
TMR-2545,,2297,3183,0,0,0,0,0,0,0,0,0,0,0,0,0,0,0,0,0,0,0,0,0,0.05224,0,0,0,0,0,0,0,0,0,0,0,0,0,0,0,0,0,0,0,0,0,0,0,0,0,0,0,0,0,0,0,0,0,0,0
TMR-2546,,5004,2840,0,0,0,0,0,0,0,0,0,0,0,0,0,0,0,0,0,0,0,0,0,0.14009,0,0,0,0,0,0,0,0,0,0,0,0,0,0,0,0,0,0,0,0,0,0,0,0,0,0,0,0,0,0,0,0,0,0,0
TMR-2547,,3966,710,0,0,0,0,0,0,0,0,0,0,0,0,0,0,0,0,0,0,0,0,0,0.11069,0,0,0,0,0,0,0,0,0,0,0,0,0,0,0,0,0,0,0,0,0,0,0,0,0,0,0,0,0,0,0,0,0,0,0
TMR-2561,,6804,69,0,0,0,0,0,0,0,0,0,0,0,0,0,0,0,0,0,0,0,0,0,0,0,0,0,0,0,0,0,0,0,0,0,0,0,0,0,0,0,0,0.11594,0,0,0.07246,0,0.01449,0,0,0,0,0,0,0,0,0,0,0
TMR-2576,,1971,5380,0,0,0,0,0,0,0,0,0,0,0,0,0,0,0,0,0,0,0,0,0,0.05479,0,0,0,0,0,0,0,0,0,0,0,0,0,0,0,0,0,0,0,0,0,0,0,0,0,0,0,0,0,0,0,0,0,0,0
TMR-2580,,2983,3512,0,0,0,0,0,0,0,0,0,0,0,0,0,0,0,0,0,0,0,0,0,0,0,0,0,0,0,0,0,0,0,0,0,0,0,0,0,0,0,0,0,0,0,0,0,0,0,0,0,0,0,0,0,0,0,0,0
TMR-2591,,4557,1606,0,0,0,0,0,0,0,0,0,0,0,0,0,0,0,0,0,0,0,0,0,0.01975,0,0,0,0,0,0,0,0,0.17226,0,0,0,0,0,0.48102,0,0,0,0,0,0,0,0,0,0,0,0,0,0,0,0,0,0,0,0
TMR-2593,,4171,2292,0,0,0,0,0,0,0,0,0,0.01295,0,0,0,0,0,0,0,0,0,0,0,0,0,0,0,0,0,0,0,0,0,0,0,0,0,0,0,0,0,0,0,0,0,0,0,0,0,0,0,0,0,0,0,0,0,0,0
TMR-2594,,4288,722,0,0,0,0,0,0,0,0,0,0,0,0,0,0,0,0,0,0,0,0,0,0,0,0,0,0,0,0,0,0,0,0,0,0,0,0,0.76796,0,0,0,0,0,0,0.01108,0,0,0,0,0,0,0,0,0,0,0,0,0
TMR-2619,,3425,3615,0,0,0,0,0,0,0,0.40993,0,0,0,0,0,0,0,0,0,0,0,0,0,0.39591,0,0,0,0,0,0,0,0,0,0,0,0,0,0,0,0,0,0,0,0,0,0.46224,0,0,0,0,0,0,0,0,0,0,0,0,0
TMR-2627,,6061,2019,0,0,0,0,0,0,0,0.02376,0,0,0,0,0,0,0,0,0,0,0,0,0,0.01006,0,0,0,0,0,0,0,0,0,0,0,0,0,0,0,0,0,0,0,0,0,0.06389,0,0,0,0,0,0,0,0,0,0,0,0,0
TMR-2629,,8202,3281,0,0,0,0,0,0,0,0,0,0,0,0,0,0,0,0,0,0,0,0,0,0.11826,0,0,0,0,0,0,0,0,0,0,0,0,0,0,0,0,0,0,0,0,0,0,0,0,0,0,0,0,0,0,0,0,0,0,0
TMR-2638,,3520,4981,0,0,0,0,0,0,0,0.60966,0,0,0,0,0,0,0,0,0,0,0,0,0,0.02187,0,0,0,0,0,0,0,0,0,0,0,0,0,0,0,0,0,0,0,0,0,0.77615,0,0,0,0,0,0,0,0,0,0,0,0,0
TMR-2639,,2829,3948,0,0,0,0,0,0,0,0,0,0,0,0,0,0,0,0,0,0,0,0,0,0,0,0,0,0,0,0,0,0,0,0,0,0,0,0,0,0,0,0,0,0,0,0,0,0,0,0,0,0,0,0,0,0,0,0,0
TMR-2640,,4751,3724,0,0,0,0,0,0,0,0,0,0,0,0,0,0,0,0,0,0,0,0,0,0,0,0,0,0,0,0,0,0,0,0,0,0,0,0,0,0,0,0,0,0,0,0.04108,0,0,0,0,0,0,0,0,0,0,0,0,0
TMR-2641,,5216,5876,0,0,0,0,0,0,0,0,0,0,0,0,0,0,0,0,0,0,0,0,0,0,0,0,0,0,0,0,0,0,0,0,0,0,0,0,0,0,0,0,0,0,0,0.03778,0,0,0,0,0,0,0,0,0,0,0,0,0
TMR-2648,,2151,4645,0,0,0,0,0,0,0,0,0,0,0,0,0,0,0,0,0,0,0,0,0,0,0,0,0,0,0,0,0,0,0,0,0,0,0,0,0,0,0,0,0,0,0,0,0,0,0,0,0,0,0,0,0,0,0,0,0
TMR-2697,,6753,4142,0,0,0,0,0,0,0,0,0,0,0,0,0,0,0,0,0,0,0,0,0,0,0,0,0,0,0,0,0,0,0,0,0,0,0,0,0,0,0,0,0,0,0,0,0,0,0,0,0,0,0,0,0,0,0,0,0
TMR-2701,,7731,5984,0,0,0,0,0,0,0,0,0,0,0,0,0,0,0,0,0,0,0,0,0,0,0,0,0,0,0,0,0,0,0,0,0,0,0,0,0.74285,0,0,0,0,0,0,0.01922,0,0,0,0,0,0,0,0,0,0,0,0,0
TMR-2702,,3102,1683,0,0,0,0,0,0,0,0.44358,0,0,0,0,0,0,0,0,0,0,0,0,0,0.06093,0,0,0,0,0,0,0,0,0,0,0,0,0,0,0.05577,0,0,0,0,0,0,0.27689,0,0,0,0,0,0,0,0,0,0,0,0,0
TMR-2716,,1649,5030,0,0,0,0,0.01152,0,0,0,0,0,0,0,0,0,0,0,0,0,0,0,0,0,0,0,0,0,0,0,0,0,0,0,0,0,0,0,0,0,0,0,0,0,0,0,0,0,0,0,0,0,0,0,0,0,0,0,0
TMR-2732,,3085,2655,0,0,0,0,0,0,0,0,0,0,0,0,0,0,0,0,0,0,0,0,0,0,0,0,0,0,0,0,0,0,0,0,0,0,0,0,0,0,0,0,0,0,0,0,0,0,0,0,0,0,0,0,0,0,0,0,0
TMR-2735,,3330,5689,0,0,0,0,0,0,0,0,0,0,0,0,0,0,0,0,0,0,0,0,0,0.01171,0,0,0,0,0,0,0,0,0,0,0,0,0,0,0,0,0,0,0,0,0,0,0,0,0,0,0,0,0,0,0,0,0,0,0
TMR-2752,,4163,4930,0,0,0,0,0,0,0,0,0,0,0,0,0,0,0,0,0,0,0,0,0,0,0,0,0,0,0,0,0,0,0,0.25847,0,0,0,0,0,0,0,0,0,0,0,0,0,0,0,0,0,0,0,0,0,0,0,0,0
TMR-2753,,4740,4638,0,0,0,0,0,0,0,0,0,0,0,0,0,0,0,0,0,0,0,0,0,0.55612,0,0,0,0,0,0,0,0,0,0,0,0,0,0,0,0,0,0,0,0,0,0.01897,0,0,0,0,0,0,0,0,0,0,0,0,0
TMR-2775,,1156,3192,0,0,0,0,0,0,0,0,0,0,0,0,0,0,0,0,0,0,0,0,0,0,0,0,0,0,0,0,0,0,0,0,0,0,0,0,0,0,0,0,0,0,0,0,0,0,0,0,0,0,0,0,0,0,0,0,0
TMR-2776,,1795,4296,0,0,0,0,0,0,0,0,0,0,0,0,0,0,0,0,0,0,0,0,0,0,0,0,0,0,0,0,0,0,0,0,0,0,0,0,0,0,0,0,0,0,0,0,0,0,0,0,0,0,0,0,0,0,0,0,0
TMR-2777,,4881,6051,0,0,0,0,0,0,0,0,0,0,0,0,0,0,0,0,0,0,0,0,0,0,0,0,0,0,0,0,0,0,0,0,0,0,0,0,0,0,0,0,0,0,0,0.03388,0,0,0,0,0,0,0,0,0,0,0,0,0
TMR-2783,,7392,814,0,0,0,0,0,0,0,0,0,0,0,0,0,0,0,0,0,0,0,0,0,0,0,0,0,0,0,0,0,0,0,0,0,0,0,0,0,0,0,0,0,0,0,0,0,0,0,0,0,0,0,0,0,0,0,0,0
TMR-2785,,2820,2464,0,0,0,0,0,0,0,0,0,0,0,0,0,0,0,0,0,0,0,0,0,0,0,0,0,0,0,0,0,0,0,0,0,0,0,0,0,0,0,0,0,0,0,0,0,0,0,0,0,0,0,0,0,0,0,0,0
TMR-2786,,1334,3147,0,0,0,0,0,0,0,0,0,0,0,0,0,0,0,0,0,0,0,0,0,0,0,0,0,0,0,0,0,0,0,0,0,0,0,0,0.01124,0,0,0,0,0,0,0,0,0,0,0,0,0,0,0,0,0,0,0,0
TMR-2797,,8894,10707,0,0,0,0,0,0,0,0,0,0,0,0,0,0,0,0,0,0,0,0,0,0,0,0,0,0,0,0,0,0,0,0,0,0,0,0,0,0,0,0,0,0,0,0,0,0,0,0,0,0,0,0,0,0,0,0,0
TMR-2803,,1086,4315,0,0,0,0,0,0,0,0,0,0,0,0,0,0,0,0,0,0,0,0,0,0,0,0,0,0,0,0,0,0,0,0,0,0,0,0,0,0,0,0,0,0,0,0,0,0,0,0,0,0,0,0,0,0,0,0,0
TMR-2804,,1634,3313,0,0,0,0,0,0,0,0,0,0,0,0,0,0,0,0,0,0,0,0,0,0,0,0,0,0,0,0,0,0,0,0,0,0,0,0,0,0,0,0,0,0,0,0,0,0,0,0,0,0,0,0,0,0,0,0,0
TMR-2805,,3848,2033,0,0,0,0,0,0,0,0,0,0,0,0,0,0,0,0,0,0,0,0,0,0,0,0,0,0,0,0,0,0,0.22427,0,0,0,0,0,0,0,0,0,0,0,0,0,0,0,0,0,0,0,0,0,0,0,0,0,0
TMR-2806,,473,2738,0,0,0,0,0,0,0,0,0,0,0,0,0,0,0,0,0,0,0,0,0,0,0,0,0,0,0,0,0,0,0,0,0,0,0,0,0,0,0,0,0,0,0,0,0,0,0,0,0,0,0,0,0,0,0,0,0
TMR-2808,,213,2846,0,0,0,0,0,0,0,0,0,0,0,0,0,0,0,0,0,0,0,0,0,0,0,0,0,0,0,0,0,0,0,0,0,0,0,0,0,0,0,0,0,0,0,0,0,0,0,0,0,0,0,0,0,0,0,0,0
TMR-2815,,613,3916,0,0,0,0,0,0,0,0,0,0,0,0,0,0,0,0,0,0,0,0,0,0,0,0,0,0,0,0,0,0,0.09135,0,0,0,0,0,0,0,0,0,0,0,0,0,0,0,0,0,0,0,0,0,0,0,0,0,0
TMR-2816,,2095,1572,0,0,0,0,0,0,0,0,0,0,0,0,0,0,0,0,0,0,0,0,0,0,0,0,0,0,0,0,0,0,0.97088,0,0,0,0,0,0,0,0,0,0,0,0,0,0,0,0,0,0,0,0,0,0,0,0,0,0.23728
TMR-2818,,948,4737,0,0,0,0,0,0,0,0,0,0,0,0,0,0,0,0,0,0,0,0,0,0.11392,0,0,0,0,0,0,0,0,0,0,0,0,0,0,0,0,0,0,0,0,0,0,0,0,0,0,0,0,0,0,0,0,0,0,0
TMR-2823,,2160,4900,0,0,0,0,0,0,0,0,0,0,0,0,0,0,0,0,0,0,0,0,0,0,0,0,0,0,0,0,0,0,0,0,0,0,0,0,0,0,0,0,0,0,0,0,0,0,0,0,0,0,0,0,0,0,0,0,0
TMR-2825,,3822,5714,0,0,0,0,0,0,0,0,0,0,0,0,0,0,0,0,0,0,0,0,0,0,0,0,0,0,0,0,0,0,0,0,0,0,0,0,0.37023,0,0,0,0,0,0,0,0,0,0,0,0,0,0,0,0,0,0,0,0
TMR-2833,,11576,7581,0,0,0,0,0,0,0,0,0,0,0,0,0,0,0,0,0,0,0,0,0,0,0,0,0,0,0,0,0,0,0,0,0,0,0,0,0.9816,0,0,0,0,0,0,0,0,0,0,0,0,0,0,0,0,0,0,0,0
TMR-2834,,963,520,0,0,0,0,0,0,0,0,0,0,0,0,0,0,0,0,0,0,0,0,0,0,0,0,0,0,0,0,0,0,0,0,0,0,0,0,0,0,0,0,0,0,0,0,0,0,0,0,0,0,0,0,0,0,0,0,0
TMR-2835,,5599,5841,0,0,0,0,0,0,0,0.18932,0,0,0,0,0,0,0,0,0,0,0,0,0,0,0,0,0,0,0,0,0,0,0.08001,0,0,0,0,0,0.54545,0,0,0,0,0,0,0.96816,0,0,0,0,0,0,0,0,0,0,0,0,0
TMR-2842,,5953,3807,0,0,0,0,0,0,0,0,0,0,0,0,0,0,0,0,0,0,0,0,0,0.8898,0,0,0,0,0,0,0,0,0,0,0,0,0,0,0,0,0,0,0,0,0,0,0,0,0,0,0,0,0,0,0,0,0,0,0
TMR-2843,,3128,4420,0,0,0,0,0,0,0,0,0,0,0,0,0,0,0,0,0,0,0,0,0,0,0,0,0,0,0,0,0,0,0,0,0,0,0,0,0.40281,0,0,0,0,0,0,0,0,0,0,0,0,0,0,0,0,0,0,0,0
TMR-2853,,3929,3975,0,0,0,0,0,0,0,0.96335,0,0,0,0,0,0,0,0,0,0,0,0,0,0,0,0,0,0,0,0,0,0,0,0,0,0,0,0,0,0,0,0,0,0,0,0.98918,0,0,0,0,0,0,0,0,0,0,0,0,0
TMR-2858,,4426,2204,0,0,0,0,0,0,0,0,0,0,0,0,0,0,0,0,0,0,0,0,0,0,0,0,0,0,0,0,0,0,0.43651,0,0,0,0,0,0,0,0,0,0,0,0,0,0,0,0,0,0,0,0,0,0,0,0,0,0
TMR-2865,,6957,7868,0,0,0,0,0,0,0,0.08926,0,0,0,0,0,0,0,0,0,0,0,0,0,0,0,0,0,0,0,0,0,0,0,0,0,0,0,0,0,0,0,0,0,0,0,0.14044,0,0,0,0,0,0,0,0,0,0,0,0,0
TMR-2955,,666,5100,0,0,0,0,0,0,0,0,0,0,0,0,0,0,0,0,0,0,0,0,0,0,0,0,0,0,0,0,0,0,0,0,0,0,0,0,0.48348,0,0,0,0,0,0,0,0,0,0,0,0,0,0,0,0,0,0,0,0
TMR-2956,,1054,4650,0,0,0,0,0,0,0,0,0,0,0,0,0,0,0,0,0,0,0,0,0,0,0,0,0,0,0,0,0,0,0,0,0,0,0,0,0,0,0,0,0,0,0,0,0,0,0,0,0,0,0,0,0,0,0,0,0
TMR-2957,,5533,2747,0,0,0,0,0,0,0,0,0,0,0,0,0,0,0,0,0,0,0,0,0,0,0,0,0,0,0,0,0,0,0,0,0,0,0,0,0.45617,0,0,0,0,0,0,0,0,0,0,0,0,0,0,0,0,0,0,0,0
TMR-2964,,2851,3322,0,0,0,0,0,0,0,0,0,0,0,0,0,0,0,0,0,0,0,0,0,0,0,0,0,0,0,0,0,0,0,0,0,0,0,0,0,0,0,0,0,0,0,0,0,0,0,0,0,0,0,0,0,0,0,0,0
TMR-2966,,2775,2377,0,0,0,0,0,0,0,0,0,0,0,0,0,0,0,0,0,0,0,0,0,0,0,0,0,0,0,0,0,0,0,0,0,0,0,0,0,0,0,0,0,0,0,0,0,0,0,0,0,0,0,0,0,0,0,0,0
TMR-2967,,5677,2258,0,0,0,0,0,0,0,0,0,0,0,0,0,0,0,0,0,0,0,0,0,0,0,0,0,0,0,0,0,0,0,0,0,0,0,0,0,0,0,0,0,0,0,0,0,0,0,0,0,0,0,0,0,0,0,0,0
TMR-2968,,278,6589,0,0,0,0,0,0,0,0,0,0,0,0,0,0,0,0,0,0,0,0,0,0,0,0,0,0,0,0,0,0,0,0,0,0,0,0,0,0,0,0,0,0,0,0,0,0,0,0,0,0,0,0,0,0,0,0,0
TMR-2969,,26,7298,0,0,0,0,0,0,0,0,0,0,0,0,0,0,0,0,0,0,0,0,0,0,0,0,0,0,0,0,0,0,0,0,0,0,0,0,0.23077,0,0,0,0,0,0,0,0,0,0,0,0,0,0,0,0,0,0,0,0
TMR-2970,,5164,7107,0,0,0,0,0,0,0,0.91654,0,0,0,0,0,0,0,0,0,0,0,0,0,0,0,0,0,0,0,0,0,0,0,0,0,0,0,0,0,0,0,0,0,0,0,0.88856,0,0,0,0,0,0,0,0,0,0,0,0,0
TMR-2973,,4511,4940,0,0,0,0,0,0,0,0,0,0,0,0,0,0,0,0,0,0,0,0,0,0,0,0,0,0,0,0,0,0,0,0,0,0,0,0,0,0,0,0,0,0,0,0,0,0,0,0,0,0,0,0,0,0,0,0,0
TMR-2983,,516,1888,0,0,0,0,0,0,0,0,0,0,0,0,0,0,0,0,0,0,0,0,0,0,0,0,0,0,0,0,0,0,0,0,0,0,0,0,0,0,0,0,0,0,0,0,0,0,0,0,0,0,0,0,0,0,0,0,0
TMR-2988,,7957,5573,0,0,0,0,0,0,0,0.74262,0,0,0,0,0,0,0,0,0,0,0,0,0,0,0,0,0,0,0,0,0,0,0,0,0,0,0,0,0,0,0,0,0,0,0,0.8089,0,0,0,0,0,0,0,0,0,0,0,0,0
TMR-2995,,3699,2007,0,0,0,0,0,0,0,0,0,0,0,0,0,0,0,0,0,0,0,0,0,0,0,0,0,0,0,0,0,0,0,0,0,0,0,0,0,0,0,0,0,0,0,0,0,0,0,0,0,0,0,0,0,0,0,0,0
TMR-2996,,2155,1640,0,0,0,0,0,0,0,0.09513,0,0,0,0,0,0,0,0,0,0,0,0,0,0,0,0,0,0,0,0,0,0,0,0,0,0,0,0,0,0,0,0,0,0,0,0.06585,0,0,0,0,0,0,0,0,0,0,0,0,0
TMR-2997,,12829,2338,0,0,0,0,0,0,0,0,0,0,0,0,0,0,0,0,0,0,0,0,0,0,0,0,0,0,0,0,0,0,0,0,0,0,0,0,0,0,0,0,0,0,0,0,0,0,0,0,0,0,0,0,0,0,0,0,0
TMR-2998,,975,1071,0,0,0,0,0,0,0,0,0,0,0,0,0,0,0,0,0,0,0,0,0,0,0,0,0,0,0,0,0,0,0,0,0,0,0,0,0,0,0,0,0,0,0,0,0,0,0,0,0,0,0,0,0,0,0,0,0
TMR-2999,,2200,1070,0,0,0,0,0,0,0,0.12773,0,0,0,0,0,0,0,0,0,0,0,0,0,0,0,0,0,0,0,0,0,0,0,0,0,0,0,0,0,0,0,0,0,0,0,0.06262,0,0,0,0,0,0,0,0,0,0,0,0,0
TMR-3003,,1155,510,0,0,0,0,0,0,0,0,0,0,0,0,0,0,0,0,0,0,0,0,0,0,0,0,0,0,0,0,0,0,0,0,0,0,0,0,0,0,0,0,0,0,0,0,0,0,0,0,0,0,0,0,0,0,0,0,0
TMR-3004,,12897,5710,0,0,0,0,0,0,0,0,0,0,0,0,0,0,0,0,0,0,0,0,0,0.11289,0,0,0,0,0,0,0,0,0,0,0,0,0,0,0.54183,0,0,0,0,0,0,0,0,0,0,0,0,0,0,0,0,0,0,0,0
TMR-3007,,12913,1513,0,0,0,0,0,0,0,0,0,0,0,0,0,0,0,0,0,0,0,0,0,0,0,0,0,0,0,0,0,0,0,0,0,0,0,0,0,0,0,0,0,0,0,0,0,0,0,0,0,0,0,0,0,0,0,0,0
TMR-3008,,13066,68,0,0,0,0,0,0,0,0,0,0,0,0,0,0,0,0,0,0,0,0,0,0,0,0,0,0,0,0,0,0,0,0,0,0,0,0,0.86545,0,0,0,0,0,0,0,0,0,0,0,0,0,0,0,0,0,0,0,0
TMR-3009,,1761,3974,0,0,0,0,0,0,0,0,0,0,0,0,0,0,0,0,0,0,0,0,0,0,0,0,0,0,0,0,0,0,0,0,0,0,0,0,0,0,0,0,0,0,0,0,0,0,0,0,0,0,0,0,0,0,0,0,0
TMR-3014,,8420,4889,0,0,0,0,0,0,0,0,0,0,0,0,0,0,0,0,0,0,0,0,0,0,0,0,0,0,0,0,0,0,0,0,0,0,0,0,0.78171,0,0,0,0,0,0,0,0,0,0,0,0,0,0,0,0,0,0,0,0
TMR-3015,,2871,626,0,0,0,0,0,0,0,0,0,0,0,0,0,0,0,0,0,0,0,0,0,0,0,0,0,0,0,0,0,0,0,0,0,0,0,0,0,0,0,0,0,0,0,0,0,0,0,0,0,0,0,0,0,0,0,0,0
TMR-3028,,7710,2630,0,0,0,0,0,0,0,0,0,0,0,0,0,0,0,0,0,0,0,0,0,0,0,0,0,0,0,0,0,0,0,0,0,0,0,0,0,0,0,0,0,0,0,0,0,0,0,0,0,0,0,0,0,0,0,0,0
TMR-3078,,2355,1266,0,0,0,0,0,0,0,0,0,0,0,0,0,0,0,0,0,0,0,0,0,0,0,0,0,0,0,0,0,0,0,0,0,0,0,0,0,0,0,0,0,0,0,0,0,0,0,0,0,0,0,0,0,0,0,0,0
TMR-3082,,10165,2286,0,0,0,0,0,0,0,0,0,0,0,0,0,0,0,0,0,0,0,0,0,0,0,0,0,0,0,0,0,0,0,0,0,0,0,0,0,0,0,0,0,0,0,0,0,0,0,0,0,0,0,0,0,0,0,0,0
TMR-3083,,6665,7452,0,0,0,0,0,0,0,0,0,0,0,0,0,0,0,0,0,0,0,0,0,0,0,0,0,0,0,0,0,0,0,0,0,0,0,0,0,0,0,0,0,0,0,0,0,0,0,0,0,0,0,0,0,0,0,0,0
TMR-3084,,796,1049,0,0,0,0,0,0,0,0,0,0,0,0,0,0,0,0,0,0,0,0,0,0,0,0,0,0,0,0,0,0,0,0,0,0,0,0,0,0,0,0,0,0,0,0,0,0,0,0,0,0,0,0,0,0,0,0,0
TMR-3088,,6207,2806,0,0,0,0,0,0,0,0,0,0,0,0,0,0,0,0,0,0,0,0,0,0,0,0,0,0,0,0,0,0,0.38054,0,0,0,0,0,0,0,0,0,0,0,0,0,0,0,0,0,0,0,0,0,0,0,0,0,0
TMR-3089,,2241,4197,0,0,0,0,0,0,0,0,0,0,0,0,0,0,0,0,0,0,0,0,0,0.06917,0,0,0,0,0,0,0,0,0,0.66756,0,0,0,0,0,0,0,0,0,0,0,0,0,0,0,0,0,0,0,0,0,0,0,0,0
TMR-3090,,634,4178,0,0,0,0,0,0,0,0,0,0,0,0,0,0,0,0,0,0,0,0,0,0,0,0,0,0,0,0,0,0,0.0142,0,0,0,0,0,0,0,0,0,0,0,0,0,0,0,0,0,0,0,0,0,0,0,0,0,0
TMR-3091,,8607,5250,0,0,0,0,0,0,0,0,0,0,0,0,0,0,0,0,0,0,0,0,0,0,0,0,0,0,0,0,0,0,0,0,0,0,0,0,0,0,0,0,0,0,0,0,0,0,0,0,0,0,0,0,0,0,0,0,0
TMR-3092,,4125,1408,0,0,0,0,0,0,0,0,0,0,0,0,0,0,0,0,0,0,0,0,0,0,0,0,0,0,0,0,0,0,0,0,0,0,0,0,0,0,0,0,0,0,0,0,0,0,0,0,0,0,0,0,0,0,0,0,0
TMR-3093,,2009,3128,0,0,0,0,0,0,0,0,0,0,0,0,0,0,0,0,0,0,0,0,0,0.27476,0,0,0,0,0,0,0,0,0,0,0,0,0,0,0,0,0,0,0,0,0,0,0,0,0,0,0,0,0,0,0,0,0,0,0
TMR-3095,,775,956,0,0,0,0,0,0,0,0,0,0,0,0,0,0,0,0,0,0,0,0,0,0,0,0,0,0,0,0,0,0,0,0,0,0,0,0,0,0,0,0,0,0,0,0,0,0,0,0,0,0,0,0,0,0,0,0,0
TMR-3096,,3593,702,0,0,0,0,0,0,0,0.10353,0,0,0,0,0,0,0,0,0,0,0,0,0,0,0,0,0,0,0,0,0,0,0.20262,0,0,0,0,0,0,0,0,0,0,0,0,0.01425,0,0,0,0,0,0,0,0,0,0,0,0,0
TMR-3097,,11062,589,0,0,0,0,0,0,0,0,0,0,0,0,0,0,0,0,0,0,0,0,0,0,0,0,0,0,0,0,0,0,0,0,0,0,0,0,0,0,0,0,0,0,0,0,0,0,0,0,0,0,0,0,0,0,0,0,0
TMR-3103,,10486,2853,0,0,0,0,0,0,0,0,0,0,0,0,0,0,0,0,0,0,0,0,0,0,0,0,0,0,0,0,0,0,0.63561,0,0,0,0,0,0,0,0,0,0,0,0,0,0,0,0,0,0,0,0,0,0,0,0,0,0
TMR-3106,,1598,450,0,0,0,0,0,0,0,0,0,0,0,0,0,0,0,0,0,0,0,0,0,0.05695,0,0,0,0,0,0,0,0,0,0,0,0,0,0,0,0,0,0,0,0,0,0,0,0,0,0,0,0,0,0,0,0,0,0,0
TMR-3109,,3273,98,0,0,0,0,0,0,0,0,0,0,0,0,0,0,0,0,0,0,0,0,0,0,0,0,0,0,0,0,0,0,0,0,0,0,0,0,0.80477,0,0,0,0,0,0,0,0,0,0,0,0,0,0,0,0,0,0,0,0
TMR-3113,,2373,1449,0,0,0,0,0,0,0,0,0,0,0,0,0,0,0,0,0,0,0,0,0,0,0,0,0,0,0,0,0,0,0,0,0,0,0,0,0,0,0,0,0,0,0,0,0,0,0,0,0,0,0,0,0,0,0,0,0
TMR-3126,,5414,796,0,0,0,0,0,0,0,0,0,0,0,0,0,0,0,0,0,0,0,0,0,0,0,0,0,0,0,0,0,0,0,0,0,0,0,0,0,0,0,0,0,0,0,0,0,0,0,0,0,0,0,0,0,0,0,0,0
TMR-3135,,3726,345,0,0,0,0,0,0,0,0,0,0,0,0,0,0,0,0,0,0,0,0,0,0.04616,0,0,0,0,0,0,0,0,0,0,0,0,0,0,0,0,0,0,0,0,0,0,0,0,0,0,0,0,0,0,0,0,0,0,0
TMR-3142,,4653,2944,0,0,0,0,0,0,0,0,0,0,0,0,0,0,0,0,0,0,0,0,0,0,0,0,0,0,0,0,0,0,0,0,0,0,0,0,0,0,0,0,0,0,0,0,0,0,0,0,0,0,0,0,0,0,0,0,0
TMR-3161,,8827,15701,0,0,0,0,0,0,0,0,0,0,0,0,0,0,0,0,0,0,0,0,0,0.08893,0,0,0,0,0,0,0,0,0,0,0,0,0,0,0,0,0,0,0,0,0,0.01306,0,0,0,0,0,0,0,0,0,0,0,0,0
TMR-3162,,4471,13980,0,0,0,0,0,0,0,0,0,0,0,0,0,0,0,0,0,0,0,0,0,0.17804,0,0,0,0,0,0,0,0,0,0,0,0,0,0,0,0,0,0,0,0,0,0,0,0,0,0,0,0,0,0,0,0,0,0,0
TMR-3164,,3591,13281,0,0,0,0,0,0,0,0,0,0,0,0,0,0,0,0,0,0,0,0,0,0.30298,0,0,0,0,0,0,0,0,0,0,0,0,0,0,0,0,0,0,0,0,0,0,0,0,0,0,0,0,0,0,0,0,0,0,0
TMR-3165,,8259,8759,0,0,0,0,0,0,0,0,0,0,0,0,0,0,0,0,0,0,0,0,0,0.32098,0,0,0,0,0,0,0,0,0,0,0,0,0,0,0.6054,0,0,0,0,0,0,0.39856,0,0,0,0,0,0,0,0,0,0,0,0,0
TMR-3167,,6414,9028,0,0,0,0,0,0,0,0,0,0,0,0,0,0,0,0,0,0,0,0,0,0.74041,0,0,0,0,0,0,0,0,0,0,0,0,0,0,0,0,0,0,0,0,0,0.12716,0,0,0,0,0,0,0,0,0,0,0,0,0
TMR-3168,,4269,3557,0,0,0,0,0,0,0,0.11947,0,0,0,0,0,0,0,0,0,0,0,0,0,0.4952,0,0,0,0,0,0,0,0,0,0,0,0,0,0,0,0,0,0,0,0,0,0.21957,0,0,0,0,0,0,0,0,0,0,0,0,0
TMR-3169,,15100,972,0,0,0,0,0,0,0,0,0,0,0,0,0,0,0,0,0,0,0,0,0,0.88854,0,0,0,0,0,0,0,0,0,0,0,0,0,0,0,0,0,0,0,0,0,0.05556,0,0,0,0,0,0,0,0,0,0,0,0,0
TMR-3170,,15649,11910,0,0,0,0,0,0,0,0,0,0,0,0,0,0,0,0,0,0,0,0,0,0,0,0,0,0,0,0,0,0,0,0,0,0,0,0,0.92901,0,0,0,0,0,0,0,0,0,0,0,0,0,0,0,0,0,0,0,0
TMR-3171,,7595,12079,0,0,0,0,0,0,0,0,0,0,0,0,0,0,0,0,0,0,0,0,0,0.28203,0,0,0,0,0,0,0,0,0,0,0,0,0,0,0,0,0,0,0,0,0,0,0,0,0,0,0,0,0,0,0,0,0,0,0
TMR-3188,,7030,5511,0,0,0,0,0,0,0,0,0,0,0,0,0,0,0,0,0,0,0,0,0,0.90384,0,0,0,0,0,0,0,0,0,0,0,0,0,0,0,0,0,0,0,0,0,0,0,0,0,0,0,0.16258,0,0,0,0,0,0,0
TMR-3190,,10225,15977,0,0,0,0,0,0,0,0,0,0,0,0,0,0,0,0,0,0,0,0,0,0.72509,0,0,0,0,0,0,0,0,0,0,0,0,0,0,0,0,0,0,0,0,0,0,0,0,0,0,0,0,0,0,0,0,0,0,0
TMR-3191,,5828,4501,0,0,0,0,0,0,0,0,0,0,0,0,0,0,0,0,0,0,0,0,0,0.35329,0,0,0,0,0,0,0,0,0,0,0,0,0,0,0,0,0,0,0,0,0,0,0,0,0,0,0,0,0,0,0,0,0,0,0
TMR-3193,,10016,6057,0,0,0,0,0,0,0,0.41434,0,0,0,0,0,0,0,0,0,0,0,0,0,0.29533,0,0,0,0,0,0,0,0,0,0,0,0,0,0,0,0,0,0,0,0,0,0.47878,0,0,0,0,0,0,0,0,0,0,0,0,0
TMR-3194,,2268,20795,0,0,0,0,0,0,0,0,0,0,0,0,0,0,0,0,0,0,0,0,0,0.9903,0,0,0,0,0,0,0,0,0,0,0,0,0,0,0,0,0,0,0,0,0,0.11445,0,0,0,0,0,0,0,0,0,0,0,0,0
TMR-3195,,1767,6493,0,0,0,0,0,0,0,0,0,0,0,0,0,0,0,0,0,0,0,0,0,0.90153,0,0,0,0,0,0,0,0,0,0,0,0,0,0,0,0,0,0,0,0,0,0,0,0,0,0,0,0,0,0,0,0,0,0,0
TMR-3196,,4776,358,0,0,0,0,0,0,0,0,0,0,0,0,0,0,0,0,0,0,0,0,0,0,0,0,0,0,0,0,0,0,0,0,0,0,0,0,0.97508,0,0,0,0,0,0,0,0,0,0,0,0,0,0,0,0,0,0,0,0
TMR-3197,,5767,2883,0,0,0,0,0,0,0,0,0,0,0,0,0,0,0,0,0,0,0,0,0,0.06936,0,0,0,0,0,0,0,0,0,0,0,0,0,0,0.92128,0,0,0,0,0,0,0.02151,0,0,0,0,0,0,0,0,0,0,0,0,0
TMR-3198,,972,842,0,0,0,0,0,0,0,0,0,0,0,0,0,0,0,0,0,0,0,0,0,0,0,0,0,0,0,0,0,0,0,0,0,0,0,0,1,0,0,0,0,0,0,0,0,0,0,0,0,0,0,0,0,0,0,0,0
TMR-3199,,1151,175,0,0,0,0,0,0,0,0,0,0,0,0,0,0,0,0,0,0,0,0,0,1,0,0,0,0,0,0,0,0,0,0,0,0,0,0,0,0,0,0,0,0,0,0,0,0,0,0,0,0,0,0,0,0,0,0,0
TMR-3201,,3382,8405,0,0,0,0,0,0,0,0,0,0,0,0,0,0,0,0,0,0,0,0,0,0.09018,0,0,0,0,0,0,0,0,0,0,0,0,0,0,0,0,0,0,0,0,0,0.04711,0,0,0,0,0,0,0,0,0,0,0,0,0
TMR-3202,,12944,11028,0,0,0,0,0,0,0,0,0,0,0,0,0,0,0,0,0,0,0,0,0,0.43665,0,0,0,0,0,0,0,0,0,0,0,0,0,0,0.50672,0,0,0,0,0,0,0.13148,0,0,0,0,0,0,0,0,0,0,0,0,0
TMR-3203,,5155,6793,0,0,0,0,0,0,0,0,0,0,0,0,0,0,0,0,0,0,0,0,0,0,0,0,0,0,0,0,0,0,0.16198,0,0,0,0,0,0.80757,0,0,0,0,0,0,0,0,0,0,0,0,0,0,0,0,0,0,0,0
TMR-3204,,2866,7847,0,0,0,0,0,0,0,0,0,0,0,0,0,0,0,0,0,0,0,0,0,0.46964,0,0,0,0,0,0,0,0,0,0,0,0,0,0,0,0,0,0,0,0,0,0.74755,0,0,0,0,0,0,0,0,0,0,0,0,0
TMR-3205,,10261,13880,0,0,0,0,0,0,0,0,0,0,0,0,0,0,0,0,0,0,0,0,0,0,0,0,0,0,0,0,0,0,0,0,0,0,0,0,0.90332,0,0,0,0,0,0,0.02695,0,0,0,0,0,0,0,0,0,0,0,0,0
TMR-3206,,5964,13700,0,0,0,0,0,0,0,0,0,0,0,0,0,0,0,0,0,0,0,0,0,0.24698,0,0,0,0,0,0,0,0,0,0,0,0,0,0,0.43981,0,0,0,0,0,0,0,0,0,0,0,0,0,0,0,0,0,0,0,0
TMR-3208,,7296,6249,0,0,0,0,0,0,0,0,0,0,0,0,0,0,0,0,0,0,0,0,0,0.98876,0,0,0,0,0,0,0,0,0,0,0,0,0,0,0,0,0,0,0,0,0,0.94399,0,0,0,0,0,0,0,0,0,0,0,0,0
TMR-3209,,1189,11760,0,0,0,0,0,0,0,0,0,0,0,0,0,0,0,0,0,0,0,0,0,0.29016,0,0,0.16653,0,0,0,0,0,0,0,0,0,0,0,0,0,0,0,0,0,0,0,0,0,0,0,0,0,0,0,0,0,0,0,0
TMR-3210,,13515,15220,0,0,0,0,0,0,0,0,0,0,0,0,0,0,0,0,0,0,0,0,0,0.48983,0,0,0,0,0,0,0,0,0,0,0,0,0,0,0,0,0,0,0,0,0,0,0,0,0,0,0,0,0,0,0,0,0,0,0
TMR-3212,,16025,11138,0,0,0,0,0,0,0,0,0,0,0,0,0,0,0,0,0,0,0,0,0,0.20524,0,0,0,0,0,0,0,0,0,0,0,0,0,0,0.70827,0,0,0,0,0,0,0.02236,0,0,0,0,0,0,0,0,0,0,0,0,0
TMR-3221,,935,12606,0,0,0,0,0,0,0,0.28984,0,0,0,0,0,0,0,0,0,0,0,0,0,0.43316,0,0,0,0,0,0,0,0,0,0,0,0,0,0,0,0,0,0,0,0,0,0.92583,0,0,0,0,0,0,0,0,0,0,0,0,0
TMR-3223,,3606,9581,0,0,0,0,0,0,0,0,0,0,0,0,0,0,0,0,0,0,0,0,0,0.89101,0,0,0,0,0,0,0,0,0,0,0,0,0,0,0,0,0,0,0,0,0,0.05866,0,0,0,0,0,0,0,0,0,0,0,0,0
TMR-3224,,0,6899,0,0,0,0,0,0,0,0,0,0,0,0,0,0,0,0,0,0,0,0,0,0,0,0,0,0,0,0,0,0,0,0,0,0,0,0,0,0,0,0,0,0,0,0.0142,0,0,0,0,0,0,0,0,0,0,0,0,0
TMR-3225,,5611,6769,0,0,0,0,0,0,0,0.02834,0,0,0,0,0,0,0,0,0,0,0,0,0,0.82071,0,0,0,0,0,0,0,0,0,0,0,0,0,0,0,0,0,0,0,0,0,0.11582,0,0,0,0,0,0,0,0,0,0,0,0,0
TMR-3227,,1320,2195,0,0,0,0,0,0,0,0,0,0,0,0,0,0,0,0,0,0,0,0,0,0.81364,0,0,0,0,0,0,0,0,0,0,0,0,0,0,0,0,0,0,0,0,0,0.37403,0,0,0,0,0,0,0,0,0,0,0,0,0
TMR-3228,,4203,7442,0,0,0,0,0,0,0,0,0,0,0,0,0,0,0,0,0,0,0,0,0,0.9931,0,0,0,0,0,0,0,0,0,0,0,0,0,0,0,0,0,0,0,0,0,0.08613,0,0,0,0,0,0,0,0,0,0,0,0,0
TMR-3229,,3436,3619,0,0,0,0,0,0,0,0,0,0,0,0,0,0,0,0,0,0,0,0,0,0.93946,0,0,0,0,0,0,0,0,0,0,0,0,0,0,0,0,0,0,0,0,0,0,0,0,0,0,0,0,0,0,0,0,0,0,0
TMR-3230,,6041,9297,0,0,0,0,0,0,0,0.12299,0,0,0,0,0,0,0,0,0,0,0,0,0,0.51184,0,0,0,0,0,0,0,0,0,0,0,0,0,0,0,0,0,0,0,0,0,0.97591,0,0,0,0,0,0,0,0,0,0,0,0,0
TMR-3234,,9906,8134,0,0,0,0,0,0,0,0,0,0,0,0,0,0,0,0,0,0,0,0,0,0.08076,0,0,0,0,0,0,0,0,0.08661,0,0,0,0,0,0.78639,0,0,0,0,0,0,0,0,0,0,0,0,0,0,0,0,0,0,0,0
TMR-3235,,8087,3677,0,0,0,0,0,0,0,0,0,0,0,0,0,0,0,0,0,0,0,0,0,0.7444,0,0,0,0,0,0,0,0,0,0,0,0,0,0,0,0,0,0,0,0,0,0,0,0,0,0,0,0,0,0,0,0,0,0,0
TMR-3237,,25,2009,0,0,0,0,0,0,0,0,0,0,0,0,0,0,0,0,0,0,0,0,0,0,0,0,0.08,0,0,0,0,0,0,0,0,0,0,0,0,0,0,0,0,0,0,0.79592,0,0,0,0,0,0,0,0,0,0,0,0,0
TMR-3240,,4444,8439,0,0,0,0,0,0,0,0,0,0,0,0,0,0,0,0,0,0,0,0,0,0.29635,0,0,0,0,0,0,0,0,0,0,0,0,0,0,0.69667,0,0,0,0,0,0,0,0,0,0,0,0,0,0,0,0,0,0,0,0
TMR-3241,,872,4562,0,0,0,0,0,0,0,0,0,0,0,0,0,0,0,0,0,0,0,0,0,0.68578,0,0,0,0,0,0,0,0,0,0,0,0,0,0,0,0,0,0,0,0,0,0,0,0,0,0,0,0,0,0,0,0,0,0,0
TMR-3242,,2981,4038,0,0,0,0,0,0,0,0,0,0,0,0,0,0,0,0,0,0,0,0,0,0.48876,0,0,0,0,0,0,0,0,0,0,0,0,0,0,0.4371,0,0,0,0,0,0,0,0,0,0,0,0,0,0,0,0,0,0,0,0
TMR-3257,,1702,1382,0,0,0,0,0,0,0,0,0,0,0,0,0,0,0,0,0,0,0,0,0,0.48472,0,0,0,0,0,0,0,0,0,0,0,0,0,0,0,0,0,0,0,0,0,0,0,0,0,0,0,0,0,0,0,0,0,0,0
TMR-3258,,7323,8340,0,0,0,0,0,0,0,0,0,0,0,0,0,0,0,0,0,0,0,0,0,0.56917,0,0,0,0,0,0,0,0,0,0,0,0,0,0,0,0,0,0,0,0,0,0,0,0,0,0,0,0,0,0,0,0,0,0,0
TMR-3264,,5434,6118,0,0,0,0,0,0,0,0,0,0,0,0,0,0,0,0,0,0,0,0,0,0.76923,0,0,0,0,0,0,0,0,0,0,0,0,0,0,0,0,0,0,0,0,0,0,0,0,0,0,0,0,0,0,0,0,0,0,0
TMR-3265,,6736,6422,0,0,0,0,0,0,0,0,0,0,0,0,0,0,0,0,0,0,0,0,0,0.78518,0,0,0,0,0,0,0,0,0,0,0,0,0,0,0,0,0,0,0,0,0,0,0,0,0,0,0,0,0,0,0,0,0,0,0
TMR-3266,,0,5670,0,0,0,0,0,0,0,0,0,0,0,0,0,0,0,0,0,0,0,0,0,0,0,0,0,0,0,0,0,0,0,0,0,0,0,0,0,0,0,0,0,0,0,0.10935,0,0,0,0,0,0,0,0,0,0,0,0,0
TMR-3275,,12624,8927,0,0,0,0,0,0,0,0,0,0,0,0,0,0,0,0,0,0,0,0,0,0.20738,0,0,0,0,0,0,0,0,0,0,0,0,0,0,0,0,0,0,0,0,0,0,0,0,0,0,0,0,0,0,0,0,0,0,0
TMR-3276,,2634,4637,0,0,0,0,0,0,0,0,0,0,0,0,0,0,0,0,0,0,0,0,0,0.51139,0,0,0,0,0,0,0,0,0,0,0,0,0,0,0,0,0,0,0,0,0,0,0,0,0,0,0,0,0,0,0,0,0,0,0
TMR-3291,,4372,11296,0,0,0,0,0,0,0,0,0,0,0,0,0,0,0,0,0,0,0,0,0,0.21569,0,0,0,0,0,0,0,0,0,0,0,0,0,0,0,0,0,0,0,0,0,0,0,0,0,0,0,0,0,0,0,0,0,0,0
TMR-3292,,4982,943,0,0,0,0,0,0,0,0,0,0,0,0,0,0,0,0,0,0,0,0,0,0.95283,0,0,0,0,0,0,0,0,0,0,0,0,0,0,0,0,0,0,0,0,0,0,0,0,0,0,0,0,0,0,0,0,0,0,0
TMR-3293,,3995,8366,0,0,0,0,0,0,0,0,0,0,0,0,0,0,0,0,0,0,0,0,0,0.10763,0,0,0,0,0,0,0,0,0,0,0,0,0,0,0,0,0,0,0,0,0,0,0,0,0,0,0,0,0,0,0,0,0,0,0
TMR-3294,,7450,10038,0,0,0,0,0,0,0,0,0,0,0,0,0,0,0,0,0,0,0,0,0,0.68779,0,0,0,0,0,0,0,0,0,0,0,0,0,0,0,0,0,0,0,0,0,0,0,0,0,0,0,0,0,0,0,0,0,0,0
TMR-3306,,3982,9000,0,0,0,0,0,0,0,0,0,0,0,0,0,0,0,0,0,0,0,0,0,0.98895,0,0,0,0,0,0,0,0,0,0,0,0,0,0,0,0,0,0,0,0,0,0.81656,0,0,0,0,0,0.02744,0,0,0,0,0,0,0
TMR-3307,,2914,12419,0,0,0,0,0,0,0,0,0,0,0,0,0,0,0,0,0,0,0,0,0,0.51373,0,0,0,0,0,0,0,0,0,0,0,0,0,0,0,0,0,0,0,0,0,0,0,0,0,0,0,0,0,0,0,0,0,0,0
TMR-3308,,3698,8915,0,0,0,0,0,0,0,0,0,0,0,0,0,0,0,0,0,0,0,0,0,0.72255,0,0,0,0,0,0,0,0,0,0,0,0,0,0,0,0,0,0,0,0,0,0,0,0,0,0,0,0,0,0,0,0,0,0,0
TMR-3309,,2911,2342,0,0,0,0,0,0,0,0,0,0,0,0,0,0,0,0,0,0,0,0,0,0.01065,0,0,0,0,0,0,0,0,0,0,0,0,0,0,0,0,0,0,0,0,0,0,0,0,0,0,0,0,0,0,0,0,0,0,0
TMR-3370,,925,3586,0,0,0,0,0,0,0,0,0,0,0,0,0,0,0,0,0,0,0,0,0,0.07351,0,0,0,0,0,0,0,0,0,0,0,0,0,0,0,0,0,0,0,0,0,0,0,0,0,0,0,0,0,0,0,0,0,0,0
TMR-3371,,2417,8820,0,0,0,0,0,0,0,0,0,0,0,0,0,0,0,0,0,0,0,0,0,0.2892,0,0,0,0,0,0,0,0,0,0,0,0,0,0,0,0,0,0,0,0,0,0,0,0,0,0,0,0,0,0,0,0,0,0,0
TMR-3388,,5127,8942,0,0,0,0,0,0,0,0,0,0,0,0,0,0,0,0,0,0,0,0,0,0.65009,0,0,0,0,0,0,0,0,0,0,0,0,0,0,0,0,0,0,0,0,0,0,0,0,0,0,0,0,0,0,0,0,0,0,0
TMR-3389,,7128,11647,0,0,0,0,0,0,0,0,0,0,0,0,0,0,0,0,0,0,0,0,0,0,0,0,0,0,0,0,0,0,0,0,0,0,0,0,0,0,0,0,0,0,0,0,0,0,0,0,0,0,0,0,0,0,0,0,0
TMR-3401,,5618,3737,0,0,0,0,0,0,0,0,0,0,0,0,0,0,0,0,0,0,0,0,0,0,0,0,0,0,0,0,0,0,0,0,0,0,0,0,0,0,0,0,0,0,0,0,0,0,0,0,0,0,0,0,0,0,0,0,0
TMR-3402,,12467,4951,0,0,0,0,0,0,0,0,0,0,0,0,0,0,0,0,0,0,0,0,0,0.2785,0,0,0,0,0,0,0,0,0,0,0,0,0,0,0,0,0,0,0,0,0,0,0,0,0,0,0,0,0,0,0,0,0,0,0
TMR-3403,,2062,11174,0,0,0,0,0,0,0,0,0,0,0,0,0,0,0,0,0,0,0,0,0,0.18477,0,0,0,0,0.113,0,0,0,0,0,0,0,0,0,0.20999,0,0,0,0,0,0,0,0,0,0,0,0,0,0,0,0,0,0,0,0
TMR-3404,,1067,7640,0,0,0,0,0,0,0,0,0,0,0,0,0,0,0,0,0,0,0,0,0,0,0,0,0,0,0,0,0,0,0,0,0,0,0,0,0,0,0,0,0,0,0,0,0,0,0,0,0,0,0,0,0,0,0,0,0
TMR-3411,,1367,2874,0,0,0,0,0,0,0,0,0,0,0,0,0,0,0,0,0,0,0,0,0,0.03365,0,0,0,0,0,0,0,0,0,0,0,0,0,0,0,0,0,0,0,0,0,0,0,0,0,0,0,0,0,0,0,0,0,0,0
TMR-3412,,347,973,0,0,0,0,0,0,0,0,0,0,0,0,0,0,0,0,0,0,0,0,0,0,0,0,0,0,0,0,0,0,0,0,0,0,0,0,0.08069,0,0,0,0,0,0,0,0,0,0,0,0,0,0,0,0,0,0,0,0
TMR-3413,,2490,1966,0,0,0,0,0,0,0,0,0,0,0,0,0,0,0,0,0,0,0,0,0,0.11727,0,0,0,0,0,0,0,0,0,0,0,0,0,0,0,0,0,0,0,0,0,0,0,0,0,0,0,0,0,0,0,0,0,0,0
TMR-3423,,2605,4272,0,0,0,0,0,0,0,0,0,0,0,0,0,0,0,0,0,0,0,0,0,0.65336,0,0,0,0,0,0,0,0,0,0,0,0,0,0,0,0,0,0,0,0,0,0,0,0,0,0,0,0,0,0,0,0,0,0,0
TMR-3440,,10079,5224,0,0,0,0,0,0,0,0,0,0,0,0,0,0,0,0,0,0,0,0,0,0,0,0,0,0,0,0,0,0,0,0,0,0,0,0,0,0,0,0,0,0,0,0,0,0,0,0,0,0,0,0,0,0,0,0,0
TMR-3441,,8542,8095,0,0,0,0,0,0,0,0,0,0,0,0,0,0,0,0,0,0,0,0,0,0,0,0,0,0,0,0,0,0,0,0,0,0,0,0,0.74514,0,0,0,0,0,0,0,0,0,0,0,0,0,0,0,0,0,0,0,0
TMR-3443,,5099,14848,0,0,0,0,0,0,0,0,0,0,0,0,0,0,0,0,0,0,0,0,0,0,0,0,0,0,0,0,0,0,0,0,0,0,0,0,0.59835,0,0,0,0,0,0,0,0,0,0,0,0,0,0,0,0,0,0,0,0
TMR-3456,,6426,12153,0,0,0,0,0,0,0,0,0,0,0,0,0,0,0,0,0,0,0,0,0,0,0,0,0,0,0,0,0,0,0,0,0,0,0,0,0.55913,0,0,0,0,0,0,0,0,0,0,0,0,0,0,0,0,0,0,0,0
TMR-3457,,854,11413,0,0,0,0,0,0,0,0,0,0,0,0,0,0,0,0,0,0,0,0,0,0,0,0,0,0,0,0,0,0,0.02108,0,0,0,0,0,0.13466,0,0,0,0,0,0,0,0,0,0,0,0,0,0,0,0,0,0,0,0
TMR-3462,,6713,21430,0,0,0,0,0,0,0,0,0,0,0,0,0,0,0,0,0,0,0,0,0,0,0,0,0,0,0,0,0,0,0,0,0,0,0,0,0,0,0,0,0,0,0,0,0,0,0,0,0,0,0,0,0,0,0,0,0
TMR-3465,,724,3870,0,0,0,0,0,0,0,0,0,0,0,0,0,0,0,0,0,0,0,0,0,0,0,0,0,0,0,0,0,0,0,0,0,0,0,0,0,0,0,0,0,0,0,0,0,0,0,0,0,0,0,0,0,0,0,0,0
TMR-3467,,2331,4007,0,0,0,0,0,0,0,0,0,0,0,0,0,0,0,0,0,0.855,0,0,0,0,0,0,0,0,0,0,0,0,0,0,0,0,0,0,0,0,0,0,0,0,0,0.02271,0,0,0,0,0,0,0,0,0,0,0,0,0
TMR-3473,,0,7754,0,0,0,0,0,0,0,0,0,0,0,0,0,0,0,0,0,0,0,0,0,0,0,0,0,0,0,0,0,0,0,0,0,0,0,0,0,0,0,0,0,0,0,0,0,0,0,0,0,0,0,0,0,0,0,0,0
TMR-3474,,7879,16144,0,0,0,0,0,0,0,0,0,0,0,0,0,0,0,0,0,0,0,0,0,0,0,0,0,0,0,0,0,0,0,0,0,0,0,0,0,0,0,0,0,0,0,0,0,0,0,0,0,0,0,0,0,0,0,0,0
TMR-3475,,10114,6956,0,0,0,0,0,0,0,0,0,0,0,0,0,0,0,0,0,0,0,0,0,0.03342,0,0,0,0,0,0,0,0,0,0,0,0,0,0,0.45689,0,0,0,0,0,0,0,0,0,0,0,0,0,0,0,0,0,0,0,0
TMR-3478,,2861,13700,0,0,0,0,0,0,0,0,0,0,0,0,0,0,0,0,0,0,0,0,0,0,0,0,0,0,0,0,0,0,0,0,0,0,0,0,0.01118,0,0,0,0,0,0,0,0,0,0,0,0,0,0,0,0,0,0,0,0
TMR-3482,,7969,4956,0,0,0,0,0,0,0,0,0,0,0,0,0,0,0,0,0,0,0,0,0,0,0,0,0,0,0,0,0,0,0.01042,0,0,0,0,0,0.08307,0,0,0,0,0,0,0,0,0,0,0,0,0,0,0,0,0,0,0,0
TMR-3484,,1080,11150,0,0,0,0,0,0,0,0,0,0,0,0,0,0,0,0,0,0,0,0,0,0,0,0,0,0,0,0,0,0,0.05093,0,0,0,0,0,0,0,0,0,0,0,0,0.01471,0,0,0,0,0,0,0,0,0,0,0,0,0
TMR-3485,,3480,5191,0,0,0,0,0,0,0,0,0,0,0,0,0,0,0,0,0,0,0,0,0,0,0,0,0,0,0,0,0,0,0,0,0,0,0,0,0,0,0,0,0,0,0,0,0,0,0,0,0,0,0,0,0,0,0,0,0
TMR-3486,,3450,9328,0,0,0,0,0,0,0,0,0,0,0,0,0,0,0,0,0,0,0,0,0,0.03797,0,0,0,0,0,0,0,0,0,0,0,0,0,0,0,0,0,0,0,0,0,0,0,0,0,0,0,0,0,0,0,0,0,0,0
TMR-3487,,1135,1296,0,0,0,0,0,0,0,0.05727,0,0,0,0,0,0,0,0,0,0,0,0,0,0,0,0,0,0,0,0,0,0,0,0,0,0,0,0,0,0,0,0,0,0,0,0.0162,0,0,0,0,0,0,0,0,0,0,0,0,0
TMR-3496,,3365,2050,0,0,0,0,0,0,0,0,0,0,0,0,0,0,0,0,0,0,0,0,0,0.1789,0,0,0,0,0,0,0,0,0,0,0,0,0,0,0,0,0,0,0,0,0,0,0,0,0,0,0,0,0,0,0,0,0,0,0
TMR-3497,,2974,1162,0,0,0,0,0,0,0,0,0,0,0,0,0,0,0,0,0,0,0,0,0,0.49563,0,0,0,0,0,0,0,0,0,0,0,0,0,0,0,0,0,0,0,0,0,0,0,0,0,0,0,0,0,0,0,0,0,0,0
TMR-3498,,4202,4627,0,0,0,0,0,0,0,0,0,0,0,0,0,0,0,0,0,0,0,0,0,0,0,0,0,0,0,0,0,0,0,0,0,0,0,0,0,0,0,0,0,0,0,0,0,0,0,0,0,0,0,0,0,0,0,0,0
TMR-3505,,6036,5883,0,0,0,0,0,0,0,0,0,0,0,0,0,0,0,0,0,0,0,0,0,0,0,0,0,0,0,0,0,0,0,0,0,0,0,0,0,0,0,0,0,0,0,0,0,0,0,0,0,0,0,0,0,0,0,0,0
TMR-3506,,3517,3930,0,0,0,0,0,0,0,0,0,0,0,0,0,0,0,0,0,0,0,0,0,0,0,0,0,0,0,0,0,0,0,0,0,0,0,0,0,0,0,0,0,0,0,0,0,0,0,0,0,0,0,0,0,0,0,0,0
TMR-3507,,1960,4336,0,0,0,0,0,0,0,0,0,0,0,0,0,0,0,0,0,0,0,0,0,0,0,0,0,0,0,0,0,0,0,0,0,0,0,0,0,0,0,0,0,0,0,0,0,0,0,0,0,0,0,0,0,0,0,0,0
TMR-3508,,3279,5035,0,0,0,0,0,0,0,0,0,0,0,0,0,0,0,0,0,0,0,0,0,0,0,0,0,0,0,0,0,0,0,0,0,0,0,0,0,0,0,0,0,0,0,0,0,0,0,0,0,0,0,0,0,0,0,0,0
TMR-3511,,1768,3480,0,0,0,0,0,0,0,0,0,0,0,0,0,0,0,0,0,0,0,0,0,0,0,0,0,0,0,0,0,0,0,0,0,0,0,0,0,0,0,0,0,0,0,0,0,0,0,0,0,0,0,0,0,0,0,0,0
TMR-3512,,5969,2447,0,0,0,0,0,0,0,0,0,0,0,0,0,0,0,0,0,0,0,0,0,0,0,0,0,0,0,0,0,0,0,0.59156,0,0,0,0,0,0,0,0,0,0,0,0,0,0,0,0,0,0,0,0,0,0,0,0,0
TMR-3513,,1774,1807,0,0,0,0,0,0,0,0,0,0,0,0,0,0,0,0,0,0,0,0,0,0,0,0,0,0,0,0,0,0,0,0,0,0,0,0,0,0,0,0,0,0,0,0,0,0,0,0,0,0,0,0,0,0,0,0,0
TMR-3514,,3415,1883,0,0,0,0,0,0,0,0,0,0,0,0,0,0,0,0,0,0,0,0,0,0.05388,0,0,0,0,0,0,0,0,0,0,0,0,0,0,0,0,0,0,0,0,0,0,0,0,0,0,0,0,0,0,0,0,0,0,0
TMR-3518,,6390,3583,0,0,0,0,0,0,0,0,0,0,0,0,0,0,0,0,0,0,0,0,0,0,0,0,0,0,0,0,0,0,0,0,0,0,0,0,0,0,0,0,0,0,0,0,0,0,0,0,0,0,0,0,0,0,0,0,0
TMR-3519,,5638,1599,0,0,0,0,0,0,0,0,0,0,0,0,0,0,0,0,0,0,0,0,0,0.11937,0,0,0,0,0,0,0,0,0,0,0,0,0,0,0,0,0,0,0,0,0,0,0,0,0,0,0,0,0,0,0,0,0,0,0
TMR-3525,,2274,828,0,0,0,0,0,0,0,0,0,0,0,0,0,0,0,0,0,0,0,0,0,0,0,0,0,0,0,0,0,0,0,0,0,0,0,0,0,0,0,0,0,0,0,0,0,0,0,0,0,0,0,0,0,0,0,0,0
TMR-3526,,3133,3268,0,0,0,0,0,0,0,0,0,0,0,0,0,0,0,0,0,0.09607,0,0,0,0.03671,0,0,0,0,0,0,0,0,0,0,0,0,0,0,0.30993,0,0,0,0,0,0,0,0,0,0,0,0,0,0,0,0,0,0,0,0
TMR-3533,,7208,2547,0,0,0,0,0,0,0,0,0,0,0,0,0,0,0,0,0,0,0,0,0,0.01027,0,0,0,0,0,0,0,0,0,0,0,0,0,0,0.77067,0,0,0,0,0,0,0,0,0,0,0,0,0,0,0,0,0,0,0,0
TMR-3550,,3986,6089,0,0,0,0,0,0,0,0,0,0,0,0,0,0,0,0,0,0,0,0,0,0.24385,0,0,0,0,0,0,0,0,0,0,0,0,0,0,0,0,0,0,0,0,0,0,0,0,0,0,0,0,0,0,0,0,0,0,0
TMR-3551,,2065,2059,0,0,0,0,0,0,0,0,0,0,0,0,0,0,0,0,0,0,0,0,0,0.82421,0,0,0,0,0,0,0,0,0,0,0,0,0,0,0,0,0,0,0,0,0,0,0,0,0,0,0,0,0,0,0,0,0,0,0
TMR-3565,,891,4296,0,0,0,0,0,0,0,0,0,0,0,0,0,0,0,0,0,0,0,0,0,0.02469,0,0,0,0,0,0,0,0,0,0,0,0,0,0,0,0,0,0,0,0,0,0,0,0,0,0,0,0,0,0,0,0,0,0,0
TMR-3584,,2620,2387,0,0,0,0,0,0,0,0,0,0,0,0,0,0,0,0,0,0,0,0,0,0,0,0,0,0,0,0,0,0,0,0,0,0,0,0,0,0,0,0,0,0,0,0,0,0,0,0,0,0,0,0,0,0,0,0,0
TMR-3585,,2452,3806,0,0,0,0,0,0,0,0,0,0,0,0,0,0,0,0,0,0,0,0,0,0.21044,0,0,0,0,0,0,0,0,0,0,0,0,0,0,0,0,0,0,0,0,0,0,0,0,0,0,0,0,0,0,0,0,0,0,0
TMR-3586,,1935,3615,0,0,0,0,0,0,0,0,0,0,0,0,0,0,0,0,0,0,0,0,0,0,0,0,0,0,0,0,0,0,0,0,0,0,0,0,0,0,0,0,0,0,0,0,0,0,0,0,0,0,0,0,0,0,0,0,0
TMR-3587,,8522,3840,0,0,0,0,0,0,0,0,0,0,0,0,0,0,0,0,0,0,0,0,0,0,0,0,0,0,0,0,0,0,0,0,0,0,0,0,0.65349,0,0,0,0,0,0,0,0,0,0,0,0,0,0,0,0,0,0,0,0
TMR-3588,,4299,4811,0,0,0,0,0,0,0,0,0,0,0,0,0,0,0,0,0,0,0,0,0,0,0,0,0,0,0,0,0,0,0,0,0,0,0,0,0,0,0,0,0,0,0,0,0,0,0,0,0,0,0,0,0,0,0,0,0
TMR-3589,,6019,1581,0,0,0,0,0,0,0,0,0,0,0,0,0,0,0,0,0,0,0,0,0,0.01296,0,0,0,0,0,0,0,0,0,0,0,0,0,0,0,0,0,0,0,0,0,0,0,0,0,0,0,0,0,0,0,0,0,0,0
TMR-3590,,6053,6123,0,0,0,0,0,0,0,0,0,0,0,0,0,0,0,0,0,0,0,0,0,0,0,0,0,0,0,0,0,0,0,0,0,0,0,0,0,0,0,0,0,0,0,0,0,0,0,0,0,0,0,0,0,0,0,0,0
TMR-3594,,3871,13442,0,0,0,0,0,0,0,0,0,0,0,0,0,0,0,0,0,0,0,0,0,0,0,0,0,0,0,0,0,0,0,0,0,0,0,0,0,0,0,0,0,0,0,0,0,0,0,0,0,0,0,0,0,0,0,0,0
TMR-3595,,1458,1854,0,0,0,0,0,0,0,0,0,0,0,0,0,0,0,0,0,0,0,0,0,0,0,0,0,0,0,0,0,0,0,0,0,0,0,0,0,0,0,0,0,0,0,0,0,0,0,0,0,0,0,0,0,0,0,0,0
TMR-3596,,4631,2787,0,0,0,0,0,0,0,0,0,0,0,0,0,0,0,0,0,0,0,0,0,0,0,0,0,0,0,0,0,0,0,0,0,0,0,0,0,0,0,0,0,0,0,0,0,0,0,0,0,0,0,0,0,0,0,0,0
TMR-3597,,1969,3441,0,0,0,0,0,0,0,0,0,0,0,0,0,0,0,0,0,0,0,0,0,0.06044,0,0,0,0,0,0,0,0,0,0,0,0,0,0,0,0,0,0,0,0,0,0,0,0,0,0,0,0,0,0,0,0,0,0,0
TMR-3603,,3345,4143,0,0,0,0,0,0,0,0,0,0,0,0,0,0,0,0,0,0,0,0,0,0,0,0,0,0,0,0,0,0,0,0,0,0,0,0,0,0,0,0,0,0,0,0,0,0,0,0,0,0,0,0,0,0,0,0,0
TMR-3604,,7166,5822,0,0,0,0,0,0,0,0,0,0,0,0,0,0,0,0,0,0,0,0,0,0,0,0,0,0,0,0,0,0,0,0,0,0,0,0,0,0,0,0,0,0,0,0,0,0,0,0,0,0,0,0,0,0,0,0,0
TMR-3617,,3789,2259,0,0,0,0,0,0,0,0,0,0,0,0,0,0,0,0,0,0,0,0,0,0,0,0,0,0,0,0,0,0,0,0,0,0,0,0,0,0,0,0,0,0,0,0,0,0,0,0,0,0,0,0,0,0,0,0,0
TMR-3624,,4579,2421,0,0,0,0,0,0,0,0,0,0,0,0,0,0,0,0,0,0,0,0,0,0.14086,0,0,0,0,0,0,0,0,0,0,0,0,0,0,0,0,0,0,0,0,0,0,0,0,0,0,0,0,0,0,0,0,0,0,0
TMR-3625,,7843,9062,0,0,0,0,0,0,0,0,0,0,0,0,0,0.01377,0,0,0,0,0,0,0,0.10353,0,0,0,0,0,0,0,0,0,0,0,0,0,0,0.62502,0,0,0,0,0,0,0,0,0,0,0,0,0,0,0,0,0,0,0,0
TMR-3626,,8340,5097,0,0,0,0,0,0,0,0,0,0,0,0,0,0,0,0,0,0,0,0,0,0,0,0,0,0,0,0,0,0,0,0,0,0,0,0,0.62566,0,0,0,0,0,0,0,0,0,0,0,0,0,0,0,0,0,0,0,0
TMR-3627,,4718,5973,0,0,0,0,0,0,0,0,0,0,0,0,0,0,0,0,0,0,0,0,0,0.07206,0,0,0,0,0,0,0,0,0,0,0,0,0,0,0,0,0,0,0,0,0,0,0,0,0,0,0,0,0,0,0,0,0,0,0
TMR-3628,,1876,2830,0,0,0,0,0,0,0,0,0,0,0,0,0,0,0,0,0,0,0,0,0,0.08689,0,0,0,0,0,0,0,0,0,0,0,0,0,0,0,0,0,0,0,0,0,0,0,0,0,0,0,0,0,0,0,0,0,0,0
TMR-3629,,2570,5882,0,0,0,0,0,0,0,0,0,0,0,0,0,0,0,0,0,0,0,0,0,0,0,0,0,0,0,0,0,0,0,0,0,0,0,0,0,0,0,0,0,0,0,0,0,0,0,0,0,0,0,0,0,0,0,0,0
TMR-3632,,6571,2836,0,0,0,0,0,0,0,0,0,0,0,0,0,0,0,0,0,0,0,0,0,0.03957,0,0,0,0,0,0,0,0,0,0,0,0,0,0,0,0,0,0,0,0,0,0,0,0,0,0,0,0,0,0,0,0,0,0,0
TMR-3633,,7237,1927,0,0,0,0,0,0,0,0,0,0,0,0,0,0,0,0,0,0,0,0,0,0.01202,0,0,0,0,0,0,0,0,0,0,0,0,0,0,0,0,0,0,0,0,0,0,0,0,0,0,0,0,0,0,0,0,0,0,0
TMR-3640,,5201,1988,0,0,0,0,0,0,0,0,0,0,0,0,0,0,0,0,0,0,0,0,0,0.1517,0,0,0,0,0,0,0,0,0,0,0,0,0,0,0,0,0,0,0,0,0,0,0,0,0,0,0,0,0,0,0,0,0,0,0
TMR-3652,,11212,2668,0,0,0,0,0,0,0,0,0,0,0,0,0,0,0,0,0,0,0,0,0,0,0,0,0,0,0,0,0,0,0,0,0,0,0,0,0.85391,0,0,0,0,0,0,0,0,0,0,0,0,0,0,0,0,0,0,0,0
TMR-3664,,9489,1360,0,0,0,0,0,0,0,0,0,0,0,0,0,0,0,0,0,0,0,0,0,0,0,0,0,0,0,0,0,0,0,0.69607,0,0,0,0,0,0,0,0,0,0,0,0,0,0,0,0,0,0,0,0,0,0,0,0,0
TMR-3674,,8345,4342,0,0,0,0,0,0,0,0,0,0,0,0,0,0,0,0,0,0,0,0,0,0,0,0,0,0,0,0,0,0,0,0,0,0,0,0,0.9142,0,0,0,0,0,0,0,0,0,0,0,0,0,0,0,0,0,0,0,0
TMR-3675,,8685,3264,0,0,0,0,0,0,0,0,0,0,0,0,0,0,0,0,0,0,0,0,0,0,0,0,0,0,0,0,0,0,0,0,0,0,0,0,0,0,0,0,0,0,0,0,0,0,0,0,0,0,0,0,0,0,0,0,0
TMR-3681,,11057,4866,0,0,0,0,0,0,0,0,0,0,0,0,0,0,0,0,0,0,0,0,0,0,0,0,0,0,0,0,0,0,0,0,0,0,0,0,0.82545,0,0,0,0,0,0,0,0,0,0,0,0,0,0,0,0,0,0,0,0
TMR-3690,,2931,3476,0,0,0,0,0,0,0,0,0,0,0,0,0,0,0,0,0,0,0,0,0,0,0,0,0,0,0,0,0,0,0,0,0,0,0,0,0,0,0,0,0,0,0,0,0,0,0,0,0,0,0,0,0,0,0,0,0
TMR-3717,,8578,2713,0,0,0,0,0,0,0,0,0,0,0,0,0,0,0,0,0,0,0,0,0,0,0,0,0,0,0,0,0,0,0,0,0,0,0,0,0.90942,0,0,0,0,0,0,0,0,0,0,0,0,0,0,0,0,0,0,0,0
TMR-3718,,13,4106,0,0,0,0,0,0,0,0,0,0,0,0,0,0,0,0,0,0,0,0,0,0,0,0,0,0,0,0,0,0,0,0,0,0,0,0,0,0,0,0,0,0,0,0,0,0,0,0,0,0,0,0,0,0,0,0,0
TMR-3738,,2735,3184,0,0,0,0,0,0,0,0,0,0,0,0,0,0,0,0,0,0,0,0,0,0.41463,0,0,0,0,0,0,0,0,0.12834,0,0,0,0,0,0,0,0,0,0,0,0,0,0,0,0,0,0,0,0,0,0,0,0,0,0
TMR-3739,,1660,3777,0,0,0,0,0,0,0,0,0,0,0,0,0,0,0,0,0,0,0,0,0,0.2494,0,0,0,0,0,0,0,0,0,0,0,0,0,0,0,0,0,0,0,0,0,0,0,0,0,0,0,0,0,0,0,0,0,0,0
TMR-3740,,11,2462,0,0,0,0,0,0,0,0,0,0,0,0,0,0,0,0,0,0,0,0,0,0,0,0,0,0,0,0,0,0,0,0,0,0,0,0,0,0,0,0,0,0,0,0,0,0,0,0,0,0,0,0,0,0,0,0,0
TMR-3754,,8111,5046,0,0,0,0,0,0,0,0,0,0,0,0,0,0,0,0,0,0,0,0,0,0.04586,0,0,0,0,0,0,0,0,0,0,0,0,0,0,0.79164,0,0,0,0,0,0,0,0,0,0,0,0,0,0,0,0,0,0,0,0
TMR-3760,,5870,3109,0,0,0,0,0,0,0,0,0,0,0,0,0,0,0,0,0,0,0,0,0,0,0,0,0,0,0,0,0,0,0,0,0,0,0,0,0,0,0,0,0,0,0,0,0,0,0,0,0,0,0,0,0,0,0,0,0
TMR-3783,,12098,4138,0,0,0,0,0,0,0,0,0,0,0,0,0,0,0,0,0,0,0,0,0,0,0,0,0,0,0,0,0,0,0,0,0,0,0,0,0.87643,0,0,0,0,0,0,0,0,0,0,0,0,0,0,0,0,0,0,0,0
TMR-3784,,1558,2056,0,0,0,0,0,0,0,0,0,0,0,0,0,0,0,0,0,0,0,0,0,0.01861,0,0,0,0,0,0,0,0,0,0,0,0,0,0,0,0,0,0,0,0,0,0,0,0,0,0,0,0,0,0,0,0,0,0,0
TMR-3785,,13164,3721,0,0,0,0,0,0,0,0,0,0,0,0,0,0,0,0,0,0,0,0,0,0,0,0,0,0,0,0,0,0,0,0,0,0,0,0,0.84723,0,0,0,0,0,0,0,0,0,0,0,0,0,0,0,0,0,0,0,0
TMR-3793,,1761,4848,0,0,0,0,0,0,0,0,0,0,0,0,0,0,0,0,0,0,0,0,0,0,0,0,0,0,0,0,0,0,0,0,0,0,0,0,0,0,0,0,0,0,0,0,0,0,0,0,0,0,0,0,0,0,0,0,0
TMR-3795,,1329,3685,0,0,0,0,0,0,0,0,0,0,0,0,0,0,0,0,0,0,0,0,0,0,0,0,0,0,0,0,0,0,0,0,0,0,0,0,0,0,0,0,0,0,0,0,0,0,0,0,0,0,0,0,0,0,0,0,0
TMR-3796,,4404,2544,0,0,0,0.07584,0,0,0,0,0,0,0,0,0,0,0,0,0,0,0,0,0,0.03497,0,0,0,0,0,0,0,0,0,0,0,0,0,0,0,0,0,0,0.20951,0,0,0,0,0,0,0,0,0,0,0,0,0,0,0,0
TMR-3803,,11704,3328,0,0,0,0,0,0,0,0,0,0,0,0,0,0,0,0,0,0,0,0,0,0.01871,0,0,0,0,0,0,0,0,0,0,0,0,0,0,0.85185,0,0,0,0,0,0,0,0,0,0,0,0,0,0,0,0,0,0,0,0
TMR-3804,,8003,4298,0,0,0,0,0,0,0,0,0,0,0,0,0,0,0,0,0,0,0,0,0,0,0,0,0,0,0,0,0,0,0,0,0,0,0,0,0.4672,0,0,0,0,0,0,0,0,0,0,0,0,0,0,0,0,0,0,0,0
TMR-3809,,1068,4696,0,0,0,0,0,0,0,0,0,0,0,0,0,0,0,0,0,0,0,0,0,0.14045,0,0,0,0,0,0,0,0,0,0,0,0,0,0,0,0,0,0,0,0,0,0,0,0,0,0,0,0,0,0,0,0,0,0,0
TMR-3829,,872,3291,0,0,0,0,0,0,0,0,0,0,0,0,0,0,0,0,0,0,0,0,0,0.14908,0,0,0,0,0,0,0,0,0,0,0,0,0,0,0,0,0,0,0,0,0,0,0,0,0,0,0,0,0,0,0,0,0,0,0
TMR-3835,,3612,3611,0,0,0,0,0,0,0,0,0,0,0,0,0,0,0,0,0,0,0,0,0,0.18715,0,0,0,0,0,0,0,0,0,0,0,0,0,0,0,0,0,0,0,0,0,0,0,0,0,0,0,0,0,0,0,0,0,0,0
TMR-3846,,3087,5525,0,0,0,0,0,0,0,0,0,0,0,0,0,0,0,0,0,0,0,0,0,0.70781,0,0,0,0,0,0,0,0,0,0,0,0,0,0,0,0,0,0,0,0,0,0,0,0,0,0,0,0,0,0,0,0,0,0,0
TMR-3847,,3937,4035,0,0,0,0,0,0,0,0,0,0,0,0,0,0,0,0,0,0,0,0,0,0,0,0,0,0,0,0,0,0,0,0,0,0,0,0,0,0,0,0,0,0,0,0,0,0,0,0,0,0,0,0,0,0,0,0,0
TMR-3848,,1044,5411,0,0,0,0,0,0,0,0,0,0,0,0,0,0,0,0,0,0,0,0,0,0.67146,0,0,0,0,0,0,0,0,0,0,0,0,0,0,0,0,0,0,0,0,0,0,0,0,0,0,0,0,0,0,0,0,0,0,0
TMR-3890,,6210,3440,0,0,0,0,0,0,0,0,0,0,0,0,0,0,0,0,0,0,0,0,0,0.01948,0,0,0,0,0,0,0,0,0,0,0,0,0,0,0.92351,0,0,0,0,0,0,0,0,0,0,0,0,0,0,0,0,0,0,0,0
TMR-3943,,190,5256,0,0,0,0,0,0,0,0,0,0,0,0,0,0,0,0,0,0,0,0,0,0,0,0,0,0,0,0,0,0,0,0,0,0,0,0,0,0,0,0,0,0,0,0.02759,0,0,0,0,0,0,0,0,0,0,0,0,0
TMR-3950,,2033,4917,0,0,0,0,0,0,0,0,0,0,0,0,0,0,0,0,0,0,0,0,0,0,0,0,0,0,0,0,0,0,0,0,0,0,0,0,0,0,0,0,0,0,0,0,0,0,0,0,0,0,0,0,0,0,0,0,0
TMR-3956,,3939,5441,0,0,0,0,0,0,0,0,0,0,0,0,0,0,0,0,0,0,0,0,0,0.07768,0,0,0,0,0,0,0,0,0,0,0,0,0,0,0.86392,0,0,0,0,0,0,0,0,0,0,0,0,0,0,0,0,0,0,0,0
TMR-3958,,5580,2999,0,0,0,0,0,0,0,0,0,0,0,0,0,0,0,0,0,0,0,0,0,0.91129,0,0,0,0,0,0,0,0,0,0,0,0,0,0,0,0,0,0,0,0,0,0.09937,0,0,0,0,0,0,0,0,0,0,0,0,0
TMR-3965,,3459,5302,0,0,0,0,0,0,0,0.0344,0,0,0,0,0,0,0,0,0,0,0,0,0,0.04221,0,0,0,0,0,0,0,0,0,0,0,0,0,0,0,0,0,0,0,0,0,0.03131,0,0,0,0,0,0,0,0,0,0,0,0,0
TMR-3979,,2533,3865,0,0,0,0,0,0,0,0,0,0.55626,0,0,0,0,0,0,0,0,0,0,0,0,0,0,0,0,0,0,0,0,0,0,0,0,0,0,0,0,0,0,0,0,0,0,0.63001,0,0,0,0,0,0,0,0,0,0,0,0
TMR-3989,,2647,2437,0,0,0,0,0,0,0,0,0,0,0,0,0,0,0,0,0,0,0,0,0,0.79373,0,0,0,0,0,0,0,0,0,0,0,0,0,0,0,0,0,0,0,0,0,0,0,0,0,0,0,0,0,0,0,0,0,0,0
TMR-3993,,2496,2204,0,0,0,0,0,0,0,0,0,0,0,0,0,0,0,0,0,0,0,0,0,0.05168,0,0,0,0,0,0,0,0,0,0,0,0,0,0,0,0,0,0,0,0,0,0,0,0,0,0,0,0,0,0,0,0,0,0,0
TMR-3994,,4138,3065,0,0,0,0,0,0,0,0,0,0,0,0,0,0,0,0,0,0,0,0,0,0.17617,0,0,0,0,0,0,0,0,0,0,0,0,0,0,0,0,0,0,0,0,0,0,0,0,0,0,0,0,0,0,0,0,0,0,0
TMR-4000,,14316,1180,0,0,0,0,0,0,0,0,0,0,0,0,0,0,0,0,0,0,0,0,0,0.13817,0,0,0,0,0,0,0,0,0,0,0,0,0,0,0.59612,0,0,0,0,0,0,0,0,0,0,0,0,0,0,0,0,0,0,0,0
TMR-4009,,2402,742,0,0,0,0,0,0,0,0,0,0,0,0,0,0,0,0,0,0,0,0,0,0,0,0,0,0,0,0,0,0,0,0,0,0,0,0,0,0,0,0,0,0,0,0,0,0,0,0,0,0,0,0,0,0,0,0,0
TMR-4010,,7893,3123,0,0,0,0,0,0,0,0,0,0,0,0,0,0,0,0,0,0,0,0,0,0.15165,0,0,0,0,0,0,0,0,0,0,0,0,0,0,0,0,0,0,0,0,0,0,0,0,0,0,0,0,0,0,0,0,0,0,0
TMR-4021,,14323,6166,0,0,0,0,0,0,0,0,0,0,0,0,0,0,0,0,0,0,0,0,0,0,0,0,0,0,0,0,0,0,0,0,0,0,0,0,0.83139,0,0,0,0,0,0,0,0,0,0,0,0,0,0,0,0,0,0,0,0
TMR-3018,,2365,2458,0,0,0,0,0,0,0,0.27188,0,0,0,0,0,0,0,0,0,0,0,0,0,0,0,0,0,0,0,0,0,0,0,0,0,0,0,0,0,0,0,0,0,0,0,0.76729,0,0,0,0,0,0,0,0,0,0,0,0,0
TMR-3053,,1733,1311,0,0,0,0,0,0,0,0,0,0,0,0,0,0,0,0,0,0,0,0,0,0,0,0,0,0,0,0,0,0,0,0,0,0,0,0,0,0,0,0,0,0,0,0,0,0,0,0,0,0,0,0,0,0,0,0,0
TMR-3066,,499,1097,0,0,0,0,0,0,0,0.61323,0,0,0,0,0,0,0,0,0,0,0,0,0,0,0,0,0.36874,0,0,0,0,0,0,0,0,0,0,0,0,0,0,0,0,0,0,0.91978,0,0,0,0,0,0,0,0,0,0,0,0,0
TMR-3067,,0,4283,0,0,0,0,0,0,0,0,0,0,0,0,0,0,0,0,0,0,0,0,0,0,0,0,0,0,0,0,0,0,0,0,0,0,0,0,0,0,0,0,0,0,0,0.98996,0,0,0,0,0,0,0,0,0,0,0,0,0
TMR-3071,,3613,6381,0,0,0,0,0,0,0,0.15195,0,0,0,0,0,0,0,0,0,0,0,0,0,0,0,0,0,0,0,0,0,0,0,0,0,0,0,0,0,0,0,0,0,0,0,0.22254,0,0,0,0,0,0,0,0,0,0,0,0,0
TMR-3072,,4318,2200,0,0,0,0,0,0,0,0,0,0,0,0,0,0,0,0,0,0,0,0,0,0,0,0,0,0,0,0,0,0,0,0,0,0,0,0,0,0,0,0,0,0,0,0.86273,0,0,0,0,0,0,0,0,0,0,0,0,0
TMR-3316,,1985,5824,0,0,0,0,0,0,0,0,0,0,0,0,0,0,0,0,0,0,0,0,0,0,0,0,0,0,0,0,0,0,0,0,0,0,0,0,0,0,0,0,0,0,0,0,0,0,0,0,0,0,0,0,0,0,0,0,0
TMR-3363,,4421,3480,0,0,0,0,0,0,0,0,0,0,0,0,0,0,0,0,0,0,0,0,0,0,0,0,0,0,0,0,0,0,0,0,0,0,0,0,0,0,0,0,0,0,0,0,0,0,0,0,0,0,0,0,0,0,0,0,0
TMR-3364,,3135,3761,0,0,0,0,0,0,0,0.11994,0,0,0,0,0,0,0,0,0,0,0,0,0,0,0,0,0.8118,0,0,0,0,0,0,0,0,0,0,0,0,0,0,0,0,0,0,0.49242,0,0,0,0,0,0,0,0,0,0,0,0,0
TMR-3365,,1946,1686,0,0,0,0,0,0,0,0.11408,0,0,0,0,0,0,0,0,0,0,0,0,0,0,0,0,0,0,0,0,0,0,0,0,0,0,0,0,0,0,0,0,0,0,0,0.1726,0,0,0,0,0,0,0,0,0,0,0,0,0
TMR-3366,,7137,4009,0,0,0,0,0,0,0,0,0,0,0,0,0,0,0,0,0,0,0,0,0,0,0,0,0,0,0,0,0,0,0,0,0,0,0,0,0,0,0,0,0,0,0,0.30057,0,0,0,0,0,0,0,0,0,0,0,0,0
TMR-3367,,3459,4841,0,0,0,0,0,0,0,0,0,0,0,0,0,0,0,0,0,0,0,0,0,0,0,0,0,0,0,0,0,0,0,0,0,0,0,0,0,0,0,0,0,0,0,0,0,0,0,0,0,0,0,0,0,0,0,0,0
TMR-3369,,12100,5865,0,0,0,0,0,0,0,0.49273,0,0,0,0,0,0,0,0,0,0,0,0,0,0,0,0,0,0,0,0,0,0,0,0,0,0,0,0,0,0,0,0,0,0,0,0.67775,0,0,0,0,0,0,0,0,0,0,0,0,0
TMR-3546,,1995,5121,0,0,0,0,0,0,0,0.06967,0,0,0,0,0,0,0,0,0,0,0,0,0,0,0,0,0,0,0,0,0,0,0,0,0,0,0,0,0,0,0,0,0,0,0,0.89299,0,0,0,0,0,0,0,0,0,0,0,0,0
TMR-3554,,2386,2415,0,0,0,0,0,0,0,0,0,0,0,0,0,0,0,0,0,0,0,0,0,0,0,0,0,0,0,0,0,0,0,0,0,0,0,0,0,0,0,0,0,0,0,0.11429,0,0,0,0,0,0,0,0,0,0,0,0,0
TMR-3688,,4209,1686,0,0,0,0,0,0,0,0.01093,0,0,0,0,0,0,0,0,0,0,0,0,0,0,0,0,0,0,0,0,0,0,0,0,0,0,0,0,0,0,0,0,0,0,0,0.57058,0,0,0,0,0,0,0,0.15599,0,0,0,0,0
TMR-3716,,3755,2967,0,0,0,0,0,0,0,0.10413,0,0,0,0,0,0,0,0,0,0,0,0,0,0,0,0,0,0,0,0,0,0,0,0,0,0,0,0,0,0,0,0,0,0,0,0.69936,0,0,0,0,0,0,0,0,0,0,0,0,0
TMR-3882,,3586,1876,0,0,0,0,0,0,0,0,0,0,0,0,0,0,0,0,0,0,0,0,0,0,0,0,0,0,0,0,0,0,0,0,0,0,0,0,0,0,0,0,0,0,0,0,0,0,0,0,0,0,0,0,0,0,0,0,0
TMR-3884,,6378,2619,0,0,0,0,0,0,0,0,0,0,0,0,0,0,0,0,0,0,0,0,0,0,0,0,0,0,0,0,0,0,0,0,0,0,0,0,0,0,0,0,0,0,0,0,0,0,0,0,0,0,0,0,0,0,0,0,0
TMR-3924,,4484,3834,0,0,0,0,0,0,0,0.43577,0,0,0,0,0,0,0,0,0,0,0,0,0,0,0,0,0,0,0,0,0,0,0,0,0,0,0,0,0,0,0,0,0,0,0,0.73761,0,0,0,0,0,0,0,0,0,0,0,0,0
TMR-3925,,6737,5538,0,0,0,0,0,0,0,0.05507,0,0,0,0,0,0,0,0,0,0,0,0,0,0,0,0,0,0,0,0,0,0,0,0,0,0,0,0,0,0,0,0,0,0,0,0.01697,0,0,0,0,0,0,0,0,0,0,0,0,0
TMR-2382,,1621,3482,0,0,0,0,0,0,0,0,0,0,0,0,0,0,0,0,0,0,0,0,0,0,0,0,0,0,0,0,0,0,0,0,0,0,0,0,0.29303,0,0,0,0,0,0,0,0,0,0,0,0,0,0,0,0,0,0,0,0
TMR-2690,,1489,2056,0,0,0,0,0,0,0,0,0,0,0,0,0,0,0,0,0,0,0,0,0,0,0,0,0,0,0,0,0,0,0,0,0,0,0,0,0.67898,0,0,0,0,0,0,0,0,0,0,0,0,0,0,0,0,0,0,0,0
TMR-2885,,6474,7236,0,0,0,0,0,0,0,0.62712,0,0,0,0,0,0,0,0,0,0,0,0,0,0,0,0,0,0,0,0,0,0,0,0,0,0,0,0,0,0,0,0,0,0,0,0.71448,0,0,0,0,0,0,0,0,0,0,0,0,0
TMR-3069,,3848,2103,0,0,0,0,0,0,0,0,0,0,0,0,0,0,0,0,0,0,0,0,0,0,0,0,0,0,0,0,0,0,0,0,0,0,0,0,0.92386,0,0,0,0,0,0,0,0,0,0,0,0,0,0,0,0,0,0,0,0
TMR-3070,,0,4280,0,0,0,0,0,0,0,0,0,0,0,0,0,0,0,0,0,0,0,0,0,0,0,0,0,0,0,0,0,0,0,0,0,0,0,0,0,0,0,0,0,0,0,0.17967,0,0,0,0,0,0,0,0,0,0,0,0,0
TMR-3073,,8945,5766,0,0,0,0,0,0,0,0.01185,0,0,0,0,0,0,0,0,0,0,0,0,0,0,0,0,0,0,0,0,0,0,0,0,0,0,0,0,0.86741,0,0,0,0,0,0,0.4145,0,0,0,0,0,0,0,0,0,0,0,0,0
TMR-3368,,4790,5485,0,0,0,0,0,0,0,0,0,0,0,0,0,0,0,0,0,0,0,0,0,0,0,0,0,0,0,0,0,0,0,0,0,0,0,0,0.74134,0,0,0,0,0,0,0,0,0,0,0,0,0,0,0,0,0,0,0,0
TMR-3579,,282,5509,0,0,0,0,0,0,0,0,0,0,0,0,0,0,0,0,0,0,0,0,0,0,0,0,0,0,0,0,0,0,0,0,0,0,0,0,0,0,0,0,0,0,0,0,0,0,0,0,0,0,0,0,0,0,0,0,0
TMR-3732,,8642,2160,0,0,0,0,0,0,0,0,0,0,0,0,0,0,0,0,0,0,0,0,0,0,0,0,0,0,0,0,0,0,0,0,0,0,0,0,0.15471,0,0,0,0,0,0,0,0,0,0,0,0,0,0,0,0,0,0,0,0
TMR-3733,,2505,2458,0,0,0,0,0,0,0,0,0,0,0,0,0,0,0,0,0,0,0,0,0,0,0,0,0,0,0,0,0,0,0,0,0,0,0,0,0.64471,0,0,0,0,0,0,0,0,0,0,0,0,0,0,0,0,0,0,0,0
TMR-3931,,3941,2019,0,0,0,0,0,0,0,0,0,0,0,0,0,0,0,0,0,0,0,0,0,0,0,0,0,0,0,0,0,0,0,0,0,0,0,0,0.46968,0,0,0,0,0,0,0.03467,0,0,0,0,0,0,0,0,0,0,0,0,0
TMR-2370,,7779,2423,0,0,0,0,0,0,0,0,0,0,0,0,0,0,0,0,0,0,0,0,0,0,0,0,0,0,0,0,0,0,0,0,0,0,0,0,0.15606,0,0,0,0,0,0,0,0,0,0,0,0,0,0,0,0,0,0,0,0
TMR-2898,,1253,1517,0,0,0,0,0,0,0,0,0,0,0,0,0,0,0,0,0,0,0,0,0,0,0,0,0,0,0,0,0,0,0,0,0,0,0,0,0.99202,0,0,0,0,0,0,0.14305,0,0,0,0,0,0,0,0,0,0,0,0,0
TMR-2010,,4186,3371,0,0,0,0,0,0,0,0,0,0,0,0,0,0,0,0,0,0.63617,0,0,0,0,0,0,0,0,0,0,0,0,0,0,0,0,0,0,0,0,0,0,0,0,0,0,0.5485,0,0,0,0,0,0,0,0,0,0,0,0
TMR-2011,,2498,4410,0,0,0,0,0,0,0,0,0,0,0,0,0,0,0,0,0,0.01001,0,0,0,0,0,0,0,0,0,0,0,0,0,0,0,0,0,0,0.30945,0,0,0,0.65079,0,0,0,0.01383,0,0,0,0,0,0,0,0,0,0,0,0
TMR-2013,,1375,4844,0,0,0,0,0,0,0,0,0,0,0,0,0,0,0,0,0,0,0,0,0,0,0,0,0,0,0,0,0,0,0,0,0,0,0,0,0,0,0,0,0.43497,0,0,0,0.33671,0,0,0,0,0,0,0,0,0,0,0,0
TMR-2014,,3554,5464,0,0,0,0,0,0,0,0,0,0,0,0,0,0,0,0,0,0,0,0,0,0,0,0,0,0,0,0,0,0,0,0,0,0,0,0,0,0,0,0,0.86988,0,0,0,0,0,0,0,0,0,0,0,0,0,0,0,0
TMR-2015,,3352,6349,0,0,0,0,0,0,0,0,0,0,0,0,0,0,0,0,0,0.17959,0,0,0,0,0,0,0,0,0,0,0,0,0,0,0,0,0,0,0,0,0,0,0.60261,0,0,0,0.34084,0,0,0,0,0,0,0,0,0,0,0,0
TMR-2016,,2295,4057,0,0,0,0,0,0,0,0,0,0,0,0,0,0,0,0,0,0,0,0,0,0,0,0,0,0,0,0,0,0,0,0,0,0,0,0,0,0,0,0,0.50579,0,0,0,0.0138,0,0,0,0,0,0,0,0,0,0,0,0
TMR-2017,,3201,10896,0,0,0,0,0,0,0,0,0,0,0,0,0,0,0,0,0,0,0,0,0,0,0,0,0,0,0,0,0,0,0,0,0,0,0,0,0,0,0,0,0,0,0,0,0,0,0,0,0,0,0,0,0,0,0,0,0
TMR-2018,,4462,4001,0,0,0,0,0,0,0,0,0,0,0,0,0,0,0,0,0,0,0,0,0,0,0,0,0,0,0,0,0,0,0,0,0,0,0,0,0,0,0,0,0.33867,0,0,0,0.51287,0,0,0,0,0,0,0,0,0,0,0,0
TMR-2019,,4101,3991,0,0,0,0,0,0,0,0,0,0,0,0,0,0,0,0,0,0,0,0,0,0,0,0,0,0,0,0,0,0,0,0,0,0,0,0,0.4911,0,0,0,0.15159,0,0,0,0.72288,0,0,0,0,0,0,0,0,0,0,0,0
TMR-2020,,2438,2486,0,0,0,0,0,0,0,0,0,0,0,0,0,0,0,0,0,0,0,0,0,0,0,0,0,0,0,0,0,0,0,0,0,0,0,0,0,0,0,0,0,0,0,0,0,0,0,0,0,0,0,0,0,0,0,0,0
TMR-2023,,2358,1463,0,0,0,0,0,0,0,0,0,0,0,0,0,0,0,0,0,0,0,0,0,0,0,0,0,0,0,0,0,0,0,0,0,0,0,0,0,0,0,0,0.91046,0,0,0,0,0,0,0,0,0,0,0,0,0,0,0,0
TMR-2024,,1389,5530,0,0,0,0,0,0,0,0,0,0,0,0,0,0,0,0,0,0,0,0,0,0,0,0,0,0,0,0,0,0,0,0,0,0,0,0,0.10583,0,0,0,0,0,0,0,0.88553,0,0,0,0,0,0,0,0,0,0,0,0
TMR-2025,,5691,5509,0,0,0,0,0,0,0,0,0,0,0,0,0,0,0,0,0,0,0,0,0,0,0,0,0,0,0,0,0,0,0,0,0,0,0,0,0.55614,0,0,0,0.33309,0,0,0,0.58994,0,0,0,0,0,0,0,0,0,0,0,0
TMR-2029,,6730,3470,0,0,0,0,0,0,0,0,0,0,0,0,0,0,0,0,0,0,0,0,0,0,0,0,0,0,0,0,0,0,0,0,0,0,0,0,0.91308,0,0,0,0.68818,0,0,0,0.15591,0,0,0,0,0,0,0,0,0,0,0,0
TMR-2030,,5072,1799,0,0,0,0,0,0,0,0,0,0,0,0,0,0,0,0,0,0,0,0,0,0,0,0,0,0,0,0,0,0,0,0,0,0,0,0,0,0,0,0,0.31573,0,0,0,0.0239,0,0,0,0,0,0,0,0,0,0,0,0
TMR-2031,,2993,1421,0,0,0,0,0,0,0,0,0,0,0,0,0,0,0,0,0,0,0,0,0,0.0294,0,0,0,0,0,0,0,0,0,0,0,0,0,0,0.13799,0,0,0,0.95355,0,0,0,0,0,0,0,0,0,0,0,0,0,0,0,0
TMR-2032,,2957,968,0,0,0,0,0,0,0,0,0,0,0,0,0,0,0,0,0,0,0,0,0,0,0,0,0,0,0,0,0,0,0,0,0,0,0,0,0,0,0,0,0.2686,0,0,0,0.70764,0,0,0,0,0,0,0,0,0,0,0,0
TMR-2037,,3159,10,0,0,0,0,0,0,0,0,0,0,0,0,0,0,0,0,0,0,0,0,0,0,0,0,0,0,0,0,0,0,0,0,0,0,0,0,0.28205,0,0,0,0,0,0,0,0,0,0,0,0,0,0,0,0,0,0,0,0
TMR-2038,,3364,2688,0,0,0,0,0,0,0,0,0,0,0,0,0,0,0,0,0,0,0,0,0,0,0,0,0,0,0,0,0,0,0,0,0,0,0,0,0.5654,0,0,0,0.15551,0,0,0,0,0,0,0,0,0,0,0,0,0,0,0,0
TMR-2039,,3009,4099,0,0,0,0,0,0,0,0,0,0,0,0,0,0,0,0,0,0,0,0,0,0,0,0,0,0,0,0,0,0,0,0,0,0,0,0,0,0,0,0,0.15296,0,0,0,0.0344,0,0,0,0,0,0,0,0,0,0,0,0
TMR-2040,,2459,4328,0,0,0,0,0,0,0,0,0,0,0,0,0,0,0,0,0,0,0,0,0,0,0,0,0,0,0,0,0,0,0,0,0,0,0,0,0,0,0,0,0.60444,0,0,0,0.36275,0,0,0,0,0,0,0,0,0,0,0,0
TMR-2042,,7764,67,0,0,0,0,0,0,0,0,0,0,0,0,0,0,0,0,0,0,0,0,0,0,0,0,0,0,0,0,0,0,0,0,0,0,0,0,0.50335,0,0,0,0.0597,0,0,0.01493,0,0,0,0,0,0,0,0,0,0,0,0,0
TMR-2053,,4295,6440,0,0,0,0,0,0,0,0,0,0,0,0,0,0,0,0,0,0,0,0,0,0,0,0,0,0,0,0,0,0,0,0,0,0,0,0,0,0,0,0,0.21801,0,0,0,0.68183,0,0,0,0,0,0,0,0,0,0,0,0
TMR-2054,,4931,4226,0,0,0,0,0,0,0,0,0,0,0,0,0,0,0,0,0,0.19205,0,0,0,0,0,0,0,0,0,0,0,0,0,0,0,0,0,0,0,0,0,0,0.06342,0,0,0,0.50757,0,0,0,0,0,0,0,0,0,0,0,0
TMR-2055,,3689,303,0,0,0,0,0,0,0,0,0,0,0,0,0,0,0,0,0,0,0,0,0,0,0,0,0,0,0,0,0,0,0,0,0,0,0,0,0,0,0,0,0.47195,0,0,0,0,0,0,0,0,0,0,0,0,0,0,0,0
TMR-2059,,3785,3663,0,0,0,0,0,0,0,0,0,0,0,0,0,0,0,0,0,0,0,0,0,0,0,0,0,0,0,0,0,0,0,0,0,0,0,0,0,0,0,0,0.03822,0,0,0,0.92192,0,0,0,0,0,0,0,0,0,0,0,0
TMR-2062,,2251,22,0,0,0,0,0,0,0,0,0,0,0,0,0,0,0,0,0,0,0,0,0,0,0,0,0,0,0,0,0,0,0,0,0,0,0,0,0.06219,0,0,0,0,0,0,0.04545,0.09091,0,0,0,0,0,0,0,0,0,0,0,0
TMR-2063,,4515,17,0,0,0,0,0,0,0,0,0,0,0,0,0,0,0,0,0,0,0,0,0,0,0,0,0,0,0,0,0,0,0,0,0,0,0,0,0,0,0,0,0.23529,0,0,0,0.23529,0,0,0,0,0,0,0,0,0,0,0,0
TMR-2064,,2570,2,0,0,0,0,0,0,0,0,0,0,0,0,0,0,0,0,0,0,0,0,0,0,0,0,0,0,0,0,0,0,0,0,0,0,0,0,0.46148,0,0,0,0,0,0,0,0,0,0,0,0,0,0,0,0,0,0,0,0
TMR-2065,,4054,1831,0,0,0,0,0,0,0,0,0,0,0,0,0,0,0,0,0,0.03034,0,0,0,0,0,0,0,0,0,0,0,0,0,0,0,0,0,0,0,0,0,0,0.61988,0,0,0,0.16821,0,0,0,0,0,0,0,0,0,0,0,0
TMR-2066,,5924,3045,0,0,0,0,0,0,0,0,0,0,0,0,0,0,0,0,0,0,0,0,0,0,0,0,0,0,0,0,0,0,0,0,0,0,0,0,0.10922,0,0,0,0,0,0,0,0,0,0,0,0,0,0,0,0,0,0,0,0
TMR-2067,,3415,29,0,0,0,0,0,0,0,0,0,0,0,0,0,0,0,0,0,0,0,0,0,0,0,0,0,0,0,0,0,0,0,0,0,0,0,0,0,0,0,0,0.06897,0,0,0,0,0,0,0,0,0,0,0,0,0,0,0,0
TMR-2077,,2134,3587,0,0,0,0,0,0,0,0.40862,0,0,0,0,0,0,0,0,0,0.08013,0,0,0,0,0,0,0,0,0,0,0,0,0,0,0,0,0,0,0,0,0,0,0.12936,0,0,0,0.69585,0,0,0,0,0,0,0,0,0,0,0,0
TMR-2085,,3588,9,0,0,0,0,0,0,0,0,0,0,0,0,0,0,0,0,0,0.03874,0,0,0,0,0,0,0,0,0,0,0,0,0,0,0,0,0,0,0.45318,0,0,0,0,0,0,0,0,0,0,0,0,0,0,0,0,0,0,0,0
TMR-2087,,2826,3094,0,0,0,0,0,0,0,0,0,0,0,0,0,0,0,0,0,0,0,0,0,0,0,0,0,0,0,0,0,0,0,0,0,0,0,0,0.01769,0,0,0,0,0,0,0,0,0,0,0,0,0,0,0,0,0,0,0,0
TMR-2091,,2739,4529,0,0,0,0,0,0,0,0,0,0,0,0,0,0,0,0,0,0.15225,0,0,0,0,0,0,0,0,0,0,0,0,0,0,0,0,0,0,0.24169,0,0,0,0,0,0,0,0.93332,0,0,0,0,0,0,0,0,0,0,0,0
TMR-2092,,3649,35,0,0,0,0,0,0,0,0,0,0,0,0,0,0,0,0,0,0.06221,0,0,0,0,0,0,0,0,0,0,0,0,0,0,0,0,0,0,0,0,0,0,0.17143,0,0,0,0,0,0,0,0,0,0,0,0,0,0,0,0
TMR-2093,,6647,29,0,0,0,0,0,0,0,0,0,0,0,0,0,0,0,0,0,0,0,0,0,0,0,0,0,0,0,0,0,0,0,0,0,0,0,0,0,0,0,0,0.03448,0,0,0,0.03448,0,0,0,0,0,0,0,0,0,0,0,0
TMR-2094,,3522,3751,0,0,0,0,0,0,0,0,0,0,0,0,0,0,0,0,0,0,0,0,0,0,0,0,0,0,0,0,0,0,0,0,0,0,0,0,0,0,0,0,0.90216,0,0,0,0.01173,0,0,0,0,0,0,0,0,0,0,0,0
TMR-2095,,2140,2181,0,0,0,0,0,0,0,0,0,0,0,0,0,0,0,0,0,0,0,0,0,0,0,0,0,0,0,0,0,0,0,0,0,0,0,0,0.31121,0,0,0,0.01192,0,0,0,0,0,0,0,0,0,0,0,0,0,0,0,0
TMR-2096,,5667,4139,0,0,0,0,0,0,0,0,0,0,0,0,0,0,0,0,0,0,0,0,0,0,0,0,0,0,0,0,0,0,0,0,0,0,0,0,0,0,0,0,0,0,0,0,0,0,0,0,0,0,0,0,0,0,0,0,0
TMR-2100,,4220,4223,0,0,0,0,0,0,0,0,0,0,0,0,0,0,0,0,0,0,0,0,0,0,0,0,0,0,0,0,0,0,0,0,0,0,0,0,0,0,0,0,0,0.03836,0,0.51125,0,0,0,0,0,0,0,0,0,0,0,0.01279,0
TMR-2101,,10798,2345,0,0,0,0,0,0,0,0,0,0,0,0,0,0,0,0,0,0.13299,0,0,0,0,0,0,0,0,0,0,0,0,0,0,0,0,0,0,0,0,0,0,0,0,0,0,0,0,0,0,0,0,0,0,0,0,0,0,0
TMR-2102,,6706,3656,0,0,0,0,0,0,0,0,0,0,0,0,0,0,0,0,0,0,0,0,0,0,0,0,0,0,0,0,0,0,0,0,0,0,0,0,0,0,0,0,0,0,0,0.13594,0,0,0,0,0,0,0,0,0,0,0,0,0
TMR-2103,,5681,5610,0,0,0,0,0,0,0,0,0,0,0,0,0,0,0,0,0,0,0,0,0,0,0,0,0,0,0,0,0,0,0,0,0,0,0,0,0,0,0,0,0,0,0,0,0,0,0,0,0,0,0,0,0,0,0,0,0
TMR-2104,,24104,2744,0,0,0,0,0,0,0,0,0,0,0,0,0,0,0,0,0,0,0,0,0,0,0,0,0,0,0,0,0,0,0,0,0,0,0,0,0.75975,0,0,0,0,0,0,0,0,0,0,0,0,0,0,0,0,0,0,0,0
TMR-2105,,12394,1169,0,0,0,0,0,0,0,0,0,0,0,0,0,0,0,0,0,0.08536,0,0,0,0,0,0,0,0,0.03494,0,0,0,0,0,0,0,0,0,0,0,0,0,0,0,0,0,0,0,0,0,0,0,0,0,0,0,0,0,0
TMR-2112,,11477,3233,0,0,0,0,0,0,0,0,0,0,0,0,0,0,0,0,0,0,0,0,0,0,0,0,0,0,0,0,0,0,0,0,0,0,0,0,0,0,0,0,0,0,0,0,0,0,0,0,0,0,0,0,0,0,0,0,0
TMR-2122,,4005,1132,0,0,0,0,0,0,0,0,0,0,0,0,0,0,0,0,0,0.26192,0,0,0,0,0,0,0,0,0,0,0,0,0,0,0,0,0,0,0,0,0,0,0,0,0,0,0,0,0,0,0,0,0,0,0,0,0,0,0
TMR-2123,,16981,3002,0,0,0,0,0,0,0,0,0,0,0,0,0,0,0,0,0,0,0,0,0,0,0,0,0,0,0,0,0,0,0,0,0,0,0,0,0,0,0,0,0,0,0,0,0.03631,0,0,0,0,0,0,0,0,0,0,0,0
TMR-2127,,7044,3446,0,0,0,0,0,0,0,0,0,0,0,0,0,0,0,0,0,0,0,0,0,0,0,0,0,0,0,0,0,0,0,0,0,0,0,0,0,0,0,0,0,0,0,0,0,0,0,0,0,0,0,0,0,0,0,0,0
TMR-2128,,3879,3901,0,0,0,0,0,0,0,0,0,0,0,0,0,0,0,0,0,0,0,0,0,0,0,0,0,0.41299,0,0,0,0,0,0,0,0,0,0,0,0,0,0,0,0,0,0,0,0,0,0,0,0,0,0,0,0,0,0,0
TMR-2129,,4196,4752,0,0,0,0,0,0,0,0,0,0,0,0,0,0,0,0,0,0,0,0,0,0,0,0,0,0,0,0,0,0,0,0,0,0,0,0,0,0,0,0,0,0,0,0,0,0,0,0,0,0,0,0,0,0,0,0,0
TMR-2130,,15281,2874,0,0,0,0,0,0,0,0,0,0,0,0,0,0,0,0,0,0,0,0,0,0,0,0,0,0,0,0,0,0,0,0,0,0,0,0,0,0,0,0,0,0,0,0,0,0,0,0,0,0,0,0,0,0,0,0,0
TMR-2138,,17732,1614,0,0,0,0,0,0,0,0,0,0,0,0,0,0,0,0,0,0,0,0,0,0,0,0,0,0,0,0,0,0,0,0,0,0,0,0,0,0,0,0,0,0,0,0,0,0,0,0,0,0,0,0,0,0,0,0,0
TMR-2140,,14666,2425,0,0,0,0,0,0,0,0,0,0,0,0,0,0,0,0,0,0,0,0,0,0,0,0,0,0,0,0,0,0,0,0,0,0,0,0,0,0,0,0,0,0,0,0,0,0,0,0,0,0,0,0,0,0,0,0,0
TMR-2152,,5745,1118,0,0,0,0,0,0,0,0,0,0,0,0,0,0,0,0,0,0,0,0,0,0,0,0,0,0,0,0,0,0,0,0,0,0,0,0,0.82472,0,0,0,0.01878,0,0,0,0,0,0,0,0,0,0,0,0,0,0,0,0
TMR-2153,,11175,2877,0,0,0,0,0,0,0,0.01011,0,0,0,0,0,0,0,0,0,0,0,0,0,0,0,0,0,0,0,0,0,0,0,0,0,0,0,0,0.01136,0,0,0,0,0,0,0.01043,0,0,0,0,0,0,0,0,0,0,0,0,0
TMR-2154,,4785,2819,0,0,0,0,0,0,0,0,0,0,0,0,0,0,0,0,0,0,0,0,0,0,0,0,0,0,0,0,0,0,0,0,0,0,0,0,0,0,0,0,0,0,0,0,0,0,0,0,0,0,0,0,0,0,0,0,0
TMR-2160,,5115,3739,0,0,0,0,0,0,0,0.22229,0,0,0,0,0,0,0,0,0,0,0,0,0,0,0,0,0,0,0,0,0,0,0,0,0,0,0,0,0,0,0,0,0,0,0,0.08131,0,0,0,0,0,0,0,0,0,0,0,0,0
TMR-2169,,7571,37,0,0,0,0,0,0,0,0,0,0,0,0,0,0,0,0,0,0.20539,0,0,0,0,0,0,0,0,0,0,0,0,0,0,0,0,0,0,0.60468,0,0,0,0,0,0,0,0,0,0,0,0,0,0,0,0,0,0,0,0
TMR-2175,,10918,2270,0,0,0,0,0,0,0,0,0,0,0,0,0,0,0,0,0,0,0,0,0,0,0,0,0,0,0,0,0,0,0,0,0,0,0,0,0,0,0,0,0,0,0,0,0,0,0,0,0,0,0,0,0,0,0,0,0
TMR-2176,,16257,1742,0,0,0,0,0,0,0,0,0,0,0,0,0,0,0,0,0,0,0,0,0,0,0,0,0,0,0,0,0,0,0,0,0,0,0,0,0,0,0,0,0,0,0,0,0,0,0,0,0,0,0,0,0,0,0,0,0
TMR-2177,,11323,2897,0,0,0,0,0,0,0,0,0,0,0,0,0,0,0,0,0,0,0,0,0,0,0,0,0,0,0,0,0,0,0,0,0,0,0,0,0.68895,0,0,0,0.04211,0,0,0,0,0,0,0,0,0,0,0,0,0,0,0,0
TMR-2178,,3196,1851,0,0,0,0,0,0,0,0,0,0,0,0,0,0,0,0,0,0,0,0,0,0,0,0,0,0,0,0,0,0,0,0,0,0,0,0,0.74625,0,0,0,0.04376,0,0,0,0,0,0,0,0,0,0,0,0,0,0,0,0
TMR-2181,,6902,2484,0,0,0,0,0,0,0,0.01811,0,0,0,0,0,0,0,0,0,0.03361,0,0,0,0,0,0,0,0,0,0,0,0,0,0,0,0,0,0,0.03072,0,0,0,0.06119,0,0,0.28986,0,0,0,0,0,0,0,0,0,0,0,0,0
TMR-2182,,6319,3741,0,0,0,0,0,0,0,0.07485,0,0,0,0,0,0,0,0,0,0.68903,0,0,0,0,0,0,0,0,0,0,0,0,0,0,0,0,0,0,0,0,0,0,0,0,0,0.29137,0,0,0,0,0,0,0,0,0,0,0,0,0
TMR-2183,,10450,5280,0,0,0,0,0,0,0,0,0,0,0,0,0,0,0,0,0,0.0401,0,0,0,0,0,0,0,0,0,0,0,0,0,0,0,0,0,0,0.52545,0,0,0,0.01496,0,0,0,0,0,0,0,0,0,0,0,0,0,0,0,0
TMR-2186,,4540,26,0,0,0,0,0,0,0,0,0,0,0,0,0,0,0,0,0,0,0,0,0,0,0,0,0,0,0,0,0,0,0,0,0,0,0,0,0,0,0,0,0.07692,0,0,0,0,0,0,0,0,0,0,0,0,0,0,0,0
TMR-2187,,28968,2961,0,0,0,0,0,0,0,0,0,0,0,0,0,0,0,0,0,0,0,0,0,0,0,0,0,0,0,0,0,0,0,0,0,0,0,0,0.81866,0,0,0,0,0,0,0,0,0,0,0,0,0,0,0,0,0,0,0,0
TMR-2200,,13301,1107,0,0,0,0,0,0,0,0.12758,0,0,0,0,0,0.13292,0,0,0,0,0,0,0,0,0,0,0,0,0,0,0,0,0,0,0,0,0,0,0,0,0,0,0,0,0,0.71725,0,0,0,0,0,0,0,0,0,0,0,0,0
TMR-2203,,15597,3769,0,0,0,0.0327,0,0,0,0.20542,0,0,0,0,0,0,0,0,0,0,0,0,0,0,0,0,0,0,0,0,0,0,0,0,0,0,0,0,0.48291,0,0,0,0.13107,0,0,0.48819,0,0,0,0,0,0,0,0,0,0,0,0,0
TMR-2204,,2342,2703,0,0,0,0,0,0,0,0,0,0,0,0,0,0,0,0,0,0,0,0,0,0,0,0,0,0,0,0,0,0,0,0,0,0,0,0,0.33988,0,0,0,0.01036,0,0,0,0,0,0,0,0,0,0,0,0,0,0,0,0
TMR-2205,,6652,3848,0,0,0,0,0,0,0,0,0,0,0,0,0,0.03037,0,0,0,0,0,0,0,0,0,0,0,0,0,0,0,0,0,0,0,0,0,0,0,0,0,0,0,0,0,0,0,0,0,0,0,0,0,0,0,0,0,0,0
TMR-2206,,1492,4172,0,0,0,0,0,0.19102,0,0,0,0,0.01139,0,0,0,0,0,0,0,0,0,0,0,0,0,0,0,0,0,0,0,0,0,0,0,0,0,0,0,0,0,0,0,0,0,0,0,0,0,0,0,0,0,0,0,0,0,0
TMR-2207,,3503,5412,0,0,0,0,0,0,0,0,0,0,0,0,0,0,0,0,0,0,0,0,0,0,0,0,0,0,0,0,0,0,0,0,0,0,0,0,0,0,0,0,0,0,0,0.02882,0,0,0,0,0,0,0,0,0,0,0,0,0
TMR-2208,,4389,6538,0,0,0,0,0,0,0,0,0,0,0,0,0,0,0,0,0,0,0,0,0,0,0,0,0,0,0,0,0,0,0,0,0,0,0,0,0.57872,0,0,0,0,0,0,0,0,0,0,0,0,0,0,0,0,0,0,0,0
TMR-2216,,10969,2637,0,0,0,0,0,0,0,0.01295,0,0,0,0,0,0,0,0,0,0,0,0,0,0,0,0,0,0,0,0,0,0,0,0,0,0,0,0,0,0,0,0,0,0,0,0.10732,0,0,0,0,0,0,0,0,0,0,0,0,0
TMR-2217,,8276,1538,0,0,0,0,0,0,0,0,0,0,0,0,0,0,0,0,0,0.08398,0,0,0,0,0,0,0,0,0,0,0,0,0,0,0,0,0,0,0.02743,0,0,0,0,0,0,0,0,0,0,0,0,0,0,0,0,0,0,0,0
TMR-2218,,5849,2495,0,0,0,0,0,0,0,0,0,0,0,0,0,0,0,0,0,0.54556,0,0,0,0,0,0,0,0,0,0,0,0,0,0,0,0,0,0,0,0,0,0,0,0,0,0,0,0,0,0,0,0,0,0,0,0,0,0,0
TMR-2220,,2980,1567,0,0,0,0,0,0,0,0,0,0,0,0,0,0,0,0,0,0,0,0,0,0,0,0,0,0,0,0,0,0,0,0,0,0,0,0,0,0,0,0,0,0,0,0,0,0,0,0,0,0,0,0,0,0,0,0,0
TMR-2221,,12453,3387,0,0,0,0.10086,0,0,0,0.16478,0,0,0,0,0,0,0,0,0,0,0,0,0,0.05364,0,0,0,0,0,0,0,0,0,0,0,0,0,0,0.53706,0,0,0,0.43076,0,0,0.20313,0,0,0,0,0,0,0,0,0,0,0,0,0
TMR-2222,,7515,5554,0,0,0,0,0,0,0,0,0,0,0,0,0,0,0,0,0,0,0,0,0,0,0,0,0,0,0,0,0,0,0,0,0,0,0,0,0,0,0,0,0,0,0,0,0,0,0,0,0,0,0,0,0,0,0,0,0
TMR-2223,,5848,4602,0,0,0,0,0,0,0,0,0,0,0,0,0,0,0,0,0,0,0,0,0,0,0,0,0,0,0.29976,0,0,0,0,0,0,0,0,0,0,0,0,0,0,0,0,0,0,0,0,0,0,0,0,0,0,0,0,0,0
TMR-2227,,2804,9,0,0,0,0,0,0,0,0,0,0,0,0,0,0,0,0,0,0,0,0,0,0,0,0,0,0,0,0,0,0,0,0,0,0,0,0,0.02853,0,0,0,0.11111,0,0,0,0,0,0,0,0,0,0,0,0,0,0,0,0
TMR-2228,,6114,3076,0,0,0,0,0,0,0,0,0,0,0,0,0,0,0,0,0,0,0,0,0,0,0,0,0,0,0,0,0,0,0,0,0,0,0,0,0.75188,0,0,0,0,0,0,0,0,0,0,0,0,0,0,0,0,0,0,0,0
TMR-2229,,1450,711,0,0,0,0,0,0,0,0,0,0,0,0,0,0,0,0,0,0,0,0,0,0,0,0,0,0,0,0,0,0,0,0,0,0,0,0,0.09448,0,0,0,0,0,0,0,0,0,0,0,0,0,0,0,0,0,0,0,0
TMR-2236,,5695,2049,0,0,0,0.06392,0,0,0,0,0,0,0,0,0,0.01106,0,0,0,0,0,0,0,0,0,0,0,0,0,0,0,0,0,0.41159,0,0,0,0,0,0,0,0,0.19668,0,0,0,0,0,0,0,0,0,0,0,0,0,0,0,0
TMR-2241,,5025,6062,0,0,0,0,0,0,0,0,0,0,0,0,0,0,0,0,0,0,0,0,0,0,0,0,0,0,0,0,0,0,0,0.02726,0,0,0,0,0,0,0,0,0,0,0,0,0.01765,0,0,0,0,0,0,0,0,0,0,0,0
TMR-2242,,3807,6071,0,0,0,0,0,0,0,0,0,0,0,0,0,0,0,0,0,0.30102,0,0,0,0,0,0,0,0,0,0,0,0,0,0,0,0,0,0,0.14999,0,0,0,0,0,0,0,0,0,0,0,0,0,0,0,0,0,0,0,0
TMR-2243,,2777,4710,0,0,0,0,0,0,0,0,0,0,0,0,0,0,0,0,0,0,0,0,0,0,0,0,0,0,0,0,0,0,0,0.10083,0,0,0,0,0,0,0,0,0,0,0,0,0,0,0,0,0,0,0,0,0,0,0,0,0
TMR-2248,,2235,3345,0,0,0,0,0,0,0,0,0,0,0,0,0,0,0,0,0,0.40268,0,0,0,0,0,0,0,0,0,0,0,0,0,0,0,0,0,0,0,0,0,0,0,0,0,0,0,0,0,0,0,0,0,0,0,0,0,0,0
TMR-2249,,3285,2637,0,0,0,0,0,0,0,0,0,0,0,0,0,0,0,0,0,0.34216,0,0,0,0,0,0,0,0,0,0,0,0,0,0,0,0,0,0,0,0,0,0,0,0,0,0,0,0,0,0,0,0,0,0,0,0,0,0,0
TMR-2251,,5922,1359,0,0,0,0,0,0,0,0,0,0,0,0,0,0,0,0,0,0,0,0,0,0,0,0,0,0,0,0,0,0,0,0,0,0,0,0,0.6486,0,0,0,0,0,0,0,0.01913,0,0,0,0,0,0,0,0,0,0,0,0
TMR-2261,,4286,2825,0,0,0,0,0,0,0,0,0,0,0,0,0,0,0,0,0,0,0,0,0,0,0,0,0,0,0,0,0,0,0,0,0,0,0,0,0.93257,0,0,0,0,0,0,0,0,0,0,0,0,0,0,0,0,0,0,0,0
TMR-2262,,1305,2594,0,0,0,0,0,0,0,0.49119,0,0,0,0,0,0,0,0,0,0,0,0,0,0,0,0,0,0,0,0,0,0,0,0,0,0,0,0,0,0,0,0,0,0,0,0.29915,0,0,0,0,0,0,0,0,0,0,0,0,0
TMR-2263,,7852,4614,0,0,0,0,0,0,0,0,0,0,0,0,0,0,0,0,0,0,0,0,0,0,0,0,0,0,0,0,0,0,0,0,0,0,0,0,0.05922,0,0,0,0,0,0,0,0,0,0,0,0,0,0,0,0,0,0,0,0
TMR-2269,,5658,4374,0,0,0,0,0,0,0,0,0,0,0,0,0,0,0,0,0,0,0,0,0,0,0,0,0,0,0,0,0,0,0,0,0,0,0,0,0.6292,0,0,0,0,0,0,0,0,0,0,0,0,0,0,0,0,0,0,0,0
TMR-2270,,5824,8623,0,0,0,0,0,0,0,0,0,0,0,0,0,0,0,0,0,0,0,0,0,0,0,0,0,0,0,0,0,0,0,0,0,0,0,0,0,0,0,0,0,0,0,0,0,0,0,0,0,0,0,0,0,0,0,0,0
TMR-2277,,1495,4707,0,0,0,0,0,0,0,0,0,0,0,0,0,0,0,0,0,0.02274,0,0,0,0,0,0,0,0,0,0,0,0,0,0,0,0,0,0,0.84682,0,0,0,0,0,0,0,0,0,0,0,0,0,0,0,0,0,0,0,0
TMR-2278,,3807,6307,0,0,0,0,0,0,0,0,0,0,0,0,0,0,0,0,0,0,0,0,0,0,0,0,0,0,0,0,0,0,0,0,0,0,0,0,0.55398,0,0,0,0,0,0,0,0,0,0,0,0,0,0,0,0,0,0,0,0
TMR-2287,,4669,2414,0,0,0,0,0,0,0,0,0,0.02313,0,0,0,0,0,0,0,0,0,0,0,0,0,0,0,0,0,0,0,0,0,0,0,0,0,0,0.88327,0,0,0,0,0,0,0,0.88567,0,0,0,0,0,0,0,0,0,0,0,0
TMR-2302,,1075,2006,0,0,0,0,0,0,0,0,0,0,0,0,0,0,0,0,0,0,0,0,0,0,0,0,0,0,0,0,0,0,0,0,0,0,0,0,0,0,0,0,0,0,0,0,0,0,0,0,0,0,0,0,0,0,0,0,0
TMR-2303,,4320,4050,0,0,0,0,0,0,0,0,0,0,0,0,0,0,0,0,0,0.31134,0,0,0,0,0,0,0,0,0.14352,0,0,0,0,0,0,0,0,0,0,0,0,0,0,0,0,0,0,0,0,0,0,0,0,0,0,0,0,0,0
TMR-2304,,4730,4420,0,0,0,0,0,0,0,0,0,0,0,0,0,0,0,0,0,0,0,0,0,0,0,0,0,0,0,0,0,0,0,0,0,0,0,0,0.80867,0,0,0,0,0,0,0,0,0,0,0,0,0,0,0,0,0,0,0,0
TMR-2312,,4639,6253,0,0,0,0,0,0,0,0,0,0,0,0,0,0,0,0,0,0,0,0,0,0.01207,0,0,0,0,0,0,0,0,0,0,0,0,0,0,0,0,0,0,0,0,0,0,0,0,0,0,0,0,0,0,0,0,0,0,0
TMR-2313,,5808,1544,0,0,0,0,0,0,0,0,0,0,0,0,0,0,0,0,0,0,0,0,0,0,0,0,0,0,0,0,0.0124,0,0,0,0,0,0,0,0.71212,0,0,0,0,0,0,0,0,0,0,0,0,0,0,0,0,0,0,0,0
TMR-2314,,5437,1268,0,0,0,0,0,0,0,0,0,0,0,0,0,0,0,0,0,0,0,0,0,0,0,0,0,0,0,0,0,0,0,0,0,0,0,0,0.38551,0,0,0,0,0,0,0,0,0,0,0,0,0,0,0,0,0,0,0,0
TMR-2315,,6626,566,0,0,0,0,0,0,0,0,0,0,0,0,0,0,0,0,0,0,0,0,0,0,0,0,0,0,0,0,0,0,0,0,0,0,0,0,0.84516,0,0,0,0,0,0,0,0,0,0,0,0,0,0,0,0,0,0,0,0
TMR-2324,,1399,2218,0,0,0,0,0,0,0,0,0,0,0,0,0,0,0,0,0,0.30522,0,0,0,0,0,0,0,0,0,0,0,0,0,0,0,0,0,0,0.03074,0,0,0,0,0,0,0,0,0,0,0,0,0,0,0,0,0,0,0,0
TMR-2328,,17054,4877,0,0,0,0,0,0,0,0,0,0,0,0,0,0,0,0,0,0,0,0,0,0,0,0,0,0,0,0,0.01788,0,0,0,0,0,0,0,0,0,0,0,0,0,0,0.01025,0,0,0,0,0,0,0,0,0,0,0,0,0
TMR-2329,,3999,3943,0,0,0,0,0,0,0,0,0,0,0,0,0,0,0,0,0,0.09852,0,0,0,0,0,0,0,0,0.01025,0,0,0,0,0,0,0,0,0,0,0,0,0,0,0,0,0,0,0,0,0,0,0,0,0,0,0,0,0,0
TMR-2330,,7946,5983,0,0,0,0,0,0,0,0,0,0,0,0,0,0,0,0,0,0,0,0,0,0,0,0,0,0,0,0,0,0,0,0,0,0,0,0,0.75736,0,0,0,0,0,0,0,0.0483,0,0,0,0,0,0,0,0,0,0,0,0
TMR-2337,,5487,4460,0,0,0,0,0,0,0,0,0,0,0,0,0,0,0,0,0,0,0,0,0,0,0,0,0,0,0,0,0,0,0,0,0,0,0,0,0.02114,0,0,0,0,0,0,0,0,0,0,0,0,0,0,0,0,0,0,0,0
TMR-2341,,6605,2893,0,0,0,0,0,0,0,0,0,0,0,0,0,0,0,0,0,0,0,0,0,0,0,0,0,0,0,0,0,0,0,0,0,0,0,0,0.90371,0,0,0,0.82648,0,0,0,0,0,0,0,0,0,0,0,0,0,0,0,0
TMR-2342,,5537,5138,0,0,0,0,0,0,0,0,0,0,0,0,0,0,0,0,0,0.29818,0,0,0,0,0,0,0,0,0,0,0,0,0,0,0,0,0,0,0,0,0,0,0,0,0,0,0,0,0,0,0,0,0,0,0,0,0,0,0
TMR-2343,,1981,876,0,0,0,0,0,0,0,0,0,0,0,0,0,0,0,0,0,0,0,0,0,0,0,0,0,0,0,0,0,0,0,0,0,0,0,0,0.91721,0,0,0,0,0,0,0,0,0,0,0,0,0,0,0,0,0,0,0,0
TMR-2353,,3214,1432,0,0,0,0,0,0,0,0,0,0,0,0,0,0,0,0,0,0,0,0,0,0,0,0,0,0,0,0,0,0,0,0,0,0,0,0,0,0,0,0,0,0,0,0,0,0,0,0,0,0,0,0,0,0,0,0,0
TMR-2354,,2775,2232,0,0,0,0,0,0,0,0,0,0,0,0,0,0,0,0,0,0,0,0,0,0,0,0,0,0,0,0,0,0,0,0,0,0,0,0,0,0,0,0,0,0,0,0,0,0,0,0,0,0,0,0,0,0,0,0,0
TMR-2357,,2861,3379,0,0,0,0,0,0,0,0,0,0,0,0,0,0,0,0,0,0,0,0,0,0,0,0,0,0,0,0,0,0,0,0,0,0,0,0,0,0,0,0,0,0,0,0,0,0,0,0,0,0,0,0,0,0,0,0,0
TMR-2361,,2390,6448,0,0,0,0,0,0,0,0,0,0,0,0,0,0,0,0,0,0.08033,0,0,0,0,0,0,0,0.01046,0,0,0,0,0,0,0,0,0,0,0.46695,0,0,0,0,0,0,0,0,0,0,0,0,0,0,0,0,0,0,0,0
TMR-2367,,2921,3028,0,0,0,0,0,0,0,0,0,0,0,0,0,0,0,0,0,0,0,0,0,0,0,0,0,0,0,0,0,0,0,0,0,0,0,0,0,0,0,0,0,0,0,0,0,0,0,0,0,0,0,0,0,0,0,0,0
TMR-2368,,5237,2303,0,0,0,0,0,0,0,0,0,0,0,0,0,0,0,0,0,0.5885,0,0,0,0,0,0,0,0,0,0,0,0,0,0,0,0,0,0,0,0,0,0,0,0,0,0,0,0,0,0,0,0,0,0,0,0,0,0,0
TMR-2377,,3840,3161,0,0,0,0,0,0,0,0,0,0,0,0,0,0,0,0,0,0,0,0,0,0,0,0,0,0,0,0,0,0,0,0,0,0,0,0,0,0,0,0,0,0,0,0,0,0,0,0,0,0,0,0,0,0,0,0,0
TMR-2381,,845,2509,0,0,0,0,0,0,0,0,0,0,0,0,0,0,0,0,0,0,0,0,0,0,0,0,0,0,0,0,0,0,0,0,0,0,0,0,0,0,0,0,0,0,0,0,0,0,0,0,0,0,0,0,0,0,0,0,0
TMR-2396,,2882,3975,0,0,0,0,0,0,0,0,0,0,0,0,0,0,0,0,0,0,0,0,0,0,0,0,0,0,0,0,0,0,0,0,0,0,0,0,0.84976,0,0,0,0.0322,0,0,0,0,0,0,0,0,0,0,0,0,0,0,0,0
TMR-2397,,427,4762,0,0,0,0.02576,0,0,0,0,0,0,0,0,0,0,0,0,0,0,0,0,0,0,0,0,0,0,0,0,0,0,0,0,0,0,0,0,0,0,0,0,0.01638,0,0,0,0,0,0,0,0,0,0,0,0,0,0,0,0
TMR-2398,,3900,6191,0,0,0,0,0,0,0,0,0,0,0,0,0,0,0,0,0,0,0,0,0,0,0,0,0,0,0,0,0,0,0,0,0,0,0,0,0,0,0,0,0,0,0,0,0,0,0,0,0,0,0,0,0,0,0,0,0
TMR-2399,,4377,15576,0,0,0,0,0,0,0,0,0,0,0,0,0,0,0,0,0,0,0,0,0,0,0,0,0,0,0,0,0,0,0,0,0,0,0,0,0,0,0,0,0,0,0,0,0,0,0,0,0,0,0,0,0,0,0,0,0
TMR-2400,,7062,3092,0,0,0,0,0,0,0,0,0,0,0,0,0,0,0,0,0,0,0,0,0,0,0,0,0,0,0,0,0,0,0,0,0,0,0,0,0.88459,0,0,0,0,0,0,0,0,0,0,0,0,0,0,0,0,0,0,0,0
TMR-2410,,2783,1536,0,0,0,0,0,0,0,0,0,0,0,0,0,0,0,0,0,0,0,0,0,0,0,0,0,0,0,0,0,0,0,0,0,0,0,0,0,0,0,0,0,0,0,0,0,0,0,0,0,0,0,0,0,0,0,0,0
TMR-2416,,971,1436,0,0,0,0,0,0,0,0,0,0,0,0,0,0,0,0,0,0,0,0,0,0.01133,0,0,0,0,0,0,0,0,0,0,0,0,0,0,0,0,0,0,0,0,0,0,0,0,0,0,0,0,0,0,0,0,0,0,0
TMR-2417,,4438,1737,0,0,0,0,0,0,0,0,0,0,0,0,0,0,0,0,0,0,0,0,0,0,0,0,0,0,0,0,0,0,0,0,0,0,0,0,0.4822,0,0,0,0,0,0,0,0,0,0,0,0,0,0,0,0,0,0,0,0
TMR-2418,,95,2410,0,0,0,0,0,0,0,0,0,0,0,0,0,0,0,0,0,0,0,0,0,0,0,0,0,0,0,0,0,0,0,0,0,0,0,0,0.04211,0,0,0,0,0,0,0,0,0,0,0,0,0,0,0,0,0,0,0,0
TMR-2419,,49,6478,0,0,0,0,0,0,0,0,0,0,0,0,0,0,0,0,0,0,0,0,0,0,0,0,0,0,0,0,0,0,0,0,0,0,0,0,0.04082,0,0,0,0,0,0,0,0,0,0,0,0,0,0,0,0,0,0,0,0
TMR-2420,,2935,2878,0,0,0,0,0,0,0,0,0,0,0,0,0,0,0,0,0,0.38501,0,0,0,0,0,0,0,0,0.0167,0,0,0,0,0,0,0,0,0,0,0,0,0,0,0,0,0,0,0,0,0,0,0,0,0,0,0,0,0,0
TMR-2427,,44,2222,0,0,0,0,0,0,0,0,0,0,0,0,0,0,0,0,0,0,0,0,0,0,0,0,0,0,0,0,0,0,0,0,0,0,0,0,0.13636,0,0,0,0,0,0,0,0,0,0,0,0,0,0,0,0,0,0,0,0
TMR-2428,,2719,2246,0,0,0,0,0,0,0,0,0,0,0,0,0,0,0,0,0,0,0,0,0,0,0,0,0,0,0,0,0,0,0,0,0,0,0,0,0.2762,0,0,0,0,0,0,0,0,0,0,0,0,0,0,0,0,0,0,0,0
TMR-2429,,866,6394,0,0,0,0,0,0,0,0,0,0,0,0,0,0,0,0,0,0.17667,0,0,0,0,0,0,0,0,0,0,0,0,0,0,0,0,0,0,0.0358,0,0,0,0,0,0,0,0,0,0,0,0,0,0,0,0,0,0,0,0
TMR-2434,,66,4053,0,0,0,0,0,0,0,0,0,0,0,0,0,0,0,0,0,0,0,0,0,0,0,0,0,0,0,0,0,0,0,0,0,0,0,0,0,0,0,0,0,0,0,0,0,0,0,0,0,0,0,0,0,0,0,0,0
TMR-2435,,2993,3347,0,0,0,0,0,0,0,0,0,0,0,0,0,0,0,0,0,0,0,0,0,0,0,0,0,0,0,0,0,0,0,0,0,0,0,0,0.75944,0,0,0,0,0,0,0,0,0,0,0,0,0,0,0,0,0,0,0,0
TMR-2436,,1984,3046,0,0,0,0,0,0,0,0,0,0,0,0,0,0,0,0,0,0,0,0,0,0,0,0.03679,0,0,0,0,0,0,0,0,0,0,0,0,0.81653,0,0,0,0,0,0,0,0,0,0,0,0,0,0,0,0,0,0,0,0
TMR-2437,,215,3486,0,0,0,0,0,0,0,0,0,0,0,0,0,0,0,0,0,0,0,0,0,0,0,0,0,0,0,0,0,0,0,0,0,0,0,0,0.45116,0,0,0,0,0,0,0,0,0,0,0,0,0,0,0,0,0,0,0,0
TMR-2438,,4939,2154,0,0,0,0,0,0,0,0,0,0,0,0,0,0,0,0,0,0.0245,0,0,0,0,0,0,0,0,0,0,0,0,0,0,0,0,0,0,0.70196,0,0,0,0,0,0,0,0,0,0,0,0,0,0,0,0,0,0,0,0
TMR-2451,,5249,1041,0,0,0,0,0,0,0,0,0,0,0,0,0,0,0,0,0,0,0,0,0,0,0,0,0,0,0,0,0,0,0,0,0,0,0,0,0.86112,0,0,0,0,0,0,0,0,0,0,0,0,0,0,0,0,0,0,0,0
TMR-2452,,4177,1531,0,0,0,0,0,0,0,0,0,0,0,0,0,0,0,0,0,0,0,0,0,0,0,0,0,0,0,0,0,0,0,0,0,0,0,0,0.90496,0,0,0,0.48792,0,0,0,0,0,0,0,0,0,0,0,0,0,0.01176,0,0
TMR-2453,,2200,3884,0,0,0,0,0,0,0,0,0,0,0,0,0,0,0,0,0,0,0,0,0,0,0,0,0,0,0,0,0,0,0,0,0,0,0,0,0,0,0,0,0,0,0,0,0,0,0,0,0,0,0,0,0,0,0,0,0
TMR-2454,,5852,3386,0,0,0,0,0,0,0,0,0,0,0,0,0,0,0,0,0,0,0,0,0,0,0,0,0,0,0,0,0,0,0,0,0,0,0,0,0,0,0,0,0.03455,0,0,0,0,0,0,0,0,0,0,0,0,0,0,0,0
TMR-2456,,868,3177,0,0,0,0,0,0,0,0,0,0,0,0,0,0,0,0,0,0,0,0,0,0.05876,0,0,0,0,0,0,0,0,0,0,0,0,0,0,0,0,0,0,0,0,0,0,0,0,0,0,0,0,0,0,0,0,0,0,0
TMR-2457,,14500,2913,0,0,0,0,0,0,0,0,0,0,0,0,0,0,0,0,0,0,0,0,0,0,0,0,0,0,0,0,0,0,0,0,0,0,0,0,0,0,0,0,0,0,0,0,0,0,0,0,0,0,0,0,0,0,0,0,0
TMR-2458,,2828,1538,0,0,0,0,0,0,0,0,0,0,0,0,0,0,0,0,0,0,0,0,0,0,0,0,0,0,0,0,0,0,0,0,0,0,0,0,0,0,0,0,0,0,0,0,0,0,0,0,0,0,0,0,0,0,0,0,0
TMR-2459,,402,1419,0,0,0,0,0,0,0,0,0,0,0,0,0,0,0,0,0,0,0,0,0,0,0,0,0,0,0,0,0,0,0,0,0,0,0,0,0.01244,0,0,0,0,0,0,0,0,0,0,0,0,0,0,0,0,0,0,0,0
TMR-2460,,4201,969,0,0,0,0,0,0,0,0,0,0,0,0,0,0,0,0,0,0,0,0,0,0,0,0,0,0,0,0,0,0,0,0,0,0,0,0,0.88812,0,0,0,0,0,0,0.24974,0,0,0,0,0,0,0,0,0,0,0,0,0
TMR-2461,,1685,3699,0,0,0,0,0,0,0,0,0,0,0,0,0,0,0,0,0,0.5092,0,0,0,0,0,0,0,0,0,0,0,0,0,0,0,0,0,0,0,0,0,0,0,0,0,0,0,0,0,0,0,0,0,0,0,0,0,0,0
TMR-2462,,68,6008,0,0,0,0,0,0,0,0,0,0,0,0,0,0,0,0,0,0.08824,0,0,0,0,0,0,0,0,0.08824,0,0,0,0,0,0,0,0,0,0,0,0,0,0.01298,0,0,0,0,0,0,0,0,0,0,0,0,0,0,0,0
TMR-2464,,8894,5904,0,0,0,0,0,0,0,0,0,0,0,0,0,0,0,0,0,0,0,0,0,0,0,0,0,0,0,0,0,0,0,0,0,0,0,0,0.83663,0,0,0,0,0,0,0,0,0,0,0,0,0,0,0,0,0,0,0,0
TMR-2468,,7095,3514,0,0,0,0,0,0,0,0,0,0,0,0,0,0.72713,0,0,0,0,0,0,0,0,0,0,0,0,0,0,0,0,0,0,0,0,0,0,0,0,0,0,0,0,0,0,0,0,0,0,0,0,0,0,0,0,0,0,0
TMR-2469,,6839,4892,0,0,0,0,0,0,0,0,0,0,0,0,0,0.05571,0,0,0,0,0,0,0,0,0,0,0,0,0,0,0,0,0,0,0,0,0,0,0,0,0,0,0,0,0,0,0,0,0,0,0,0,0,0,0,0,0,0,0
TMR-2470,,1884,8600,0,0,0,0,0,0,0,0,0,0.01592,0,0,0,0,0,0,0,0,0,0,0,0,0,0,0,0,0,0,0,0,0,0,0,0,0,0,0,0,0,0,0,0,0,0,0.10849,0,0,0,0,0,0,0,0,0,0,0,0
TMR-2471,,4485,5733,0,0,0,0,0,0,0,0,0,0,0,0,0,0,0,0,0,0,0,0,0,0,0,0,0,0,0,0,0,0,0,0,0,0,0,0,0,0,0,0,0,0,0,0,0,0,0,0,0,0,0,0,0,0,0,0,0
TMR-2472,,3623,2537,0,0,0,0.02595,0,0,0,0,0,0,0,0,0,0,0,0,0,0,0,0,0,0,0,0,0,0,0,0,0,0,0,0,0,0,0,0,0.69445,0,0,0,0.05715,0,0,0,0,0,0,0,0,0,0,0,0,0,0,0,0
TMR-2474,,3117,2929,0,0,0,0,0,0,0,0,0,0,0,0,0,0,0,0,0,0,0,0,0,0,0,0,0,0,0,0,0,0,0,0,0,0,0,0,0,0,0,0,0,0,0,0,0,0,0,0,0,0,0,0,0,0,0,0,0
TMR-2475,,3615,4829,0,0,0,0,0,0,0,0,0,0,0,0,0,0,0,0,0,0,0,0,0,0,0,0,0,0,0,0,0,0,0,0,0,0,0,0,0.03596,0,0.04866,0,0,0,0,0.02133,0,0,0,0,0,0,0,0,0,0,0,0,0
TMR-2478,,4580,4745,0,0,0,0,0,0,0,0,0,0,0,0,0,0.84432,0,0,0,0,0,0,0,0,0,0,0,0,0,0,0,0,0,0,0,0,0,0,0,0,0,0,0,0,0,0,0.01307,0,0,0,0,0,0,0,0,0,0,0,0
TMR-2479,,3189,3942,0,0,0,0.28347,0,0,0,0,0,0,0,0,0,0,0,0,0,0.2333,0,0,0,0,0,0,0,0,0,0,0,0,0,0,0,0,0,0,0.2841,0,0,0,0.94774,0,0,0,0,0,0,0,0,0,0,0,0,0,0,0,0
TMR-2480,,13,37,0,0,0,0,0,0,0,0,0,0,0,0,0,0,0,0,0,0,0,0,0,0,0,0,0,0,0,0,0,0,0,0,0,0,0,0,0.30769,0,0,0,0,0,0,0.10811,0,0,0,0,0,0,0,0,0,0,0,0,0
TMR-2481,,8681,3590,0,0,0,0,0,0,0,0,0,0,0,0,0,0,0,0,0,0.01325,0,0,0,0,0,0,0,0,0,0,0,0,0,0,0,0,0,0,0.62596,0,0,0,0,0,0,0.05237,0,0,0,0,0,0,0,0,0,0,0,0,0
TMR-2486,,1914,5433,0,0,0,0.73929,0,0,0,0,0,0,0,0,0,0,0,0,0,0,0,0,0,0,0,0,0,0,0,0,0,0,0,0,0,0,0,0,0,0,0,0,0.65783,0,0,0,0,0,0,0,0,0,0,0,0,0,0,0,0
TMR-2487,,1827,2369,0,0,0,0,0,0,0,0,0,0,0,0,0,0,0,0,0,0,0,0,0,0,0,0,0,0,0,0,0,0,0,0,0,0,0,0,0.01095,0,0,0,0,0,0,0,0,0,0,0,0,0,0,0,0,0,0,0,0
TMR-2490,,315,4377,0,0,0,0,0,0,0,0,0,0,0,0,0,0,0,0,0,0,0,0,0,0,0,0,0,0,0,0,0,0,0,0,0,0,0,0,0.0127,0,0,0,0,0,0,0,0,0,0,0,0,0,0,0,0,0,0,0,0
TMR-2491,,3307,5959,0,0,0,0,0,0,0,0,0,0,0,0,0,0,0,0,0,0.1518,0,0,0,0,0,0,0,0.01119,0.15634,0,0,0,0,0,0,0,0,0,0,0,0,0,0,0,0,0,0,0,0,0,0,0,0,0,0,0,0,0,0
TMR-2495,,4433,3869,0,0,0,0,0,0,0,0,0,0,0,0,0,0,0,0,0,0,0,0,0,0,0,0,0,0,0,0,0,0,0,0,0,0,0,0,0,0,0,0,0,0,0,0,0,0,0,0,0,0,0,0,0,0,0,0,0
TMR-2496,,23,2710,0,0,0,0,0,0,0,0.13043,0,0,0,0,0,0.04348,0,0,0,0,0,0,0,0,0,0,0,0,0,0,0,0,0,0,0,0,0,0,0.13043,0,0,0,0.16642,0,0,0,0,0,0,0,0,0,0,0,0,0,0,0,0
TMR-2499,,6,4627,0,0,0,0,0,0,0,0,0,0,0,0,0,0,0,0,0,0,0,0,0,0,0,0,0,0,0,0,0,0,0,0,0,0,0,0,0,0,0,0,0.75427,0,0,0.11563,0,0,0,0,0,0,0,0,0,0,0,0,0
TMR-2500,,2947,3304,0,0,0,0,0,0,0,0,0,0,0,0,0,0,0,0,0,0.91415,0,0,0,0,0,0,0,0,0,0,0,0,0,0,0,0,0,0,0,0,0,0,0,0,0,0,0,0,0,0,0,0,0,0,0,0,0,0,0
TMR-2501,,3665,3603,0,0,0,0,0,0,0,0,0,0,0,0,0,0,0,0,0,0,0,0,0,0,0,0,0,0,0,0,0,0,0,0,0,0,0,0,0.94488,0,0,0,0,0,0,0,0,0,0,0,0,0,0,0,0,0,0,0,0
TMR-2502,,1219,3815,0,0,0,0,0,0,0,0,0,0,0,0,0,0,0,0,0,0,0,0,0,0,0,0,0,0,0,0,0,0,0,0.95652,0,0,0,0,0,0,0,0,0,0,0,0.03591,0,0,0,0,0,0,0,0,0,0,0,0,0
TMR-2503,,3334,4169,0,0,0,0,0,0,0,0,0,0,0,0,0,0,0,0,0,0,0,0,0,0,0,0,0,0,0,0,0,0,0,0,0,0,0,0,0.5144,0,0,0,0,0,0,0,0,0,0,0,0,0,0,0,0,0,0,0,0
TMR-2504,,3659,4122,0,0,0,0,0,0,0,0,0,0,0,0,0,0,0,0,0,0,0,0,0,0.45149,0,0,0,0,0,0,0,0,0,0.04072,0,0,0,0,0.08609,0,0,0,0,0.07812,0,0,0,0,0,0,0,0,0,0,0,0,0,0,0
TMR-2505,,3,822,0,0,0,0,0,0,0,0,0,0,0,0,0,0,0,0,0,0,0,0,0,0,0,0,0,0,0,0,0,0,0,0,0,0,0,0,0,0,0,0,0,0,0,0,0,0,0,0,0,0,0,0,0,0,0,0,0
TMR-2506,,3365,2846,0,0,0,0,0,0,0,0,0,0,0,0,0,0,0,0,0,0.72363,0,0,0,0,0,0,0,0,0.12511,0,0,0,0,0,0,0,0,0,0,0,0,0,0,0,0,0.10295,0,0,0,0,0,0,0,0,0,0,0,0,0
TMR-2507,,1026,3189,0,0,0,0,0,0,0,0,0,0,0,0,0,0,0,0,0,0,0,0,0,0,0,0,0,0,0,0,0,0,0,0,0,0,0,0,0,0,0,0,0,0,0,0,0,0,0,0,0,0,0,0,0,0,0,0,0
TMR-2508,,3469,1343,0,0,0,0,0,0,0,0,0,0,0,0,0,0,0,0,0,0,0,0,0,0,0,0,0,0,0,0,0,0,0,0,0,0,0,0,0.88873,0,0,0,0,0,0,0,0,0,0,0,0,0,0,0,0,0,0,0,0
TMR-2509,,3142,5727,0,0,0,0,0,0,0,0,0,0,0,0,0,0,0,0,0,0,0,0,0,0,0,0,0,0,0,0,0,0,0,0,0,0,0,0,0.56238,0,0,0,0,0,0,0.05011,0,0,0,0,0,0,0,0,0,0,0,0,0
TMR-2510,,1944,4967,0,0,0,0,0,0,0,0,0,0,0,0,0,0,0,0,0,0,0,0,0,0,0,0,0,0,0,0,0,0,0,0,0,0,0,0,0.65072,0,0,0,0,0,0,0,0,0,0,0,0,0,0,0,0,0,0,0,0
TMR-2511,,6995,3561,0,0,0,0,0,0,0,0,0,0,0,0,0,0,0,0,0,0,0,0,0,0,0,0,0,0,0,0,0,0,0,0,0,0,0,0,0.90751,0,0,0,0,0,0,0,0,0,0,0,0,0,0,0,0,0,0,0,0
TMR-2512,,4818,3729,0,0,0,0,0,0,0,0,0,0,0,0,0,0,0,0,0,0,0,0,0,0,0,0,0,0,0,0,0,0,0,0,0,0,0,0,0,0,0,0,0,0,0,0,0,0,0,0,0,0,0,0,0,0,0,0,0
TMR-2513,,3567,4460,0,0,0,0,0,0,0,0,0,0,0,0,0,0,0,0,0,0,0,0,0,0,0,0,0,0,0,0,0,0,0,0,0,0,0,0,0.5506,0,0,0,0,0,0,0.08274,0,0,0,0,0,0,0,0,0,0,0,0,0
TMR-2514,,3596,1726,0,0,0,0,0,0,0,0,0,0,0,0,0,0,0,0,0,0,0,0,0,0,0,0,0,0,0,0,0,0,0,0,0,0,0,0,0.91185,0,0,0,0,0,0,0,0,0,0,0,0,0,0,0,0,0,0,0,0
TMR-2515,,1979,1923,0,0,0,0,0,0,0,0,0,0,0,0,0,0,0,0,0,0.81405,0,0,0,0,0,0,0,0,0,0,0,0,0,0,0,0,0,0,0,0,0,0,0,0,0,0,0,0,0,0,0,0,0,0,0,0,0,0,0
TMR-2516,,3208,1830,0,0,0,0,0,0,0,0,0,0,0,0,0,0,0,0,0,0,0,0,0,0,0,0,0,0,0,0,0,0,0,0,0,0,0,0,0.77743,0,0,0,0,0,0,0,0,0,0,0,0,0,0,0,0,0,0,0,0
TMR-2517,,4815,11205,0,0,0,0,0,0,0,0,0,0,0,0,0,0,0,0,0,0.94393,0,0,0,0,0,0,0,0,0,0,0,0,0,0,0,0,0,0,0,0,0,0,0,0,0,0,0,0,0,0,0,0,0,0,0,0,0,0,0
TMR-2518,,2131,5731,0,0,0,0,0,0,0,0,0,0,0,0,0,0,0,0,0,0,0,0,0,0.06804,0,0,0,0,0,0,0,0,0,0,0,0,0,0,0,0,0,0,0,0,0,0,0,0,0,0,0,0,0,0,0,0,0,0,0
TMR-2522,,4245,4682,0,0,0,0,0,0,0,0,0,0,0,0,0,0,0,0,0,0,0,0,0,0.2914,0,0,0,0,0,0,0,0,0,0,0,0,0,0,0,0,0,0,0,0,0,0,0,0,0,0,0,0,0,0,0,0,0,0,0
TMR-2523,,4253,3287,0,0,0,0,0,0,0,0,0,0,0,0,0,0,0,0,0,0,0,0,0,0,0,0,0,0,0,0,0,0,0,0.50106,0,0,0,0,0,0,0,0,0,0,0,0,0,0,0,0,0,0,0,0,0,0,0,0,0
TMR-2526,,1437,4619,0,0,0,0,0,0,0,0,0,0,0,0,0,0,0,0,0,0.04175,0,0,0,0,0,0,0,0,0.11134,0,0,0,0,0,0,0,0,0,0,0,0,0,0,0,0,0,0,0,0,0,0,0,0,0,0,0,0,0,0
TMR-2527,,4873,1843,0,0,0,0,0,0,0,0,0,0,0,0,0,0,0,0,0,0.37061,0,0,0,0,0,0,0,0,0.07552,0,0,0,0,0.05746,0,0,0,0,0,0,0,0,0,0,0,0,0,0,0,0,0,0,0,0,0,0,0,0,0
TMR-2535,,2564,798,0,0,0,0,0,0,0,0,0,0,0,0,0,0,0,0,0,0,0,0,0,0,0,0,0,0,0,0,0,0,0,0,0,0,0,0,0.93604,0,0,0,0,0,0,0,0,0,0,0,0,0,0,0,0,0,0,0,0
TMR-2536,,2835,240,0,0,0,0,0,0,0,0,0,0,0,0,0,0,0,0,0,0,0,0,0,0,0,0,0,0,0,0,0,0,0,0,0,0,0,0,0.94427,0,0,0,0,0,0,0,0,0,0,0,0,0,0,0,0,0,0,0,0
TMR-2537,,1913,2947,0,0,0,0,0,0,0,0,0,0,0,0,0,0,0,0,0,0.17721,0,0,0,0,0,0,0,0,0,0,0,0,0,0,0,0,0,0,0,0,0,0,0,0,0,0,0,0,0,0,0,0,0,0,0,0,0,0,0
TMR-2539,,3769,5996,0,0,0,0,0,0,0,0,0,0,0,0,0,0,0,0,0,0,0,0,0,0.0191,0,0,0,0,0,0,0,0,0,0.10082,0,0,0,0,0,0,0,0,0,0,0,0,0,0,0,0,0,0,0,0,0,0,0,0,0
TMR-2540,,8484,3627,0,0,0,0,0,0,0,0,0,0,0,0,0,0,0,0,0,0,0,0,0,0,0,0,0,0,0,0,0,0,0,0,0,0,0,0,0.07921,0,0,0,0,0,0,0,0,0,0,0,0,0,0,0,0,0,0,0,0
TMR-2541,,28,5363,0,0,0,0,0,0,0,0,0,0,0,0,0,0,0,0,0,0,0,0,0,0,0,0,0,0,0,0,0,0,0,0,0,0,0,0,0,0,0,0,0,0,0,0,0,0,0,0,0,0,0,0,0,0,0,0,0
TMR-2548,,4450,3762,0,0,0,0,0,0,0,0,0,0,0,0,0,0,0,0,0,0.4036,0,0,0,0,0,0,0,0,0.01573,0,0,0,0,0,0,0,0,0,0.33663,0,0,0,0,0,0,0,0,0,0,0,0,0,0,0,0,0,0,0,0
TMR-2549,,1413,253,0,0,0,0,0,0,0,0,0,0,0,0,0,0,0,0,0,0.02831,0,0,0,0,0,0,0,0,0,0,0,0,0,0,0,0,0,0,0.8712,0,0,0,0,0,0,0.03557,0,0,0,0,0,0,0,0,0,0,0,0,0
TMR-2550,,2481,663,0,0,0,0,0,0,0,0,0,0,0,0,0,0,0,0,0,0,0,0,0,0.05482,0,0,0,0,0,0,0,0,0,0,0,0,0,0,0,0,0,0,0,0,0,0.02112,0,0,0,0,0,0,0,0,0,0,0,0,0
TMR-2552,,1128,15,0,0,0,0,0,0,0,0,0,0,0,0,0,0,0,0,0,0,0,0,0,0,0,0,0,0,0,0,0,0,0,0,0,0,0,0,0.8945,0,0,0,0,0,0,0.26667,0,0,0,0,0,0,0,0,0,0,0,0,0
TMR-2553,,2239,1299,0,0,0,0,0,0,0,0,0,0,0,0,0,0,0,0,0,0,0,0,0,0,0,0,0,0,0,0,0,0,0,0,0,0,0,0,0.68915,0,0,0,0,0,0,0,0,0,0,0,0,0,0,0,0,0,0,0,0
TMR-2554,,5064,2182,0,0,0,0.05115,0,0,0,0,0,0,0,0,0,0,0,0,0,0.31675,0,0,0,0,0,0,0,0,0,0,0,0,0,0,0,0,0,0,0.01007,0,0,0,0.1989,0,0,0,0,0,0,0,0,0,0,0,0,0,0,0,0
TMR-2555,,804,2108,0,0,0,0,0,0,0,0,0,0,0,0,0,0,0,0,0,0.051,0,0,0,0,0,0,0,0,0,0,0,0,0,0,0,0,0,0,0.78856,0,0,0,0,0,0,0,0,0,0,0,0,0,0,0,0,0,0,0,0
TMR-2556,,13,4992,0,0,0,0,0,0,0,0,0,0,0,0,0,0,0,0,0,0.07692,0,0,0,0,0,0,0,0,0,0,0,0,0,0,0,0,0,0,0,0,0,0,0,0,0,0,0,0,0,0,0,0,0,0,0,0,0,0,0
TMR-2557,,5477,4019,0,0,0,0,0,0,0,0,0,0,0,0,0,0,0,0,0,0.22622,0,0,0,0.16213,0,0,0,0,0.03433,0,0,0,0,0,0,0,0,0,0.23571,0,0,0,0,0,0,0.02637,0,0,0,0,0,0,0,0,0,0,0,0,0
TMR-2558,,3617,2145,0,0,0,0,0,0,0,0,0,0,0,0,0,0,0,0,0,0,0,0,0,0,0,0,0,0,0,0,0,0,0,0,0,0,0,0,0.93226,0,0,0,0,0,0,0,0,0,0,0,0,0,0,0,0,0,0,0,0
TMR-2564,,5767,1176,0,0,0,0,0,0,0,0,0,0,0,0,0,0,0,0,0,0.09762,0,0,0,0,0,0,0,0,0,0,0,0,0,0,0,0,0,0,0.73765,0,0,0,0,0,0,0.06122,0,0,0,0,0,0,0,0,0,0,0,0,0
TMR-2565,,2141,1269,0,0,0,0,0,0,0,0,0,0,0,0,0,0,0,0,0,0,0,0,0,0,0,0,0,0,0,0,0,0,0,0,0,0,0,0,0.01822,0,0,0,0,0,0,0,0,0,0,0,0,0,0,0,0,0,0,0,0
TMR-2566,,2777,4007,0,0,0,0,0,0,0,0.02341,0,0,0,0,0,0,0,0,0,0,0,0,0,0,0,0,0,0,0,0,0,0,0,0,0,0,0,0,0.2085,0,0,0,0,0,0,0.06588,0,0,0,0,0,0,0,0,0,0,0,0,0
TMR-2567,,5935,3109,0,0,0,0,0,0,0,0,0,0,0,0,0,0,0,0,0,0.13345,0,0,0,0,0,0,0,0,0,0,0,0,0,0,0,0,0,0,0.62814,0,0,0,0,0,0,0,0,0,0,0,0,0,0,0,0,0,0,0,0
TMR-2568,,8189,3642,0,0,0,0,0,0,0,0,0,0,0,0,0,0,0,0,0,0.11235,0,0,0,0,0,0,0,0,0,0,0,0,0,0,0,0,0,0,0.60129,0,0,0,0,0,0,0,0,0,0,0,0,0,0,0,0,0,0,0,0
TMR-2569,,44,4143,0,0,0,0,0,0,0,0,0,0,0,0,0,0,0,0,0,0,0,0,0,0,0,0,0,0,0,0,0,0,0,0,0,0,0,0,0.43182,0,0,0,0,0,0,0,0,0,0,0,0,0,0,0,0,0,0,0,0
TMR-2570,,5452,3208,0,0,0,0,0,0,0,0,0,0,0,0,0,0,0,0,0,0,0,0,0,0,0,0,0,0,0,0,0,0,0,0,0,0,0,0,0.80282,0,0,0,0,0,0,0,0,0,0,0,0,0,0,0,0,0,0,0,0
TMR-2571,,5058,3593,0,0,0,0,0,0,0,0,0,0,0,0,0,0,0,0,0,0.01068,0,0,0,0,0,0,0,0,0,0,0,0,0,0,0,0,0,0,0.6981,0,0,0,0,0,0,0.01781,0,0,0,0,0,0,0,0,0,0,0,0,0
TMR-2572,,4683,2727,0,0,0,0,0,0,0,0,0,0,0,0,0,0,0,0,0,0,0,0,0,0,0,0,0,0,0.02562,0,0,0,0,0,0,0,0,0,0.67499,0,0,0,0,0,0,0,0,0,0,0,0,0,0,0,0,0,0,0,0
TMR-2573,,3567,2921,0,0,0,0.23129,0,0,0,0,0,0,0,0,0,0,0,0,0,0,0,0,0,0,0,0,0,0,0.10906,0,0,0,0,0,0,0,0,0,0,0,0,0,0.50394,0,0,0,0,0,0,0,0,0,0,0,0,0,0,0,0
TMR-2574,,14030,3998,0,0,0,0,0,0,0,0,0,0,0,0,0,0,0,0,0,0,0,0,0,0,0,0,0,0,0,0,0,0,0,0,0,0,0,0,0.86935,0,0,0,0,0,0,0,0,0,0,0,0,0,0,0,0,0,0,0,0
TMR-2577,,4069,8204,0,0,0,0,0,0,0,0,0,0,0,0,0,0,0,0,0,0,0,0,0,0,0,0,0,0,0,0,0,0,0,0,0,0,0,0,0,0,0,0,0,0,0,0,0,0,0,0,0,0,0,0,0,0,0,0,0
TMR-2581,,3707,2747,0,0,0,0,0,0,0,0,0,0,0,0,0,0,0,0,0,0.03507,0,0,0,0,0,0,0,0,0,0,0,0,0,0,0,0,0,0,0.6628,0,0,0,0,0,0,0,0,0,0,0,0,0,0,0,0,0,0,0,0
TMR-2582,,5018,2412,0,0,0,0,0,0,0,0,0,0,0,0,0,0,0,0,0,0,0,0,0,0.03507,0,0,0,0,0,0,0,0,0,0,0,0,0,0,0.28477,0,0,0,0,0,0,0,0,0,0,0,0,0,0,0,0,0,0,0,0
TMR-2583,,3729,2937,0,0,0,0,0,0,0,0,0,0,0,0,0,0,0,0,0,0,0,0,0,0,0,0,0,0,0,0,0,0,0,0,0,0,0,0,0.84151,0,0,0,0.04256,0,0,0,0,0,0,0,0,0,0,0,0,0,0,0,0
TMR-2584,,6556,2409,0,0,0,0,0,0,0,0,0,0,0,0,0,0,0,0,0,0,0,0,0,0,0,0,0,0,0,0,0,0,0,0,0,0,0,0,0.62523,0,0,0,0,0,0,0,0,0,0,0,0,0,0,0,0,0,0,0,0
TMR-2586,,4133,2760,0,0,0,0,0,0,0,0,0,0,0,0,0,0,0,0,0,0,0,0,0,0,0,0,0,0,0,0,0,0,0,0,0,0,0,0,0.60174,0,0,0,0,0,0,0,0,0,0,0,0,0,0,0,0,0,0,0,0
TMR-2587,,3482,2143,0,0,0,0,0,0,0,0,0,0,0,0,0,0,0,0,0,0.02556,0,0,0,0,0,0,0,0,0,0,0,0,0,0,0,0,0,0,0.35899,0,0,0,0,0,0,0,0,0,0,0,0,0,0,0,0,0,0,0,0
TMR-2588,,1007,2191,0,0,0,0,0,0,0,0,0,0,0,0,0,0,0,0,0,0,0,0,0,0.14002,0,0,0,0,0,0,0,0,0,0,0,0,0,0,0,0,0,0,0,0,0,0,0,0,0,0,0,0,0,0,0,0,0,0,0
TMR-2589,,3236,4599,0,0,0,0,0,0,0,0,0,0,0,0,0,0,0,0,0,0,0,0,0,0,0,0,0,0,0,0,0,0,0,0,0,0,0,0,0.97126,0,0,0,0,0,0,0.01239,0,0,0,0,0,0,0,0,0,0,0,0,0
TMR-2595,,7026,2360,0,0,0,0,0,0,0,0,0,0,0,0,0,0,0,0,0,0,0,0,0,0,0,0,0,0,0,0,0,0,0,0,0,0,0,0,0.55067,0,0,0,0,0,0,0,0,0,0,0,0,0,0,0,0,0,0,0,0
TMR-2596,,4060,2544,0,0,0,0,0,0,0,0,0,0,0,0,0,0,0,0,0,0,0,0,0,0.02906,0,0,0,0,0,0,0,0,0,0,0,0,0,0,0,0,0,0,0,0,0,0,0,0,0,0,0,0,0,0,0,0,0,0,0
TMR-2597,,3782,3853,0,0,0,0,0,0,0,0,0,0,0,0,0,0,0,0,0,0,0,0,0,0,0,0,0,0,0,0,0,0,0,0,0,0,0,0,0.28609,0,0,0,0,0,0,0,0,0,0,0,0,0,0,0,0,0,0,0,0
TMR-2599,,2991,3678,0,0,0,0,0,0,0,0,0,0,0,0,0,0,0,0,0,0,0,0,0,0,0,0,0,0,0,0,0,0,0,0,0,0,0,0,0.87195,0,0,0,0.6131,0,0,0,0,0,0,0,0,0,0,0,0,0,0,0,0
TMR-2600,,3657,3044,0,0,0,0,0,0,0,0,0,0,0,0,0,0,0,0,0,0.02543,0,0,0,0.01613,0,0,0,0,0,0,0,0,0,0,0,0,0,0,0.73229,0,0,0,0.01183,0,0,0,0,0,0,0,0,0,0,0,0,0,0,0,0
TMR-2601,,4466,8345,0,0,0,0,0,0,0,0,0,0,0,0,0,0,0,0,0,0,0,0,0,0,0,0,0,0,0,0,0,0,0,0,0,0,0,0,0.65383,0,0,0,0,0,0,0.05249,0,0,0,0,0,0,0,0,0,0,0,0,0
TMR-2602,,2976,10866,0,0,0,0,0,0,0,0,0,0,0,0,0,0,0,0,0,0,0,0,0,0.0625,0,0,0,0,0,0,0,0,0,0,0,0,0,0,0,0,0,0,0,0,0,0,0,0,0,0,0,0,0,0,0,0,0,0,0
TMR-2603,,930,588,0,0,0,0,0,0,0,0,0,0,0,0,0,0,0,0,0,0.99355,0,0,0,0,0,0,0,0,0,0,0,0,0,0,0,0,0,0,0,0,0,0,0,0,0,0,0,0,0,0,0,0,0,0,0,0,0,0,0
TMR-2604,,4598,910,0,0,0,0.13767,0,0,0,0,0,0,0,0,0,0,0,0,0,0,0,0,0,0,0,0,0,0,0,0,0,0,0,0,0,0,0,0,0.73641,0,0,0,0.9033,0,0,0,0,0,0,0,0,0,0,0,0,0,0,0,0
TMR-2605,,6309,2517,0,0,0,0,0,0,0,0,0,0,0,0,0,0,0,0,0,0,0,0,0,0,0,0,0,0,0,0,0,0,0,0,0,0,0,0,0.8789,0,0,0,0.45411,0,0,0,0,0,0,0,0,0,0,0,0,0,0,0,0
TMR-2606,,2247,4041,0,0,0,0.07833,0,0,0,0,0,0,0,0,0,0,0,0,0,0.01291,0,0,0,0,0,0,0,0,0,0,0,0,0,0,0,0,0,0,0.06631,0,0,0,0.35387,0,0,0.01114,0,0,0,0,0,0,0,0,0,0,0,0,0
TMR-2607,,1990,4937,0,0,0,0,0,0,0,0,0,0,0,0,0,0,0,0,0,0,0,0,0,0.03065,0,0,0,0,0,0,0,0,0,0,0,0,0,0,0.54573,0,0,0,0,0,0,0,0,0,0,0,0,0,0,0,0,0,0,0,0
TMR-2609,,1880,3026,0,0,0,0,0,0,0,0,0,0,0,0,0,0,0,0,0,0.38883,0,0,0,0,0,0,0,0,0,0,0,0,0,0,0,0,0,0,0.4367,0,0,0,0.16292,0,0,0,0,0,0,0,0,0,0,0,0,0,0,0,0
TMR-2610,,2058,4786,0,0,0,0,0,0,0,0,0,0,0,0,0,0,0,0,0,0.32847,0,0,0,0,0,0,0,0,0,0,0,0,0,0,0,0,0,0,0.20262,0,0,0,0,0,0,0.03051,0,0,0,0,0,0,0,0,0,0,0,0,0
TMR-2611,,2164,1023,0,0,0,0.0134,0,0,0,0,0,0,0,0,0,0,0,0,0,0,0,0,0,0.19871,0,0,0,0,0,0,0,0,0,0,0,0,0,0,0.42745,0,0,0,0.4565,0,0,0.12708,0,0,0,0,0,0,0,0,0,0,0,0,0
TMR-2612,,6905,1660,0,0,0,0,0,0,0,0,0,0,0,0,0,0,0,0,0,0,0,0,0,0,0,0,0,0,0,0,0,0,0,0,0,0,0,0,0.91079,0,0,0,0,0,0,0,0,0,0,0,0,0,0,0,0,0,0,0,0
TMR-2613,,3100,1024,0,0,0,0,0,0,0,0,0,0,0,0,0,0,0,0,0,0.03613,0,0,0,0,0,0,0,0,0,0,0,0,0,0,0,0,0,0,0.20774,0,0,0,0,0,0,0,0,0,0,0,0,0,0,0,0,0,0,0,0
TMR-2614,,3831,1322,0,0,0,0,0,0,0,0,0,0,0,0,0,0,0,0,0,0,0,0,0,0,0,0,0,0,0,0,0,0,0,0,0,0,0,0,0.72723,0,0,0,0,0,0,0,0,0,0,0,0,0,0,0,0,0,0,0,0
TMR-2615,,5330,5509,0,0,0,0,0,0,0,0.18818,0,0,0,0,0,0,0,0,0,0,0,0,0,0,0,0,0,0,0,0,0,0,0,0,0,0,0,0,0.45516,0,0,0,0,0,0,0.09602,0,0,0,0,0,0,0,0,0,0,0,0,0
TMR-2616,,8352,5611,0,0,0,0.01988,0,0,0,0,0,0,0,0,0,0,0,0,0,0.30041,0,0,0,0.02143,0,0,0,0,0,0,0,0,0,0,0,0,0,0,0.15697,0,0,0,0.20228,0,0,0.02353,0,0,0,0,0,0,0,0,0,0,0,0,0
TMR-2617,,4548,3893,0,0,0,0,0,0,0,0,0,0,0,0,0,0,0,0,0,0,0,0,0,0,0,0,0,0,0,0,0,0,0,0,0,0,0,0,0.49406,0,0,0,0,0,0,0,0,0,0,0,0,0,0,0,0,0,0,0,0
TMR-2618,,5511,3531,0,0,0,0.01923,0,0,0,0,0,0,0,0,0,0,0,0,0,0,0,0,0,0,0,0,0,0,0,0,0,0,0,0,0,0,0,0,0.72764,0,0,0,0.31124,0,0,0,0,0,0,0,0,0,0,0,0,0,0,0,0
TMR-2620,,3982,3300,0,0,0,0.10422,0,0,0,0,0,0,0,0,0,0,0,0,0,0,0,0,0,0,0,0,0,0,0,0,0,0,0,0,0,0,0,0,0.17604,0,0,0,0.12273,0,0,0,0.05909,0,0,0,0,0,0,0,0,0,0,0,0
TMR-2621,,8106,3552,0,0,0,0,0,0,0,0,0,0,0,0,0,0,0,0,0,0,0,0,0,0,0,0,0,0,0,0,0,0,0,0,0,0,0,0,0.80952,0,0,0,0,0,0,0,0,0,0,0,0,0,0,0,0,0,0,0,0
TMR-2622,,3005,2424,0,0,0,0.33178,0,0,0,0.01098,0,0,0,0,0,0,0,0,0,0,0,0,0,0.01032,0,0,0,0,0,0,0,0,0,0,0,0,0,0,0,0,0,0,0.85809,0,0,0.04373,0,0,0,0,0,0,0,0,0,0,0,0,0
TMR-2623,,3225,3383,0,0,0,0.1262,0,0,0,0,0,0,0,0,0,0,0,0,0,0,0,0,0,0,0,0,0,0,0,0,0,0,0,0,0,0,0,0,0,0,0,0,0.21785,0,0,0.0204,0,0,0,0,0,0,0,0,0,0,0,0,0
TMR-2624,,3527,2724,0,0,0,0.32747,0,0,0,0,0,0,0,0,0,0,0,0,0,0,0,0,0,0,0,0,0,0,0,0,0,0,0,0,0,0,0,0,0,0,0,0,0.21219,0,0,0,0,0,0,0,0,0,0,0,0,0,0,0,0
TMR-2630,,3604,3600,0,0,0,0,0,0,0,0.01609,0,0,0,0,0,0,0,0,0,0,0,0,0,0.78468,0,0,0,0,0,0,0,0,0,0,0,0,0,0,0,0,0,0,0,0,0,0.13917,0,0,0,0,0,0,0,0,0,0,0,0,0
TMR-2631,,990,5099,0,0,0,0,0,0,0,0,0,0,0,0,0,0,0,0,0,0,0,0,0,0.04747,0,0,0,0,0,0,0,0,0,0,0,0,0,0,0.34646,0,0,0,0,0,0,0,0,0,0,0,0,0,0,0,0,0,0,0,0
TMR-2632,,4518,4836,0,0,0,0,0,0,0,0,0,0,0,0,0,0,0,0,0,0,0,0,0,0,0,0,0,0,0,0,0,0,0,0,0,0,0,0,0.84086,0,0,0,0,0,0,0.06245,0,0,0,0,0,0,0,0,0,0,0,0,0
TMR-2633,,4366,3309,0,0,0,0,0,0,0,0,0,0,0,0,0,0,0,0,0,0,0,0,0,0,0,0,0,0,0.63468,0,0,0,0,0,0,0,0,0,0.01031,0,0,0,0,0,0,0.01239,0,0,0,0,0,0,0,0,0,0,0,0,0
TMR-2634,,7497,2905,0,0,0,0,0,0,0,0,0,0,0,0,0,0,0,0,0,0.91983,0,0,0,0,0,0,0,0,0,0,0,0,0,0,0,0,0,0,0,0,0,0,0.51497,0,0,0,0,0,0,0,0,0,0,0,0,0,0,0,0
TMR-2642,,3810,4657,0,0,0,0,0,0,0,0,0,0,0,0,0,0,0,0,0,0,0,0,0,0.36745,0,0,0,0,0,0,0,0,0,0,0,0,0,0,0,0,0,0,0,0,0,0,0,0,0,0,0,0,0,0,0,0,0,0,0
TMR-2643,,8068,8849,0,0,0,0,0,0,0,0,0,0,0,0,0,0,0,0,0,0,0,0,0,0,0,0,0,0,0,0,0,0,0,0,0,0,0,0,0.45017,0,0,0,0,0,0,0,0,0,0,0,0,0,0,0,0,0,0,0,0
TMR-2644,,2085,3285,0,0,0,0,0,0,0,0.02494,0,0,0,0,0,0,0,0,0,0,0,0,0,0,0,0,0,0,0,0,0,0,0,0,0,0,0,0,0,0,0,0,0,0,0,0,0,0,0,0,0,0,0,0,0,0,0,0,0
TMR-2645,,4822,2993,0,0,0,0,0,0,0,0,0,0,0,0,0,0,0,0,0,0,0,0,0,0,0,0,0,0,0,0,0,0,0,0,0,0,0,0,0.31273,0,0,0,0,0,0,0,0,0,0,0,0,0,0,0,0,0,0,0,0
TMR-2646,,595,2353,0,0,0,0,0,0,0,0,0,0,0,0,0,0,0,0,0,0,0,0,0,0,0,0,0,0,0,0,0,0,0,0,0,0,0,0,1,0,0,0,0,0,0,0,0,0,0,0,0,0,0,0,0,0,0,0,0
TMR-2650,,3528,5311,0,0,0,0,0,0,0,0,0,0,0,0,0,0,0,0,0,0,0,0,0,0,0,0,0,0,0,0,0,0,0,0,0,0,0,0,0,0,0,0,0,0,0,0,0,0,0,0,0,0,0,0,0,0,0,0,0
TMR-2651,,2235,3299,0,0,0,0,0,0,0,0,0,0,0,0,0,0,0,0,0,0,0,0,0,0.44385,0,0,0,0,0,0,0,0,0,0,0,0,0,0,0.01029,0,0,0,0,0,0,0,0,0,0,0,0,0,0,0,0,0,0,0,0
TMR-2652,,6486,5311,0,0,0,0,0,0,0,0,0,0,0,0,0,0,0,0,0,0,0,0,0,0,0,0,0,0,0,0,0,0,0,0,0,0,0,0,0.81021,0,0,0,0,0,0,0.01431,0,0,0,0,0,0,0,0,0,0,0,0,0
TMR-2659,,1128,2009,0,0,0,0,0,0,0,0,0,0,0,0,0,0,0,0,0,0,0,0,0,0,0,0,0,0,0,0,0,0,0,0,0,0,0,0,0,0,0,0,0,0,0,0,0,0,0,0,0,0,0,0,0,0,0,0,0
TMR-2660,,3972,4981,0,0,0,0,0,0,0,0,0,0,0,0,0,0,0,0,0,0.26083,0,0,0,0,0,0,0,0,0,0,0,0,0,0,0,0,0,0,0,0,0,0,0,0,0,0,0,0,0,0,0,0,0,0,0,0,0,0,0
TMR-2661,,4109,1320,0,0,0,0,0,0,0,0,0,0,0,0,0,0,0,0,0,0.46435,0,0,0,0,0,0,0,0,0.05938,0,0,0,0,0,0,0,0,0,0,0,0,0,0,0,0,0.03788,0,0,0,0,0,0,0,0,0,0,0,0,0
TMR-2662,,3671,3211,0,0,0,0,0,0,0,0,0,0,0,0,0,0,0,0,0,0,0,0,0,0,0,0,0,0,0,0,0,0,0,0,0,0,0,0,0,0,0,0,0,0,0,0,0,0,0,0,0,0,0,0,0,0,0,0,0
TMR-2666,,6240,5040,0,0,0,0,0,0,0,0,0,0,0,0,0,0,0,0,0,0,0,0,0,0,0,0,0,0,0,0,0,0,0,0,0,0,0,0,0,0,0,0,0,0,0,0,0,0,0,0,0,0,0,0,0,0,0,0,0
TMR-2667,,7170,5032,0,0,0,0,0,0,0,0,0,0,0,0,0,0,0,0,0,0,0,0,0,0,0,0,0,0,0,0,0,0,0,0,0,0,0,0,0,0,0,0,0,0,0,0,0,0,0,0,0,0,0,0,0,0,0,0,0
TMR-2668,,4546,3636,0,0,0,0,0,0,0,0,0,0,0,0,0,0,0,0,0,0,0,0,0,0,0,0,0,0,0.57633,0,0,0,0,0,0,0,0,0,0,0,0,0,0,0,0,0,0,0,0,0,0,0,0,0,0,0,0,0,0
TMR-2670,,5239,3786,0,0,0,0,0,0,0,0,0,0,0,0,0,0,0,0,0,0,0,0,0,0.03932,0,0,0,0,0,0,0,0,0,0,0,0,0,0,0,0,0,0,0,0,0,0,0,0,0,0,0,0,0,0,0,0,0,0,0
TMR-2671,,2621,3824,0,0,0,0,0,0,0,0,0,0,0,0,0,0,0,0,0,0,0,0,0,0,0,0,0,0,0,0,0,0,0,0,0,0,0,0,0,0,0,0,0,0,0,0,0,0,0,0,0,0,0,0,0,0,0,0,0
TMR-2672,,3459,6325,0,0,0,0,0,0,0,0.0159,0,0,0,0,0,0,0,0,0,0,0,0,0,0.17259,0,0,0,0,0.08702,0,0,0,0,0,0,0,0,0,0,0,0,0,0,0,0,0.01265,0,0,0,0,0,0,0,0,0,0,0,0,0
TMR-2673,,3803,3249,0,0,0,0,0,0,0,0,0,0,0,0,0,0,0,0,0,0,0,0,0,0,0,0,0,0,0,0,0,0,0,0,0,0,0,0,0,0,0,0,0,0,0,0,0,0,0,0,0,0,0,0,0,0,0,0,0
TMR-2674,,5236,3346,0,0,0.02655,0,0,0,0,0,0,0,0,0,0,0,0,0,0,0.39515,0,0,0,0,0,0,0,0.01604,0.03094,0,0,0,0,0,0,0,0,0,0,0,0,0,0,0,0,0,0,0,0,0,0,0,0,0,0,0,0,0,0
TMR-2675,,6844,2775,0,0,0,0,0,0,0,0,0,0,0,0,0,0,0,0,0,0.02908,0,0,0,0,0,0,0,0,0,0,0,0,0,0,0,0,0,0,0,0,0,0,0,0,0,0,0,0,0,0,0,0,0,0,0,0,0,0,0
TMR-2676,,4354,992,0,0,0,0,0,0,0,0,0,0,0,0,0,0,0,0,0,0,0,0,0,0,0,0,0,0,0,0,0,0,0,0,0,0,0,0,0,0,0,0,0,0,0,0,0,0,0,0,0,0,0,0,0,0,0,0,0
TMR-2683,,2357,1132,0,0,0,0,0,0,0,0,0,0,0,0,0,0,0,0,0,0,0,0,0,0,0,0,0,0,0,0,0,0,0,0,0,0,0,0,0,0,0,0,0,0,0,0,0,0,0,0,0,0,0,0,0,0,0,0,0
TMR-2684,,3295,2401,0,0,0,0,0,0,0,0,0,0,0,0,0,0,0,0,0,0,0.01517,0,0,0,0,0,0,0,0,0,0,0,0,0,0,0,0,0,0,0,0,0,0,0,0,0,0,0,0,0,0,0,0,0,0,0,0,0,0
TMR-2685,,1592,252,0,0,0,0,0,0,0,0,0,0,0,0,0,0,0,0,0,0,0,0,0,0.02638,0,0,0,0,0,0,0,0,0,0,0,0,0,0,0,0,0,0,0,0,0,0,0,0,0,0,0,0,0,0,0,0,0,0,0
TMR-2691,,4343,101,0,0,0,0,0,0,0,0,0,0,0,0,0,0,0,0,0,0,0,0,0,0,0,0,0,0,0,0,0,0,0,0,0,0,0,0,0,0,0,0,0,0,0,0,0,0,0,0,0,0,0,0,0,0,0,0,0
TMR-2694,,813,69,0,0,0,0,0,0,0,0,0,0,0,0,0,0,0,0,0,0,0,0,0,0,0,0,0,0,0,0,0,0,0,0,0,0,0,0,0,0,0,0,0,0,0,0,0,0,0,0,0,0,0,0,0,0,0,0,0
TMR-2695,,1458,85,0,0,0,0,0,0,0,0,0,0,0,0,0,0,0,0,0,0,0,0,0,0,0,0,0,0,0,0,0,0,0,0,0,0,0,0,0,0,0,0,0,0,0,0,0,0,0,0,0,0,0,0,0,0,0,0,0
TMR-2696,,5506,2988,0,0,0,0,0,0,0,0,0,0,0,0,0,0,0,0,0,0.08427,0,0,0,0,0,0,0,0,0,0,0,0,0,0,0,0,0,0,0.45786,0,0,0,0,0,0,0,0,0,0,0,0,0,0,0,0,0,0,0,0
TMR-2703,,3372,2105,0,0,0,0,0,0,0,0.01928,0,0,0,0,0,0,0,0,0,0.08689,0,0,0,0,0,0,0,0,0.12811,0,0,0,0,0,0,0,0,0,0.14116,0,0,0,0,0,0,0.21663,0,0,0,0,0,0,0,0,0,0,0,0,0
TMR-2704,,2445,1205,0,0,0,0,0,0,0,0,0,0,0,0,0,0,0,0,0,0,0,0,0,0,0,0,0,0,0.02372,0,0,0,0,0,0,0,0,0,0.82086,0,0,0,0,0,0,0,0,0,0,0,0,0,0,0,0,0,0,0,0
TMR-2705,,5202,1870,0,0,0,0,0,0,0,0,0,0,0,0,0,0,0,0,0,0,0,0,0,0,0,0,0,0,0,0,0,0,0,0,0,0,0,0,0.7945,0,0,0,0.02139,0,0,0,0,0,0,0,0,0,0,0,0,0,0,0,0
TMR-2706,,14514,6209,0,0,0,0,0,0,0,0,0,0,0,0,0,0,0,0,0,0,0,0,0,0,0,0,0,0,0,0,0,0,0,0,0,0,0,0,0.85573,0,0,0,0,0,0,0,0,0,0,0,0,0,0,0,0,0,0,0,0
TMR-2707,,6274,3573,0,0,0,0,0,0,0,0,0,0,0,0,0,0,0,0,0,0.62815,0,0,0,0,0,0,0,0,0.06519,0,0,0,0.08894,0,0,0,0,0,0,0,0,0,0,0,0,0,0,0,0,0,0,0,0,0,0,0,0,0,0
TMR-2708,,4952,2124,0,0,0,0,0,0,0,0,0,0,0,0,0,0,0,0,0,0,0,0,0,0,0,0,0,0,0.02383,0,0,0,0,0,0,0,0,0,0.80614,0,0,0,0.72128,0,0,0,0,0,0,0,0,0,0,0,0,0,0,0,0
TMR-2709,,5016,3147,0,0,0,0.01635,0,0,0,0,0,0,0,0,0,0,0,0,0,0.42026,0,0,0,0,0,0,0,0,0,0,0,0,0,0,0,0,0,0,0.08393,0,0,0,0.09374,0,0,0,0,0,0,0,0,0,0,0,0,0,0,0,0
TMR-2710,,10994,4045,0,0,0,0,0,0,0,0.0352,0,0,0,0,0,0,0,0,0,0,0,0,0,0.05539,0,0,0.02647,0,0,0,0,0,0,0.03084,0,0,0,0,0.57131,0,0,0,0,0,0,0.23956,0,0,0,0,0,0,0,0,0,0,0,0,0
TMR-2711,,5485,6856,0,0,0,0,0,0,0,0,0,0,0,0,0,0,0,0,0,0,0,0,0,0.01477,0,0,0,0,0,0,0,0,0,0,0,0,0,0,0.09717,0,0,0,0,0,0,0,0,0,0,0,0,0,0,0,0,0,0,0,0
TMR-2712,,4700,3213,0,0,0,0,0,0,0,0,0,0,0,0,0,0,0,0,0,0,0,0,0,0.01191,0,0,0,0,0,0,0,0,0,0,0,0,0,0,0.5417,0,0,0,0,0,0,0,0,0,0,0,0,0,0,0,0,0,0,0,0
TMR-2717,,4536,5779,0,0,0,0,0,0,0,0,0,0,0,0,0,0.11155,0,0,0,0,0,0,0,0,0,0,0,0,0,0,0,0,0,0,0,0,0,0,0,0,0,0,0,0,0,0,0,0,0,0,0,0,0,0,0,0,0,0,0
TMR-2718,,4037,6458,0,0,0,0.78474,0,0,0,0,0,0,0,0,0,0.01214,0,0,0,0,0,0,0,0,0,0,0,0,0,0,0,0,0,0.05623,0,0,0,0,0,0,0,0,0.74311,0,0,0,0,0,0,0,0,0,0,0,0,0,0,0,0
TMR-2719,,8156,5979,0,0,0,0.16,0,0,0,0,0,0,0,0,0,0,0,0,0,0,0,0,0,0,0,0,0,0,0,0,0,0,0,0,0,0,0,0,0.61525,0,0,0,0.78324,0,0,0,0,0,0,0,0,0,0,0,0,0,0,0,0
TMR-2720,,4539,2335,0,0,0,0.026,0,0,0,0,0,0,0,0,0,0,0,0,0,0,0,0,0,0,0,0,0,0,0,0,0,0,0,0,0,0,0,0,0.59308,0,0,0,0.15289,0,0,0,0,0,0,0,0,0,0,0,0,0,0,0,0
TMR-2721,,6093,4432,0,0,0,0,0,0,0,0,0,0,0,0,0,0,0,0,0,0,0,0,0,0,0,0,0,0,0,0,0,0,0,0,0,0,0,0,0.77138,0,0,0,0,0,0,0,0,0,0,0,0,0,0,0,0,0,0,0,0
TMR-2722,,14687,3015,0,0,0,0,0,0,0,0,0,0,0,0,0,0,0,0,0,0,0,0,0,0,0,0,0,0,0,0,0,0,0,0,0,0,0,0,0.02798,0,0,0,0,0,0,0,0,0,0,0,0,0,0,0,0,0,0,0,0
TMR-2723,,5336,3587,0,0,0,0,0,0,0,0.04198,0,0,0,0,0,0,0,0,0,0.25937,0,0,0,0,0,0,0,0,0,0,0,0,0,0,0,0,0,0,0.2277,0,0,0,0,0,0,0,0,0,0,0,0,0,0,0,0,0,0,0,0
TMR-2724,,3321,1023,0,0,0,0,0,0,0,0,0,0,0,0,0,0,0,0,0,0,0,0,0,0,0,0,0,0,0,0,0,0,0,0,0,0,0,0,0,0,0,0,0,0,0,0,0,0,0,0,0,0,0,0,0,0,0,0,0
TMR-2725,,4982,4335,0,0,0,0,0,0,0,0,0,0,0,0,0,0,0,0,0,0.22481,0,0,0,0,0,0,0,0,0,0,0,0,0,0,0,0,0,0,0.14572,0,0,0,0,0,0,0,0,0,0,0,0,0,0,0,0,0,0,0,0
TMR-2726,,6273,3859,0,0,0,0,0,0,0,0,0,0,0,0,0,0,0,0,0,0.02806,0,0,0,0,0,0,0,0,0,0,0,0,0,0,0,0,0,0,0.76901,0,0,0,0,0,0,0,0,0,0,0,0,0,0,0,0,0,0,0,0
TMR-2733,,8263,4336,0,0,0,0,0,0,0,0,0,0,0,0,0,0,0,0,0,0,0,0,0,0,0,0,0,0,0,0,0,0,0,0,0,0,0,0,0,0,0,0,0,0,0,0,0,0,0,0,0,0,0,0,0,0,0,0,0
TMR-2736,,6574,4041,0,0,0,0,0,0,0,0,0,0,0,0,0,0,0,0,0,0,0,0,0,0,0,0,0,0,0,0,0,0,0,0,0,0,0,0,0.68451,0,0,0,0,0,0,0,0,0,0,0,0,0,0,0,0,0,0,0,0
TMR-2737,,7534,2343,0,0,0,0,0,0,0,0.0661,0,0.07446,0,0,0,0,0,0,0,0,0,0,0,0,0,0,0,0,0,0,0,0,0,0,0,0,0,0,0,0,0,0,0,0,0,0.11908,0,0,0,0,0,0,0,0,0,0,0,0,0
TMR-2738,,5179,649,0,0,0,0,0,0,0,0,0,0,0,0,0,0,0,0,0,0,0,0,0,0,0,0,0,0,0,0,0,0,0,0,0,0,0,0,0.82931,0,0,0,0,0,0,0,0,0,0,0,0,0,0,0,0,0,0,0,0
TMR-2739,,3667,4644,0,0,0,0,0,0,0,0,0,0,0,0,0,0,0,0,0,0,0,0,0,0,0,0,0,0,0,0,0,0,0,0,0,0,0,0,0.70739,0,0,0,0.0407,0,0,0.01292,0,0,0,0,0,0,0,0,0,0,0,0,0
TMR-2740,,2961,74,0,0,0,0,0,0,0,0,0,0,0,0,0,0,0,0,0,0.65721,0,0,0,0,0,0,0,0,0.01114,0,0,0,0,0,0,0,0,0,0,0,0,0,0,0,0,0.05405,0,0,0,0,0,0,0,0,0,0,0,0,0
TMR-2741,,6938,3677,0,0,0,0,0,0,0,0,0,0,0,0,0,0,0,0,0,0,0,0,0,0,0,0,0,0,0,0,0,0,0,0,0,0,0,0,0.46397,0,0,0,0,0,0,0,0,0,0,0,0,0,0,0,0,0,0,0,0
TMR-2742,,3413,3961,0,0,0,0.01172,0,0,0,0,0,0,0,0,0,0,0,0,0,0.09493,0,0,0,0,0,0,0,0,0.03252,0,0,0,0,0,0,0,0,0,0.27688,0,0,0,0.04393,0,0,0,0,0,0,0,0,0,0,0,0,0,0,0,0
TMR-2743,,2246,1850,0,0,0,0,0,0,0,0,0,0,0,0,0,0,0,0,0,0,0,0,0,0,0,0,0,0,0.01113,0,0,0,0,0,0,0,0,0,0.63891,0,0,0,0,0,0,0,0,0,0,0,0,0,0,0,0,0,0,0,0
TMR-2744,,9192,8395,0,0,0,0.54504,0,0,0,0,0,0,0,0,0,0,0,0,0,0,0,0,0,0,0,0,0,0,0,0,0,0,0,0,0,0,0,0,0.0136,0,0,0,0.61251,0,0,0,0,0,0,0,0,0,0,0,0,0,0,0,0
TMR-2745,,14374,1381,0,0,0,0,0,0,0,0,0,0,0,0,0,0,0,0,0,0,0,0,0,0,0,0,0,0,0,0,0,0,0,0,0,0,0,0,0.66579,0,0,0,0,0,0,0,0,0,0,0,0,0,0,0,0,0,0,0,0
TMR-2746,,15749,4016,0,0,0,0,0,0,0,0,0,0,0,0,0,0,0,0,0,0,0,0,0,0.03562,0,0,0,0,0,0,0,0,0,0,0,0,0,0,0,0,0,0,0,0,0,0,0,0,0,0,0,0,0,0,0,0,0,0,0
TMR-2747,,4568,1908,0,0,0,0,0,0,0,0,0,0,0,0,0,0,0,0,0,0,0,0,0,0,0,0,0,0,0,0,0,0,0,0,0,0,0,0,0.18783,0,0,0,0,0,0,0,0,0,0,0,0,0,0,0,0,0,0,0,0
TMR-2748,,2298,759,0,0,0,0.02306,0,0,0,0,0,0,0,0,0,0,0,0,0,0.01262,0,0,0,0.01175,0,0,0,0.01915,0.31158,0,0,0,0,0,0,0,0,0,0.34378,0,0,0,0.14888,0,0,0,0,0,0,0,0,0,0,0,0,0,0,0,0
TMR-2749,,8058,2635,0,0,0,0,0,0,0,0,0,0,0,0,0,0,0,0,0,0.02147,0,0,0,0,0,0,0,0,0,0,0,0,0,0,0,0,0,0,0.3378,0,0,0,0,0,0,0,0,0,0,0,0,0,0,0,0,0,0,0,0
TMR-2751,,4934,2769,0,0,0,0,0,0,0,0,0,0,0,0,0,0.23166,0,0,0,0,0,0,0,0,0,0,0,0,0,0,0,0,0,0,0,0,0,0,0.01094,0,0,0,0.04298,0,0,0,0,0,0,0,0,0,0,0,0,0,0,0,0
TMR-2754,,6727,3335,0,0,0,0,0,0,0,0,0,0,0,0,0,0,0,0,0,0,0,0,0,0,0,0,0,0,0,0,0,0,0,0,0,0,0,0,0.74684,0,0,0,0,0,0,0,0,0,0,0,0,0,0,0,0,0,0,0,0
TMR-2755,,7642,1047,0,0,0,0,0,0,0,0.03127,0,0,0,0,0,0,0,0,0,0.07249,0,0,0,0.04815,0,0,0,0,0.01714,0,0,0,0,0,0,0,0,0,0,0,0,0,0,0,0,0,0,0,0,0,0,0,0,0,0,0,0,0,0
TMR-2756,,9640,925,0,0,0,0.09834,0,0,0,0,0,0,0,0,0,0,0,0,0,0,0,0,0,0,0,0,0,0,0,0,0,0,0,0,0,0,0,0,0.56473,0,0,0,0.54595,0,0,0,0,0,0,0,0,0,0,0,0,0,0,0,0
TMR-2757,,10698,1229,0,0,0,0,0,0,0,0.01524,0,0,0,0,0,0,0,0,0,0,0,0,0,0,0,0,0,0,0,0,0,0,0,0,0,0,0,0,0.55356,0,0,0,0,0,0,0,0,0,0,0,0,0,0,0,0,0,0,0,0
TMR-2758,,5057,1314,0,0,0,0,0,0,0,0,0,0,0,0,0,0,0,0,0,0,0,0,0,0,0,0,0,0,0,0,0,0,0,0,0,0,0,0,0.80324,0,0,0,0,0,0,0.07991,0,0,0,0,0,0,0,0,0,0,0,0,0
TMR-2759,,1540,1518,0,0,0,0,0,0,0,0,0,0,0,0,0,0,0,0,0,0.01234,0,0,0,0,0,0,0,0,0,0,0,0,0,0,0,0,0,0,0.30519,0,0,0,0,0,0,0,0,0,0,0,0,0,0,0,0,0,0,0,0
TMR-2762,,4445,6035,0,0,0,0,0,0,0,0.0108,0,0,0,0,0,0.01057,0,0,0,0,0,0,0,0,0,0,0,0,0,0,0,0,0,0,0,0,0,0,0,0,0,0,0,0,0,0,0,0,0,0,0,0,0,0,0,0,0,0,0
TMR-2764,,1790,4364,0,0,0,0,0,0,0,0,0,0,0,0,0,0,0,0,0,0.03128,0,0,0,0,0,0,0,0,0,0,0,0,0,0,0,0,0,0,0.05698,0,0,0,0,0,0,0,0,0,0,0,0,0,0,0,0,0,0,0,0
TMR-2765,,4475,3800,0,0,0.01095,0,0,0,0,0,0,0,0,0,0,0,0,0,0,0.24,0,0,0,0,0,0,0,0,0,0,0,0,0,0,0,0,0,0,0.01587,0,0,0,0,0,0,0,0,0,0,0,0,0,0,0,0,0,0,0,0
TMR-2766,,9030,1348,0,0,0,0,0,0,0,0,0,0,0,0,0,0,0,0,0,0,0,0,0,0,0,0,0,0,0,0,0,0,0,0,0,0,0,0,0.52503,0,0,0,0,0,0,0,0,0,0,0,0,0,0,0,0,0,0,0,0
TMR-2769,,6444,1430,0,0,0,0,0,0,0,0,0,0,0,0,0,0,0,0,0,0,0,0,0,0,0,0,0,0,0,0,0,0,0,0,0,0,0,0,0.44522,0,0,0,0,0,0,0,0,0,0,0,0,0,0,0,0,0,0,0,0
TMR-2770,,753,962,0,0,0,0,0,0,0,0,0,0,0,0,0,0,0,0,0,0.0239,0,0,0,0,0,0,0,0.01461,0.01461,0,0,0,0,0,0,0,0,0,0.54582,0,0,0,0,0,0,0,0,0,0,0,0,0,0,0,0,0,0,0,0
TMR-2771,,766,1464,0,0,0,0,0,0,0,0,0,0,0,0,0,0,0,0,0,0,0,0,0,0,0,0,0.0235,0,0,0,0,0,0,0,0,0,0,0,0,0,0,0,0.9918,0,0,0,0,0,0,0,0,0,0,0,0,0,0,0,0
TMR-2772,,3808,1322,0,0,0,0,0,0,0,0,0,0,0,0,0,0,0,0,0,0,0,0,0,0,0,0,0,0,0,0,0.12395,0,0,0,0,0,0,0,0,0,0,0,0,0,0,0,0,0,0,0,0,0,0,0,0,0,0,0,0
TMR-2773,,1311,845,0,0,0,0,0,0,0,0,0,0,0,0,0,0,0,0,0,0,0,0,0,0,0,0,0,0,0,0,0,0,0,0,0,0,0,0,0,0,0,0,0.28284,0,0,0.03314,0,0,0,0,0,0,0,0,0,0,0,0,0
TMR-2774,,6705,941,0,0,0,0,0,0,0,0,0,0,0,0,0,0,0,0,0,0,0,0,0,0,0,0,0,0,0,0,0,0,0,0,0,0,0,0,0,0,0,0,0.05101,0,0,0,0.08395,0,0,0,0,0,0,0,0,0,0,0,0
TMR-2779,,684,4353,0,0,0,0,0,0,0,0,0,0,0,0,0,0,0,0,0,0,0,0,0,0,0,0,0,0,0,0,0,0,0,0,0,0,0,0,0.20614,0,0,0,0,0,0,0,0,0,0,0,0,0,0,0,0,0,0,0,0
TMR-2780,,1860,278,0,0,0,0,0,0,0,0,0,0,0,0,0,0,0,0,0,0,0,0,0,0,0,0,0,0,0,0,0,0,0,0,0,0,0,0,0,0,0,0,0.19065,0,0,0,0,0,0,0,0,0,0,0,0,0,0,0,0
TMR-2782,,2133,2063,0,0,0,0,0,0,0,0,0,0,0,0,0,0,0,0,0,0,0,0,0,0,0,0,0,0,0,0,0,0,0,0,0,0,0,0,0.10173,0,0,0,0,0,0,0,0.0126,0,0,0,0,0,0,0,0,0,0,0,0
TMR-2792,,1301,3450,0,0,0,0,0,0,0,0,0,0,0,0,0,0,0,0,0,0.08916,0,0,0,0,0,0,0,0,0,0,0,0,0,0,0,0,0,0,0.90238,0,0,0,0,0,0,0,0.04725,0,0,0,0,0,0,0,0,0,0,0,0
TMR-2793,,4559,3859,0,0,0,0,0,0,0,0,0,0,0,0,0,0,0,0,0,0,0,0,0,0,0,0,0,0,0,0,0,0,0,0,0,0,0,0,0,0,0,0,0.16844,0,0,0,0.03757,0,0,0,0,0,0,0,0,0,0,0,0
TMR-2794,,3647,4,0,0,0,0,0,0,0,0.01563,0,0,0,0,0,0,0,0,0,0,0,0,0,0,0,0,0,0,0,0,0,0,0,0,0,0,0,0,0,0,0,0,1,0,0,0,0,0,0,0,0,0,0,0,0,0,0,0,0
TMR-2795,,1656,2504,0,0,0,0,0,0,0,0,0,0,0,0,0,0,0,0,0,0,0,0,0,0,0,0,0,0,0,0,0.8901,0,0,0,0,0,0,0,0,0,0,0,0.97484,0,0,0,0,0,0,0,0,0,0,0,0,0,0,0,0
TMR-2798,,3109,1215,0,0,0,0,0,0,0,0,0,0,0,0,0,0,0,0,0,0,0,0,0,0,0,0,0,0,0,0,0,0,0,0,0,0,0,0,0,0,0,0,0.40412,0,0,0,0.5572,0,0,0,0,0,0,0,0,0,0,0,0
TMR-2799,,5622,4063,0,0,0.0121,0,0,0,0,0,0,0,0,0,0,0,0,0,0,0,0,0,0,0,0,0,0,0,0,0,0.30505,0,0,0,0,0,0,0,0,0,0,0,0.90426,0,0,0,0.02707,0,0,0,0,0,0,0,0,0,0,0,0
TMR-2800,,2691,3096,0,0,0,0,0,0,0,0,0,0,0,0,0,0,0,0,0,0.01115,0,0,0,0,0,0,0,0,0,0,0,0,0,0,0,0,0,0,0,0,0,0,0.95446,0,0,0,0.02132,0,0,0,0,0,0,0,0,0,0,0,0
TMR-2801,,1208,1826,0,0,0,0,0,0,0,0,0,0,0,0,0,0,0,0,0,0,0,0,0,0,0,0,0,0,0,0,0,0,0,0,0,0,0,0.03063,0,0,0,0,0.76725,0,0,0,0.05203,0,0,0,0,0,0,0,0,0,0,0,0
TMR-2802,,668,4468,0,0,0,0,0,0,0,0,0,0,0,0,0,0,0,0,0,0,0,0,0,0,0,0,0,0,0,0,0,0,0,0,0,0,0,0,0,0,0,0,0,0,0,0,0,0,0,0,0,0,0,0,0,0,0,0,0
TMR-2807,,1623,2893,0,0,0,0,0,0,0,0,0,0,0,0,0,0,0,0,0,0,0,0,0,0,0,0,0,0,0,0,0,0,0,0,0,0,0,0,0.05915,0,0,0,0,0,0,0,0,0,0,0,0,0,0,0,0,0,0,0,0
TMR-2809,,1813,3436,0,0,0,0,0,0,0,0,0,0,0,0,0,0,0,0,0,0,0,0,0,0,0,0,0,0,0,0,0,0,0,0,0,0,0,0,0,0,0,0,0,0,0,0,0,0,0,0,0,0,0,0,0,0,0,0,0
TMR-2810,,3859,2949,0,0,0.36512,0,0,0,0,0.07567,0,0,0,0,0,0,0,0,0,0,0,0,0,0,0,0,0,0,0,0,0,0,0,0,0,0,0,0,0.01477,0,0,0,0,0,0,0.20651,0,0,0,0,0,0,0,0,0,0,0,0,0
TMR-2811,,2806,2710,0,0,0,0,0,0,0,0,0,0,0,0,0,0,0,0,0,0,0,0,0,0,0,0,0,0,0,0,0,0,0,0,0,0,0,0,0.67819,0,0,0,0,0,0,0,0,0,0,0,0,0,0,0,0,0,0,0,0
TMR-2812,,1927,2278,0,0,0,0,0,0,0,0,0,0,0,0,0,0,0,0,0,0,0,0,0,0,0,0,0,0,0,0,0,0,0,0,0,0,0,0,0,0,0,0,0,0,0,0,0,0,0,0,0,0,0,0,0,0,0,0,0
TMR-2819,,5697,2121,0,0,0,0,0,0,0,0,0,0,0,0,0,0,0,0,0,0,0,0,0,0,0,0,0,0,0,0,0,0,0,0,0,0,0,0,0,0,0,0,0,0,0,0,0,0,0,0,0,0,0,0,0,0,0,0,0
TMR-2820,,2084,259,0,0,0,0,0,0,0,0,0,0,0,0,0,0,0,0,0,0,0,0,0,0,0,0,0,0,0,0,0,0,0,0,0,0,0,0,0,0,0,0,0,0,0,0,0,0,0,0,0,0,0,0,0,0,0,0,0
TMR-2821,,1062,2442,0,0,0,0,0,0,0,0,0,0,0,0,0,0,0,0,0,0,0,0,0,0,0,0,0,0,0,0,0,0,0,0,0,0,0,0,0.40301,0,0,0,0,0,0,0,0,0,0,0,0,0,0,0,0,0,0,0,0
TMR-2822,,2866,1861,0,0,0,0,0,0,0,0.03594,0,0,0,0,0,0,0,0,0,0,0,0,0,0,0,0,0,0,0,0,0,0,0,0,0,0,0,0,0,0,0,0,0,0,0,0.52069,0,0,0,0,0,0,0,0,0,0,0,0,0
TMR-2824,,1312,10701,0,0,0,0,0,0,0,0,0,0,0,0,0,0,0,0,0,0,0,0,0,0,0,0.58841,0,0,0,0,0,0,0,0,0,0,0,0,0,0,0,0,0,0,0,0,0,0,0,0,0,0,0,0,0,0,0,0,0
TMR-2826,,7926,15462,0,0,0,0,0,0,0,0,0,0,0,0,0,0,0,0,0,0,0,0,0,0,0,0,0,0,0,0,0,0,0,0,0,0,0,0,0,0,0,0,0,0,0,0,0,0,0,0,0,0,0,0,0,0,0,0,0
TMR-2827,,59,193,0,0,0,0,0,0,0,0,0,0,0,0,0,0,0,0,0,0,0,0,0,0,0,0,0,0,0,0,0,0,0,0,0,0,0,0,0,0,0,0,0,0,0,0,0,0,0,0,0,0,0,0,0,0,0,0,0
TMR-2828,,5518,2403,0,0,0,0,0,0,0,0,0,0,0,0,0,0,0,0,0,0.43657,0,0,0,0,0,0,0,0,0.01432,0,0,0,0,0,0,0,0,0,0.15857,0,0,0,0,0,0,0,0,0,0,0,0,0,0,0,0,0,0,0,0
TMR-2829,,3039,361,0,0,0,0,0,0,0,0,0,0,0,0,0,0,0,0,0,0,0,0,0,0,0,0,0,0,0,0,0,0,0,0,0,0,0,0,0.0385,0,0,0,0,0,0,0,0,0,0,0,0,0,0,0,0,0,0,0,0
TMR-2830,,5245,1244,0,0,0,0,0,0,0,0,0,0,0,0,0,0,0,0,0,0.43527,0,0,0,0,0,0,0,0,0,0,0,0,0,0,0,0,0,0,0.38932,0,0,0,0,0.01206,0,0,0.01367,0,0,0,0,0,0,0,0,0,0,0,0
TMR-2831,,1024,1703,0,0,0,0,0,0,0,0,0,0,0,0,0,0,0,0,0,0,0,0,0,0,0,0,0,0,0,0,0,0,0,0,0,0,0,0,0.18457,0,0,0,0,0,0,0,0,0,0,0,0,0,0,0,0,0,0,0,0
TMR-2832,,6498,2575,0,0,0,0,0,0,0,0,0,0,0,0,0,0,0,0,0,0.37227,0,0,0,0,0,0,0,0.07064,0.12219,0,0,0,0,0,0,0,0,0,0.10865,0,0,0,0,0,0,0,0,0,0,0,0,0,0,0,0,0,0,0,0
TMR-2836,,1365,12208,0,0,0,0,0,0,0,0,0,0,0,0,0,0,0,0,0,0,0,0,0,0.81099,0,0,0.02271,0,0,0,0,0,0,0,0,0,0,0,0,0,0,0,0,0,0,0,0,0,0,0,0,0.01089,0,0,0,0,0.16448,0,0
TMR-2839,,7479,13242,0,0,0,0,0,0,0,0,0,0,0,0,0,0,0,0,0,0,0,0,0,0,0,0,0,0,0,0,0,0,0,0,0,0,0,0,0.34015,0,0,0,0,0,0,0,0,0,0,0,0,0,0,0,0,0,0,0,0
TMR-2840,,4604,2043,0,0,0,0,0,0,0,0,0,0,0,0,0,0,0,0,0,0,0,0,0,0,0,0,0,0,0,0,0,0,0,0,0,0,0,0,0.02563,0,0,0,0,0,0,0,0,0,0,0,0,0,0,0,0,0,0,0,0
TMR-2841,,1915,1337,0,0,0,0,0,0,0,0,0,0,0,0,0,0,0,0,0,0.04073,0,0,0,0,0,0,0,0,0,0,0,0,0,0,0,0,0,0,0.9154,0,0,0,0,0,0,0,0,0,0,0,0,0,0,0,0,0,0,0,0
TMR-2844,,12859,295,0,0,0,0,0,0,0,0,0,0,0,0,0,0,0,0,0,0,0,0,0,0,0,0,0,0,0,0,0,0,0,0,0,0,0,0,0.88817,0,0,0,0,0,0,0,0,0,0,0,0,0,0,0,0,0,0,0,0
TMR-2845,,9530,1748,0,0,0,0,0,0,0,0,0,0,0,0,0,0,0,0,0,0,0,0,0,0,0,0,0,0,0,0,0,0,0,0,0,0,0,0,0.81805,0,0,0,0,0,0,0,0,0,0,0,0,0,0,0,0,0,0,0,0
TMR-2846,,948,3521,0,0,0,0,0,0,0,0,0,0,0,0,0,0,0,0,0,0,0,0,0,0,0,0,0,0,0,0,0,0,0,0,0,0,0,0,0,0,0,0,0,0,0,0,0,0,0,0,0,0,0,0,0,0,0,0,0
TMR-2847,,6901,10794,0,0,0,0,0,0,0,0,0,0,0,0,0,0,0,0,0,0,0,0,0,0,0,0,0,0,0,0,0,0,0,0,0,0,0,0,0.61759,0,0,0,0,0,0,0,0,0,0,0,0,0,0,0,0,0,0,0,0
TMR-2852,,3680,4330,0,0,0,0,0,0,0,0,0,0,0,0,0,0,0,0,0,0,0,0,0,0,0,0,0,0,0,0,0,0,0,0,0,0,0,0,0,0,0,0,0,0,0,0,0,0,0,0,0,0,0,0,0,0,0,0,0
TMR-2854,,7278,13346,0,0,0,0,0,0,0,0,0,0,0,0,0,0,0,0,0,0,0,0,0,0,0,0,0,0,0,0,0,0,0,0,0,0,0,0,0.15334,0,0,0,0,0,0,0,0,0,0,0,0,0,0,0,0,0,0,0,0
TMR-2855,,2280,2963,0,0,0,0,0,0,0,0,0,0,0,0,0,0,0,0,0,0,0,0,0,0,0,0,0,0,0,0,0,0,0,0,0,0,0,0,0,0,0,0,0,0,0,0,0,0,0,0,0,0,0,0,0,0,0,0,0
TMR-2856,,4707,5345,0,0,0,0,0,0,0,0,0,0,0,0,0,0,0,0,0,0,0,0,0,0,0,0,0,0,0,0,0,0,0,0,0,0,0,0,0,0,0,0,0,0,0,0,0,0,0,0,0,0,0,0,0,0,0,0,0
TMR-2857,,9364,3420,0,0,0,0,0,0,0,0,0,0,0,0,0,0,0,0,0,0,0,0,0,0,0,0,0,0,0,0,0,0,0,0,0,0,0,0,0,0,0,0,0,0,0,0,0,0,0,0,0,0,0,0,0,0,0,0,0
TMR-2860,,17,76,0,0,0,0,0,0,0,0,0,0,0,0,0,0,0,0,0,0,0,0,0,0,0,0,0,0,0,0,0,0,0,0,0,0,0,0,0,0,0,0,0,0,0,0,0,0,0,0,0,0,0,0,0,0,0,0,0
TMR-2862,,657,3527,0,0,0,0,0,0,0,0,0,0,0,0,0,0,0,0,0,0,0,0,0,0,0,0,0,0,0,0,0,0,0,0,0,0,0,0,0,0,0,0,0,0,0,0,0,0,0,0,0,0,0,0,0,0,0,0,0
TMR-2868,,7596,1284,0,0,0,0,0,0,0,0.25421,0,0,0,0,0,0,0,0,0,0,0,0,0,0,0,0,0,0,0,0,0,0,0,0,0,0,0,0,0,0,0,0,0,0,0,0.28972,0,0,0,0,0,0,0,0,0,0,0,0,0
TMR-2869,,1634,3480,0,0,0,0,0,0,0,0,0,0,0,0,0,0,0,0,0,0,0,0,0,0,0,0,0,0,0,0,0,0,0,0,0,0,0,0,0,0,0,0,0,0,0,0,0,0,0,0,0,0,0,0,0,0,0,0,0
TMR-2876,,3506,3918,0,0,0,0,0,0,0,0,0,0,0,0,0,0,0,0,0,0,0,0,0,0,0,0,0,0,0,0,0,0,0,0,0,0,0,0,0,0,0,0,0,0,0,0,0,0,0,0,0,0,0,0,0,0,0,0,0
TMR-2877,,1315,3123,0,0,0,0,0,0,0,0,0,0,0,0,0,0,0,0,0,0,0,0,0,0,0,0,0,0,0,0,0,0,0,0,0,0,0,0,0,0,0,0,0,0,0,0.06852,0,0,0,0,0,0,0,0,0,0,0,0,0
TMR-2878,,1343,5145,0,0,0,0,0,0,0,0,0,0,0,0,0,0,0,0,0,0,0,0,0,0,0,0,0,0,0,0,0,0,0,0,0,0,0,0,0.98585,0,0,0,0,0,0,0,0,0,0,0,0,0,0,0,0,0,0,0,0
TMR-2879,,861,837,0,0,0,0,0,0,0,0,0,0,0,0,0,0,0,0,0,0,0,0,0,0,0,0,0,0,0,0,0,0,0,0,0,0,0,0,0.10801,0,0,0,0,0,0,0,0,0,0,0,0,0,0,0,0,0,0,0,0
TMR-2880,,5111,1055,0,0,0,0,0,0,0,0,0,0,0,0,0,0,0,0,0,0.02113,0,0,0,0,0,0,0,0,0,0,0,0,0,0,0,0,0,0,0.91372,0,0,0,0,0,0,0,0,0,0,0,0,0,0,0,0,0,0,0,0
TMR-2881,,5938,7245,0,0,0,0,0,0,0,0,0,0,0,0,0,0,0,0,0,0,0,0,0,0,0,0,0,0,0,0,0,0,0,0,0,0,0,0,0,0,0,0,0,0,0,0,0,0,0,0,0,0,0,0,0,0,0,0,0
TMR-2887,,2006,3107,0,0,0,0,0,0,0,0,0,0,0,0,0,0,0,0,0,0,0,0,0,0,0,0,0,0,0,0,0,0,0,0,0,0,0,0,0,0,0,0,0,0,0,0,0,0,0,0,0,0,0,0,0,0,0,0,0
TMR-2888,,7370,2210,0,0,0,0,0,0,0,0,0,0,0,0,0,0,0,0,0,0,0,0,0,0,0,0,0,0,0,0,0,0,0,0,0,0,0,0,0.28915,0,0,0,0,0,0,0,0,0,0,0,0,0,0,0,0,0,0,0,0
TMR-2892,,6315,11952,0,0,0,0,0,0,0,0,0,0,0,0,0,0,0,0,0,0,0,0,0,0,0,0,0,0,0,0,0,0,0,0,0,0,0,0,0,0,0,0,0,0,0,0,0,0,0,0,0,0,0,0,0,0,0,0,0
TMR-2893,,1422,1818,0,0,0,0,0,0,0,0,0,0,0,0,0,0,0,0,0,0,0,0,0,0,0,0,0,0,0,0,0,0,0,0,0,0,0,0,0,0,0,0,0,0,0,0,0.0319,0,0,0,0,0,0,0,0,0,0,0,0
TMR-2894,,6605,3062,0,0,0,0,0,0,0,0,0,0,0,0,0,0.34065,0,0,0,0,0,0,0,0,0,0,0,0,0,0,0,0,0,0,0,0,0,0,0,0,0,0,0,0,0,0,0,0,0,0,0,0,0,0,0,0,0,0,0
TMR-2895,,2973,5338,0,0,0,0,0,0,0,0,0,0,0,0,0,0,0,0,0,0,0,0,0,0,0,0,0,0,0,0,0,0,0,0,0,0,0,0,0,0,0,0,0,0,0,0,0,0,0,0,0,0,0,0,0,0,0,0,0
TMR-2900,,2985,4839,0,0,0,0,0,0,0,0,0,0,0,0,0,0,0,0,0,0,0,0,0,0,0,0,0,0,0,0,0,0,0,0,0,0,0,0,0,0,0,0,0,0,0,0,0,0,0,0,0,0,0,0,0,0,0,0,0
TMR-2901,,3453,3496,0,0,0,0,0,0,0,0,0,0,0,0,0,0,0,0,0,0,0,0,0,0,0,0,0,0,0,0,0,0,0,0,0,0,0,0,0,0,0,0,0,0,0,0,0,0,0,0,0,0,0,0,0,0,0,0,0
TMR-2924,DNA_SHIELD,2334,279,0,0,0,0,0,0,0,0,0,0,0,0,0,0,0,0,0,0.81491,0,0,0,0,0,0,0,0,0,0,0,0,0,0,0,0,0,0,0,0,0,0,0,0,0,0,0,0,0,0,0,0,0,0,0,0,0,0,0
TMR-2924,NAP,5055,13394,0,0,0,0,0,0,0,0,0,0,0,0,0,0,0,0,0,0,0,0,0,0,0,0,0,0,0,0,0,0,0,0,0,0,0,0,0,0,0,0,0,0,0,0,0,0,0,0,0,0,0,0,0,0,0,0,0
TMR-2925,DNA_SHIELD,9064,1036,0,0,0,0,0,0,0,0,0,0,0,0,0,0,0,0,0,0.015,0,0,0,0,0,0,0,0,0,0,0,0,0,0,0,0,0,0,0.93866,0,0,0,0,0,0,0,0,0,0,0,0,0,0,0,0,0,0,0,0
TMR-2925,NAP,8439,391,0,0,0,0,0,0,0,0,0,0,0,0,0,0,0,0,0,0,0,0,0,0,0,0,0,0,0,0,0,0,0,0,0,0,0,0,0.04301,0,0,0,0,0,0,0,0,0,0,0,0,0,0,0,0,0,0,0,0
TMR-2926,DNA_SHIELD,1266,2507,0,0,0,0,0,0,0,0,0,0,0,0,0,0,0,0,0,0,0,0,0,0,0,0,0,0,0,0,0,0,0,0,0,0,0,0,0.89336,0,0,0,0,0,0,0,0,0,0,0,0,0,0,0,0,0,0,0,0
TMR-2926,NAP,129,1993,0,0,0,0,0,0,0,0,0,0,0,0,0,0,0,0,0,0,0,0,0,0,0,0,0,0,0,0,0,0,0,0,0,0,0,0,0.81395,0,0,0,0,0,0,0,0,0,0,0,0,0,0,0,0,0,0,0,0
TMR-2927,DNA_SHIELD,4472,3425,0,0,0,0,0,0,0,0,0,0,0,0,0,0,0,0,0,0,0,0,0,0,0,0,0,0,0,0,0,0,0,0,0,0,0,0,0.82111,0,0,0,0,0,0,0,0,0,0,0,0,0,0,0,0,0,0,0,0
TMR-2927,NAP,13,610,0,0,0,0,0,0,0,0,0,0,0,0,0,0,0,0,0,0,0,0,0,0,0,0,0,0,0,0,0,0,0,0,0,0,0,0,1,0,0,0,0,0,0,0,0,0,0,0,0,0,0,0,0,0,0,0,0
TMR-2928,DNA_SHIELD,2981,10577,0,0,0,0,0,0,0,0,0,0,0,0,0,0,0,0,0,0.1476,0,0,0,0,0,0,0,0.01677,0,0,0,0,0,0,0,0,0,0,0.75243,0,0,0,0,0,0,0,0,0,0,0,0,0,0,0,0,0,0,0,0
TMR-2928,NAP,2613,3730,0,0,0,0,0,0,0,0,0,0,0,0,0,0,0,0,0,0.05205,0,0,0,0,0,0,0,0,0,0,0,0,0,0,0,0,0,0,0.09989,0,0,0,0,0,0,0,0,0,0,0,0,0,0,0,0,0,0,0,0
TMR-2930,,4583,247,0,0,0,0,0,0,0,0,0,0,0,0,0,0,0,0,0,0,0,0,0,0,0,0,0.09557,0,0,0,0,0,0,0,0,0,0,0,0.85119,0,0,0,0,0,0,0,0,0,0,0,0,0,0,0,0,0,0,0,0
TMR-2933,DNA_SHIELD,1441,5299,0,0,0,0,0,0,0,0,0,0,0,0,0,0,0,0,0,0.72241,0,0,0,0,0,0,0,0,0,0,0,0,0,0,0,0,0,0,0,0,0,0,0,0,0,0.02548,0,0,0,0,0,0,0,0,0,0,0,0,0
TMR-2933,NAP,575,3174,0,0,0,0,0,0,0,0.49217,0,0,0,0,0,0,0,0,0,0,0,0,0,0,0,0,0,0,0,0,0,0,0,0,0,0,0,0,0,0,0,0,0,0,0,0.29742,0,0,0,0,0,0,0,0,0,0,0,0,0
TMR-2934,DNA_SHIELD,1254,2759,0,0,0,0,0,0,0,0.96491,0,0,0,0,0,0,0,0,0,0,0,0,0,0,0,0,0,0,0,0,0,0,0,0,0,0,0,0,0,0,0,0,0,0,0,0.99493,0,0,0,0,0,0,0,0,0,0,0,0,0
TMR-2934,NAP,4527,6112,0,0,0,0,0,0,0,0.20057,0,0,0,0,0,0,0,0,0,0.21604,0,0,0,0,0,0,0,0,0,0,0,0,0,0,0,0,0,0,0,0,0,0,0,0,0,0.37451,0,0,0,0,0,0,0,0,0,0,0,0,0
TMR-2935,DNA_SHIELD,2125,163,0,0,0,0,0,0,0,0,0,0,0,0,0,0,0,0,0,0.16988,0,0,0,0,0,0,0,0,0,0,0,0,0,0,0,0,0,0,0.80329,0,0,0,0,0,0,0,0,0,0,0,0,0,0,0,0,0,0,0,0
TMR-2935,NAP,11526,5716,0,0,0,0,0,0,0,0,0,0,0,0,0,0,0,0,0,0.02212,0,0,0,0,0,0,0,0,0,0,0,0,0,0,0,0,0,0,0.80774,0,0,0,0,0.01522,0,0,0,0,0,0,0,0,0,0,0,0,0,0,0
TMR-2936,,1747,1391,0,0,0,0,0,0,0,0,0,0,0,0,0,0,0,0,0,0,0,0,0,0,0,0,0,0,0,0,0,0,0,0,0,0,0,0,0.95306,0,0,0,0,0,0,0,0,0,0,0,0,0,0,0,0,0,0,0,0
TMR-2937,DNA_SHIELD,1975,144,0,0,0,0,0,0,0,0,0,0,0,0,0,0,0,0,0,0.55646,0,0,0,0,0,0,0,0,0,0,0,0,0,0,0,0,0,0,0.41722,0,0,0,0,0,0,0,0,0,0,0,0,0,0,0,0,0,0,0,0
TMR-2937,NAP,1953,6408,0,0,0,0,0,0,0,0.01075,0,0,0,0,0,0,0,0,0,0.34357,0,0,0,0,0,0,0,0,0,0,0,0,0,0,0,0,0,0,0.25653,0,0,0,0,0,0,0,0,0,0,0,0,0,0,0,0,0,0,0,0
TMR-2938,DNA_SHIELD,11061,1535,0,0,0,0,0,0,0,0,0,0,0,0,0,0,0,0,0,0,0,0,0,0,0,0,0.72579,0,0,0,0,0,0,0,0,0,0,0,0.07558,0,0,0,0,0,0,0,0,0,0,0,0,0,0,0,0,0,0,0,0
TMR-2938,NAP,2302,1618,0,0,0,0,0,0,0,0,0,0,0,0,0,0,0,0,0,0,0,0,0,0,0,0,0,0,0,0,0,0,0,0,0,0,0,0,0,0,0,0,0,0,0,0,0,0,0,0,0,0,0,0,0,0,0,0,0
TMR-2941,DNA_SHIELD,6478,5594,0,0,0,0,0,0,0,0,0,0,0,0,0,0,0,0,0,0,0,0,0,0,0,0,0,0,0,0,0,0,0,0,0,0,0,0,0.55233,0,0,0,0,0,0,0,0,0,0,0,0,0,0,0,0,0,0,0,0
TMR-2941,NAP,3319,115,0,0,0,0,0,0,0,0,0,0,0,0,0,0,0,0,0,0.07352,0,0,0,0,0,0,0,0,0,0,0,0,0,0,0,0,0,0,0.85568,0,0,0,0,0,0,0,0,0,0,0,0,0,0,0,0,0,0,0,0
TMR-2942,DNA_SHIELD,11984,5998,0,0,0,0,0,0,0,0,0,0,0,0,0,0,0,0,0,0.34146,0,0,0,0,0,0,0,0,0,0,0,0,0,0,0,0,0,0,0.12275,0,0,0,0,0,0,0,0,0,0,0,0,0,0,0,0,0,0,0,0
TMR-2942,NAP,4794,4411,0,0,0,0,0,0,0,0.77618,0,0,0,0,0,0,0,0,0,0,0,0,0,0,0,0,0,0,0,0,0,0,0,0,0,0,0,0,0,0,0,0,0,0,0,0.72002,0,0,0,0,0,0,0,0,0,0,0,0,0
TMR-2943,DNA_SHIELD,11952,3665,0,0,0,0,0,0,0,0,0,0,0,0,0,0,0,0,0,0,0,0,0,0,0,0,0,0,0,0,0,0,0,0,0,0,0,0,0.77544,0,0,0,0,0,0,0,0,0,0,0,0,0,0,0,0,0,0,0,0
TMR-2943,NAP,2491,2464,0,0,0,0,0,0,0,0,0,0,0,0,0,0,0,0,0,0,0,0,0,0,0,0,0,0,0,0,0,0,0,0,0,0,0,0,0,0,0,0,0,0,0,0,0,0,0,0,0,0,0,0,0,0,0,0,0
TMR-2944,DNA_SHIELD,2735,5340,0,0,0,0,0,0,0,0,0,0,0,0,0,0,0,0,0,0.47642,0,0,0,0,0,0,0,0,0,0,0,0,0,0,0,0,0,0,0.14954,0,0,0,0,0,0,0,0,0,0,0,0,0,0,0,0,0,0,0,0
TMR-2944,NAP,46,2424,0,0,0,0,0,0,0,0,0,0,0,0,0,0,0,0,0,0,0,0,0,0,0,0,0,0,0,0,0,0,0,0,0,0,0,0,0,0,0,0,0,0,0,0,0,0,0,0,0,0,0,0,0,0,0,0,0
TMR-2945,DNA_SHIELD,1964,1839,0,0,0,0,0,0,0,0,0,0,0,0,0,0,0,0,0,0,0,0,0,0,0,0,0,0,0,0,0,0,0,0,0,0,0,0,0,0,0,0,0,0,0,0,0,0,0,0,0,0,0,0,0,0,0,0,0
TMR-2945,NAP,124,2020,0,0,0,0,0,0,0,0,0,0,0,0,0,0,0,0,0,0,0,0,0,0,0,0,0,0,0,0,0,0,0,0,0,0,0,0,0,0,0,0,0,0,0,0,0,0,0,0,0,0,0,0,0,0,0,0,0
TMR-2946,DNA_SHIELD,4720,1650,0,0,0,0,0,0,0,0,0,0,0,0,0,0,0,0,0,0,0,0,0,0,0,0,0,0,0,0,0,0,0,0,0,0,0,0,0.84746,0,0,0,0,0,0,0,0,0,0,0,0,0,0,0,0,0,0,0,0
TMR-2946,NAP,1482,10191,0,0,0,0,0,0,0,0,0,0,0,0,0,0,0,0,0,0,0,0,0,0,0,0,0,0,0,0,0,0,0,0,0,0,0,0,0,0,0,0,0,0,0,0,0,0,0,0,0,0,0,0,0,0,0,0,0
TMR-2948,DNA_SHIELD,1488,3951,0,0,0,0,0,0,0,0,0,0,0,0,0,0,0,0,0,0,0,0,0,0,0,0,0,0,0,0,0,0,0,0,0,0,0,0,0,0,0,0,0,0,0,0,0,0,0,0,0,0,0,0,0,0,0,0,0
TMR-2948,NAP,862,7561,0,0,0,0,0,0,0,0,0,0,0,0,0,0,0,0,0,0,0,0,0,0,0,0,0,0,0,0,0,0,0,0,0,0,0,0,0,0,0,0,0,0,0,0,0,0,0,0,0,0,0,0,0,0,0,0,0
TMR-2950,,696,1585,0,0,0,0,0,0,0,0,0,0,0,0,0,0,0,0,0,0,0,0,0,0,0,0,0,0,0,0,0,0,0,0,0,0,0,0,0,0,0,0,0,0,0,0,0,0,0,0,0,0,0,0,0,0,0,0,0
TMR-2958,DNA_SHIELD,8636,5197,0,0,0,0,0,0,0,0,0,0,0,0,0,0.49734,0,0,0,0,0,0,0,0,0,0,0,0,0,0,0,0,0,0,0,0,0,0,0,0,0,0,0,0,0,0,0,0,0,0,0,0,0,0,0,0,0,0,0
TMR-2958,NAP,2966,2949,0,0,0,0,0,0,0,0.82535,0,0,0,0,0,0.06339,0,0,0,0,0,0,0,0,0,0,0,0,0,0,0,0,0,0,0,0,0,0,0,0,0,0,0,0,0,0.77484,0,0,0,0,0,0,0,0,0,0,0,0,0
TMR-2959,DNA_SHIELD,1716,3693,0,0,0,0,0,0,0,0,0,0,0,0,0,0,0,0,0,0,0,0,0,0,0,0,0,0,0,0,0,0,0,0,0,0,0,0,0.30012,0,0,0,0,0,0,0,0,0,0,0,0,0,0,0,0,0,0,0,0
TMR-2959,NAP,2606,1764,0,0,0,0,0,0,0,0,0,0,0,0,0,0,0,0,0,0,0,0,0,0,0,0,0,0,0,0,0,0,0,0,0,0,0,0,0.02686,0,0,0,0,0.01134,0,0,0,0,0,0,0,0,0,0,0,0,0,0,0
TMR-2976,DNA_SHIELD,12475,2448,0,0,0,0,0,0,0,0,0,0,0,0,0,0,0,0,0,0,0,0,0,0,0,0,0,0,0,0,0,0,0,0,0,0,0,0,0.86541,0,0,0,0,0,0,0.11397,0,0,0,0,0,0,0,0,0,0,0,0,0
TMR-2977,DNA_SHIELD,6808,4817,0,0,0,0,0,0,0,0,0,0,0,0,0,0,0,0,0,0,0,0,0,0,0,0,0,0,0,0,0,0,0,0,0,0,0,0,0,0,0,0,0,0,0,0,0,0,0,0,0,0,0,0,0,0,0,0,0
TMR-2977,NAP,19,5136,0,0,0,0,0,0,0,0,0,0,0,0,0,0,0,0,0,0,0,0,0,0,0,0,0,0,0,0,0,0,0,0,0,0,0,0,0,0,0,0,0,0,0,0,0,0,0,0,0,0,0,0,0,0,0,0,0
TMR-2978,DNA_SHIELD,7543,1015,0,0,0,0,0,0,0,0,0,0,0,0,0,0,0,0,0,0.01087,0,0,0,0,0,0,0,0,0,0,0,0,0,0,0,0,0,0,0.62058,0,0,0,0,0,0,0,0,0,0,0,0,0,0,0,0,0,0,0,0
TMR-2979,,2361,4419,0,0,0,0,0,0,0,0.33545,0,0,0,0,0,0,0,0,0,0,0,0,0,0,0,0,0,0,0,0,0,0,0,0,0,0,0,0,0,0,0,0,0,0,0,0.41005,0,0,0,0,0,0,0,0,0,0,0,0,0
TMR-2980,,5543,405,0,0,0,0,0,0,0,0.90276,0,0,0,0,0,0,0,0,0,0.03626,0,0,0,0,0,0,0,0,0,0,0,0,0,0,0,0,0,0,0,0,0,0,0,0,0,0.55062,0,0,0,0,0,0,0,0,0,0,0,0,0
TMR-2981,,1573,25,0,0,0,0,0,0,0,0,0,0,0,0,0,0,0,0,0,0,0,0,0,0.26256,0,0,0,0,0,0,0,0,0,0,0,0,0,0,0,0,0,0,0,0,0,0,0,0,0,0,0,0,0,0,0,0,0,0,0
TMR-2982,,3461,213,0,0,0,0,0,0,0,0,0,0,0,0,0,0,0,0,0,0,0,0,0,0,0,0,0,0,0,0,0,0,0,0,0,0,0,0,0,0,0,0,0,0,0,0,0,0,0,0,0,0,0,0,0,0,0,0,0
TMR-2984,,1830,855,0,0,0,0,0,0,0,0,0,0,0,0,0,0,0,0,0,0,0,0,0,0,0,0,0.99016,0,0,0,0,0,0,0,0,0,0,0,0,0,0,0,0,0,0,0.16491,0,0,0,0,0,0,0,0,0,0,0,0,0
TMR-2989,,7382,1884,0,0,0,0,0,0,0,0.05053,0,0,0,0,0,0,0,0,0,0.58778,0,0,0,0,0,0,0,0.01422,0.08548,0,0,0,0,0,0,0,0,0,0,0,0,0,0,0,0,0.14437,0,0,0,0,0,0,0,0,0,0,0,0,0
TMR-2990,,228,1071,0,0,0,0,0,0,0,0,0,0,0,0,0,0,0,0,0,0,0,0,0,0,0,0,0,0,0,0,0,0,0,0,0,0,0,0,0.22368,0,0,0,0,0,0,0,0,0,0,0,0,0,0,0,0,0,0,0,0
TMR-2991,,4055,1569,0,0,0,0,0,0,0,0,0,0,0,0,0,0,0,0,0,0,0,0,0,0,0,0,0,0,0,0,0.22269,0,0,0,0,0,0,0,0.52552,0,0,0,0,0,0,0,0,0,0,0,0,0,0,0,0,0,0,0,0
TMR-3000,,14514,2449,0,0,0,0,0,0,0,0,0,0,0,0,0,0,0,0,0,0,0,0,0,0,0,0,0,0,0,0,0,0,0,0,0,0,0,0,0.93971,0,0,0,0,0,0,0,0,0,0,0,0,0,0,0,0,0,0,0,0
TMR-3001,,8819,3351,0,0,0,0,0,0,0,0,0,0,0,0,0,0,0,0,0,0,0,0,0,0,0,0,0,0,0,0,0,0,0,0.29425,0,0,0,0,0,0,0,0,0,0,0,0,0,0,0,0,0,0,0,0,0,0,0,0,0
TMR-3002,,9737,1569,0,0,0,0,0,0,0,0,0,0,0,0,0,0,0,0,0,0.3994,0,0,0,0,0,0,0,0,0.01099,0,0,0,0,0,0,0,0,0,0,0,0,0,0,0,0,0,0,0,0,0,0,0,0,0,0,0,0,0,0
TMR-3005,,10752,4879,0,0,0,0,0,0,0,0,0,0,0,0,0,0,0,0,0,0,0,0,0,0,0,0,0,0,0,0,0,0,0,0,0,0,0,0,0.40792,0,0,0,0,0,0,0,0,0,0,0,0,0,0,0,0,0,0,0,0
TMR-3011,,1725,172,0,0,0,0,0,0,0,0,0,0,0,0,0,0,0,0,0,0.01159,0,0,0,0,0,0,0,0,0,0,0,0,0,0,0,0,0,0,0.96986,0,0,0,0,0,0,0,0,0,0,0,0,0,0,0,0,0,0,0,0
TMR-3020,,12325,246,0,0,0,0,0,0,0,0,0,0,0,0,0,0,0,0,0,0,0,0,0,0,0,0,0,0,0,0,0,0,0,0,0,0,0,0,0.9398,0,0,0,0,0,0,0,0.0813,0,0,0,0,0,0,0,0,0,0,0,0
TMR-3021,,4768,355,0,0,0,0,0,0,0,0,0,0,0,0,0,0,0,0,0,0.0151,0,0,0,0,0,0,0,0,0,0,0,0,0.20218,0,0,0,0,0,0.63402,0,0,0,0,0,0,0,0,0,0,0,0,0,0,0,0,0,0,0,0
TMR-3022,,6048,110,0,0,0,0,0,0,0,0,0,0,0,0,0,0,0,0,0,0,0,0,0,0,0,0,0,0,0,0,0,0,0,0,0,0,0,0,0,0,0,0,0,0.06364,0,0,0,0,0,0,0,0,0,0,0,0,0,0,0
TMR-3023,,7004,151,0,0,0,0,0,0,0,0,0,0,0,0,0,0,0,0,0,0,0,0,0,0,0,0,0,0,0,0,0,0,0,0,0,0,0,0,0.18689,0,0,0,0,0,0,0,0,0,0,0,0,0,0,0,0,0,0,0,0
TMR-3024,,7068,3919,0,0,0,0,0,0,0,0,0,0,0,0,0,0,0,0,0,0,0,0,0,0,0,0,0,0,0,0,0,0,0,0,0,0,0,0,0.23316,0,0,0,0,0,0,0,0,0,0,0,0,0,0,0,0,0,0,0,0
TMR-3030,,9846,1297,0,0,0,0,0,0,0,0,0,0,0,0,0,0,0,0,0,0,0,0,0,0,0,0,0,0,0,0,0,0,0,0,0,0,0,0,0.66606,0,0,0,0,0,0,0,0,0,0,0,0,0,0,0,0,0,0,0,0
TMR-3031,,8251,7218,0,0,0,0,0,0,0,0,0,0,0,0,0,0,0,0,0,0,0,0,0,0,0,0,0,0,0,0,0,0,0,0,0,0,0,0,0.50782,0,0,0,0,0,0,0,0,0,0,0,0,0,0,0,0,0,0,0,0
TMR-3035,,1097,1321,0,0,0,0,0,0,0,0,0,0,0,0,0,0,0,0,0,0,0,0,0,0,0,0,0.52416,0,0,0,0,0,0,0,0,0,0,0,0.08022,0,0,0,0,0,0,0,0,0,0,0,0,0,0,0,0,0,0,0,0
TMR-3036,,7291,1203,0,0,0,0,0,0,0,0,0,0,0,0,0,0,0,0,0,0,0,0,0,0,0,0,0,0.15691,0.75586,0,0,0,0,0,0,0,0,0,0,0,0,0,0,0,0,0,0,0,0,0,0,0,0,0,0,0,0,0,0
TMR-3037,,2857,4221,0,0,0,0,0,0,0,0,0,0,0,0,0,0,0,0,0,0,0,0,0,0,0,0,0,0,0,0,0,0,0,0,0,0,0,0,0,0,0,0,0,0,0,0,0,0,0,0,0,0,0,0,0,0,0,0,0
TMR-3038,,8095,5518,0,0,0,0,0,0,0,0,0,0,0,0,0,0,0,0,0,0.08338,0,0,0,0,0,0,0,0,0,0,0,0,0,0,0,0,0,0,0.3139,0,0,0,0,0,0,0,0,0,0,0,0,0,0,0,0,0,0,0,0
TMR-3039,,6426,1352,0,0,0,0,0,0,0,0,0,0,0,0,0,0,0,0,0,0,0,0,0,0,0,0,0,0,0,0,0,0,0,0,0,0,0,0,0.41846,0,0,0,0,0,0,0,0,0,0,0,0,0,0,0,0,0,0,0,0
TMR-3040,,8594,3891,0,0,0,0,0,0,0,0,0,0,0,0,0,0,0,0,0,0.76088,0,0,0,0,0,0,0,0,0.02606,0,0,0,0,0,0,0,0,0,0,0,0,0,0,0,0,0,0,0,0,0,0,0,0,0,0,0,0,0,0
TMR-3041,,7346,1917,0,0,0,0,0,0,0,0,0,0,0,0,0,0,0,0,0,0.01035,0,0,0,0,0,0,0,0,0,0,0,0,0,0,0,0,0,0,0.73836,0,0,0,0,0,0,0,0,0,0,0,0,0,0,0,0,0,0,0,0
TMR-3042,,1746,4139,0,0,0,0,0,0,0,0,0,0,0,0,0,0,0,0,0,0.82073,0,0,0,0,0,0,0.02463,0,0,0,0,0,0,0,0,0,0,0,0,0,0,0,0,0,0,0,0,0,0,0,0,0,0,0,0,0,0,0,0
TMR-3043,,3198,2385,0,0,0,0,0,0,0,0,0,0,0,0,0,0,0,0,0,0,0,0,0,0,0,0,0,0,0,0,0,0,0,0,0,0,0,0,0.89681,0,0,0,0,0,0,0,0,0,0,0,0,0,0,0,0,0,0,0,0
TMR-3044,,6747,6968,0,0,0,0,0,0,0,0,0,0,0,0,0,0,0,0,0,0.20113,0,0,0,0,0,0,0,0,0,0,0,0,0,0,0,0,0,0,0,0,0,0,0,0,0,0,0,0,0,0,0,0,0,0,0,0,0,0,0
TMR-3045,,5979,1408,0,0,0,0,0,0,0,0,0,0,0,0,0,0,0,0,0,0,0,0,0,0,0,0,0,0,0,0,0,0,0,0,0,0,0,0,0,0,0,0,0,0,0,0,0,0,0,0,0,0,0,0,0,0,0,0,0
TMR-3051,,11662,9085,0,0,0,0,0,0,0,0,0,0,0,0,0,0,0,0,0,0,0,0,0,0,0,0,0,0.15409,0.73761,0,0,0,0,0,0,0,0,0,0,0,0,0,0,0,0,0,0,0,0,0,0,0,0,0,0,0,0,0,0
TMR-3052,,3687,3153,0,0,0,0,0,0,0,0,0,0,0,0,0,0,0,0,0,0,0,0,0,0,0,0,0,0,0,0,0,0,0,0,0,0,0,0,0,0,0,0,0,0,0,0,0,0,0,0,0,0,0,0,0,0,0,0,0
TMR-3058,,2129,2869,0,0,0,0,0,0,0,0,0,0,0,0,0,0,0,0,0,0,0,0,0,0,0,0,0,0,0,0,0,0,0,0,0,0,0,0,0,0,0,0,0,0,0,0,0,0,0,0,0,0,0,0,0,0,0,0,0
TMR-3064,,8188,1449,0,0,0,0,0,0,0,0,0,0,0,0,0,0,0,0,0,0,0,0,0,0,0,0,0,0,0,0,0,0,0,0,0,0,0,0,0.21825,0,0,0,0,0.03313,0,0,0,0,0,0,0,0,0,0,0,0,0,0,0
TMR-3081,,2009,1113,0,0,0,0,0,0,0,0,0,0,0,0,0,0,0,0,0,0.03484,0,0,0,0,0,0,0,0,0,0,0,0,0,0,0,0,0,0,0.92733,0,0,0,0,0,0,0,0.01348,0,0,0,0,0,0,0,0,0,0,0,0
TMR-3094,,1418,4362,0,0,0,0,0,0,0,0,0,0,0,0,0,0,0,0,0,0,0,0,0,0,0,0,0,0,0,0,0,0,0,0,0,0,0,0,0,0,0,0,0,0,0,0,0,0,0,0,0,0,0,0,0,0,0,0,0
TMR-3104,,4222,5159,0,0,0,0,0,0,0,0,0,0,0,0,0,0.48318,0,0,0,0,0,0,0,0,0,0,0,0,0,0,0,0,0,0,0,0,0,0,0,0,0,0,0,0,0,0,0,0,0,0,0,0,0,0,0,0,0,0,0
TMR-3105,,3592,2223,0,0,0,0,0,0,0,0,0,0,0,0,0,0,0,0,0,0,0,0,0,0,0,0,0,0,0,0,0,0,0,0,0,0,0,0,0,0,0,0,0,0,0,0,0,0,0,0,0,0,0,0,0,0,0,0,0
TMR-3114,,7521,3036,0,0,0,0,0,0,0,0,0,0,0,0,0,0.501,0,0,0,0,0,0,0,0,0,0,0,0,0,0,0,0,0,0,0,0,0,0,0,0,0,0,0,0,0,0,0,0,0,0,0,0,0,0,0,0,0,0,0
TMR-3115,,6657,2640,0,0,0,0,0,0,0,0,0,0,0,0,0,0,0,0,0,0,0,0,0,0,0,0,0,0,0,0,0,0,0,0,0,0,0,0,0,0,0,0,0,0,0,0,0,0,0,0,0,0,0,0,0,0,0,0,0
TMR-3118,,1969,1898,0,0,0,0,0,0,0,0,0,0,0,0,0,0,0,0,0,0,0,0,0,0.03352,0,0,0,0,0,0,0,0,0,0,0,0,0,0,0,0,0,0,0,0,0,0,0,0,0,0,0,0,0,0,0,0,0,0,0
TMR-3119,,5025,632,0,0,0,0,0,0,0,0,0,0,0,0,0,0,0,0,0,0,0,0,0,0,0,0,0,0,0,0,0,0,0,0,0,0,0,0,0,0,0,0,0,0,0,0,0,0,0,0,0,0,0,0,0,0,0,0,0
TMR-3120,,2835,2229,0,0,0,0,0,0,0,0,0,0,0,0,0,0,0,0,0,0,0,0,0,0,0,0,0,0,0,0,0,0,0,0,0,0,0,0,0.96367,0,0,0,0,0,0,0,0,0,0,0,0,0,0,0,0,0,0.03499,0,0
TMR-3121,,2385,908,0,0,0,0,0,0,0,0,0,0,0,0,0,0,0,0,0,0.66792,0,0,0,0,0,0,0,0,0,0,0,0,0,0,0,0,0,0,0,0,0,0,0,0,0,0,0,0,0,0,0,0,0,0,0,0,0,0,0
TMR-3127,,6249,5162,0,0,0,0,0,0,0,0,0,0,0,0,0,0,0,0,0,0,0,0,0,0,0,0,0,0,0,0,0,0,0,0,0,0,0,0,0,0,0,0,0,0,0,0,0,0,0,0,0,0,0,0,0,0,0,0,0
TMR-3128,,6962,2498,0,0,0,0,0,0,0,0,0,0,0,0,0,0,0,0,0,0,0,0,0,0,0,0,0,0,0,0,0,0,0,0,0,0,0,0,0,0,0,0,0,0,0,0,0,0,0,0,0,0,0,0,0,0,0,0,0
TMR-3129,,6924,3140,0,0,0,0,0,0,0,0,0,0,0,0,0,0,0,0,0,0,0,0,0,0.02022,0,0,0,0,0,0,0,0,0,0,0,0,0,0,0,0,0,0,0,0,0,0,0,0,0,0,0,0,0,0,0,0,0,0,0
TMR-3130,,7437,1652,0,0,0,0,0,0,0,0,0,0,0,0,0,0,0,0,0,0,0,0,0,0,0,0,0,0,0,0,0,0,0,0,0,0,0,0,0.64784,0,0,0,0,0,0,0,0,0,0,0,0,0,0,0,0,0,0,0,0
TMR-3136,,1141,353,0,0,0,0,0,0,0,0,0,0,0,0,0,0,0.11306,0,0,0,0,0,0,0,0,0,0,0,0,0,0,0,0,0,0,0,0,0,0.12971,0,0,0,0,0,0,0,0,0,0,0,0,0,0,0,0,0,0,0,0
TMR-3137,,5632,1659,0,0,0,0,0,0,0,0,0,0,0,0,0,0,0,0,0,0,0,0,0,0,0,0,0,0,0,0,0,0,0,0,0,0,0,0,0.08327,0,0,0,0,0,0,0,0,0,0,0,0,0,0,0,0,0,0,0,0
TMR-3138,,1285,2012,0,0,0,0,0,0,0,0,0,0,0,0,0,0,0,0,0,0,0,0,0,0,0,0,0,0,0,0,0,0,0,0,0,0,0,0,0,0,0,0,0,0,0,0,0,0,0,0,0,0,0,0,0,0,0,0,0
TMR-3139,,1087,3014,0,0,0,0,0,0,0,0,0,0,0,0,0,0,0,0,0,0.36155,0,0,0,0,0,0,0,0,0,0,0,0,0,0,0,0,0,0,0.12144,0,0,0,0,0,0,0,0,0,0,0,0,0,0,0,0,0,0,0,0
TMR-3140,,7527,9104,0,0,0,0,0,0,0,0,0,0,0,0,0,0,0,0,0,0,0,0,0,0,0,0,0,0,0,0,0,0,0,0,0,0,0,0,0,0,0,0,0,0,0,0,0,0,0,0,0,0,0,0,0,0,0,0,0
TMR-3149,,8949,2519,0,0,0,0,0,0,0,0,0,0,0,0,0,0,0,0,0,0.01207,0,0,0,0,0,0,0,0,0,0,0,0,0,0,0,0,0,0,0.40116,0,0,0,0,0,0,0,0,0,0,0,0,0,0,0,0,0,0,0,0
TMR-3150,,8655,5994,0,0,0,0,0,0,0,0,0,0,0,0,0,0,0,0,0,0.15251,0,0,0,0,0,0,0,0,0,0,0,0,0,0,0,0,0,0,0,0,0,0,0,0,0,0,0,0,0,0,0,0,0,0,0,0,0,0,0
TMR-3154,,8255,2319,0,0,0,0,0,0,0,0,0,0,0,0,0,0,0,0,0,0,0,0,0,0,0,0,0,0,0,0,0,0,0,0,0,0,0,0,0.53834,0,0,0,0,0,0,0,0,0,0,0,0,0,0,0,0,0,0,0,0
TMR-3155,,2353,2718,0,0,0,0,0,0,0,0,0,0,0,0,0,0,0,0,0,0,0,0,0,0,0,0,0,0,0,0,0,0,0,0,0,0,0,0,0.70208,0,0,0,0,0,0,0,0,0,0,0,0,0,0,0,0,0,0,0,0
TMR-3156,,8198,2325,0,0,0,0,0,0,0,0,0,0,0,0,0,0,0,0,0,0.11295,0,0,0,0,0,0,0,0,0,0,0,0,0,0,0,0,0,0,0.22164,0,0,0,0,0,0,0,0,0,0,0,0,0,0,0,0,0,0,0,0
TMR-3172,,2553,2327,0,0,0,0,0,0,0,0,0,0,0,0,0,0,0,0,0,0.41951,0,0,0,0,0,0,0,0,0,0,0,0,0,0,0,0,0,0,0,0,0,0,0,0,0,0.01289,0,0,0,0,0,0,0,0,0,0,0,0,0
TMR-3173,,957,5031,0,0,0,0,0,0,0,0,0,0,0,0,0,0,0,0,0,0.05329,0,0,0,0.4629,0,0,0,0,0,0,0,0,0,0,0,0,0,0,0,0,0,0,0,0,0,0,0,0,0,0,0,0,0,0,0,0,0,0,0
TMR-3174,,2747,5582,0,0,0,0,0,0,0,0,0,0,0,0,0,0,0,0,0,0,0,0,0,0.81798,0,0,0,0,0,0,0,0,0,0,0,0,0,0,0,0,0,0,0,0,0,0,0,0,0,0,0,0,0,0,0,0,0,0,0
TMR-3175,,2544,1061,0,0,0,0,0,0,0,0,0,0,0,0,0,0,0,0,0,0.16942,0,0,0,0,0,0.04009,0.08805,0.05189,0.03616,0,0,0,0,0,0,0,0,0,0.44811,0,0,0,0,0,0,0,0,0,0,0,0,0,0,0,0,0,0,0,0
TMR-3176,,9977,3397,0,0,0,0,0,0,0,0,0,0,0,0,0,0,0,0,0,0,0,0,0,0.21469,0,0,0,0,0,0,0,0,0,0,0,0,0,0,0.64027,0,0,0,0,0,0,0,0,0,0,0,0,0,0,0,0,0,0,0,0
TMR-3177,,10636,6029,0,0,0,0,0,0,0,0,0,0,0,0,0,0,0,0,0,0,0,0,0,0,0,0,0,0,0,0,0,0,0,0,0,0,0,0,0.5378,0,0,0,0,0,0,0,0,0,0,0,0,0,0,0,0,0,0,0,0
TMR-3178,,4488,4119,0,0,0,0,0,0,0,0,0,0,0,0,0,0,0,0,0,0.94207,0,0,0,0,0,0,0,0,0,0,0,0,0,0,0,0,0,0,0.02362,0,0,0,0,0,0,0,0,0,0,0,0,0,0,0,0,0,0,0,0
TMR-3179,,6034,1570,0,0,0,0,0,0,0,0,0,0,0,0,0,0,0,0,0,0,0,0,0,0.60259,0,0,0,0,0,0,0,0,0,0,0,0,0,0,0,0,0,0,0,0,0,0,0,0,0,0,0,0,0,0,0,0,0,0,0
TMR-3180,,1119,899,0,0,0,0,0,0,0,0,0,0,0,0,0,0,0,0,0,0,0,0,0,0.56658,0,0,0.36282,0,0,0,0,0,0.05719,0,0,0,0,0,0,0,0,0,0,0,0,0,0,0,0,0,0,0,0,0,0,0,0,0,0
TMR-3181,,2315,3155,0,0,0,0,0,0,0,0,0,0,0,0,0,0,0,0,0,0.0635,0,0,0,0,0,0,0,0,0,0,0,0,0,0,0,0,0,0,0.89287,0,0,0,0,0,0,0,0,0,0,0,0,0,0,0,0,0,0,0,0
TMR-3182,,16312,5278,0,0,0,0,0,0,0,0,0,0,0,0,0,0,0,0,0,0,0,0,0,0,0,0,0,0,0,0,0,0,0,0,0,0,0,0,0.91141,0,0,0,0,0,0,0,0,0,0,0,0,0,0,0,0,0,0,0,0
TMR-3183,,6406,1378,0,0,0,0,0,0,0,0.06541,0,0,0,0,0,0,0,0,0,0,0,0,0,0.19404,0,0,0,0,0,0,0,0,0,0.69607,0,0,0,0,0,0,0,0,0,0,0,0.03193,0.10595,0,0,0,0,0,0,0,0,0,0,0,0
TMR-3184,,5252,7900,0,0,0,0,0,0,0,0,0,0,0,0,0,0,0,0,0,0,0,0,0,0.94059,0,0,0,0,0,0,0,0,0,0,0,0,0,0,0,0,0,0,0,0,0,0,0,0,0,0,0,0,0,0,0,0,0,0,0
TMR-3185,,2165,1711,0,0,0,0,0,0,0,0,0,0,0,0,0,0,0,0,0,0,0,0,0,0.95196,0,0,0,0,0,0,0,0,0,0,0,0,0,0,0,0,0,0,0,0,0,0,0,0,0,0,0,0,0,0,0,0,0,0,0
TMR-3186,,2806,1108,0,0,0,0,0,0,0,0,0,0,0,0,0,0,0,0,0,0.95866,0,0,0,0.02281,0,0,0,0,0,0,0,0,0,0,0,0,0,0,0,0,0,0,0,0,0,0,0,0,0,0,0,0,0,0,0,0,0,0,0
TMR-3187,,602,2639,0,0,0,0,0,0,0,0,0,0,0,0,0,0,0,0,0,0,0,0,0,0,0,0,0,0,0,0,0,0,0,0,0,0,0,0,0.25249,0,0,0,0,0,0,0,0,0,0,0,0,0,0,0,0,0,0,0,0
TMR-3213,,2417,1784,0,0,0,0,0,0,0,0,0,0,0,0,0,0,0,0,0,0.03144,0,0,0,0,0,0,0,0,0,0,0,0,0,0,0,0,0,0,0.95532,0,0,0,0,0,0,0.06558,0,0,0,0,0,0,0,0,0,0,0,0,0
TMR-3214,,6441,2727,0,0,0,0,0,0,0,0.14299,0,0,0,0,0,0,0,0,0,0,0,0,0,0,0,0,0,0,0,0,0,0,0,0,0,0,0,0,0.79863,0,0,0,0,0,0,0.85992,0,0,0,0,0,0,0,0,0,0,0,0,0
TMR-3216,,17721,0,0,0,0,0,0,0,0,0,0,0,0,0,0,0,0,0,0,0,0,0,0,0.04712,0,0.12324,0,0,0,0,0,0,0,0,0,0,0,0,0.7091,0,0,0,0,0,0,0,0,0,0,0,0,0,0,0,0,0,0,0,0
TMR-3217,,4665,5369,0,0,0,0,0,0,0,0,0,0,0,0,0,0,0,0,0,0,0,0,0,0.02508,0,0,0,0,0,0,0,0,0,0,0,0,0,0,0,0,0,0,0,0,0,0,0,0,0,0,0,0,0,0,0,0,0,0,0
TMR-3218,,3188,1432,0,0,0,0,0,0,0,0,0,0,0,0,0,0,0,0,0,0,0,0,0,0,0,0,0,0,0,0,0,0,0,0,0,0,0,0,0.99247,0,0,0,0,0,0,0,0,0,0,0,0,0,0,0,0,0,0,0,0
TMR-3219,,1151,8,0,0,0,0,0,0,0,0,0,0,0,0,0,0,0,0,0,0,0,0,0,0,0,0,0,0,0,0,0,0,0,0,0,0,0,0,0.49435,0,0,0,0,0,0,0,0,0,0,0,0,0,0,0,0,0,0,0,0
TMR-3220,,1578,1000,0,0,0,0,0,0,0,0,0,0,0,0,0,0,0,0,0,0,0,0,0,0,0,0,0,0,0,0,0,0,0,0,0,0,0,0,0,0,0,0,0,0,0,0,0,0,0,0,0,0,0,0,0,0,0,0,0
TMR-3232,,2272,872,0,0,0,0,0,0,0,0,0,0,0,0,0,0,0,0,0,0.02641,0,0,0,0,0,0,0,0,0,0,0,0,0,0,0,0,0,0,0.90581,0,0,0,0,0,0,0,0,0,0,0,0,0,0,0,0,0,0,0,0
TMR-3233,,5171,1459,0,0,0,0,0,0,0,0,0,0,0,0,0,0,0,0,0,0,0,0,0,0.17037,0,0,0,0,0,0,0,0,0,0,0,0,0,0,0,0,0,0,0,0,0,0.10829,0,0,0,0,0,0,0,0,0,0,0,0,0
TMR-3238,,11483,1060,0,0,0,0,0,0,0,0,0,0,0,0,0,0,0,0,0,0.01271,0,0,0,0.05225,0,0,0,0,0,0,0,0,0,0,0,0,0,0,0.84351,0,0,0,0,0,0,0.09528,0,0,0,0,0,0,0,0,0,0,0,0,0
TMR-3239,,4153,2546,0,0,0,0,0,0,0,0.01734,0,0,0,0,0,0,0,0,0,0,0,0,0,0.30508,0,0,0,0,0.12882,0,0,0,0,0,0,0,0,0,0,0,0,0,0,0,0,0.07659,0,0,0,0,0,0,0,0,0,0,0,0,0
TMR-3243,,5466,2660,0,0,0,0,0,0,0,0,0,0,0,0,0,0,0,0,0,0,0,0,0,0.96158,0,0,0,0,0,0,0,0,0,0,0,0,0,0,0,0,0,0,0,0,0,0,0,0,0,0,0,0,0,0,0,0,0,0,0
TMR-3244,,4084,916,0,0,0,0,0,0,0,0,0,0,0,0,0,0,0,0,0,0,0,0,0,0.02228,0,0,0,0,0,0,0,0,0,0,0,0,0,0,0.95348,0,0,0,0,0,0,0.07751,0,0,0,0,0,0,0,0,0,0,0,0,0
TMR-3246,,1031,1171,0,0,0,0,0,0,0,0,0,0,0,0,0,0,0,0,0,0,0,0,0,0,0,0,0,0,0,0,0,0,0,0,0,0,0,0,0.68768,0,0,0,0,0,0,0,0,0,0,0,0,0,0,0,0,0,0,0,0
TMR-3247,,1922,730,0,0,0,0,0,0,0,0,0,0,0,0,0,0,0,0,0,0,0,0,0,0,0,0,0,0,0,0,0,0,0,0,0,0,0,0,0.01561,0,0,0,0,0,0,0,0,0,0,0,0,0,0,0,0,0,0,0,0
TMR-3248,,1611,1470,0,0,0,0,0,0,0,0.02359,0,0,0,0,0,0,0,0,0,0,0,0,0,0.73557,0,0,0,0,0,0,0,0,0,0,0,0,0,0,0.1347,0,0,0,0,0,0,0.07211,0,0,0,0,0,0,0,0,0,0,0,0,0
TMR-3250,,1951,483,0,0,0,0,0,0,0,0,0,0,0,0,0,0,0,0,0,0,0,0,0,0,0,0,0,0,0,0,0,0,0,0,0,0,0,0,0.94208,0,0,0,0,0,0,0,0,0,0,0,0,0,0,0,0,0,0,0,0
TMR-3251,,17407,896,0,0,0,0,0,0,0,0,0,0,0,0,0,0,0,0,0,0,0,0,0,0,0,0,0,0,0,0,0,0,0,0,0,0,0,0,0.91331,0,0,0,0,0,0,0,0,0,0,0,0,0,0,0,0,0,0,0,0
TMR-3262,,421,1,0,0,0.04751,0,0,0,0,0,0,0,0,0,0,0,0,0,0,0,0,0,0,0.01188,0,0,0,0,0,0,0,0,0,0,0,0,0,0,0,0,0,0,0,0,0,0,0,0,0,0,0,0,0,0,0,0,0,0,0
TMR-3263,,7464,121,0,0,0,0,0,0,0,0.02559,0,0,0,0,0,0,0,0,0,0.45927,0,0,0,0.01367,0,0,0,0,0,0,0,0,0,0.02773,0,0,0,0,0,0,0,0,0,0,0,0,0,0,0,0,0,0,0,0,0,0,0,0,0
TMR-3268,,4229,336,0,0,0,0,0,0,0,0,0,0,0,0,0,0,0,0,0,0.81958,0,0,0,0,0,0,0,0,0,0,0,0,0,0,0,0,0,0,0,0,0,0,0,0,0,0,0,0,0,0,0,0,0,0,0,0,0,0,0
TMR-3269,,2642,86,0,0,0,0,0,0,0,0,0,0,0,0,0,0,0,0,0,0.64989,0,0,0,0.29485,0,0,0,0,0,0,0,0,0,0,0,0,0,0,0,0,0,0,0,0,0,0,0,0,0,0,0,0,0,0,0,0,0,0,0
TMR-3271,,5513,69,0,0,0,0,0,0,0,0,0,0,0,0,0,0,0,0,0,0,0,0,0,0,0,0,0,0,0,0,0,0,0,0,0,0,0,0,0.20406,0,0,0,0,0,0,0,0,0,0,0,0,0,0,0,0,0,0,0,0
TMR-3272,,2670,2450,0,0,0,0,0,0,0,0,0,0,0,0,0,0,0,0,0,0.18052,0,0,0,0,0,0,0,0,0,0,0,0,0,0,0,0,0,0,0,0,0,0,0,0,0,0,0,0,0,0,0,0,0,0,0,0,0,0,0
TMR-3273,,2770,735,0,0,0,0,0,0,0,0,0,0,0,0,0,0,0,0,0,0,0,0,0,0,0,0,0,0,0,0,0,0,0,0,0,0,0,0,0.7509,0,0,0,0,0,0,0.01905,0,0,0,0,0,0,0,0,0,0,0,0,0
TMR-3279,,12363,1591,0,0,0,0,0,0,0,0,0,0,0,0,0,0,0,0,0,0,0,0,0,0,0,0,0,0,0,0,0,0,0,0,0,0,0,0,0.72361,0,0,0,0,0,0,0,0,0,0,0,0,0,0,0,0,0,0,0,0
TMR-3281,,12340,595,0,0,0,0,0,0,0,0,0,0,0,0,0,0,0,0,0,0,0,0,0,0,0,0,0,0,0,0,0,0,0,0,0,0,0,0,0.85908,0,0,0,0,0,0,0,0,0,0,0,0,0,0,0,0,0,0,0,0
TMR-3282,,7678,4204,0,0,0,0,0,0,0,0,0,0,0,0,0,0,0,0,0,0,0,0,0,0.09195,0,0,0,0,0,0,0,0,0,0,0,0,0,0,0,0,0,0,0,0,0,0,0,0,0,0,0,0,0,0,0,0,0,0,0
TMR-3284,,3486,28,0,0,0,0,0,0,0,0,0,0,0,0,0,0,0,0,0,0,0,0,0,0,0,0,0,0,0,0,0,0,0,0,0,0,0,0,0.76879,0,0,0,0,0,0,0,0,0,0,0,0,0,0,0,0,0,0,0,0
TMR-3285,,4803,1167,0,0,0,0,0,0,0,0,0,0,0,0,0,0,0,0,0,0,0,0,0,0.25651,0,0,0,0,0,0,0,0,0,0,0,0,0,0,0.45243,0,0,0,0,0,0,0,0,0,0,0,0,0,0,0,0,0,0,0,0
TMR-3286,,4396,177,0,0,0,0,0,0,0,0,0,0,0,0,0,0,0,0,0,0,0,0,0,0,0,0,0,0,0,0,0,0,0,0,0,0,0,0,0,0,0,0,0,0,0,0,0,0,0,0,0,0,0,0,0,0,0,0,0
TMR-3288,,279,182,0,0,0,0,0,0,0,0,0,0,0,0,0,0,0,0,0,0.02151,0,0,0,0.14337,0,0,0,0,0,0,0.08602,0,0,0,0,0,0,0,0.40143,0,0,0,0,0,0,0,0,0,0,0,0,0,0,0,0,0,0,0,0
TMR-3289,,2467,924,0,0,0,0,0,0,0,0,0,0,0,0,0,0,0,0,0,0.03121,0,0,0,0,0,0,0,0,0,0,0,0,0,0,0,0,0,0,0,0,0,0,0,0,0,0,0,0,0,0,0,0,0,0,0,0,0,0,0
TMR-3295,,8843,604,0,0,0,0,0,0,0,0,0,0,0,0,0,0,0,0,0,0.51826,0,0,0,0,0,0,0,0,0,0,0,0,0,0,0,0,0,0,0.09442,0,0,0,0,0,0,0,0,0,0,0,0,0,0,0,0,0,0,0,0
TMR-3296,,5759,18,0,0,0,0,0,0,0,0,0,0,0,0,0,0,0,0,0,0,0,0,0,0,0,0,0,0,0,0,0,0,0,0,0,0,0,0,0.93905,0,0,0,0,0,0,0,0,0,0,0,0,0,0,0,0,0,0,0,0
TMR-3298,,21427,2450,0,0,0,0,0,0,0,0,0,0,0,0,0,0,0,0,0,0.07687,0,0,0,0,0,0,0,0,0,0,0,0,0,0,0,0,0,0,0.75704,0,0,0,0,0,0,0.01102,0,0,0,0,0,0,0,0,0,0,0,0,0
TMR-3299,,4985,1748,0,0,0,0,0,0,0,0,0,0,0,0,0,0,0,0,0,0,0,0,0,0,0,0,0,0,0,0,0,0,0,0,0,0,0,0,0,0,0,0,0,0,0,0,0,0,0,0,0,0,0,0,0,0,0,0,0
TMR-3300,,2434,361,0,0,0,0,0,0,0,0.01356,0,0,0,0,0,0,0,0,0,0,0,0,0,0,0,0,0,0,0,0,0,0,0,0,0,0,0,0,0.69721,0,0,0,0,0,0,0,0,0,0,0,0,0,0,0,0,0,0,0,0
TMR-3302,,3017,2314,0,0,0,0,0,0,0,0,0,0,0,0,0,0,0,0,0,0,0,0,0,0,0,0,0,0,0,0,0,0,0,0,0,0,0,0,0.0822,0,0,0,0,0,0,0,0,0,0,0,0,0,0,0,0,0,0,0,0
TMR-3310,,686,1693,0,0,0,0,0,0,0,0.02624,0,0,0,0,0,0,0,0,0,0,0,0,0,0.02624,0,0,0,0,0,0,0,0,0,0,0,0,0,0,0,0,0,0,0,0,0,0,0,0,0,0,0,0,0,0,0,0,0,0,0
TMR-3312,,804,1394,0,0,0,0,0,0,0,0,0,0,0,0,0,0,0,0,0,0,0,0,0,0,0,0,0,0,0,0,0.44403,0,0,0,0,0,0,0,0.36443,0,0,0,0,0,0,0,0,0,0,0,0,0,0,0,0,0,0,0,0
TMR-3314,,6603,1669,0,0,0,0,0,0,0,0,0,0,0,0,0,0,0,0,0,0.06967,0,0,0,0,0,0,0,0,0,0,0.30138,0,0,0,0,0,0,0,0.34393,0,0,0,0,0,0,0,0,0,0,0,0,0,0,0,0,0,0,0,0
TMR-3315,,7865,2606,0,0,0,0,0,0,0,0,0,0,0,0,0,0,0,0,0,0,0,0,0,0,0,0,0.19555,0,0,0,0,0,0,0,0,0,0,0,0.68748,0,0,0,0,0,0,0,0,0,0,0,0,0,0.01113,0,0,0,0,0,0
TMR-3317,,16397,3170,0,0,0,0,0,0,0,0,0,0,0,0,0,0,0,0,0,0,0,0,0,0,0,0,0,0,0,0,0,0,0,0,0,0,0,0,0.20735,0,0,0,0,0,0,0,0,0,0,0,0,0,0,0,0,0,0,0,0
TMR-3318,,15736,2190,0,0,0,0,0,0,0,0,0,0,0,0,0,0,0,0,0,0,0,0,0,0,0,0,0,0,0,0,0,0,0,0,0,0,0,0,0.66764,0,0,0,0.01735,0,0,0,0,0,0,0,0,0,0,0,0,0,0,0,0
TMR-3319,,4844,1331,0,0,0,0,0,0,0,0,0,0,0,0,0,0,0,0,0,0,0,0,0,0,0,0,0,0,0,0,0,0,0,0,0,0,0,0,0,0,0,0,0,0,0,0,0,0,0,0,0,0,0,0,0,0,0,0,0
TMR-3320,,10468,14017,0,0,0,0.0299,0,0,0,0,0,0,0,0,0,0,0,0,0,0,0,0,0,0.06057,0,0,0,0,0,0,0,0,0,0,0,0,0,0,0.42147,0,0,0,0.06963,0,0,0,0,0,0,0,0,0,0,0,0,0,0,0,0
TMR-3321,,12706,12301,0,0,0,0,0,0,0,0,0,0,0,0,0,0,0,0,0,0,0,0,0,0,0,0,0,0,0,0,0,0,0,0,0,0,0,0,0.58295,0,0,0,0.03252,0,0,0,0,0,0,0,0,0,0,0,0,0,0,0,0
TMR-3322,,10075,14389,0,0,0,0.4404,0,0,0,0,0,0,0,0,0,0,0,0,0,0,0,0,0,0.03593,0,0,0,0,0,0,0,0,0,0,0,0,0,0,0,0,0,0,0.43763,0,0,0,0,0,0,0,0,0,0,0,0,0,0,0,0
TMR-3323,,12081,19657,0,0,0,0.39798,0,0,0,0,0,0,0,0,0,0,0,0,0,0.06291,0,0,0,0.01258,0,0,0,0,0,0,0,0,0,0,0,0,0,0,0.22689,0,0,0,0.64303,0,0,0,0,0,0,0,0,0,0,0,0,0,0,0,0
TMR-3328,,8550,22087,0,0,0,0,0,0,0,0,0,0,0,0,0,0,0,0,0,0,0,0,0,0,0,0,0,0,0,0,0,0,0,0,0,0,0,0,0.91895,0,0,0,0.43021,0,0,0,0,0,0,0,0,0,0,0,0,0,0,0,0
TMR-3329,,4396,2450,0,0,0,0.07598,0,0,0,0,0,0,0,0,0,0,0,0,0,0.02002,0,0,0,0,0,0,0,0,0,0,0,0,0,0,0,0,0,0,0,0,0,0,0,0,0,0,0,0,0,0,0,0,0,0,0,0,0,0,0
TMR-3330,,2586,10104,0,0,0,0,0,0,0,0,0,0,0,0,0,0,0,0,0,0,0,0,0,0,0,0,0,0,0,0,0,0,0,0,0,0,0,0,0,0,0,0,0,0,0,0,0,0,0,0,0,0,0,0,0,0,0,0,0
TMR-3331,,4286,7266,0,0,0,0,0,0,0,0,0,0,0,0,0,0,0,0,0,0,0,0,0,0,0,0,0,0,0,0,0,0,0,0,0,0,0,0,0,0,0,0,0.06276,0,0,0,0,0,0,0,0,0,0,0,0,0,0,0,0
TMR-3333,,4046,12562,0,0,0,0,0,0,0,0,0,0,0,0,0,0,0,0,0,0.01483,0,0,0,0,0,0,0,0,0,0,0,0,0,0,0,0,0,0,0.71404,0,0,0,0,0,0,0,0,0,0,0,0,0,0,0,0,0,0,0,0
TMR-3334,,2946,5778,0,0,0,0.02138,0,0,0,0,0,0,0,0,0,0,0,0,0,0,0,0,0,0,0,0,0,0,0,0,0,0,0,0,0,0,0,0,0.05906,0,0,0,0.03392,0,0,0,0,0,0,0,0,0,0,0,0,0,0,0,0
TMR-3335,,2149,4132,0,0,0,0,0,0,0,0,0,0,0,0,0,0,0,0,0,0.06468,0,0,0,0,0,0,0,0,0,0,0,0,0,0,0,0,0,0,0.0591,0,0,0,0,0,0,0,0,0,0,0,0,0,0,0,0,0,0,0,0
TMR-3337,,4489,4480,0,0,0,0,0,0,0,0,0,0,0,0,0,0,0,0,0,0.01381,0,0,0,0,0,0,0,0.02584,0.01247,0,0,0,0,0,0,0,0,0,0.84629,0,0,0,0,0,0,0,0,0,0,0,0,0,0,0,0,0,0,0,0
TMR-3338,,9588,308,0,0,0,0,0,0,0,0,0,0,0,0,0,0,0,0,0,0,0,0,0,0,0,0,0,0,0,0,0,0,0,0,0,0,0,0,0.74291,0,0,0,0,0,0,0,0,0,0,0,0,0,0,0,0,0,0,0,0
TMR-3339,,15697,14981,0,0,0,0,0,0,0,0,0,0,0,0,0,0,0,0,0,0,0,0.08963,0,0,0,0,0,0,0,0,0,0,0,0,0,0,0,0,0.75467,0,0,0,0,0,0,0,0,0,0,0,0,0,0,0,0,0,0,0,0
TMR-3340,,6147,8101,0,0,0,0,0,0,0,0,0,0,0,0,0,0,0,0,0,0,0,0,0,0,0,0,0,0,0,0,0,0,0,0,0,0,0,0,0.56385,0,0,0,0,0,0,0,0,0,0,0,0,0,0,0,0,0,0,0,0
TMR-3341,,12949,6232,0,0,0,0,0,0,0,0,0,0,0,0,0,0,0,0,0,0,0,0,0,0,0,0,0,0,0,0,0,0,0,0,0,0,0,0,0.26326,0,0,0,0,0,0,0,0,0,0,0,0,0,0,0,0,0,0,0,0
TMR-3342,,4900,9045,0,0,0,0,0,0,0,0,0,0,0,0,0,0,0,0,0,0,0,0,0,0,0,0,0,0,0,0,0,0,0,0,0,0,0,0,0.7249,0,0,0,0,0,0,0,0,0,0,0,0,0,0,0,0,0,0,0,0
TMR-3344,,7049,16810,0,0,0,0.12399,0,0,0,0,0,0,0,0,0,0,0,0,0,0,0,0,0,0,0,0,0,0,0,0,0,0,0,0,0,0,0,0,0.78394,0,0,0,0.95509,0,0,0,0,0,0,0,0,0,0,0,0,0,0,0,0
TMR-3345,,2784,8180,0,0,0,0,0,0,0,0.33261,0,0,0,0,0,0,0,0,0,0,0,0,0,0.05065,0,0,0,0,0,0,0,0,0,0,0,0,0,0,0.24784,0,0,0,0,0,0,0.45941,0,0,0,0,0,0,0,0,0,0,0,0,0
TMR-3346,,34894,1318,0,0,0,0,0,0,0,0,0,0,0,0,0,0,0,0,0,0.01467,0,0,0,0,0,0,0,0,0,0,0,0,0,0,0,0,0,0,0.49622,0,0,0,0,0,0,0,0,0,0,0,0,0,0,0,0,0,0,0,0
TMR-3347,,4169,14322,0,0,0,0,0,0,0,0,0,0,0,0,0,0,0,0,0,0,0,0,0,0,0,0,0,0,0,0,0,0,0,0,0,0,0,0,0,0,0,0,0,0,0,0,0,0,0,0,0,0,0,0,0,0,0,0,0
TMR-3348,,8109,39,0,0,0,0,0,0,0,0,0,0,0,0,0,0,0,0,0,0.74078,0,0,0,0,0,0,0,0,0,0,0,0,0,0,0,0,0,0,0,0,0,0,0,0,0,0.10256,0,0,0,0,0,0,0,0,0,0,0,0,0
TMR-3349,,5501,6500,0,0,0,0,0,0,0,0,0,0,0,0,0,0,0,0,0,0.02472,0,0,0,0.28395,0,0,0,0,0,0,0,0,0,0,0,0,0,0,0,0,0,0,0,0,0,0,0,0,0,0,0,0,0,0,0,0,0,0,0
TMR-3350,,6296,4322,0,0,0,0,0,0,0,0,0,0,0,0,0,0,0,0,0,0,0,0,0,0,0,0,0,0,0,0,0,0,0,0,0,0,0,0,0.0251,0,0,0,0,0,0,0,0,0,0,0,0,0,0,0,0,0,0,0,0
TMR-3351,,8053,2995,0,0,0,0,0,0,0,0,0,0,0,0,0,0,0,0,0,0,0,0,0,0.07053,0,0,0,0,0,0,0,0,0,0,0,0,0,0,0,0,0,0,0,0,0,0,0,0,0,0,0,0,0,0,0,0,0,0,0
TMR-3354,,9063,5502,0,0,0,0,0,0,0,0,0,0,0,0,0,0,0,0,0,0.05131,0,0,0,0,0,0,0,0,0,0,0,0,0,0,0,0,0,0,0.1419,0,0,0,0,0,0,0,0,0,0,0,0,0,0,0,0,0,0,0,0
TMR-3356,,3216,9297,0,0,0,0,0,0,0,0,0,0,0,0,0,0,0,0,0,0,0,0,0,0,0,0,0,0,0,0,0,0,0,0,0,0,0,0,0.9319,0,0,0,0,0,0,0,0,0,0,0,0,0,0,0,0,0,0,0,0
TMR-3357,,1549,14,0,0,0,0,0,0,0,0,0,0,0,0,0,0,0,0,0,0,0,0,0,0.03551,0,0,0,0,0,0,0,0,0,0,0,0,0,0,0,0,0,0,0,0,0,0,0,0,0,0,0,0,0,0,0,0,0,0,0
TMR-3358,,0,2424,0,0,0,0,0,0,0,0,0,0,0,0,0,0,0,0,0,0,0,0,0,0,0,0,0,0,0,0,0,0,0,0,0,0,0,0,0,0,0,0,0,0,0,0,0,0,0,0,0,0,0,0,0,0,0,0,0
TMR-3360,,1954,11591,0,0,0,0,0,0,0,0,0,0,0,0,0,0,0,0,0,0,0,0,0,0,0,0,0,0,0,0,0,0,0,0,0,0,0,0,0,0,0,0,0,0,0,0,0,0,0,0,0,0,0,0,0,0,0,0,0
TMR-3362,,2584,2962,0,0,0,0,0,0,0,0.07856,0,0,0,0,0,0,0,0,0,0,0,0,0,0.46246,0,0,0,0,0,0,0,0,0,0,0,0,0,0,0,0,0,0,0,0,0,0.13437,0,0,0,0,0,0,0,0,0,0,0,0,0
TMR-3373,,6288,3177,0,0,0,0,0,0,0,0,0,0,0,0,0,0,0,0,0,0,0,0,0,0,0,0,0,0,0,0,0,0,0,0,0,0,0,0,0.67669,0,0,0,0,0,0,0,0,0,0,0,0,0,0,0,0,0,0,0,0
TMR-3375,,4676,1380,0,0,0,0,0,0,0,0,0,0,0,0,0,0,0,0,0,0,0,0,0,0,0,0,0,0,0,0,0,0,0,0,0,0,0,0,0.95338,0,0,0,0,0,0,0,0,0,0,0,0,0,0,0,0,0,0,0,0
TMR-3377,,4682,3177,0,0,0,0,0,0,0,0,0,0,0,0,0,0,0,0,0,0,0,0,0,0,0,0,0,0,0,0,0,0,0,0.10829,0,0,0,0,0.32657,0,0,0,0,0,0,0,0,0,0,0,0,0,0,0,0,0,0,0,0
TMR-3378,,6362,8562,0,0,0,0,0,0,0,0,0,0,0,0,0,0,0,0,0,0,0,0,0,0,0,0,0.99088,0,0,0,0,0,0,0,0,0,0,0,0,0,0,0,0,0,0,0,0,0,0,0,0,0,0,0,0,0,0,0,0
TMR-3380,,1708,7323,0,0,0,0,0,0,0,0,0,0,0,0,0,0,0,0,0,0.60948,0,0,0,0,0,0,0.13115,0,0,0,0,0,0,0,0,0,0,0,0.18911,0,0,0,0,0,0,0,0,0,0,0,0,0,0,0,0,0,0,0,0
TMR-3381,,7153,14874,0,0,0,0,0,0,0,0,0,0,0,0,0,0,0,0,0,0,0,0,0,0,0,0,0,0,0,0,0,0,0,0,0,0,0,0,0,0,0,0,0,0,0,0,0,0,0,0,0,0,0,0,0,0,0,0,0
TMR-3382,,10819,30551,0,0,0,0,0,0,0,0,0,0,0,0,0,0,0,0,0,0,0,0,0,0.17941,0,0,0,0,0,0,0,0,0,0,0,0,0,0,0,0,0,0,0,0,0,0,0,0,0,0,0,0,0,0,0,0,0,0,0
TMR-3383,,12317,3349,0,0,0,0,0,0,0,0,0,0,0,0,0,0,0,0,0,0.0781,0,0,0,0,0,0,0,0,0,0,0,0,0,0,0,0,0,0,0.54275,0,0,0,0,0,0,0,0,0,0,0,0,0,0,0,0,0,0,0,0
TMR-3384,,10813,16065,0,0,0,0,0,0,0,0,0,0,0,0,0,0,0,0,0,0.30389,0,0,0,0,0,0,0,0,0,0,0,0,0,0,0,0,0,0,0,0,0,0,0,0,0,0,0,0,0,0,0,0,0,0,0,0,0,0,0
TMR-3385,,9591,4898,0,0,0,0,0,0,0,0,0,0,0,0,0,0,0,0,0,0.02596,0,0,0,0,0,0,0,0,0,0,0,0,0,0,0,0,0,0,0.85017,0,0,0,0,0,0,0,0,0,0,0,0,0,0,0,0,0,0,0,0
TMR-3386,,7970,6402,0,0,0,0,0,0,0,0,0,0,0,0,0,0,0,0,0,0,0,0,0,0.73814,0,0,0,0,0,0,0,0,0,0,0,0,0,0,0,0,0,0,0,0,0,0,0,0,0,0,0,0,0,0,0,0,0,0,0
TMR-3390,,9254,8561,0,0,0,0,0,0,0,0,0,0,0,0,0,0,0,0,0,0,0,0,0,0,0,0,0,0,0,0,0,0,0,0,0,0,0,0,0.88275,0,0,0,0,0,0,0,0,0,0,0,0,0,0,0,0,0,0,0,0
TMR-3391,,4828,7097,0,0,0,0,0,0,0,0,0,0,0,0,0,0,0,0,0,0.19366,0,0,0,0,0,0,0,0,0.02382,0,0,0,0,0,0,0,0,0,0.64727,0,0,0,0,0,0,0,0,0,0,0,0,0,0,0,0,0,0,0,0
TMR-3392,,4635,5662,0,0,0,0,0,0,0,0,0,0,0,0,0,0,0,0,0,0,0,0,0,0,0,0,0,0,0,0,0,0,0,0,0,0,0,0,0.82632,0,0,0,0,0,0,0,0,0,0,0,0,0,0,0,0,0,0,0,0
TMR-3393,,6396,9551,0,0,0,0,0,0,0,0,0,0,0,0,0,0,0,0,0,0,0,0,0,0,0,0,0,0,0,0,0,0,0,0,0,0,0,0,0.01501,0,0,0,0,0,0,0,0,0,0,0,0,0,0,0,0,0,0,0,0
TMR-3394,,3947,11600,0,0,0,0,0,0,0,0,0,0,0,0,0,0,0,0,0,0.05168,0,0,0,0.09805,0,0,0,0,0,0,0,0,0,0,0,0,0,0,0.02584,0,0,0,0,0,0,0,0,0,0,0,0,0,0,0,0,0,0,0,0
TMR-3395,,4200,5538,0,0,0,0,0,0,0,0,0,0,0,0,0,0,0,0,0,0.04,0,0,0,0,0,0,0,0,0,0,0,0,0,0,0,0,0,0,0.90262,0,0,0,0,0,0,0.01553,0,0,0,0,0,0,0,0,0,0,0,0,0
TMR-3396,,18376,10935,0,0,0,0,0,0,0,0,0,0,0,0,0,0,0,0,0,0,0,0,0,0,0,0,0,0,0,0,0,0,0,0,0,0,0,0,0.88452,0,0,0,0,0,0,0,0,0,0,0,0,0,0,0,0,0,0,0,0
TMR-3397,,9038,9092,0,0,0,0,0,0,0,0,0,0,0,0,0,0,0,0,0,0,0,0,0,0,0,0,0,0,0,0,0,0,0,0,0,0,0,0,0,0,0,0,0,0,0,0.50517,0,0,0,0,0,0,0,0,0,0,0,0,0
TMR-3399,,13504,7136,0,0,0,0,0,0,0,0,0,0,0,0,0,0,0,0,0,0,0,0,0,0.02244,0,0,0,0,0,0,0,0,0,0,0,0,0,0,0.72704,0,0,0,0,0,0,0,0,0,0,0,0,0,0,0,0,0,0,0,0
TMR-3400,,3970,8784,0,0,0,0,0,0,0,0,0,0,0,0,0,0,0,0,0,0,0,0,0,0.07683,0,0,0,0,0,0,0,0,0,0,0,0,0,0,0.16398,0,0,0,0,0,0,0,0,0,0,0,0,0,0,0,0,0,0,0,0
TMR-3405,,5208,7675,0,0,0,0,0,0,0,0,0,0,0,0,0,0,0,0,0,0,0,0,0,0.02247,0,0,0,0,0,0,0,0,0,0,0,0,0,0,0,0,0,0,0,0,0,0,0,0,0,0,0,0,0,0,0,0,0,0,0
TMR-3407,,4144,2781,0,0,0,0,0,0,0,0,0,0,0,0,0,0,0,0,0,0.02823,0,0,0,0,0,0,0,0,0,0,0,0,0,0,0,0,0,0,0.93436,0,0,0,0,0,0,0.06113,0,0,0,0,0,0,0,0,0,0,0,0,0
TMR-3408,,3612,7107,0,0,0,0,0,0,0,0,0,0,0,0,0,0,0,0,0,0,0,0,0,0,0,0,0,0,0,0,0,0,0,0,0,0,0,0,0,0,0,0,0,0,0,0,0,0,0,0,0,0,0,0,0,0,0,0,0
TMR-3410,,5764,8923,0,0,0,0,0,0,0,0,0,0,0,0,0,0,0,0,0,0.81575,0,0,0,0,0,0,0,0,0,0,0,0,0,0,0,0,0,0,0,0,0,0,0,0,0,0,0,0,0,0,0,0,0,0,0,0,0,0,0
TMR-3414,,4498,4797,0,0,0,0,0,0,0,0,0,0,0,0,0,0,0,0,0,0,0,0,0,0,0,0,0.86194,0,0,0,0,0,0,0,0,0,0,0,0.09715,0,0,0,0,0,0,0,0,0,0,0,0,0,0.01918,0,0,0,0,0,0
TMR-3415,,2287,3434,0,0,0,0,0,0,0,0,0,0,0,0,0,0,0,0,0,0,0,0,0,0,0,0,0,0,0,0,0,0,0,0,0,0,0,0,0.90599,0,0,0,0,0,0,0,0,0,0,0,0,0,0,0,0,0,0,0,0
TMR-3417,,2473,8177,0,0,0,0,0,0,0,0.21553,0,0,0,0,0,0,0,0,0,0.01173,0,0,0,0.04893,0,0,0,0,0,0,0,0,0,0,0,0,0,0,0.56045,0,0,0,0,0,0,0.92834,0,0,0,0,0,0,0,0,0,0,0,0,0
TMR-3418,,1916,3482,0,0,0,0,0,0,0,0,0,0,0,0,0,0,0,0,0,0,0,0,0,0,0,0,0,0,0,0,0,0,0,0,0,0,0,0,0.12996,0,0,0,0,0,0,0,0,0,0,0,0,0,0,0,0,0,0,0,0
TMR-3419,,3370,2998,0,0,0,0,0,0,0,0,0,0,0,0,0,0,0,0,0,0,0,0,0,0.40772,0,0,0,0,0,0,0,0,0,0,0,0,0,0,0.35549,0,0,0,0,0,0,0,0,0,0,0,0,0,0,0,0,0,0,0,0
TMR-3421,,1090,1793,0,0,0,0,0,0,0,0.07248,0,0,0,0,0,0,0,0,0,0.04587,0,0,0,0.06422,0,0,0,0,0,0,0,0,0,0,0,0,0,0,0,0,0,0,0,0,0,0.02956,0,0,0,0,0,0,0,0,0,0,0,0,0
TMR-3425,,0,1442,0,0,0,0,0,0,0,0,0,0,0,0,0,0,0,0,0,0,0,0,0,0,0,0,0,0,0,0,0,0,0,0,0,0,0,0,0,0,0,0,0,0,0,0,0,0,0,0,0,0,0,0,0,0,0,0,0
TMR-3426,,10312,7605,0,0,0,0,0,0,0,0,0,0,0,0,0,0,0,0,0,0,0,0,0,0.5673,0,0,0,0,0,0,0,0,0,0,0,0,0,0,0,0,0,0,0,0,0,0.25536,0,0,0,0,0,0,0,0,0,0,0,0,0
TMR-3428,,6958,3779,0,0,0,0,0,0,0,0,0,0,0,0,0,0,0,0,0,0,0,0,0,0,0,0,0.53047,0,0,0,0,0,0,0,0,0,0,0,0,0,0,0,0,0,0,0.05187,0,0,0,0,0,0,0,0,0,0,0,0,0
TMR-3429,,2381,911,0,0,0,0,0,0,0,0,0,0,0,0,0,0,0,0,0,0.09534,0,0,0,0,0,0,0.86224,0,0,0,0,0,0,0,0,0,0,0,0,0,0,0,0,0,0,0,0,0,0,0,0,0,0,0,0,0,0,0,0
TMR-3430,,4795,4551,0,0,0,0,0,0,0,0,0,0,0,0,0,0,0,0,0,0.03253,0,0,0,0.10574,0,0,0,0,0.07946,0,0,0,0,0,0,0,0,0,0.02419,0,0,0,0,0,0,0,0,0,0,0,0,0,0,0,0,0,0,0,0
TMR-3432,,4075,4659,0,0,0,0,0,0,0,0,0,0,0,0,0,0,0,0,0,0,0,0,0,0,0,0,0,0,0,0,0,0,0,0,0,0,0,0,0.97914,0,0,0,0,0,0,0,0,0,0,0,0,0,0,0,0,0,0,0,0
TMR-3433,,3947,9927,0,0,0,0,0,0,0,0,0,0,0,0,0,0,0,0,0,0,0,0,0,0,0,0,0,0,0,0,0,0,0,0,0,0,0,0,0,0,0,0,0,0,0,0,0,0,0,0,0,0,0,0,0,0,0,0,0
TMR-3438,,2666,3695,0,0,0,0.13953,0,0,0,0,0,0,0,0,0,0,0,0,0,0,0,0,0,0,0,0,0,0,0,0,0,0,0,0,0,0,0,0,0.84771,0,0,0,0.99838,0,0,0,0,0,0,0,0,0,0,0,0,0,0,0,0
TMR-3439,,0,6322,0,0,0,0,0,0,0,0,0,0,0,0,0,0,0,0,0,0,0,0,0,0,0,0,0,0,0,0,0,0,0,0,0,0,0,0,0,0,0,0,0,0,0,0,0,0,0,0,0,0,0,0,0,0,0,0,0
TMR-3442,,10759,4374,0,0,0,0,0,0,0,0,0,0,0,0,0,0,0,0,0,0,0,0,0,0,0,0,0,0,0,0,0,0,0,0,0,0,0,0,0.3425,0,0,0,0,0,0,0,0,0,0,0,0,0,0,0,0,0,0,0,0
TMR-3446,,9415,4224,0,0,0,0,0,0,0,0,0,0,0,0,0,0,0,0,0,0.02772,0,0,0,0,0,0,0,0,0,0,0,0,0,0,0,0,0,0,0.55114,0,0,0,0,0,0,0,0,0,0,0,0,0,0,0,0,0,0,0,0
TMR-3448,,2218,2039,0,0,0,0.06177,0,0,0,0,0,0,0,0,0,0.34671,0.01939,0,0,0,0,0,0,0,0,0,0,0,0,0,0,0,0,0,0,0,0,0,0,0,0,0,0.0613,0,0,0,0,0,0,0,0,0,0,0,0,0,0,0,0
TMR-3449,,7209,3383,0,0,0,0,0,0,0,0,0,0,0,0,0,0,0,0,0,0,0,0,0,0,0,0,0,0,0,0,0,0,0,0,0,0,0,0,0.25482,0,0,0,0,0,0,0,0,0,0,0,0,0,0,0,0,0,0,0,0
TMR-3451,,815,4864,0,0,0,0,0,0,0,0,0,0,0,0,0,0,0,0,0,0,0,0,0,0.40613,0,0,0,0,0,0,0,0,0,0,0,0,0,0,0.28344,0,0,0,0,0,0,0,0,0,0,0,0,0,0,0,0,0,0,0,0
TMR-3452,,3191,8438,0,0,0,0.09151,0,0,0,0,0,0,0,0,0,0,0,0,0,0,0,0,0,0,0,0,0,0,0,0,0,0,0,0,0,0,0,0,0.75055,0,0,0,0.34795,0,0,0,0,0,0,0,0,0,0,0,0,0,0,0,0
TMR-3453,,1380,1883,0,0,0,0,0,0,0,0,0,0,0,0,0,0,0,0,0,0.02391,0,0,0,0,0,0,0,0,0,0,0,0,0,0,0,0,0,0,0.95725,0,0,0,0,0,0,0,0,0,0,0,0,0,0,0,0,0,0,0,0
TMR-3459,,0,6489,0,0,0,0,0,0,0,0,0,0,0,0,0,0,0,0,0,0,0,0,0,0,0,0,0,0,0,0,0,0,0,0,0,0,0,0,0,0,0,0,0.97134,0,0,0,0,0,0,0,0,0,0,0,0,0,0,0,0
TMR-3460,,4071,318,0,0,0,0.63916,0,0,0,0,0,0,0,0,0,0,0,0,0,0,0,0,0,0,0,0,0,0,0,0,0,0,0,0,0,0,0,0,0.27241,0,0,0,0.96226,0,0,0,0,0,0,0,0,0,0,0,0,0,0,0,0
TMR-3461,,3309,2951,0,0,0,0,0,0,0,0,0,0,0,0,0,0,0,0,0,0,0,0,0,0,0,0,0,0,0,0,0,0,0,0,0,0,0,0,0,0,0,0,0,0,0,0,0,0,0,0,0,0,0,0,0,0,0,0,0
TMR-3463,,1355,514,0,0,0,0,0,0,0,0,0,0,0,0,0,0,0,0,0,0,0,0,0,0,0,0,0,0,0,0,0,0,0,0,0,0,0,0,0.92325,0,0,0,0,0,0,0,0,0,0,0,0,0,0,0,0,0,0,0,0
TMR-3469,,2427,2270,0,0,0,0,0,0,0,0,0,0,0,0,0,0,0,0,0,0,0,0,0,0,0,0,0,0,0,0,0,0,0,0,0,0,0,0,0.58591,0,0,0,0,0,0,0,0,0,0,0,0,0,0,0,0,0,0,0,0
TMR-3470,,3636,7584,0,0,0,0,0,0,0,0,0,0,0,0,0,0,0,0,0,0,0,0,0,0,0,0,0,0,0,0,0,0,0,0,0,0,0,0,0.58883,0,0,0,0,0,0,0,0,0,0,0,0,0,0,0,0,0,0,0,0
TMR-3471,,9565,3679,0,0,0,0,0,0,0,0,0,0,0,0,0,0,0,0,0,0,0,0,0,0,0,0,0,0,0,0,0,0,0,0,0,0,0,0,0.81443,0,0,0,0.02501,0,0,0,0,0,0,0,0,0,0,0,0,0,0,0,0
TMR-3477,,2529,3455,0,0,0,0,0,0,0,0,0,0,0,0,0,0,0,0,0,0,0,0,0,0,0,0,0,0,0,0,0,0,0,0,0,0,0,0,0,0,0,0,0,0,0,0,0,0,0,0,0,0,0,0,0,0,0,0,0
TMR-3480,,7,4569,0,0,0,0,0,0,0,0,0,0,0,0,0,0,0,0,0,0,0,0,0,0,0,0,1,0,0,0,0,0,0,0,0,0,0,0,0,0,0,0,0,0,0,0,0,0,0,0,0,0,0,0,0,0,0,0,0
TMR-3481,,11529,7597,0,0,0,0,0,0,0,0,0,0,0,0,0,0,0,0,0,0,0,0,0,0,0,0,0,0,0,0,0,0,0,0,0,0,0,0,0.74117,0,0,0,0,0,0,0,0,0,0,0,0,0,0,0,0,0,0,0,0
TMR-3488,,12,2287,0,0,0,0,0,0,0,0,0,0,0,0,0,0,0,0,0,0,0,0,0,0,0,0,0,0,0,0,0,0,0,0,0,0,0,0,0,0,0,0,0,0,0,0.02449,0,0,0,0,0,0,0,0,0,0,0,0,0
TMR-3489,,2280,3098,0,0,0,0,0,0,0,0,0,0,0,0,0,0,0,0,0,0,0,0,0,0,0,0,0,0,0,0,0,0,0,0,0,0,0,0,0,0,0,0,0,0,0,0,0,0,0,0,0,0,0,0,0,0,0,0,0
TMR-3490,,6639,6178,0,0,0,0,0,0,0,0,0,0,0,0,0,0.49164,0,0,0,0,0,0,0,0,0,0,0,0,0,0,0,0,0,0,0,0,0,0,0,0,0,0,0,0,0,0,0,0,0,0,0,0,0,0,0,0,0,0,0
TMR-3491,,3588,8871,0,0,0,0,0,0,0,0,0,0,0,0,0,0,0,0,0,0,0,0,0,0,0,0,0,0,0,0,0,0,0,0,0,0,0,0,0.88852,0,0,0,0,0,0,0,0,0,0,0,0,0,0,0,0,0,0,0,0
TMR-3499,,2437,5244,0,0,0,0,0,0,0,0,0,0,0,0,0,0,0,0,0,0,0,0,0,0,0,0,0,0,0,0,0,0,0,0,0,0,0,0,0,0,0,0,0,0,0,0,0,0,0,0,0,0,0,0,0,0,0,0,0
TMR-3500,,2965,5984,0,0,0,0,0,0,0,0,0,0,0,0,0,0,0,0,0,0,0,0,0,0,0,0,0,0,0,0,0,0,0,0,0,0,0,0,0,0,0,0,0,0,0,0,0,0,0,0,0,0,0,0,0,0,0,0,0
TMR-3501,,3158,2997,0,0,0,0,0,0,0,0,0,0,0,0,0,0,0,0,0,0.10323,0,0,0,0,0,0,0,0,0,0,0,0,0,0,0,0,0,0,0,0,0,0,0,0,0,0,0,0,0,0,0,0,0,0,0,0,0,0,0
TMR-3502,,4944,3505,0,0,0,0,0,0,0,0.05441,0,0,0,0,0,0,0,0,0,0,0,0,0,0,0,0,0,0,0,0,0,0,0,0,0,0,0,0,0,0,0,0,0,0,0,0.02111,0,0,0,0,0,0,0,0,0,0,0,0,0
TMR-3503,,4655,7180,0,0,0,0,0,0,0,0,0,0,0,0,0,0,0,0,0,0,0,0,0,0,0,0,0,0,0,0,0,0,0,0,0,0,0,0,0,0,0,0,0,0,0,0,0,0,0,0,0,0,0,0,0,0,0,0,0
TMR-3509,,1287,7650,0,0,0,0,0,0,0,0,0,0,0,0,0,0,0,0,0,0,0,0,0,0,0,0,0,0,0,0,0,0,0,0,0,0,0,0,0,0,0,0,0,0,0,0,0,0,0,0,0,0,0,0,0,0,0,0,0
TMR-3516,,4664,1504,0,0,0,0,0,0,0,0,0,0,0,0,0,0,0,0,0,0,0,0,0,0.06497,0,0,0,0,0,0,0,0,0,0,0,0,0,0,0,0,0,0,0,0,0,0,0,0,0,0,0,0,0,0,0,0,0,0,0
TMR-3520,,5284,4523,0,0,0,0,0,0,0,0.88134,0,0,0,0,0,0,0,0,0,0,0,0,0,0,0,0,0,0,0,0,0,0,0,0,0,0,0,0,0,0,0,0,0,0,0,0.93809,0,0,0,0,0,0,0,0,0,0,0,0,0
TMR-3527,,793,3500,0,0,0,0,0,0,0,0,0,0,0,0,0,0,0,0,0,0,0,0,0,0,0,0,0,0,0,0,0,0,0,0,0,0,0,0,0,0,0,0,0,0,0,0,0,0,0,0,0,0,0,0,0,0,0,0,0
TMR-3528,,3796,5371,0,0,0,0,0,0,0,0,0,0,0,0,0,0,0,0,0,0.03872,0,0,0,0,0,0,0,0,0,0,0,0,0,0,0,0,0,0,0,0,0,0,0,0,0,0,0,0,0,0,0,0,0,0,0,0,0,0,0
TMR-3534,,5445,3168,0,0,0,0,0,0,0,0,0,0,0,0,0,0,0,0,0,0,0,0,0,0,0,0,0,0,0,0,0,0,0,0,0,0,0,0,0,0,0,0,0,0,0,0,0,0,0,0,0,0,0,0,0,0,0,0,0
TMR-3535,,5641,5760,0,0,0,0,0,0,0,0,0,0,0,0,0,0,0,0,0,0,0,0,0,0,0,0,0,0,0,0,0,0,0,0,0,0,0,0,0,0,0,0,0,0,0,0,0,0,0,0,0,0,0,0,0,0,0,0,0
TMR-3543,,1083,1692,0,0,0,0,0,0,0,0,0,0,0,0,0,0,0,0,0,0,0,0,0,0,0,0,0,0,0,0,0,0,0,0,0,0,0,0,0,0,0,0,0,0,0,0,0.04019,0,0,0,0,0,0,0,0,0,0,0,0
TMR-3548,,1458,5190,0,0,0,0,0,0,0,0,0,0,0,0,0,0,0,0,0,0,0,0,0,0,0,0,0,0,0,0,0,0,0,0,0,0,0,0,0,0,0,0,0,0,0,0,0,0,0,0,0,0,0,0,0,0,0,0,0
TMR-3553,,992,4908,0,0,0,0,0,0,0,0,0,0,0,0,0,0,0,0,0,0,0,0,0,0,0,0,0,0,0,0,0,0,0,0,0,0,0,0,0,0,0,0,0,0,0,0,0.02037,0,0,0,0,0,0,0,0,0,0,0,0
TMR-3557,,3725,6600,0,0,0,0,0,0,0,0,0,0,0,0,0,0,0,0,0,0,0,0,0,0,0,0,0,0,0,0,0,0,0,0,0,0,0,0,0,0,0,0,0,0,0,0,0,0,0,0,0,0,0,0,0,0,0,0,0
TMR-3558,,4797,5860,0,0,0,0,0,0,0,0,0,0,0,0,0,0,0,0,0,0,0,0,0,0,0,0,0,0,0,0,0,0,0,0,0,0,0,0,0.73275,0,0,0,0,0,0,0,0,0,0,0,0,0,0,0,0,0,0,0,0
TMR-3559,,5698,1986,0,0,0,0,0,0,0,0,0,0,0,0,0,0.52755,0,0,0,0,0,0,0,0,0,0,0,0,0,0,0,0,0,0,0,0,0,0,0,0,0,0,0,0,0,0,0.76888,0,0,0,0,0,0,0,0,0,0,0,0
TMR-3563,,1450,2690,0,0,0,0,0,0,0,0,0,0,0,0,0,0,0,0,0,0,0,0,0,0,0,0.24276,0,0,0,0,0,0,0,0,0,0,0,0,0,0,0,0,0,0,0,0,0,0,0,0,0,0,0,0,0,0,0,0,0
TMR-3564,,5120,3240,0,0,0,0,0,0,0,0,0,0,0,0,0,0,0,0,0,0,0,0,0,0,0,0,0,0,0,0,0,0,0,0,0,0,0,0,0.78301,0,0,0,0,0,0,0,0,0,0,0,0,0,0,0,0,0,0,0,0
TMR-3567,,4032,1348,0,0,0,0,0,0,0,0,0,0,0,0,0,0,0,0,0,0,0,0,0,0,0,0,0,0,0,0,0,0,0,0,0,0,0,0,0.59301,0,0,0,0,0,0,0,0,0,0,0,0,0,0,0,0,0,0,0,0
TMR-3568,,2871,2305,0,0,0,0,0,0,0,0,0,0,0,0,0,0,0,0,0,0,0,0,0,0,0,0,0,0,0,0,0,0,0,0,0,0,0,0,0,0,0,0,0,0,0,0,0,0,0,0,0,0,0,0,0,0,0,0,0
TMR-3569,,787,2138,0,0,0,0,0,0,0,0,0,0,0,0,0,0,0,0,0,0,0,0,0,0.01271,0,0,0,0,0,0,0,0,0,0,0,0,0,0,0,0,0,0,0,0,0,0,0,0,0,0,0,0,0,0,0,0,0,0,0
TMR-3574,,876,3530,0,0,0,0,0,0,0,0,0,0,0,0,0,0,0,0,0,0.41096,0,0,0,0,0,0,0,0,0,0,0,0,0,0,0,0,0,0,0,0,0,0,0,0,0,0,0,0,0,0,0,0,0,0,0,0,0,0,0
TMR-3577,,2993,7830,0,0,0,0,0,0,0,0,0,0,0,0,0,0,0,0,0,0.44437,0,0,0,0,0,0,0,0,0,0,0,0,0,0,0,0,0,0,0,0,0,0,0,0,0,0,0,0,0,0,0,0,0,0,0,0,0,0,0
TMR-3578,,6808,9219,0,0,0,0,0,0,0,0,0,0,0,0,0,0,0,0,0,0.24412,0,0,0,0,0,0,0,0,0,0,0,0,0,0,0,0,0,0,0.26689,0,0,0,0,0,0,0,0,0,0,0,0,0,0,0,0,0,0,0,0
TMR-3581,,7233,5758,0,0,0,0,0,0,0,0,0,0,0,0,0,0,0,0,0,0,0,0,0,0,0,0,0,0,0,0,0,0,0,0,0,0,0,0,0.79123,0,0,0,0,0,0,0,0,0,0,0,0,0,0,0,0,0,0,0,0
TMR-3591,,3488,2032,0,0,0,0,0,0,0,0,0,0,0,0,0,0,0,0,0,0,0,0,0,0,0,0,0,0,0,0,0,0,0,0,0,0,0,0,0.26233,0,0,0,0,0,0,0.11417,0,0,0,0,0,0,0,0,0,0,0,0,0
TMR-3592,,3334,2866,0,0,0,0,0,0,0,0,0,0,0,0,0,0,0,0,0,0,0,0,0,0,0,0,0,0,0,0,0,0,0,0,0,0,0,0,0.04679,0,0,0,0,0,0,0,0,0,0,0,0,0,0,0,0,0,0,0,0
TMR-3593,,6493,2953,0,0,0,0,0,0,0,0,0,0,0,0,0,0,0,0,0,0.76082,0,0,0,0,0,0,0,0,0,0,0.02865,0,0,0,0,0,0,0,0,0,0,0,0,0,0,0,0,0,0,0,0,0,0,0,0,0,0,0,0
TMR-3598,,5731,4995,0,0,0,0,0,0,0,0,0,0,0,0,0,0,0,0,0,0,0,0,0,0,0,0,0,0,0,0,0,0,0,0,0,0,0,0,0.04484,0,0,0,0,0,0,0,0,0,0,0,0,0,0,0,0,0,0,0,0
TMR-3599,,3493,3480,0,0,0,0,0,0,0,0,0,0,0,0,0,0,0,0,0,0,0,0,0,0,0,0,0.2087,0,0,0,0,0,0,0,0,0,0,0,0,0,0,0,0,0,0,0,0,0,0,0,0,0,0,0,0,0,0,0,0
TMR-3600,,1668,2624,0,0,0,0,0,0,0,0,0,0,0,0,0,0,0,0,0,0,0,0,0,0,0,0,0,0,0,0,0,0,0,0,0,0,0,0,0.23381,0,0,0,0,0,0,0,0,0,0,0,0,0,0,0,0,0,0,0,0
TMR-3605,,5671,2572,0,0,0,0,0,0,0,0,0,0,0,0,0,0,0,0,0,0,0,0,0,0,0,0,0,0,0,0,0,0,0,0,0,0,0,0,0.31159,0,0,0,0,0,0,0,0,0,0,0,0,0,0,0,0,0,0,0,0
TMR-3607,,5678,2273,0,0,0,0,0,0,0,0,0,0,0,0,0,0,0,0,0,0,0,0,0,0,0,0,0,0,0,0,0,0,0,0,0,0,0,0,0,0,0,0,0,0,0,0,0,0,0,0,0,0,0,0,0,0,0,0,0
TMR-3608,,3271,3366,0,0,0,0,0,0,0,0.38367,0,0,0,0,0,0,0,0,0,0,0,0,0,0,0,0,0,0,0,0,0,0,0,0,0,0,0,0,0.06787,0,0,0,0,0,0,0.2142,0,0,0,0,0,0,0,0,0,0,0,0,0
TMR-3610,,3813,2028,0,0,0,0,0,0,0,0,0,0,0,0,0,0,0,0,0,0,0,0,0,0,0,0,0,0,0,0,0,0,0,0,0,0,0,0,0,0,0,0,0,0,0,0,0,0,0,0,0,0,0,0,0,0,0,0.02811,0
TMR-3611,,1819,3794,0,0,0,0,0.02364,0,0,0,0,0,0,0,0,0,0,0,0,0,0,0,0,0,0,0,0,0,0,0,0,0,0,0,0,0,0,0,0,0,0,0,0,0.08962,0,0,0,0,0,0,0,0,0,0,0,0,0,0,0
TMR-3612,,4523,1342,0,0,0,0,0,0,0,0,0,0,0,0,0,0,0,0,0,0.01503,0,0,0,0,0,0,0,0,0,0,0,0,0,0,0,0,0,0,0.77272,0,0,0,0,0,0,0,0,0,0,0,0,0,0,0,0,0,0,0,0
TMR-3613,,3545,1907,0,0,0,0,0,0,0,0,0,0,0,0,0,0,0,0,0,0,0,0,0,0,0,0,0,0,0,0,0.7574,0,0,0,0,0,0,0,0,0,0,0,0,0,0,0,0,0,0,0,0,0,0,0,0,0.01416,0,0,0
TMR-3614,,2524,1037,0,0,0,0,0,0,0,0.02377,0,0,0,0,0,0,0,0,0,0.0416,0,0,0,0,0,0,0,0,0,0,0,0,0,0,0,0,0,0,0,0,0,0,0,0,0,0.1514,0,0,0,0,0,0,0,0,0,0,0,0,0
TMR-3620,,2736,1761,0,0,0,0,0,0,0,0.0424,0,0,0,0,0,0.44042,0,0,0,0,0,0,0,0,0,0,0,0,0,0,0,0,0,0,0,0,0,0,0,0,0,0,0,0,0,0.70812,0,0,0,0,0,0,0,0,0,0,0,0,0
TMR-3621,,4869,2144,0,0,0,0,0,0,0,0,0,0,0,0,0,0,0,0,0,0.04025,0,0,0,0,0,0,0,0,0,0,0,0,0,0,0,0,0,0,0.36661,0,0,0,0,0,0,0,0,0,0,0,0,0,0,0,0,0,0,0,0
TMR-3622,,5486,1135,0,0,0,0,0,0,0,0,0,0,0,0,0,0,0,0,0,0,0,0,0,0,0,0,0,0,0,0,0,0,0,0,0,0,0,0,0.10445,0,0,0,0,0,0,0,0,0,0,0,0,0,0,0,0,0,0,0,0
TMR-3623,,5425,4099,0,0,0,0,0,0,0,0,0,0,0,0,0,0,0,0,0,0,0,0,0,0,0,0,0,0,0,0,0,0,0,0,0,0,0,0,0,0,0,0,0,0,0,0,0,0,0,0,0,0,0,0,0,0,0,0,0
TMR-3630,,2815,2120,0,0,0,0,0,0,0,0,0,0,0,0,0,0,0,0,0,0,0,0,0,0,0,0,0,0,0,0,0,0,0,0,0,0,0,0,0,0,0,0,0,0,0,0,0,0,0,0,0,0,0,0,0,0,0,0,0
TMR-3634,,3402,2634,0,0,0,0,0,0,0,0.03204,0,0,0,0,0,0,0,0,0,0,0,0,0,0,0,0,0,0,0,0,0,0,0,0,0,0,0,0,0,0,0,0,0,0,0,0.03075,0,0,0,0,0,0,0,0,0,0,0,0,0
TMR-3635,,7190,1600,0,0,0,0.05869,0,0,0,0,0,0,0,0,0,0,0,0,0,0,0,0,0,0,0,0,0,0,0,0,0,0,0,0,0,0,0,0,0,0,0,0,0.39375,0,0,0,0,0,0,0,0,0,0,0,0,0,0,0,0
TMR-3636,,1347,1853,0,0,0,0,0,0,0,0,0,0,0,0,0,0,0,0,0,0,0,0,0,0,0,0,0,0,0,0,0,0,0.01262,0,0,0,0,0,0,0,0,0,0,0,0,0,0.04641,0,0,0,0,0,0,0,0,0,0,0,0
TMR-3637,,1041,4062,0,0,0,0,0,0,0,0.01057,0,0,0,0,0,0,0,0,0,0,0,0,0,0,0,0,0,0,0,0,0,0,0.18444,0,0,0,0,0,0,0,0,0,0,0,0,0,0.03619,0,0,0,0,0,0,0,0,0,0,0,0
TMR-3638,,6843,3649,0,0,0,0,0,0,0,0,0,0,0,0,0,0,0,0,0,0,0,0,0,0,0,0,0,0,0,0,0,0,0,0,0,0,0,0,0,0,0,0,0,0,0,0,0,0,0,0,0,0,0,0,0,0,0,0,0
TMR-3639,,5398,1902,0,0,0,0,0,0,0,0,0,0,0,0,0,0,0,0,0,0,0,0,0,0,0,0,0,0,0,0,0,0,0,0,0,0,0,0,0,0,0,0,0,0,0,0,0,0,0,0,0,0,0,0,0,0,0,0,0
TMR-3641,,2225,4397,0,0,0,0,0,0,0,0,0,0,0,0,0,0,0,0,0,0,0,0,0,0,0,0,0,0,0,0,0,0,0,0,0,0,0,0,0,0,0,0,0,0,0,0,0,0,0,0,0,0,0,0,0,0,0,0,0
TMR-3642,,2260,3302,0,0,0,0,0,0,0,0,0,0,0,0,0,0,0,0,0,0,0,0,0,0,0,0,0,0,0,0,0,0,0,0,0,0,0,0,0,0,0,0,0,0,0,0,0,0,0,0,0,0,0,0,0,0,0,0,0
TMR-3643,,2477,3554,0,0,0,0,0,0,0,0,0,0,0,0,0,0,0,0,0,0,0,0,0,0,0,0,0,0,0,0,0,0,0,0,0,0,0,0,0,0,0,0,0,0,0,0,0,0,0,0,0,0,0,0,0,0,0,0,0
TMR-3644,,5215,5976,0,0,0,0,0,0,0,0,0,0,0,0,0,0,0,0,0,0,0,0,0,0,0,0,0,0,0,0,0,0,0,0,0,0,0,0,0,0,0,0,0,0,0,0,0,0,0,0,0,0,0,0,0,0,0,0,0
TMR-3645,,2361,4048,0,0,0,0,0,0,0,0,0,0,0,0,0,0,0,0,0,0.15714,0,0,0,0,0,0,0,0,0,0,0,0,0,0,0,0,0,0,0,0,0,0,0,0,0,0,0,0,0,0,0,0,0,0,0,0,0,0,0
TMR-3646,,9319,6397,0,0,0,0,0,0,0,0,0,0,0,0,0,0,0,0,0,0,0,0,0,0,0,0,0,0,0,0,0,0,0,0,0,0,0,0,0.63515,0,0,0,0,0,0,0,0,0,0,0,0,0,0,0,0,0,0,0,0
TMR-3649,,7546,1669,0,0,0,0,0,0,0,0,0,0,0,0,0,0.29539,0,0,0,0,0,0,0,0,0,0,0,0,0,0,0,0,0,0,0,0,0,0,0,0,0,0,0,0,0,0,0.47873,0,0,0,0,0,0,0,0,0,0,0,0
TMR-3650,,4289,1648,0,0,0,0,0,0,0,0,0,0,0,0,0,0,0,0,0,0,0,0,0,0,0,0,0,0,0,0,0,0,0,0,0,0,0,0,0.95034,0,0,0,0,0,0,0,0,0,0,0,0,0,0,0,0,0,0,0,0
TMR-3653,,3173,3223,0,0,0,0,0,0,0,0,0,0,0,0,0,0,0,0,0,0,0,0,0,0,0,0,0,0,0,0,0,0,0.91711,0,0,0,0,0,0,0,0,0,0,0,0,0,0,0,0,0,0,0,0,0,0,0,0,0,0
TMR-3654,,5126,2915,0,0,0,0,0,0,0,0,0,0,0,0,0,0,0,0,0,0,0,0,0,0,0,0,0,0,0,0,0,0,0,0,0,0,0,0,0,0,0,0,0,0,0,0,0,0,0,0,0,0,0,0,0,0,0,0,0
TMR-3655,,1375,4307,0,0,0,0,0,0,0,0.02909,0,0,0,0,0,0,0,0,0,0,0,0,0,0,0,0,0,0,0,0,0,0,0,0,0,0,0,0,0,0,0,0,0,0,0,0.70606,0,0,0,0,0,0,0,0,0,0,0,0,0
TMR-3656,,2223,3206,0,0,0,0,0,0,0,0,0,0,0,0,0,0,0,0,0,0,0,0,0,0,0,0,0,0,0,0,0,0,0,0,0,0,0,0,0,0,0,0,0,0,0,0,0,0,0,0,0,0,0,0,0,0,0,0,0
TMR-3657,,676,3006,0,0,0,0,0,0,0,0,0,0,0,0,0,0,0.07988,0,0,0,0,0,0,0,0,0,0,0,0,0,0,0,0,0,0,0,0,0,0,0,0,0,0,0,0,0,0,0,0,0,0,0,0,0,0,0,0,0,0
TMR-3658,,2061,62,0,0,0,0,0,0,0,0,0,0,0,0,0,0,0.06114,0,0,0,0,0,0,0,0,0,0,0,0,0,0,0,0,0,0,0,0,0,0,0,0,0,0,0,0,0,0,0,0,0,0,0,0,0,0,0,0,0,0
TMR-3659,,2915,5078,0,0,0,0,0,0,0,0,0,0,0,0,0,0,0,0,0,0,0,0,0,0,0,0,0,0,0,0,0,0,0,0,0,0,0,0,0,0,0,0,0,0,0,0,0,0,0,0,0,0,0,0,0,0,0,0,0
TMR-3660,,3290,4030,0,0,0,0,0,0,0,0,0,0,0,0,0,0,0,0,0,0,0,0,0,0,0,0,0,0,0,0,0,0,0,0,0,0,0,0,0,0,0,0,0,0,0,0,0,0,0,0,0,0,0,0,0,0,0,0,0
TMR-3661,,2255,3634,0,0,0,0,0,0,0,0,0,0,0,0,0,0,0,0,0,0,0,0,0,0,0,0,0,0,0,0,0,0,0,0,0,0,0,0,0,0,0,0,0,0,0,0,0,0,0,0,0,0,0,0,0,0,0,0,0
TMR-3662,,1744,2574,0,0,0,0,0,0,0,0,0,0,0,0,0,0,0,0,0,0,0,0,0,0,0,0,0,0,0,0,0,0,0,0,0,0,0,0,0,0,0,0,0,0,0,0,0,0,0,0,0,0,0,0,0,0,0,0,0
TMR-3663,,837,3181,0,0,0,0,0,0,0,0,0,0,0,0,0,0,0,0,0,0,0,0,0,0,0,0,0,0,0,0,0,0,0,0.94026,0,0,0,0,0,0,0,0,0,0,0,0,0,0,0,0,0,0,0,0,0,0,0,0,0
TMR-3669,,2042,5403,0,0,0,0,0,0,0,0,0,0,0,0,0,0,0,0,0,0,0,0,0,0,0,0,0,0,0,0,0,0,0,0,0,0,0,0,0,0,0,0,0,0,0,0,0,0,0,0,0,0,0,0,0,0,0,0,0
TMR-3673,,4474,2230,0,0,0,0,0,0,0,0,0,0,0,0,0,0,0,0,0,0.88422,0,0,0,0,0,0,0,0,0,0,0,0,0,0,0,0,0,0,0,0,0,0,0,0,0,0,0,0,0,0,0,0,0,0,0,0,0,0,0
TMR-3679,,5074,17861,0,0,0,0,0,0,0,0,0,0,0,0,0,0,0,0,0,0,0,0,0,0,0,0,0,0,0,0,0,0,0,0,0,0,0,0,0,0,0,0,0,0,0,0,0,0,0,0,0,0,0,0,0,0,0,0,0
TMR-3680,,6220,4126,0,0,0,0,0,0,0,0,0,0,0,0,0,0,0,0,0,0.38103,0,0,0,0,0,0,0,0,0,0,0,0,0,0,0,0,0,0,0,0,0,0,0,0,0,0,0,0,0,0,0,0,0,0,0,0,0,0,0
TMR-3689,,2584,2837,0,0,0,0,0,0,0,0,0,0,0,0,0,0,0,0,0,0,0,0,0,0,0,0,0,0,0,0,0.01354,0,0,0,0,0,0,0,0,0,0,0,0,0,0,0,0.01198,0,0,0,0,0,0,0,0,0,0,0,0
TMR-3699,,8793,3816,0,0,0,0,0,0,0,0,0,0,0,0,0,0,0,0,0,0,0,0,0,0,0,0,0,0,0,0,0,0,0,0,0,0,0,0,0.52235,0,0,0,0,0,0,0,0,0,0,0,0,0,0,0,0,0,0,0,0
TMR-3708,,302,1282,0,0,0,0,0,0,0,0,0,0,0,0,0,0,0,0,0,0,0,0,0,0,0,0,0,0,0,0,0,0,0,0,0,0,0,0,0,0,0,0,0,0,0,0,0,0,0,0,0,0,0,0,0,0,0,0,0
TMR-3712,,1927,4246,0,0,0,0,0,0,0,0,0,0,0,0,0,0,0,0,0,0.36326,0,0,0,0,0,0,0,0,0,0,0,0,0,0,0,0,0,0,0.548,0,0,0,0,0,0,0,0,0,0,0,0,0,0,0,0,0,0,0,0
TMR-3713,,3494,5907,0,0,0,0,0,0,0,0,0,0,0,0,0,0.1557,0,0,0,0,0,0,0,0,0,0,0,0,0,0,0,0,0,0,0,0,0,0,0,0,0,0,0,0,0,0,0,0,0,0,0,0,0,0,0,0,0,0,0
TMR-3714,,3666,5440,0,0,0,0,0,0,0,0,0,0,0,0,0,0,0,0,0,0,0,0,0,0,0,0,0,0,0,0,0,0,0,0,0,0,0,0,0,0,0,0,0,0,0,0,0,0,0,0,0,0,0,0,0,0,0,0,0
TMR-3719,,2335,6541,0,0,0,0,0,0,0,0,0,0,0,0,0,0,0,0,0,0,0,0,0,0,0,0,0,0,0,0,0,0,0,0,0,0,0,0,0,0,0,0,0,0,0,0,0,0,0,0,0,0,0,0,0,0,0,0,0
TMR-3726,,5151,2850,0,0,0,0,0,0,0,0,0,0,0,0,0,0,0,0,0,0,0,0,0,0,0,0,0,0,0,0,0,0,0,0.56339,0,0,0,0,0,0,0,0,0,0,0,0,0,0,0,0,0,0,0,0,0,0,0,0,0
TMR-3727,,2517,2398,0,0,0,0,0,0,0,0,0,0,0,0,0,0,0,0,0,0,0,0,0,0,0,0,0,0,0,0,0,0,0,0,0,0,0,0,0,0,0,0,0,0,0,0,0,0,0,0,0,0,0,0,0,0,0,0,0
TMR-3728,,1776,694,0,0,0,0,0,0,0,0,0,0,0,0,0,0,0,0,0,0,0,0,0,0,0,0,0,0,0,0,0,0,0,0,0,0,0,0,0,0,0,0,0,0,0,0,0,0,0,0,0,0,0,0,0,0,0,0,0
TMR-3735,,941,1675,0,0,0,0,0,0,0,0,0,0,0,0,0,0,0,0,0,0,0,0,0,0.09777,0,0,0,0,0,0,0,0,0,0.35175,0,0,0,0,0,0,0,0,0,0,0,0,0,0,0,0,0,0,0,0,0,0,0,0,0
TMR-3741,,2864,534,0,0,0,0,0,0,0,0,0,0.01013,0,0,0,0,0,0,0,0,0,0,0,0,0,0,0,0,0,0,0,0,0,0,0,0,0,0,0,0,0,0,0,0,0,0,0.25655,0,0,0,0,0,0,0,0,0,0,0,0
TMR-3742,,549,1877,0,0,0,0,0,0,0,0,0,0,0,0,0,0,0,0,0,0,0,0,0,0,0,0,0,0,0,0,0,0,0,0,0,0,0,0,0,0,0,0,0,0,0,0,0,0,0,0,0,0,0,0,0,0,0,0,0
TMR-3749,,7548,2534,0,0,0,0,0,0,0,0,0,0,0,0,0,0,0,0,0,0.04253,0,0,0,0,0,0,0,0,0,0,0,0,0,0,0,0,0,0,0.48026,0,0,0,0,0,0,0,0,0,0,0,0,0,0,0,0,0,0,0,0
TMR-3761,,12325,1830,0,0,0,0,0,0,0,0,0,0,0,0,0,0,0,0,0,0.5841,0,0,0,0,0,0,0.21493,0,0,0,0,0,0,0,0,0,0,0,0,0,0,0,0,0,0,0,0,0,0,0,0,0,0,0,0,0,0,0,0
TMR-3767,,4826,3464,0,0,0,0,0,0,0,0,0,0,0,0,0,0,0,0,0,0,0,0,0,0,0,0,0,0,0,0,0,0,0,0,0,0,0,0,0,0,0,0,0,0,0,0,0,0,0,0,0,0,0,0,0,0,0,0,0
TMR-3772,,5079,2809,0,0,0,0,0,0,0,0,0,0,0,0,0,0,0,0,0,0,0,0,0,0,0,0,0,0,0,0,0,0,0,0,0,0,0,0,0.25891,0,0,0,0,0,0,0,0,0,0,0,0,0,0,0,0,0,0,0,0
TMR-3773,,4410,3535,0,0,0,0,0,0,0,0,0,0,0,0,0,0,0,0,0,0,0,0,0,0,0,0,0,0,0,0,0,0,0,0,0,0,0,0,0,0,0,0,0,0,0,0,0,0,0,0,0,0,0,0,0,0,0,0,0
TMR-3774,,4704,2205,0,0,0,0,0,0,0,0,0,0,0,0,0,0,0,0,0,0,0,0,0,0,0,0,0.0693,0,0,0,0,0,0,0,0,0,0,0,0,0,0,0,0,0,0,0,0,0,0,0,0,0,0,0,0,0,0,0,0
TMR-3778,,4040,3017,0,0,0,0.02599,0,0,0,0,0,0,0,0,0,0,0,0,0,0.01238,0,0,0,0,0,0,0,0.01361,0,0,0,0,0,0,0,0,0,0,0.82772,0,0,0,0.47199,0,0,0,0,0,0,0,0,0,0,0,0,0,0,0,0
TMR-3779,,2928,6061,0,0,0,0,0,0,0,0,0,0,0,0,0,0,0,0,0,0,0,0,0,0,0,0,0,0,0,0,0,0,0,0,0,0,0,0,0,0,0,0,0,0,0,0,0,0,0,0,0,0,0,0,0,0,0,0,0
TMR-3780,,6463,3729,0,0,0,0,0,0,0,0,0,0,0,0,0,0,0,0,0,0.25669,0,0,0,0,0,0,0,0,0,0,0.37475,0,0,0,0,0,0,0,0,0,0,0,0,0,0,0,0,0,0,0,0,0,0,0,0,0,0,0,0
TMR-3781,,3070,3061,0,0,0,0,0,0.04756,0,0,0,0,0,0,0,0,0,0,0,0,0,0,0,0.22476,0,0,0,0,0,0,0,0,0,0,0,0,0,0,0,0,0,0,0,0,0,0,0,0,0,0,0,0,0,0,0,0,0,0,0
TMR-3782,,4557,2080,0,0,0,0,0,0,0,0,0,0,0,0,0,0,0,0,0,0,0,0,0,0,0,0,0,0,0,0,0,0,0,0,0,0,0,0,0,0,0,0,0,0,0,0,0,0,0,0,0,0,0,0,0,0,0,0,0
TMR-3789,,4001,2117,0,0,0,0,0,0,0,0,0,0,0,0,0,0,0,0,0,0,0,0,0,0,0,0,0,0,0,0,0,0,0,0,0,0,0,0,0.6081,0,0,0,0,0,0,0,0,0,0,0,0,0,0,0,0,0,0,0,0
TMR-3790,,3897,2681,0,0,0,0,0,0,0,0,0,0,0,0,0,0.01386,0,0,0,0,0,0,0,0,0,0,0,0,0,0,0,0,0,0,0,0,0,0,0,0,0,0,0,0,0,0,0,0,0,0,0,0,0,0,0,0,0,0,0
TMR-3791,,5606,9647,0,0,0,0,0,0,0,0,0,0,0,0,0,0,0,0,0,0,0,0,0,0,0,0,0,0,0,0,0,0,0,0,0,0,0,0,0.19889,0,0,0,0,0,0,0,0,0,0,0,0,0,0,0,0,0,0,0,0
TMR-3792,,5127,5876,0,0,0,0,0,0,0,0,0,0,0,0,0,0,0,0,0,0,0,0,0,0,0,0,0,0,0,0,0,0,0,0,0,0,0,0,0.63878,0,0,0,0,0,0,0,0,0,0,0,0,0,0,0,0,0,0,0,0
TMR-3797,,7402,5019,0,0,0,0,0,0,0,0,0,0,0,0,0,0,0,0,0,0,0,0,0,0,0,0,0,0,0,0,0,0,0,0,0,0,0,0,0.63523,0,0,0,0,0,0,0,0.04463,0,0,0,0,0,0,0,0,0,0,0,0
TMR-3798,,5173,7993,0,0,0,0,0,0,0,0,0,0,0,0,0,0,0,0,0,0,0,0,0,0,0,0,0,0,0,0,0,0,0,0,0,0,0,0,0.59559,0,0,0,0,0,0,0,0,0,0,0,0,0,0,0,0,0,0,0,0
TMR-3799,,2211,1688,0,0,0,0.35188,0,0,0,0,0,0,0,0,0,0.40841,0,0,0,0,0,0,0,0,0,0,0,0,0,0,0,0,0,0,0,0,0,0,0,0,0,0,0.60841,0,0,0,0,0,0,0,0,0,0,0,0,0,0,0,0
TMR-3800,,5502,4637,0,0,0,0,0,0,0,0,0,0,0,0,0,0,0,0,0,0,0,0,0,0,0,0,0,0,0,0,0,0,0,0,0,0,0,0,0.89786,0,0,0,0,0,0,0,0,0,0,0,0,0,0,0,0,0,0,0,0
TMR-3801,,2776,3259,0,0,0,0,0,0,0,0,0,0,0,0,0,0.21254,0,0,0,0,0,0,0,0,0,0,0,0,0,0,0,0,0,0,0,0,0,0,0,0,0,0,0,0,0,0,0.01688,0,0,0,0,0,0,0,0,0,0,0,0
TMR-3802,,5018,6453,0,0,0,0,0,0,0,0,0,0,0,0,0,0.48167,0,0,0,0,0,0,0,0,0,0,0,0,0,0,0,0,0,0,0,0,0,0,0,0,0,0,0,0,0,0,0.01162,0,0,0,0,0,0,0,0,0,0,0,0
TMR-3806,,4930,4907,0,0,0,0,0,0,0,0,0,0,0,0,0,0,0,0,0,0.18458,0,0,0,0,0,0,0,0,0,0,0,0,0,0,0,0,0,0,0,0,0,0,0,0,0,0,0,0,0,0,0,0,0,0,0,0,0,0,0
TMR-3807,,4976,7381,0,0,0,0.40816,0,0,0,0,0,0,0,0,0,0,0,0,0,0,0,0,0,0,0,0,0,0,0,0,0,0,0.04803,0,0,0,0,0,0,0,0,0,0.4162,0,0,0,0,0,0,0,0,0,0,0,0,0,0,0,0
TMR-3808,,3299,6811,0,0,0,0,0,0,0,0,0,0,0,0,0,0,0.62686,0,0,0.19855,0,0,0,0,0,0,0,0,0,0,0,0,0,0,0,0,0,0,0.06214,0,0,0,0,0,0,0,0,0,0.17545,0,0,0,0,0,0,0,0,0,0
TMR-3811,,6939,4152,0,0,0,0,0,0,0,0,0,0,0,0,0,0,0,0,0,0.05822,0,0,0,0,0,0,0,0,0,0,0,0,0,0,0,0,0,0,0.25047,0,0,0,0,0,0,0,0,0,0,0,0,0,0,0,0,0,0,0,0
TMR-3812,,997,1300,0,0,0,0,0,0.88566,0,0,0,0,0,0,0,0,0,0,0,0,0,0,0,0,0,0,0,0,0,0,0,0,0,0,0,0,0,0,0,0,0,0,0,0,0.55154,0,0,0,0,0,0,0,0,0,0,0,0,0,0
TMR-3815,,12133,4768,0,0,0,0.38078,0,0,0,0,0,0,0,0,0,0,0,0,0,0,0,0,0,0,0,0,0,0,0,0,0,0,0,0,0,0,0,0,0.4857,0,0,0,0.98805,0,0,0,0,0,0,0,0,0,0,0,0,0,0,0,0
TMR-3816,,3973,1663,0,0,0,0,0,0,0,0,0,0.0438,0,0,0,0.09313,0,0,0,0,0,0,0,0,0,0,0,0,0,0,0,0,0,0,0,0,0,0,0,0,0,0,0,0,0,0,0.08719,0,0,0,0,0,0,0,0,0,0,0,0
TMR-3817,,5698,3650,0,0,0,0,0,0,0,0,0,0,0,0,0,0,0,0,0,0,0,0,0,0,0,0,0,0,0,0,0,0,0,0,0,0,0,0,0,0,0,0,0,0,0,0,0,0,0,0,0,0,0,0,0,0,0,0,0
TMR-3820,,4381,6470,0,0,0,0,0,0,0,0,0,0,0,0,0,0,0,0,0,0,0,0,0,0,0,0,0,0,0,0,0,0,0,0,0,0,0,0,0,0,0,0,0.05255,0,0,0,0,0,0,0,0,0,0,0,0,0,0,0,0
TMR-3821,,8676,8957,0,0,0,0,0,0,0,0,0,0,0,0,0,0.04414,0,0,0,0.09832,0,0,0,0,0,0,0,0,0,0,0,0,0,0,0,0,0,0,0.64846,0,0,0,0.33259,0,0,0,0,0,0,0,0,0,0,0,0,0,0,0,0
TMR-3822,,7383,2002,0,0,0,0,0,0,0,0,0,0,0,0,0,0,0,0,0,0.01111,0,0,0,0,0,0,0,0,0,0,0,0,0,0,0,0,0,0,0.84708,0,0,0,0,0,0,0,0.01998,0,0,0,0,0,0,0,0,0,0,0,0
TMR-3825,,6409,1844,0,0,0,0,0,0,0,0,0,0,0,0,0,0,0,0,0,0,0,0,0,0,0,0,0,0,0,0,0,0,0,0,0,0,0,0,0.05414,0,0,0,0,0,0,0,0,0,0,0,0,0,0,0,0,0,0,0,0
TMR-3830,,3942,677,0,0,0,0,0.01294,0,0,0,0,0,0,0,0,0,0,0,0,0.33891,0,0,0,0.03425,0,0,0,0,0,0,0,0,0,0,0,0,0,0,0,0,0,0,0,0.05613,0,0,0.05465,0,0,0,0,0,0,0,0,0,0,0,0
TMR-3831,,4446,2646,0,0,0,0,0,0,0,0,0,0,0,0,0,0,0,0,0,0,0,0,0,0,0,0,0,0,0,0,0,0,0,0,0,0,0,0,0,0,0,0,0,0,0,0,0,0,0,0,0,0,0,0,0,0,0,0,0
TMR-3832,,5163,3062,0,0,0,0,0,0,0,0,0,0,0,0,0,0,0,0,0,0,0,0,0,0,0,0,0,0,0,0,0,0,0,0,0,0,0,0,0,0,0,0,0,0,0,0,0,0,0,0,0,0,0,0,0,0,0,0,0
TMR-3833,,4432,4106,0,0,0,0,0,0,0,0,0,0,0,0,0,0,0,0,0,0.02505,0,0,0,0,0,0,0,0,0,0,0,0,0,0,0,0,0,0,0,0,0,0,0,0,0,0,0,0,0,0,0,0,0,0,0,0,0,0,0
TMR-3834,,7074,7362,0,0,0,0,0,0,0,0,0,0,0,0,0,0,0,0,0,0,0,0,0,0,0,0,0,0,0,0,0,0,0,0.0663,0,0,0,0,0.01187,0,0,0,0,0,0,0,0,0,0,0,0,0,0,0,0,0,0,0,0
TMR-3838,,5526,10603,0,0,0,0,0,0,0,0,0,0,0,0,0,0,0,0,0,0.03818,0,0,0,0,0,0,0,0,0,0,0,0,0,0,0,0,0,0,0,0,0,0,0,0,0,0,0,0,0,0,0,0,0,0,0,0,0,0,0
TMR-3839,,6499,10699,0,0,0,0,0,0,0,0,0,0,0,0,0,0,0,0,0,0,0,0,0,0,0,0,0,0,0,0,0,0,0,0,0,0,0,0,0,0,0,0,0,0,0,0,0,0,0,0,0,0,0,0,0,0,0,0,0
TMR-3840,,6610,4758,0,0,0,0,0,0,0,0,0,0,0,0,0,0.39939,0,0,0,0,0,0,0,0,0,0,0,0,0,0,0,0,0,0,0,0,0,0,0.01362,0,0,0,0,0,0,0,0,0,0,0,0,0,0,0,0,0,0,0,0
TMR-3841,,2971,4918,0,0,0,0,0,0,0,0,0,0,0,0,0,0,0,0,0,0,0,0,0,0,0,0,0,0,0,0,0,0,0,0,0,0,0,0,0.11242,0,0,0,0,0,0,0,0,0,0,0,0,0,0,0,0,0,0,0,0
TMR-3844,,5116,8367,0,0,0,0,0,0,0,0,0,0,0,0,0,0,0,0,0,0,0,0,0,0,0,0,0,0,0,0,0,0,0,0,0,0,0,0,0,0,0,0,0,0,0,0,0,0,0,0,0,0,0,0,0,0,0,0,0
TMR-3845,,7988,3135,0,0,0,0,0,0,0,0,0,0,0,0,0,0,0,0,0,0.64121,0,0,0,0,0,0,0,0,0,0,0,0,0,0,0,0,0,0,0,0,0,0,0,0,0,0,0,0,0,0,0,0,0,0,0,0,0,0,0
TMR-3850,,11812,1857,0,0,0,0,0,0,0,0,0,0,0,0,0,0,0,0,0,0,0,0,0,0,0,0,0,0,0,0,0,0,0,0,0,0,0,0,0.89917,0,0,0,0,0,0,0,0.66559,0,0,0,0,0,0,0,0,0,0,0,0
TMR-3851,,8190,2827,0,0,0,0,0,0,0,0,0,0,0,0,0,0,0,0,0,0.13492,0,0,0,0,0,0,0,0,0,0,0,0,0,0,0,0,0,0,0.68034,0,0,0,0,0,0,0,0,0,0,0,0,0,0,0,0,0,0,0,0
TMR-3852,,13111,6454,0,0,0,0,0,0,0,0,0,0,0,0,0,0,0,0,0,0,0,0,0,0,0,0,0,0,0,0,0,0,0,0,0,0,0,0,0.82885,0,0,0,0,0,0,0,0,0,0,0,0,0,0,0,0,0,0,0,0
TMR-3864,,2191,4409,0,0,0,0,0,0,0,0,0,0,0,0,0,0,0,0,0,0,0,0,0,0,0,0,0,0,0,0,0,0,0,0,0,0,0,0,0,0,0,0,0,0,0,0,0,0,0,0,0,0,0,0,0,0,0,0,0
TMR-3868,,3666,3496,0,0,0,0,0,0,0,0,0,0,0,0,0,0,0,0,0,0.2024,0,0,0,0,0,0,0,0,0,0,0,0,0,0,0,0,0,0,0,0,0,0,0,0,0,0,0,0,0,0,0,0,0,0,0,0,0,0,0
TMR-3869,,2883,6232,0,0,0,0,0,0,0,0,0,0,0,0,0,0,0,0,0,0,0,0,0,0,0,0,0,0,0,0,0,0,0,0,0,0,0,0,0,0,0,0,0,0,0,0,0,0,0,0,0,0,0,0,0,0,0,0,0
TMR-3872,,2992,4275,0,0,0,0,0,0,0,0,0,0,0,0,0,0,0,0,0,0,0,0,0,0,0,0,0,0,0,0,0,0,0,0,0,0,0,0,0,0,0,0,0,0,0,0,0,0,0,0,0,0,0,0,0,0,0,0,0
TMR-3873,,5543,2690,0,0,0,0,0,0,0,0,0,0,0,0,0,0,0,0,0,0,0,0,0,0,0,0,0.22479,0,0,0,0,0,0,0,0,0,0,0,0,0,0,0,0,0,0,0,0,0,0,0,0,0,0,0,0,0,0,0,0
TMR-3874,,6615,4783,0,0,0,0.01376,0,0,0,0,0,0,0,0,0,0.67362,0,0,0,0,0,0,0,0,0,0,0,0,0,0,0,0,0,0,0,0,0,0,0,0,0,0,0.05959,0,0,0,0,0,0,0,0,0,0,0,0,0,0,0,0
TMR-3875,,2065,4796,0,0,0,0,0,0,0,0,0,0,0,0,0,0.04746,0,0,0,0,0,0,0,0,0,0,0,0,0,0,0,0,0.50605,0,0,0,0,0,0,0,0,0,0,0,0,0,0,0,0,0,0,0,0,0,0,0,0,0,0
TMR-3876,,4160,2258,0,0,0,0,0,0,0,0,0,0,0,0,0,0,0,0,0,0,0,0,0,0,0,0,0,0,0,0,0,0,0,0,0,0,0,0,0,0,0,0,0,0,0,0,0,0,0,0,0,0,0,0,0,0,0,0,0
TMR-3877,,6674,3974,0,0,0,0,0,0,0,0,0,0,0,0,0,0,0,0,0,0.15028,0,0,0,0,0,0,0,0,0,0,0,0,0,0,0,0,0,0,0,0,0,0,0,0,0,0,0,0,0,0,0,0,0,0,0,0,0,0,0
TMR-3878,,6311,2898,0,0,0,0,0,0,0,0,0,0,0,0,0,0,0,0,0,0,0,0,0,0,0,0,0,0,0,0,0,0,0,0,0,0,0,0,0,0,0,0,0,0,0,0,0,0,0,0,0,0,0,0,0,0,0,0,0
TMR-3885,,10559,3397,0,0,0,0,0,0,0,0,0,0,0,0,0,0,0,0,0,0.84345,0,0,0,0,0,0,0,0,0,0,0,0,0,0,0,0,0,0,0,0,0,0,0,0,0,0,0.05387,0,0,0,0,0,0,0,0,0,0,0,0
TMR-3886,,2879,14019,0,0,0,0,0,0,0,0,0,0,0,0,0,0,0,0,0,0,0,0,0,0,0,0,0,0,0,0,0,0,0,0,0,0,0,0,0,0,0,0,0,0,0,0.04501,0,0,0,0,0,0,0,0,0,0,0,0,0
TMR-3887,,2825,4157,0,0,0,0,0,0,0,0,0,0,0,0,0,0,0,0,0,0,0,0,0,0,0,0,0,0,0,0,0,0,0,0,0,0,0,0,0,0,0,0,0,0,0,0,0,0,0,0,0,0,0,0,0,0,0,0,0
TMR-3888,,5333,3203,0,0,0,0,0,0,0,0,0,0,0,0,0,0,0,0,0,0,0,0,0,0.1502,0,0,0,0,0,0,0,0,0,0,0,0,0,0,0,0,0,0,0,0,0,0,0,0,0,0,0,0,0,0,0,0,0,0,0
TMR-3889,,6587,5898,0,0,0,0,0,0,0,0,0,0,0,0,0,0,0,0,0,0,0,0,0,0,0,0,0,0,0,0,0,0,0,0,0,0,0,0,0,0,0,0,0,0,0,0,0,0,0,0,0,0,0,0,0,0,0,0,0
TMR-3893,,5676,2697,0,0,0,0,0,0,0,0,0,0,0,0,0,0,0,0,0,0,0,0,0,0,0,0,0,0,0,0,0,0,0,0,0,0,0,0,0,0,0,0,0,0,0,0,0,0,0,0,0,0,0,0,0,0,0,0,0
TMR-3894,,4424,2934,0,0,0,0,0,0,0,0,0,0,0,0,0,0,0,0,0,0,0,0,0,0,0,0,0,0,0,0,0,0,0,0,0,0,0,0,0,0,0,0,0,0,0,0,0,0,0,0,0,0,0,0,0,0,0,0,0
TMR-3895,,4304,4249,0,0,0,0,0,0,0,0,0,0,0,0,0,0.21492,0,0,0,0,0,0,0,0,0,0,0,0,0,0,0,0,0,0,0,0,0,0,0,0,0,0,0,0,0,0,0,0,0,0,0,0,0,0,0,0,0,0,0
TMR-3896,,8089,7591,0,0,0,0,0,0,0,0,0,0,0,0,0,0,0,0,0,0,0,0,0,0.02411,0,0,0,0,0,0,0,0,0,0,0,0,0,0,0,0,0,0,0,0,0,0,0,0,0,0,0,0,0,0,0,0,0,0,0
TMR-3897,,4551,1956,0,0,0,0,0,0,0,0,0,0,0,0,0,0,0,0,0,0,0,0,0,0,0,0,0,0,0,0,0,0,0,0,0,0,0,0,0,0,0,0,0,0,0,0,0,0,0,0,0,0,0,0,0,0,0,0,0
TMR-3898,,7163,3934,0,0,0,0,0,0,0,0,0,0,0,0,0,0,0,0,0,0,0,0,0,0,0,0,0,0,0,0,0,0,0,0.1685,0,0,0,0,0,0,0,0,0,0,0,0,0,0,0,0,0,0,0,0,0,0,0,0,0
TMR-3899,,9,7965,0,0,0,0,0,0,0,0,0,0,0,0,0,0,0,0,0,0,0,0,0,0,0,0,0,0,0,0,0,0,0,0,0,0,0,0,0,0,0,0,0,0,0,0,0,0,0,0,0,0,0,0,0,0,0,0,0
TMR-3900,,11419,1986,0,0,0,0,0,0,0,0,0,0,0,0,0,0,0,0,0,0,0,0,0,0,0,0,0,0,0.63219,0,0,0,0,0,0,0,0,0,0,0,0,0,0,0,0,0,0,0,0,0,0,0,0,0,0,0,0,0,0
TMR-3903,,5459,3116,0,0,0,0,0,0,0,0,0,0,0,0,0,0,0,0,0,0,0,0,0,0.01923,0,0,0,0,0,0,0,0,0,0,0,0,0,0,0,0,0,0,0,0,0,0,0,0,0,0,0,0,0,0,0,0,0,0,0
TMR-3904,,7654,4839,0,0,0,0,0,0,0,0,0,0,0,0,0,0,0,0,0,0.6151,0,0,0,0.1948,0,0,0,0,0,0,0,0,0,0,0,0,0,0,0,0,0,0,0,0,0,0,0,0,0,0,0,0,0,0,0,0,0,0,0
TMR-3905,,5629,4255,0,0,0,0,0,0,0,0,0,0,0,0,0,0,0,0,0,0.06715,0,0,0,0,0,0,0,0,0,0,0,0,0,0,0,0,0,0,0.59744,0,0,0,0,0,0,0,0,0,0,0,0,0,0,0,0,0,0,0,0
TMR-3906,,4679,5012,0,0,0,0,0,0,0,0,0,0,0,0,0,0,0,0,0,0,0,0,0,0,0,0,0,0,0,0,0,0,0,0.14597,0,0,0,0,0,0,0,0,0,0,0,0,0,0,0,0,0,0,0,0,0,0,0,0,0
TMR-3907,,2025,3201,0,0,0,0,0,0,0,0,0,0,0,0,0,0,0,0,0,0,0,0,0,0,0,0,0,0,0,0,0,0,0,0,0,0,0,0,0,0,0,0,0,0,0,0,0,0,0,0,0,0,0,0,0,0,0,0,0
TMR-3908,,536,4926,0,0,0,0,0,0,0,0,0,0,0,0,0,0.50933,0,0,0,0,0,0,0,0,0,0,0,0,0,0,0,0,0,0,0,0,0,0,0,0,0,0,0,0,0,0,0,0,0,0,0,0,0,0,0,0,0,0,0
TMR-3909,,17,1817,0,0,0,0,0,0,0,0,0,0,0,0,0,0,0,0,0,0,0,0,0,0,0,0,0,0,0,0,0,0,0,0,0,0,0,0,0,0,0,0,0,0,0,0,0,0,0,0,0,0,0,0,0,0,0,0,0
TMR-3910,,6346,3420,0,0,0,0,0,0,0,0,0,0,0,0,0,0,0,0,0,0,0,0,0,0,0,0,0,0,0,0,0,0,0,0.03939,0,0,0,0,0,0,0,0,0,0,0,0,0,0,0,0,0,0,0,0,0,0,0,0,0
TMR-3911,,2448,4072,0,0,0,0,0,0,0,0,0,0,0,0,0,0,0,0,0,0,0,0,0,0,0,0,0,0,0,0,0,0,0,0,0,0,0,0,0,0,0,0,0,0,0,0,0.11469,0,0,0,0,0,0,0,0,0,0,0,0
TMR-3912,,1960,4334,0,0,0,0,0,0,0,0,0,0,0,0,0,0,0,0,0,0,0,0,0,0,0,0,0,0,0,0,0,0,0,0,0,0,0,0,0,0,0,0,0,0,0,0,0,0,0,0,0,0,0,0,0,0,0,0,0
TMR-3913,,5025,4381,0,0,0,0,0,0,0,0,0,0,0,0,0,0,0,0,0,0,0,0,0,0,0,0,0,0,0,0,0,0,0,0.19343,0,0,0,0,0,0,0,0,0,0,0,0,0,0,0,0,0,0,0,0,0,0,0,0,0
TMR-3914,,6595,3384,0,0,0,0,0,0,0,0,0,0,0,0,0,0,0,0,0,0,0,0,0,0,0,0,0,0,0,0,0,0,0,0,0,0,0,0,0,0,0,0,0,0,0,0,0,0,0,0,0,0,0,0,0,0,0,0,0
TMR-3915,,5258,2882,0,0,0,0,0,0,0,0,0,0,0,0,0,0,0,0,0,0.37277,0,0,0,0,0,0,0,0,0,0,0,0,0,0,0,0,0,0,0,0,0,0,0,0,0,0.02047,0,0,0,0,0,0,0,0,0,0,0,0,0
TMR-3916,,7553,2655,0,0,0,0,0,0,0,0,0,0,0,0,0,0,0,0,0,0,0,0,0,0,0,0,0,0,0,0,0,0,0,0,0,0,0,0,0,0,0,0,0,0,0,0,0,0,0,0,0,0,0,0,0,0,0,0,0
TMR-3917,,22,3383,0,0,0,0,0,0,0,0,0,0,0,0,0,0,0,0,0,0,0,0,0,0,0,0,0,0,0,0,0,0,0,0,0,0,0,0,0,0,0,0,0,0,0,0,0,0,0,0,0,0,0,0,0,0,0,0,0
TMR-3918,,12498,3969,0,0,0,0,0,0,0,0,0,0,0,0,0,0.74996,0,0,0,0,0,0,0,0,0,0,0,0,0,0,0,0,0,0,0,0,0,0,0,0,0,0,0,0,0,0,0,0,0,0,0,0,0,0,0,0,0,0,0
TMR-3919,,3363,3399,0,0,0,0,0,0,0,0,0,0,0,0,0,0,0,0,0,0,0,0,0,0,0,0,0,0,0,0,0,0,0,0,0,0,0,0,0,0,0,0,0,0,0,0,0,0,0,0,0,0,0,0,0,0,0,0,0
TMR-3920,,53,5882,0,0,0,0,0,0,0,0,0,0,0,0,0,0,0,0,0,0,0,0,0,0,0,0,0,0,0,0,0,0,0,0,0,0,0,0,0,0,0,0,0,0,0,0,0,0,0,0,0,0,0,0,0,0,0,0,0
TMR-3928,,2580,2917,0,0,0,0,0,0,0,0,0,0,0,0,0,0,0,0,0,0,0,0,0,0,0,0,0,0,0,0,0,0,0,0,0,0,0,0,0,0,0,0,0,0,0,0,0,0,0,0,0,0,0,0,0,0,0,0,0
TMR-3929,,5815,2891,0,0,0,0,0,0,0,0,0,0,0,0,0,0.16973,0,0,0,0,0,0,0,0,0,0,0,0,0.07515,0,0,0,0,0,0,0,0,0,0,0,0,0,0,0,0,0,0,0,0,0,0,0,0,0,0,0,0,0,0
TMR-3936,,3736,2144,0,0,0,0,0,0,0,0,0,0,0,0,0,0,0,0,0,0,0,0,0,0,0,0,0,0,0,0,0,0,0,0,0,0,0,0,0,0,0,0,0,0,0,0,0,0,0,0,0,0,0,0,0,0,0,0,0
TMR-3937,,808,69,0,0,0,0,0,0,0,0,0,0,0,0,0,0,0,0,0,0,0,0,0,0,0,0,0,0,0,0,0,0,0,0,0,0,0,0,0,0,0,0,0,0,0,0.04348,0,0,0,0,0,0,0,0,0,0,0,0,0
TMR-3945,,10,3552,0,0,0,0,0,0,0,0,0,0,0,0,0,0,0,0,0,0,0,0,0,0,0,0,0,0,0,0,0,0,0,0,0,0,0,0,0,0,0,0,0,0,0,0,0,0,0,0,0,0,0,0,0,0,0,0,0
TMR-3948,,1797,3163,0,0,0,0.02504,0,0,0,0,0,0,0,0,0,0,0,0,0,0,0,0,0,0,0,0,0,0,0,0,0,0,0,0,0,0,0,0,0,0,0,0,0,0,0,0,0,0,0,0,0,0,0,0,0,0,0,0,0
TMR-3952,,3098,2966,0,0,0,0,0,0,0,0,0,0,0,0,0,0,0,0,0,0,0,0,0,0,0,0,0,0,0,0,0,0,0,0,0,0,0,0,0.90671,0,0,0,0,0,0,0,0,0,0,0,0,0,0,0,0,0,0,0,0
TMR-3957,,1891,4843,0,0,0,0,0,0,0,0.01269,0,0,0,0,0,0,0,0,0,0,0,0,0,0,0,0,0,0,0,0,0,0,0,0,0,0,0,0,0.40137,0,0,0,0,0,0,0.02973,0,0,0,0,0,0,0,0,0,0,0,0,0
TMR-3959,,3423,1328,0,0,0,0,0,0,0,0,0,0,0,0,0,0.10955,0,0,0,0,0,0,0,0,0,0,0,0,0,0,0,0,0,0,0,0,0,0,0,0,0,0,0,0,0,0,0,0,0,0,0,0,0,0,0,0,0,0,0
TMR-3960,,3436,747,0,0,0,0,0,0,0,0,0,0,0,0,0,0.73254,0,0,0,0,0,0,0,0,0,0,0,0,0,0,0,0,0,0,0,0,0,0,0,0,0,0,0,0,0,0,0.25569,0,0,0,0,0,0,0,0,0,0,0,0
TMR-3961,,5904,2002,0,0,0,0,0,0,0,0,0,0,0,0,0,0,0,0,0,0.93089,0,0,0,0,0,0,0,0,0,0,0,0,0,0,0,0,0,0,0,0,0,0,0,0,0,0,0,0,0,0,0,0,0,0,0,0,0,0,0
TMR-3962,,0,2285,0,0,0,0,0,0,0,0,0,0,0,0,0,0,0,0,0,0,0,0,0,0,0,0,0,0,0,0,0,0,0,0,0,0,0,0,0,0,0,0,0,0,0,0,0,0,0,0,0,0,0,0,0,0,0,0,0
TMR-3963,,5237,2618,0,0,0,0,0,0,0,0.01528,0,0,0,0,0,0,0,0,0,0,0,0,0,0,0,0,0,0,0.37159,0,0,0,0,0,0,0,0,0,0,0,0,0,0,0,0,0.11688,0,0,0,0,0,0,0,0,0,0,0,0,0
TMR-3966,,4084,3387,0,0,0,0,0,0,0,0,0,0,0,0,0,0,0,0,0,0,0,0,0,0,0,0,0,0,0,0,0,0,0,0,0,0,0,0,0,0,0,0,0,0,0,0,0,0,0,0,0,0,0,0,0,0,0,0,0
TMR-3968,,39,5672,0,0,0,0,0,0,0,0,0,0,0,0,0,0,0,0,0,0,0,0,0,0,0,0,0,0,0,0,0,0,0,0,0,0,0,0,0,0,0,0,0,0,0,0,0,0,0,0,0,0,0,0,0,0,0,0,0
TMR-3969,,35,8166,0,0,0,0,0,0,0,0,0,0,0,0,0,0,0,0,0,0,0,0,0,0,0,0,0,0,0,0,0,0,0,0,0,0,0,0,0.62857,0,0,0,0,0,0,0,0,0,0,0,0,0,0,0,0,0,0,0,0
TMR-3970,,8089,4876,0,0,0,0,0,0,0,0,0,0,0,0,0,0,0,0,0,0.70763,0,0,0,0,0,0,0,0,0,0,0,0,0,0,0,0,0,0,0,0,0,0,0,0,0,0,0,0,0,0,0,0,0,0,0,0,0,0,0
TMR-3971,,3470,3270,0,0,0,0,0,0,0,0,0,0,0,0,0,0,0,0,0,0,0,0,0,0,0,0,0,0,0,0,0,0,0,0,0,0,0,0,0,0,0,0,0,0,0,0,0,0,0,0,0,0,0,0,0,0,0,0,0
TMR-3972,,7,4393,0,0,0,0,0,0,0,0,0,0,0,0,0,0,0,0,0,0,0,0,0,0,0,0,0,0,0,0,0,0,0,0,0,0,0,0,0,0,0,0,0,0,0,0,0.03619,0,0,0,0,0,0,0,0,0,0,0,0
TMR-3973,,6818,3787,0,0,0,0,0,0,0,0,0,0,0,0,0,0.52787,0,0,0,0,0,0,0,0,0,0,0,0,0,0,0,0,0,0,0,0,0,0,0,0,0,0,0,0,0,0,0,0,0,0,0,0,0,0,0,0,0,0,0
TMR-3974,,7630,2841,0,0,0,0,0,0,0,0,0,0,0,0,0,0.82543,0,0,0,0,0,0,0,0,0,0,0,0,0,0,0,0,0,0,0,0,0,0,0,0,0,0,0,0.02394,0,0,0.02816,0,0,0,0,0,0,0,0,0,0,0,0
TMR-3975,,9545,2567,0,0,0,0,0,0,0,0,0,0,0,0,0,0,0,0,0,0,0,0,0,0,0,0,0,0,0,0,0,0,0,0,0,0,0,0,0.86338,0,0,0,0,0,0,0,0.11921,0,0,0,0,0,0,0,0,0,0,0,0
TMR-3978,,0,3196,0,0,0,0,0,0,0,0,0,0,0,0,0,0,0,0,0,0,0,0,0,0,0,0,0,0,0,0,0,0,0,0,0,0,0,0,0,0,0,0,0.31602,0,0,0,0.02785,0,0,0,0,0,0,0,0,0,0,0,0
TMR-3980,,596,8264,0,0,0,0,0,0,0,0,0,0,0,0,0,0.7953,0,0,0,0,0,0,0,0,0,0,0,0,0,0,0,0,0,0,0,0,0,0,0,0,0,0,0,0,0,0,0,0,0,0,0,0,0,0,0,0,0,0,0
TMR-3981,,2285,3778,0,0,0,0,0,0,0,0,0,0,0,0,0,0.44464,0,0,0,0,0,0,0,0,0,0,0,0,0,0,0,0,0,0,0,0,0,0,0,0,0,0,0,0,0,0,0,0,0,0,0,0,0,0,0,0,0,0,0
TMR-3982,,3793,7690,0,0,0,0,0,0,0,0,0,0,0,0,0,0,0,0,0,0,0,0,0,0.20801,0,0,0,0,0,0,0,0,0,0,0,0,0,0,0,0,0,0,0,0,0,0,0,0,0,0,0,0,0,0,0,0,0,0,0
TMR-3986,,3896,3875,0,0,0,0,0,0,0,0,0,0,0,0,0,0.03978,0,0,0,0,0,0,0,0,0,0,0,0,0,0,0,0,0,0,0,0,0,0,0,0,0,0,0,0,0,0,0,0,0,0,0,0,0,0,0,0,0,0,0
TMR-3987,,10360,3526,0,0,0,0,0,0,0,0,0,0,0,0,0,0,0,0,0,0,0,0,0,0,0,0,0,0,0,0,0,0,0,0,0,0,0,0,0.59382,0,0,0,0,0,0,0,0,0,0,0,0,0,0,0,0,0,0,0,0
TMR-3988,,5097,5191,0,0,0,0,0,0,0,0,0,0,0,0,0,0,0,0,0,0,0,0,0,0,0,0,0,0,0,0,0,0,0,0,0,0,0,0,0,0,0,0,0,0,0,0,0,0,0,0,0,0,0,0,0,0,0,0,0
TMR-3990,,2925,2464,0,0,0,0,0,0,0,0,0,0,0,0,0,0,0,0,0,0,0,0,0,0,0,0,0,0,0,0,0,0,0,0,0,0,0,0,0.87487,0,0,0,0,0,0,0,0,0,0,0,0,0,0,0,0,0,0,0,0
TMR-3995,,1485,3017,0,0,0,0,0,0,0,0,0,0.23098,0,0,0,0,0,0,0,0,0,0,0,0.12929,0,0,0,0,0,0,0,0,0,0,0,0,0,0,0,0,0,0,0,0,0,0,0.19357,0,0,0,0,0,0,0,0,0,0,0,0
TMR-3996,,4804,4163,0,0,0,0,0,0,0,0,0,0,0,0,0,0,0,0,0,0,0,0,0,0,0,0,0,0.01644,0.01124,0,0,0,0,0.01582,0,0,0,0,0.87843,0,0,0,0,0,0,0,0.07038,0,0,0,0,0,0,0,0,0,0,0,0
TMR-3997,,4001,6946,0,0,0,0,0,0,0,0,0,0,0,0,0,0,0,0,0,0,0,0,0,0,0,0,0,0,0,0,0,0,0,0,0,0,0,0,0,0,0,0,0,0,0,0,0,0,0,0,0,0,0,0,0,0,0,0,0
TMR-3998,,5862,4189,0,0,0,0,0,0,0,0,0,0,0,0,0,0,0,0,0,0,0,0,0,0.04998,0,0,0,0,0,0,0,0,0,0,0,0,0,0,0.04299,0,0,0,0,0,0,0,0,0,0,0,0,0,0,0,0,0,0,0,0
TMR-3999,,3602,1527,0,0,0,0,0,0,0,0,0,0,0,0,0,0,0,0,0,0,0,0,0,0,0,0,0,0,0,0,0,0,0,0,0,0,0,0,0,0,0,0,0,0,0,0,0,0,0,0,0,0,0,0,0,0,0,0,0
TMR-4002,,7356,3468,0,0,0,0.02121,0,0,0,0,0,0,0,0,0,0,0,0,0,0,0,0,0,0,0,0,0,0,0,0,0,0,0,0,0,0,0,0,0.01495,0,0,0,0.02797,0,0,0,0,0,0,0,0,0,0,0,0,0,0,0,0
TMR-4004,,10784,6025,0,0,0,0.07576,0,0,0,0,0,0,0,0,0,0,0,0,0,0.01743,0,0,0,0,0,0,0,0,0,0,0,0,0,0,0,0,0,0,0.72978,0,0,0,0.45759,0,0,0,0,0,0,0,0,0,0,0,0,0,0,0,0
TMR-4005,,3645,1812,0,0,0,0,0,0,0,0,0,0,0,0,0,0,0,0,0,0,0,0,0,0.19945,0,0,0,0,0,0,0,0,0,0,0,0,0,0,0,0,0,0,0,0,0,0,0,0,0,0,0,0,0,0,0,0,0,0,0
TMR-4006,,6090,5177,0,0,0,0,0,0,0,0,0,0,0,0,0,0,0,0,0,0,0,0,0,0,0,0,0,0,0,0,0,0,0,0,0,0,0,0,0.14351,0,0,0,0,0,0,0,0,0,0,0,0,0,0,0,0,0,0,0,0
TMR-4007,,2193,3287,0,0,0,0,0,0,0,0,0,0,0,0,0,0,0,0,0,0,0,0,0,0,0,0,0,0,0,0,0,0,0,0,0,0,0,0,0,0,0,0,0,0,0,0,0,0,0,0,0,0,0,0,0,0,0,0,0
TMR-4008,,7013,4648,0,0,0,0,0,0,0,0.153,0,0,0,0,0,0,0,0,0,0,0,0,0,0.05804,0,0,0,0,0,0,0,0,0,0,0,0,0,0,0,0,0,0,0,0,0,0.18352,0,0,0,0,0,0,0,0,0,0,0,0,0
TMR-4012,,2742,9978,0,0,0,0.07039,0,0,0,0,0,0,0,0,0,0,0,0,0,0,0,0,0,0,0,0,0,0,0,0,0,0,0,0,0,0,0,0,0,0,0,0,0.09832,0,0,0,0,0,0,0,0,0,0,0,0,0,0,0,0
TMR-4013,,7361,4812,0,0,0,0,0,0,0,0,0,0,0,0,0,0,0,0,0,0,0,0,0,0,0,0,0,0.01725,0.90844,0,0,0,0,0,0,0,0,0,0,0,0,0,0,0,0,0,0,0,0,0,0,0,0,0,0,0,0,0,0
TMR-4014,,5235,4807,0,0,0,0,0,0,0,0,0,0,0,0,0,0,0,0,0,0,0,0,0,0,0,0,0,0,0,0,0,0,0,0,0,0,0,0,0,0,0,0,0,0,0,0,0,0,0,0,0,0,0,0,0,0,0,0,0
TMR-4015,,5151,3967,0,0,0,0,0,0,0,0,0,0,0,0,0,0,0,0,0,0,0,0,0,0,0,0,0,0,0,0,0,0,0,0,0,0,0,0,0,0,0,0,0,0,0,0,0,0,0,0,0,0,0,0,0,0,0,0,0
TMR-4016,,2204,2048,0,0,0,0,0,0,0,0,0,0,0,0,0,0,0,0,0,0,0,0,0,0,0,0,0,0,0,0,0,0,0,0,0,0,0,0,0.74546,0,0,0,0,0,0,0,0,0,0,0,0,0,0,0,0,0,0,0,0
TMR-4017,,5359,3624,0,0,0,0,0,0,0,0,0,0,0,0,0,0,0,0,0,0,0,0,0,0,0,0,0,0,0,0,0,0,0,0,0,0,0,0,0,0,0,0,0,0,0,0.04387,0,0,0,0,0,0,0,0,0,0,0,0,0
TMR-4018,,4498,5616,0,0,0,0,0,0,0,0,0,0,0,0,0,0,0,0,0,0,0,0,0,0,0,0,0,0,0,0,0,0,0,0,0,0,0,0,0,0,0,0,0,0,0,0,0,0,0,0,0,0,0,0,0,0,0,0,0
TMR-4019,,3746,6531,0,0,0,0,0,0,0,0,0,0,0,0,0,0.01548,0,0,0,0,0,0,0,0,0,0,0,0,0,0,0,0,0,0,0,0,0,0,0,0,0,0,0,0,0,0,0,0,0,0,0,0,0,0,0,0,0,0,0
TMR-4022,,2697,6770,0,0,0,0,0,0,0,0,0,0,0,0,0,0,0,0,0,0.93956,0,0,0,0,0,0,0,0,0,0,0,0,0,0,0,0,0,0,0,0,0,0,0,0,0,0,0,0,0,0,0,0,0,0,0,0,0,0,0
TMR-4023,,1756,5328,0,0,0,0,0,0,0,0,0,0,0,0,0,0.01936,0,0,0,0,0,0,0,0,0,0,0,0,0,0,0,0,0,0,0,0,0,0,0,0,0,0,0,0,0,0,0,0,0,0,0,0,0,0,0,0,0,0,0
TMR-4024,,1939,3598,0,0,0,0.05312,0,0,0,0.10211,0,0,0,0,0,0,0,0,0,0,0,0,0,0,0,0,0,0,0,0,0,0,0,0,0,0,0,0,0,0,0,0,0.0114,0,0,0,0,0,0,0,0,0,0,0,0,0,0,0,0
TMR-4025,,2452,4497,0,0,0,0,0,0,0,0,0,0,0,0,0,0,0,0,0,0,0,0,0,0,0,0,0,0,0,0,0,0,0,0,0,0,0,0,0,0,0,0,0,0,0,0,0,0,0,0,0,0,0,0,0,0,0,0,0
TMR-4026,,1516,1662,0,0,0,0,0,0,0,0,0,0,0,0,0,0,0,0,0,0,0,0,0,0.01253,0,0,0,0,0,0,0,0,0,0,0,0,0,0,0,0,0,0,0,0,0,0,0,0,0,0,0,0,0,0,0,0,0,0,0
TMR-4033,,6530,2403,0,0,0,0.9,0,0,0,0,0,0,0,0,0,0,0,0,0,0,0,0,0,0,0,0,0,0,0,0,0,0,0,0,0,0,0,0,0,0,0,0,0.99126,0,0,0,0,0,0,0,0,0,0,0,0,0,0,0,0
TMR-4034,,2530,3941,0,0,0,0,0,0,0,0,0,0,0,0,0,0,0,0,0,0,0,0,0,0,0,0,0,0,0,0,0,0,0,0,0,0,0,0,0,0,0,0,0,0,0,0,0,0,0,0,0,0,0,0,0,0,0,0,0
TMR-4035,,4272,3405,0,0,0,0,0,0,0,0.31929,0,0,0,0,0,0.58052,0,0,0,0,0,0,0,0,0,0,0,0,0,0,0,0,0,0,0,0,0,0,0,0,0,0,0,0,0,0.71424,0,0,0,0,0,0,0,0,0,0,0,0,0
TMR-4036,,4454,6308,0,0,0,0,0,0,0,0,0,0,0,0,0,0,0,0,0,0,0,0,0,0,0,0,0,0,0,0,0,0,0,0,0,0,0,0,0,0,0,0,0,0,0,0,0,0,0,0,0,0,0,0,0,0,0,0,0
TMR-4037,,7998,2926,0,0,0,0,0,0,0,0.06002,0,0,0,0,0,0.52776,0,0,0,0,0,0,0,0,0,0,0,0,0,0,0,0,0,0,0,0,0,0,0,0,0,0,0,0,0,0.07519,0,0,0,0,0,0,0,0,0,0,0,0,0
TMR-2008,,5364,1791,0,0,0,0,0,0,0,0,0,0,0,0,0,0,0,0,0,0,0,0,0,0,0,0,0,0,0,0,0,0,0,0,0,0,0,0,0,0,0,0,0,0,0,0.42881,0,0,0,0,0,0,0,0.13959,0,0,0,0,0
TMR-2009,,8323,4504,0,0,0,0,0,0,0,0.01129,0,0,0,0,0,0,0,0,0,0,0,0,0,0,0,0,0.02559,0,0,0,0,0,0,0,0,0,0,0,0,0,0,0,0,0,0,0.03819,0,0,0,0,0,0,0,0,0,0,0,0,0
TMR-2106,,5380,4784,0,0,0,0,0,0,0,0.02937,0,0,0,0,0,0,0,0,0,0,0,0,0,0,0,0,0.06301,0,0,0,0,0,0,0,0,0,0,0,0,0,0,0,0,0,0,0.71593,0,0,0,0,0,0,0,0,0,0,0,0,0
TMR-2121,,2498,1958,0,0,0,0,0,0,0,0,0,0,0,0,0,0,0,0,0,0,0,0,0,0,0,0,0,0,0,0,0,0,0,0,0,0,0,0,0,0,0,0,0,0,0,0,0,0,0,0,0,0,0,0,0,0,0,0,0
TMR-2164,,6638,2625,0,0,0,0,0,0,0,0,0,0,0,0,0,0,0,0,0,0,0,0,0,0,0,0,0,0,0,0,0,0,0,0,0,0,0,0,0,0,0,0,0,0,0,0.08457,0,0,0,0,0,0,0,0,0,0,0,0,0
TMR-2212,,2692,3204,0,0,0,0,0,0,0,0,0,0,0,0,0,0,0,0,0,0,0,0,0,0,0,0,0,0,0,0,0,0,0,0,0,0,0,0,0,0,0,0,0,0,0,0,0,0,0,0,0,0,0,0,0,0,0,0,0
TMR-2213,,4164,7168,0,0,0,0,0,0,0,0.01921,0,0,0,0,0,0,0,0,0,0,0,0,0,0,0,0,0,0,0,0,0,0,0,0,0,0,0,0,0,0,0,0,0,0,0,0.726,0,0,0,0,0,0,0,0,0,0,0,0,0
TMR-2219,,1800,5084,0,0,0,0,0,0,0,0,0,0,0,0,0,0,0,0,0,0,0,0,0,0,0,0,0,0,0,0,0,0,0,0,0,0,0,0,0,0,0,0,0,0,0,0.05094,0,0,0,0,0,0,0,0,0,0,0,0,0
TMR-2225,,1474,6787,0,0,0,0,0,0,0,0,0,0,0,0,0,0,0,0,0,0,0,0,0,0,0,0,0,0,0,0,0,0,0,0,0,0,0,0,0,0,0,0,0,0,0,0,0,0,0,0,0,0,0,0,0,0,0,0,0
TMR-2360,,3761,1843,0,0,0,0,0,0,0,0,0,0,0,0,0,0,0,0,0,0,0,0,0,0,0,0,0,0,0,0,0,0,0,0,0,0,0,0,0,0,0,0,0,0,0,0,0,0,0,0,0,0,0,0,0,0,0,0,0
TMR-2364,,2186,3202,0,0,0,0,0,0,0,0,0,0,0,0,0,0,0,0,0,0,0,0,0,0,0,0,0,0,0,0,0,0,0,0,0,0,0,0,0,0,0,0,0,0,0,0,0,0,0,0,0,0,0,0,0,0,0,0,0
TMR-2365,,10922,5837,0,0,0,0,0,0,0,0,0,0,0,0,0,0,0,0,0,0,0,0,0,0,0,0,0,0,0,0,0,0,0,0,0,0,0,0,0,0,0,0,0,0,0,0,0,0,0,0,0,0,0,0,0,0,0,0,0
TMR-2366,,7216,4907,0,0,0,0,0,0,0,0,0,0,0,0,0,0,0,0,0,0,0,0,0,0,0,0,0,0,0,0,0,0,0,0,0,0,0,0,0,0,0,0,0,0,0,0.10393,0,0,0,0,0,0,0,0,0,0,0,0,0
TMR-2369,,1791,9292,0,0,0,0,0,0,0,0,0,0,0,0,0,0,0,0,0,0,0,0.0335,0,0,0,0,0.01005,0,0,0,0,0,0,0,0,0,0,0,0,0,0,0,0,0,0,0.16035,0,0,0,0,0,0,0,0,0,0,0,0,0
TMR-2408,,3631,3007,0,0,0,0,0,0,0,0,0,0,0,0,0,0,0,0,0,0,0,0,0,0,0,0,0,0,0,0,0,0,0,0,0,0,0,0,0,0,0,0,0,0,0,0.01297,0,0,0,0,0,0,0,0,0,0,0,0,0
TMR-2443,,28,12,0,0,0,0,0,0,0,0,0,0,0,0,0,0,0,0,0,0,0,0,0,0,0,0,0,0,0,0,0,0,0,0,0,0,0,0,0,0,0,0,0,0,0,0,0,0.08333,0,0,0,0,0,0,0,0,0,0,0
TMR-2476,,3529,3518,0,0,0,0,0,0,0,0,0,0,0,0,0,0,0,0,0,0,0,0,0,0,0,0,0.01162,0,0,0,0,0,0,0,0,0,0,0,0,0,0,0,0,0,0,0.05628,0,0,0,0,0,0,0,0,0,0,0,0,0
TMR-2484,,1797,4385,0,0,0,0,0,0,0,0,0,0,0,0,0,0,0,0,0,0,0,0,0,0,0,0,0,0,0,0,0,0,0,0,0,0,0,0,0,0,0,0,0,0,0,0.20775,0,0,0,0,0,0,0,0,0,0,0,0,0
TMR-2493,,2701,11626,0,0,0,0,0,0,0,0,0,0,0,0,0,0,0,0,0,0,0,0,0,0,0,0,0,0,0,0,0,0,0,0,0,0,0,0,0,0,0,0,0,0,0,0.0129,0,0,0,0,0,0,0,0,0,0,0,0,0
TMR-2636,,5232,231,0,0,0,0,0,0,0,0,0,0,0,0,0,0,0,0,0,0,0,0,0,0,0,0,0,0,0,0,0,0,0,0,0,0,0,0,0,0,0,0,0,0,0,0,0,0,0,0,0,0,0,0,0,0,0,0,0
TMR-2700,,2638,1063,0,0,0,0,0,0,0,0.1793,0,0,0,0,0,0,0,0,0,0,0,0,0,0,0,0,0.19977,0,0,0,0,0,0,0,0,0,0,0,0.01099,0,0,0,0,0,0,0.81562,0,0,0,0,0,0,0,0,0,0,0,0,0
TMR-2713,,5861,4370,0,0,0,0,0,0,0,0,0,0,0,0,0,0,0,0,0,0,0,0,0,0,0,0,0,0,0,0,0,0,0,0,0,0,0,0,0,0,0,0,0,0,0,0,0,0,0,0,0,0,0,0,0,0,0,0,0
TMR-2714,,6015,4961,0,0,0,0,0,0,0,0.01446,0,0,0,0,0,0,0,0,0,0,0,0,0,0,0,0,0.06384,0,0,0,0,0,0,0,0,0,0,0,0,0,0,0,0,0,0,0.04999,0,0,0,0,0,0,0,0,0,0,0,0,0
TMR-2889,,3106,14118,0.03155,0,0,0,0,0,0,0,0,0,0,0,0,0,0,0,0,0,0,0.11429,0,0,0,0,0,0,0,0,0,0,0,0,0,0,0,0,0,0,0,0,0,0,0,0,0,0,0,0,0,0,0,0,0,0,0,0,0
TMR-2911,,397,2270,0,0,0,0,0,0,0,0,0,0,0,0,0,0,0,0,0,0,0,0,0,0,0,0,0,0,0,0,0,0,0,0,0,0,0,0,0,0,0,0,0,0,0,0,0,0,0,0,0,0,0,0,0,0,0,0,0
TMR-2992,,9203,9040,0,0,0,0,0,0,0,0,0,0,0,0,0,0,0,0,0,0,0,0,0,0,0,0,0,0,0,0,0,0,0,0,0,0,0,0,0,0,0,0,0,0,0,0,0,0,0,0,0,0,0,0,0,0,0,0,0
TMR-3056,,2737,7787,0,0,0,0,0,0,0,0,0,0,0,0,0,0,0,0,0,0,0,0,0,0,0,0,0,0,0,0,0,0,0,0,0,0,0,0,0,0,0,0,0,0.07795,0,0,0,0,0,0,0,0,0,0,0,0,0,0,0
TMR-3059,,1944,292,0,0,0,0,0,0,0,0,0,0,0,0,0,0,0,0,0,0,0,0,0,0,0,0,0,0,0,0,0,0,0,0,0,0,0,0,0,0,0,0,0,0,0,0,0,0,0,0,0,0,0,0,0,0,0,0,0
TMR-3062,,340,9406,0,0,0,0,0,0,0,0,0,0,0,0,0,0,0,0,0,0,0,0,0,0,0,0,0,0,0,0,0,0,0,0,0,0,0,0,0,0,0,0,0,0,0,0,0,0,0,0,0,0,0,0,0,0,0,0,0
TMR-3063,,897,641,0,0,0,0,0,0,0,0.01226,0,0,0,0,0,0,0,0,0,0,0,0,0,0,0,0,0,0,0,0,0,0,0,0,0,0,0,0,0,0,0,0,0,0,0,0.0702,0,0,0,0,0,0,0,0,0,0,0,0,0
TMR-3252,,6373,4649,0,0,0,0,0,0,0,0,0,0,0,0,0,0,0,0,0,0,0,0,0,0,0,0,0,0,0,0,0,0,0,0,0,0,0,0,0,0,0,0,0,0.20521,0,0.04388,0,0,0,0,0,0,0,0,0,0,0,0,0
TMR-3576,,1656,3792,0,0,0,0,0,0,0,0.14493,0,0,0,0,0,0,0,0,0,0,0,0,0,0,0,0,0,0,0,0,0,0,0,0,0,0,0,0,0,0,0,0,0,0,0,0,0,0,0,0,0,0,0,0,0,0,0,0,0
TMR-3665,,1990,3922,0,0,0,0,0,0,0,0.30603,0,0,0,0,0,0,0,0,0,0,0,0,0,0,0,0,0,0,0,0,0,0,0,0,0,0,0,0,0,0,0,0,0,0,0,0.9847,0,0,0,0,0,0,0,0,0,0,0,0,0
TMR-3743,,1940,1269,0,0,0,0,0,0,0,0,0,0,0,0,0,0,0,0,0,0,0,0,0,0,0,0,0,0,0,0,0,0,0,0,0,0,0,0,0,0,0,0,0,0,0,0,0,0,0,0,0,0,0,0,0,0,0,0,0
TMR-3770,,2977,2046,0,0,0,0,0,0,0,0,0,0,0,0,0,0,0,0,0,0,0,0,0,0,0,0,0,0,0,0,0,0,0,0,0,0,0,0,0,0,0,0,0,0,0,0,0,0,0,0,0,0,0,0,0,0,0,0,0
TMR-3771,,4564,4674,0,0,0,0,0,0,0,0,0,0,0,0,0,0,0,0,0,0,0,0,0,0,0,0,0,0,0,0,0,0,0,0,0,0,0,0,0,0,0,0,0,0,0,0,0,0,0,0,0,0,0,0,0,0,0,0,0
TMR-2048,,3672,764,0,0,0,0,0,0,0,0,0,0,0,0,0,0,0,0,0,0,0,0,0,0,0,0,0,0,0,0,0,0,0,0,0,0,0,0,0,0,0,0,0,0,0,0,0,0,0,0,0,0,0,0,0,0,0,0,0
TMR-2158,,7563,2628,0,0,0,0,0,0,0,0,0,0,0,0,0,0,0,0,0,0,0,0,0,0,0,0,0,0,0,0,0,0,0,0,0,0,0,0,0,0,0,0,0,0,0,0,0,0,0,0,0,0,0,0,0,0,0,0,0
TMR-2268,,4429,7161,0,0,0,0,0,0,0,0,0,0,0,0,0,0,0,0,0,0,0,0,0,0,0,0,0,0,0,0,0,0,0,0,0,0,0,0,0,0,0,0,0,0,0,0,0,0,0,0,0,0,0,0,0,0,0,0,0
TMR-2288,,3194,214,0,0,0,0,0,0,0,0.24296,0,0,0,0,0,0,0,0,0,0,0,0,0,0,0,0,0,0,0,0,0,0,0,0,0,0,0,0,0,0,0,0,0,0,0,0,0,0,0,0,0,0,0,0,0,0,0,0,0
TMR-2465,,4779,4444,0,0,0,0,0,0,0,0,0,0,0,0,0,0,0,0,0,0,0,0,0,0,0,0,0,0,0,0,0,0,0,0,0,0,0,0,0,0,0,0,0,0,0,0,0,0,0,0,0,0,0,0,0,0,0,0,0
TMR-2669,,2141,4645,0,0,0,0,0,0,0,0,0,0,0,0,0,0,0,0,0,0,0,0,0,0,0,0,0,0,0,0,0,0,0,0,0,0,0,0,0,0,0,0,0,0,0,0,0,0,0,0,0,0,0,0,0,0,0,0,0
TMR-2750,,1659,3622,0,0,0,0,0,0.76974,0,0,0,0,0,0,0,0,0,0,0,0,0,0,0,0,0,0,0,0,0,0,0,0,0,0,0,0,0,0,0,0,0,0,0,0,0.27029,0,0,0,0,0,0,0,0,0,0,0,0,0,0
TMR-3017,,1772,3571,0,0,0,0,0,0,0,0,0,0,0,0,0,0,0,0,0,0,0,0,0,0,0,0,0,0,0,0,0,0,0,0,0,0,0,0,0,0,0,0,0,0,0,0,0,0,0,0,0,0,0,0,0,0,0,0,0
TMR-3077,,1550,3367,0,0,0,0,0,0.5271,0,0,0,0,0,0,0,0,0,0,0,0,0,0,0,0,0,0,0,0,0,0,0,0,0,0,0,0,0,0,0,0,0,0,0,0,0.09831,0.8114,0,0,0,0,0,0,0,0,0,0,0,0,0
TMR-3087,,11988,4170,0,0,0,0,0,0,0,0,0,0,0,0,0,0,0,0.01009,0,0,0,0,0,0,0,0,0,0,0,0,0,0,0,0,0,0,0,0,0,0,0,0,0,0,0,0.46019,0,0,0,0,0,0,0,0,0,0,0,0,0
TMR-3102,,1758,9882,0,0,0,0,0,0,0,0,0,0,0,0,0,0,0,0,0,0,0,0,0,0,0,0,0,0,0,0,0,0,0,0,0,0,0,0,0,0,0,0,0,0,0,0.95224,0,0,0,0,0,0,0,0,0,0,0,0,0
TMR-3116,,7245,3590,0,0,0,0,0,0,0,0.07881,0,0,0,0,0,0,0,0,0,0,0,0,0,0,0,0,0,0,0,0,0,0,0,0,0,0,0,0,0,0,0,0,0,0,0,0.97911,0,0,0,0,0,0,0,0,0,0,0,0,0
TMR-3454,,1750,10585,0,0,0,0,0,0.04457,0,0.17371,0,0,0,0,0,0,0,0,0,0,0,0,0,0,0,0,0,0,0,0,0,0,0,0,0,0,0,0,0,0,0,0,0,0,0,0.75314,0,0,0,0,0,0,0,0,0,0,0,0,0
TMR-3464,,4534,4440,0,0,0,0,0,0,0,0.31451,0,0,0,0,0,0,0,0,0,0,0,0,0,0,0,0,0,0,0,0,0,0,0,0,0,0,0,0,0,0,0,0,0,0,0,1,0,0,0,0,0,0,0,0,0,0,0,0,0
TMR-3472,,1130,4208,0,0,0,0,0,0,0,0.42301,0,0,0,0,0,0,0,0,0,0,0,0,0,0,0,0,0,0,0,0,0,0,0,0,0,0,0,0,0,0,0,0,0,0,0,1,0,0,0,0,0,0,0,0,0,0,0,0,0
TMR-3515,,1328,2551,0,0,0,0,0,0.3637,0,0,0,0,0,0,0,0,0,0,0,0,0,0,0,0,0,0,0,0,0,0,0,0,0,0,0,0,0,0,0,0,0,0,0,0,0.4018,0.11799,0,0,0,0,0,0,0,0,0,0,0,0,0
TMR-3522,,6258,2801,0,0,0,0,0,0,0,0,0,0,0,0,0,0,0,0,0,0,0,0,0,0,0,0,0,0,0,0,0,0,0,0,0,0,0,0,0,0,0,0,0,0,0,0.3281,0,0,0,0,0,0,0,0,0,0,0,0,0
TMR-3540,,1242,5368,0,0,0,0,0,0,0,0.15862,0,0,0,0,0,0,0,0,0,0,0,0,0,0,0,0,0,0,0,0,0,0,0,0,0,0,0,0,0,0,0,0,0,0,0,0.89363,0,0,0,0,0,0,0,0,0,0,0,0,0
TMR-3542,,7035,3791,0,0,0,0,0,0,0,0,0,0,0,0,0,0,0,0,0,0,0,0,0,0,0,0,0,0,0,0,0,0,0,0,0,0,0,0,0,0,0,0,0,0,0,0,0,0,0,0,0,0,0,0,0,0,0,0,0
TMR-3544,,4895,745,0,0,0,0,0,0,0,0,0,0,0,0,0,0,0,0,0,0,0,0,0,0,0,0,0,0,0,0,0,0,0,0,0,0,0,0,0,0,0,0,0,0,0,0,0,0,0,0,0,0,0,0,0,0,0,0,0
TMR-3549,,3450,4815,0,0,0,0,0,0,0,0.08348,0,0,0,0,0,0,0,0,0,0,0,0,0,0,0,0,0,0,0,0,0,0,0,0,0,0,0,0,0,0,0,0,0,0,0,0.92773,0,0,0,0,0,0,0,0,0,0,0,0,0
TMR-3618,,5276,4184,0,0,0,0,0,0,0,0,0,0,0,0,0,0,0,0,0,0,0,0,0,0,0,0,0,0,0,0,0,0,0,0,0,0,0,0,0,0,0,0,0,0,0,0,0,0,0,0,0,0,0,0,0,0,0,0,0
TMR-3647,,5641,1943,0,0,0,0,0,0,0,0,0,0,0,0,0,0,0,0,0,0,0,0,0,0,0,0,0,0,0,0,0,0,0,0,0,0,0,0,0,0,0,0,0,0,0,0,0,0,0,0,0,0,0,0,0,0,0,0,0
TMR-3648,,6349,1431,0,0,0,0,0,0,0,0,0,0,0,0,0,0,0,0,0,0,0,0,0,0,0,0,0,0,0,0,0,0,0,0,0,0,0,0,0,0,0,0,0,0,0,0,0,0,0,0,0,0,0,0,0,0,0,0,0
TMR-3651,,6148,3741,0,0,0,0,0,0,0,0,0,0,0,0,0,0,0,0,0,0,0,0,0,0,0,0,0,0,0,0,0,0,0,0,0,0,0,0,0,0,0,0,0,0,0,0,0,0,0,0,0,0,0,0,0,0,0,0,0
TMR-3694,,1059,1006,0,0,0,0,0,0.0661,0,0,0,0,0,0,0,0,0,0.305,0,0,0,0,0,0,0,0,0,0,0,0,0,0,0,0,0,0,0,0,0,0,0,0,0,0,0.09344,0,0,0,0,0.64115,0,0,0,0,0,0,0,0,0
TMR-3704,,5682,3185,0,0,0,0,0,0,0,0,0,0,0,0,0,0,0,0,0,0,0,0,0,0,0,0,0,0,0,0,0,0,0,0,0,0,0,0,0,0,0,0,0,0,0,0,0,0,0,0,0,0,0,0,0,0,0,0,0
TMR-3746,,1133,4225,0,0,0,0,0,0,0,0,0,0,0,0,0,0,0,0,0,0,0,0,0,0,0,0,0,0,0,0,0,0,0,0,0,0,0,0,0,0,0,0,0,0,0,0,0,0,0,0,0,0,0,0,0,0,0,0,0
TMR-3753,,594,3030,0,0,0,0,0,0.89899,0,0,0,0,0,0,0,0,0,0.0404,0,0,0,0,0,0,0,0,0,0,0,0,0,0,0,0,0,0,0,0,0,0,0,0,0,0,0.02574,0.21023,0,0,0,0,0,0,0,0,0,0,0,0,0
TMR-3757,,877,2550,0,0,0,0,0,0.99316,0,0,0,0,0,0,0,0,0,0,0,0,0,0,0,0,0,0,0,0,0,0,0,0,0,0,0,0,0,0,0,0,0,0,0,0,0.43059,0,0,0,0,0,0,0,0,0,0,0,0,0,0
TMR-3768,,2140,2943,0,0,0,0,0,0,0,0,0,0,0,0,0,0,0,0,0,0,0,0,0,0,0,0,0,0,0,0,0,0,0,0,0,0,0,0,0,0,0,0,0,0,0,0.73564,0,0,0,0.07883,0,0,0,0,0,0,0,0,0
TMR-3824,,4086,2570,0,0,0,0,0,0,0,0,0,0,0,0,0,0,0,0,0,0,0,0,0,0,0,0,0,0,0,0,0,0,0,0,0,0,0,0,0,0,0,0,0,0,0,0,0,0,0,0,0,0,0,0,0,0,0,0,0
TMR-3837,,2139,10584,0,0,0,0,0,0,0,0.88733,0,0,0,0,0,0,0,0,0,0,0,0,0,0,0,0,0,0,0,0,0,0,0,0,0,0,0,0,0,0,0,0,0,0,0,0.94964,0,0,0,0,0,0,0,0,0,0,0,0,0
TMR-3927,,802,1345,0,0,0,0,0,0.35287,0,0,0,0,0,0,0,0,0,0.15087,0,0,0,0,0,0,0,0,0,0,0,0,0,0,0,0,0,0,0,0,0,0,0,0,0,0,0.37844,0,0,0,0,0.20669,0,0,0,0,0,0,0,0,0
TMR-3953,,2171,1363,0,0,0,0,0,0.08107,0,0,0,0,0,0,0,0,0,0.79733,0,0,0,0,0,0,0,0,0,0,0,0,0,0,0,0,0,0,0,0,0,0,0,0,0,0,0,0.19956,0,0,0,0,0,0,0,0,0,0,0,0,0
TMR-3954,,507,1475,0,0,0,0,0,0,0,0,0,0,0,0,0,0,0,0.99014,0,0,0,0,0,0,0,0,0,0,0,0,0,0,0,0,0,0,0,0,0,0,0,0,0,0,0,0,0,0,0,0.98373,0,0,0,0,0,0,0,0,0
TMR-3955,,2420,3845,0,0,0,0,0,0,0,0,0,0,0,0,0,0,0,0,0,0,0,0,0,0,0,0,0,0,0.0124,0,0,0,0,0,0,0,0,0,0,0,0,0,0,0,0,0,0,0,0,0,0,0,0,0,0,0,0,0,0
TMR-3983,,4744,2467,0,0,0,0,0,0.03309,0,0.87985,0,0,0,0,0,0,0,0,0,0,0,0,0,0,0,0,0,0,0,0,0,0,0,0,0,0,0,0,0,0,0,0,0,0,0,0.99595,0,0,0,0,0,0,0,0,0,0,0,0,0
TMR-3991,,4470,4093,0,0,0,0,0,0,0,0.07181,0,0,0,0,0,0,0,0,0,0,0,0,0,0,0,0,0,0,0,0,0,0,0,0,0,0,0,0,0,0,0,0,0,0,0,0.9333,0,0,0,0,0,0,0,0,0,0,0,0,0
TMR-4011,,3889,5336,0,0,0,0,0,0,0,0.80278,0,0,0,0,0,0,0,0,0,0,0,0,0,0,0,0,0,0,0,0,0,0,0,0,0,0,0,0,0,0,0,0,0,0,0,0.97714,0,0,0,0,0,0,0,0,0,0,0,0,0
TMR-2107,,2032,3394,0,0,0,0,0,0,0,0,0,0,0,0,0,0,0,0,0,0,0,0,0,0,0,0,0,0,0,0,0,0,0,0,0,0,0,0,0,0,0,0,0,0,0,0.88244,0,0,0,0,0,0,0,0,0,0,0,0,0
TMR-2149,,4182,3974,0,0,0,0,0,0,0,0,0,0,0,0,0,0,0,0,0,0,0,0,0,0,0,0,0,0,0,0,0,0,0,0,0,0,0,0,0,0,0,0,0,0,0,0,0,0,0,0,0,0,0,0,0,0,0,0,0
TMR-2184,,2865,2419,0,0,0,0,0,0,0,0,0,0,0,0,0,0,0,0,0,0,0,0,0,0,0,0,0,0,0,0,0,0,0,0,0,0,0,0,0,0,0,0,0,0,0,0.48739,0,0,0,0,0,0,0,0,0,0,0,0,0
TMR-2190,,3840,3862,0,0,0,0,0,0,0,0,0,0,0,0,0,0,0,0,0,0,0,0,0,0,0,0,0,0,0,0,0,0,0,0,0,0,0,0,0,0,0,0,0,0,0,0,0,0,0,0,0,0,0,0,0,0,0,0,0
TMR-2191,,2670,5372,0,0,0,0,0,0,0,0,0,0,0,0,0,0,0,0,0,0,0,0,0,0,0,0,0,0,0,0,0,0,0,0,0,0,0,0,0,0,0,0,0,0,0,0.10853,0,0,0,0,0,0,0,0,0,0,0,0,0
TMR-2192,,5313,6398,0,0,0,0,0,0,0,0,0,0,0,0,0,0,0,0.03049,0,0,0,0,0,0,0,0,0,0,0,0,0,0,0,0,0,0,0,0,0,0,0,0,0,0,0,0.49062,0,0,0,0.02001,0,0,0,0,0,0,0,0,0
TMR-2193,,2540,2146,0,0,0,0,0,0,0,0.05157,0,0,0,0,0,0,0,0.16339,0,0,0,0,0,0,0,0,0,0,0,0,0,0,0,0,0,0,0,0,0,0,0,0,0,0,0,0.88956,0,0,0,0,0,0,0,0,0,0,0,0,0
TMR-2202,,2834,2574,0,0,0,0,0,0,0,0,0,0,0,0,0,0,0,0,0,0,0,0,0,0,0,0,0,0,0,0,0,0,0,0,0,0,0,0,0,0,0,0,0,0,0,0.62898,0,0,0,0,0,0,0,0,0,0,0,0,0
TMR-2211,,2336,3335,0,0,0,0,0,0,0,0.73844,0,0,0,0,0,0,0,0,0,0,0,0,0,0,0,0,0,0,0,0,0,0,0,0,0,0,0,0,0,0,0,0,0,0,0,0.64618,0,0,0,0,0,0,0,0,0,0,0,0,0
TMR-2224,,5158,5039,0,0,0,0,0,0,0,0.02443,0,0,0,0,0,0,0,0,0,0,0,0,0,0,0,0,0,0,0,0,0,0,0,0,0,0,0,0,0,0,0,0,0,0,0,0.63981,0,0,0,0,0,0,0,0,0,0,0,0,0
TMR-2247,,380,591,0,0,0,0,0,0,0,0,0,0,0,0,0,0,0,0,0,0,0,0,0,0,0,0,0,0,0,0,0,0,0,0,0,0,0,0,0,0,0,0,0,0,0,0.08799,0,0,0,0,0,0,0,0,0,0,0,0,0
TMR-2258,,5163,888,0,0,0,0,0,0,0,0,0,0,0,0,0,0,0,0,0,0,0,0,0,0,0,0,0,0,0,0,0,0,0,0,0,0,0,0,0,0,0,0,0,0,0,0,0,0,0,0,0,0,0,0,0,0,0,0,0
TMR-2320,,1933,4781,0,0,0,0,0,0,0,0,0,0,0,0,0,0,0,0,0,0,0,0,0,0,0,0,0,0,0,0,0,0,0,0,0,0,0,0,0,0,0,0,0,0,0,0.64777,0,0,0,0,0,0,0,0,0,0,0,0,0
TMR-2336,,889,8937,0,0,0,0,0,0,0,0,0,0,0,0,0,0,0,0,0,0,0,0,0,0,0,0,0,0,0,0,0,0,0,0,0,0,0,0,0,0,0,0,0,0,0,0,0,0,0,0,0,0,0,0,0,0,0,0,0
TMR-2340,,2801,2521,0,0,0,0,0,0.01142,0,0,0,0,0,0,0,0,0,0,0,0,0,0,0,0,0,0,0,0,0,0,0,0,0,0,0,0,0,0,0,0,0,0,0,0,0.03808,0,0,0,0,0,0,0,0,0,0,0,0,0,0
TMR-2404,,2386,1847,0,0,0,0,0,0,0,0,0,0,0,0,0,0,0,0,0,0,0,0,0,0,0,0,0,0,0,0,0,0,0,0,0,0,0,0,0,0,0,0,0,0,0,0,0,0,0,0,0,0,0,0,0,0,0,0,0
TMR-2431,,2050,4973,0,0,0,0,0,0,0,0,0,0,0,0,0,0,0,0,0,0,0,0,0,0,0,0,0,0,0,0,0,0,0,0,0,0,0,0,0,0,0,0,0,0,0,0,0,0,0,0,0,0,0,0,0,0,0,0,0
TMR-2446,,4342,4477,0,0,0,0,0,0,0,0,0,0,0,0,0,0,0,0,0,0,0,0,0,0,0,0,0,0,0,0,0,0,0,0,0,0,0,0,0,0,0,0,0,0,0,0,0,0,0,0,0,0,0,0,0,0,0,0,0
TMR-2447,,2612,10182,0,0,0,0,0,0,0,0,0,0,0,0,0,0,0,0,0,0,0,0,0,0,0,0,0,0,0,0,0,0,0,0,0,0,0,0,0,0,0,0,0,0,0,0,0,0,0,0,0,0,0,0,0,0,0,0,0
TMR-2450,,2741,2510,0,0,0,0,0,0,0,0,0,0,0,0,0,0,0,0,0,0,0,0,0,0,0,0,0,0,0,0,0,0,0,0,0,0,0,0,0,0,0,0,0,0,0,0,0,0,0,0,0,0,0,0,0,0,0,0,0
TMR-2477,,4143,2582,0,0,0,0,0,0,0,0.3232,0,0,0,0,0,0,0,0,0,0,0,0,0,0,0,0,0,0,0,0,0,0,0,0,0,0,0,0,0,0,0,0,0,0,0,0.97134,0,0,0,0,0,0,0,0,0,0,0,0,0
TMR-2482,,4154,5742,0,0,0,0,0,0,0,0,0,0,0,0,0,0,0,0,0,0,0,0,0,0,0,0,0,0,0,0,0,0,0,0,0,0,0,0,0,0,0,0,0,0,0,0,0,0,0,0,0,0,0,0,0,0,0,0,0
TMR-2483,,2942,2147,0,0,0,0,0,0.29402,0,0,0,0,0.01054,0,0,0,0,0.11421,0,0,0,0,0,0,0,0,0,0,0,0,0,0,0,0,0,0,0,0,0,0,0,0,0,0,0.52492,0,0,0,0,0,0,0,0,0,0,0,0,0,0
TMR-2485,,4713,38,0,0,0,0,0,0,0,0.3624,0,0,0,0,0,0,0,0.02185,0,0,0,0,0,0,0,0,0,0,0,0,0,0,0,0,0,0,0,0,0,0,0,0,0,0,0,0,0,0,0,0,0,0,0,0,0,0,0,0,0
TMR-2488,,3790,2963,0,0,0,0,0,0,0,0,0,0,0,0,0,0,0,0,0,0,0,0,0,0,0,0,0,0,0,0,0,0,0,0,0,0,0,0,0,0,0,0,0,0,0.01181,0,0,0,0,0,0,0,0,0,0,0,0,0,0
TMR-2489,,1740,5425,0,0,0,0,0,0,0,0,0,0,0,0,0,0,0,0,0,0,0,0,0,0,0,0,0,0,0,0,0,0,0,0,0,0,0,0,0,0,0,0,0,0,0,0,0,0,0,0,0,0,0,0,0,0,0,0,0
TMR-2492,,12801,3105,0,0,0,0,0,0,0,0.01211,0,0,0,0,0,0,0,0,0,0,0,0,0,0,0,0,0,0,0,0,0,0,0,0,0,0,0,0,0,0,0,0,0,0,0,0.50982,0,0,0,0,0,0,0,0,0,0,0,0,0
TMR-2494,,5833,4389,0,0,0,0,0,0,0,0.02366,0,0,0,0,0,0,0,0,0,0,0,0,0,0,0,0,0,0,0,0,0,0,0,0,0,0,0,0,0,0,0,0,0,0,0,0.97448,0,0,0,0,0,0,0,0,0,0,0,0,0
TMR-2559,,6563,741,0,0,0,0,0,0,0,0.01828,0,0,0,0,0,0,0,0,0,0,0,0,0,0,0,0,0,0,0,0,0,0,0,0,0,0,0,0,0,0,0,0,0,0,0,0.54521,0,0,0,0,0,0,0,0,0,0,0,0,0
TMR-2560,,4627,2316,0,0,0,0,0,0,0,0,0,0,0,0,0,0,0,0,0,0,0,0,0,0,0,0,0,0,0,0,0,0,0,0,0,0,0,0,0,0,0,0,0,0,0,0,0,0,0,0,0,0,0,0,0,0,0,0,0
TMR-2562,,1509,5200,0,0,0,0,0,0,0,0.63685,0,0,0,0,0,0,0,0,0,0,0,0,0,0.01524,0,0,0,0,0,0,0,0,0,0,0,0,0,0,0,0,0,0,0,0,0,0,0,0,0,0,0,0,0,0,0,0,0,0,0
TMR-2698,,3196,121,0,0,0,0,0,0,0,0.87359,0,0,0,0,0,0,0,0,0,0,0,0,0,0,0,0,0,0,0,0,0,0,0,0,0,0,0,0,0,0,0,0,0,0,0,0.24793,0,0,0,0,0,0,0,0,0,0,0,0,0
TMR-2699,,16102,3254,0,0,0,0,0,0,0,0.89374,0,0,0,0,0,0,0,0,0,0,0,0,0,0,0,0,0,0,0,0,0,0,0,0,0,0,0,0,0,0,0,0,0,0,0,0.90934,0,0,0,0,0,0,0,0,0,0,0,0,0
TMR-2715,,4206,4451,0,0,0,0,0,0,0,0,0,0,0,0,0,0,0,0,0,0,0,0,0,0,0,0,0,0,0,0,0,0,0,0,0,0,0,0,0,0,0,0,0,0,0,0,0,0,0,0,0,0,0,0,0,0,0,0,0
TMR-2730,,8301,129,0,0,0,0,0,0,0,0,0,0,0,0,0,0,0,0,0,0,0,0,0,0,0,0,0,0,0,0,0,0,0,0,0,0,0,0,0,0,0,0,0,0,0,0,0,0,0,0,0,0,0,0,0,0,0,0,0
TMR-2731,,3212,3381,0,0,0,0,0,0,0,0,0,0,0,0,0,0,0,0,0,0,0,0,0,0,0,0,0,0,0,0,0,0,0,0,0,0,0,0,0,0,0,0,0,0,0,0,0,0,0,0,0,0,0,0,0,0,0,0,0
TMR-2734,,5648,7724,0,0,0,0,0,0,0,0,0,0,0,0,0,0,0,0,0,0,0,0,0,0,0,0,0,0,0,0,0,0,0,0,0,0,0,0,0,0,0,0,0,0,0,0,0,0,0,0,0,0,0,0,0,0,0,0,0
TMR-2763,,2216,1762,0,0,0,0,0,0,0,0,0,0,0,0,0,0,0,0,0,0,0,0,0,0,0,0,0,0,0,0,0,0,0,0,0,0,0,0,0,0,0,0,0,0,0,0,0,0,0,0,0,0,0,0,0,0,0,0,0
TMR-2768,,2914,3916,0,0,0,0,0.15786,0,0,0.11805,0,0,0,0,0,0,0,0,0,0,0,0,0,0,0,0,0,0,0,0,0,0,0,0,0,0,0,0,0,0,0,0,0,0,0,0.22268,0,0,0,0,0,0,0,0,0,0,0,0,0
TMR-2778,,7939,5773,0,0,0,0,0,0,0,0.6759,0,0,0,0,0,0,0,0,0,0,0,0,0,0,0,0,0,0,0,0,0,0,0,0,0,0,0,0,0,0,0,0,0,0,0,0.88827,0,0,0,0,0,0,0,0,0,0,0,0,0
TMR-2796,,1722,9929,0,0,0,0,0,0,0,0.01103,0,0,0,0,0,0,0,0,0,0,0,0,0,0,0,0,0,0,0,0,0,0,0,0,0,0,0,0,0,0,0,0,0,0,0,0.01904,0,0,0,0,0,0,0,0,0,0,0,0,0
TMR-2814,,2357,43,0,0,0,0,0,0,0,0,0,0,0,0,0,0,0,0,0,0,0,0,0,0,0,0,0,0,0,0,0,0,0,0,0,0,0,0,0.01061,0,0,0,0,0,0,0.27907,0,0,0,0,0,0,0,0,0,0,0,0,0
TMR-2817,,3833,4220,0,0,0,0,0,0,0,0.07305,0,0,0,0,0,0,0,0,0,0,0,0,0,0,0,0,0,0,0,0,0,0,0,0,0,0,0,0,0,0,0,0,0,0,0,0.75261,0,0,0,0,0,0,0,0,0,0,0,0,0
TMR-2859,,5700,2329,0,0,0,0,0,0,0,0,0,0,0,0,0,0,0,0,0,0,0,0,0,0,0,0,0,0,0,0,0,0,0,0,0,0,0,0,0,0,0,0,0,0,0,0,0,0,0,0,0,0,0,0,0,0,0,0,0
TMR-2861,,1889,7050,0,0,0,0,0,0,0,0,0,0,0,0,0,0,0,0,0,0,0,0,0,0,0,0,0,0,0,0,0,0,0,0,0,0,0,0,0,0,0,0,0,0,0,0,0,0,0,0,0,0,0,0,0,0,0,0,0
TMR-2867,,1974,5550,0,0,0,0,0,0,0,0,0,0,0,0,0,0,0,0,0,0,0,0,0,0,0,0,0,0,0,0,0,0,0,0,0,0,0,0,0,0,0,0,0,0,0,0,0,0,0,0,0,0,0,0,0,0,0,0,0
TMR-2918,,1450,371,0,0,0,0,0,0,0,0,0,0,0,0,0,0,0,0,0,0,0,0,0,0,0,0,0,0,0,0,0,0,0,0,0,0,0,0,0,0,0,0,0,0,0,0,0,0,0,0,0,0,0,0,0,0,0,0,0
TMR-2921,,803,4366,0,0,0,0,0,0,0,0,0,0,0,0,0,0,0,0,0,0,0,0,0,0,0,0,0,0,0,0,0,0,0,0,0,0,0,0,0.01245,0,0,0,0,0,0,0,0,0,0,0,0,0,0,0,0,0,0,0,0
TMR-2931,,5650,4869,0,0,0,0,0,0,0,0,0,0,0,0,0,0,0,0,0,0,0,0,0,0,0,0,0,0,0,0,0,0,0,0,0,0,0,0,0,0,0,0,0,0,0,0,0,0,0,0,0,0,0,0,0,0,0,0,0
TMR-2947,,3989,627,0,0,0,0,0,0,0,0.83454,0,0,0,0,0,0,0,0,0,0,0,0,0,0,0,0,0,0,0,0,0,0,0,0,0,0,0,0,0,0,0,0,0,0,0,0.49123,0,0,0,0,0,0,0,0,0,0,0,0,0
TMR-2949,,8200,2251,0,0,0,0,0,0,0,0,0,0,0,0,0,0,0,0,0,0,0,0,0,0,0,0,0,0,0,0,0,0,0,0,0,0,0,0,0,0,0,0,0,0,0,0,0,0,0,0,0,0,0,0,0,0,0,0,0
TMR-2951,,17905,0,0,0,0,0,0,0,0,0,0,0,0,0,0,0,0,0,0,0,0,0,0,0,0,0,0,0,0,0,0,0,0,0,0,0,0,0,0,0,0,0,0,0,0,0,0,0,0,0,0,0,0,0,0,0,0,0,0
TMR-2952,,2623,5679,0,0,0,0,0,0,0,0,0,0,0,0,0,0,0,0,0,0,0,0,0,0,0,0,0,0,0,0,0,0,0,0,0,0,0,0,0,0,0,0,0,0,0,0,0,0,0,0,0,0,0,0,0,0,0,0,0
TMR-2953,,1093,2443,0,0,0,0,0,0,0,0,0,0,0,0,0,0,0,0,0,0,0,0,0,0,0,0,0,0,0,0,0,0,0,0,0,0,0,0,0,0,0,0,0,0,0,0,0,0,0,0,0,0,0,0,0,0,0,0,0
TMR-2954,,2316,1008,0,0,0,0,0,0,0,0,0,0,0,0,0,0,0,0,0,0,0,0,0,0,0,0,0,0,0,0,0,0,0,0,0,0,0,0,0.01123,0,0,0,0,0,0,0,0,0,0,0,0,0,0,0,0,0,0,0,0
TMR-2961,DNA_SHIELD,4043,146,0,0,0,0,0,0,0,0,0,0,0,0,0,0,0,0,0,0,0,0,0,0,0,0,0,0,0,0,0,0,0,0,0,0,0,0,0,0,0,0,0,0,0,0,0,0,0,0,0,0,0,0,0,0,0,0,0
TMR-2961,NAP,1618,1718,0,0,0,0,0,0,0,0,0,0,0,0,0,0,0,0,0,0,0,0,0,0,0,0,0,0,0,0,0,0,0,0,0,0,0,0,0,0,0,0,0,0,0,0,0,0,0,0,0,0,0,0,0,0,0,0,0
TMR-2962,,1189,2896,0,0,0,0,0,0,0,0,0,0,0,0,0,0,0,0,0,0,0,0,0,0,0,0,0,0,0,0,0,0,0,0,0,0,0,0,0,0,0,0,0,0,0,0,0,0,0,0,0,0,0,0,0,0,0,0,0
TMR-2963,,5718,3937,0,0,0,0,0.74152,0,0,0,0,0,0,0,0,0,0,0,0,0,0,0,0,0,0,0,0,0,0,0,0,0,0,0,0,0,0,0,0,0,0,0,0,0,0,0,0,0,0,0,0,0,0,0,0,0,0,0,0
TMR-2971,DNA_SHIELD,3961,929,0,0,0,0,0,0,0,0,0,0,0,0,0,0,0,0.19465,0,0,0,0,0,0,0,0,0,0,0,0,0,0,0,0,0,0,0,0,0,0,0,0,0,0,0,0,0,0,0,0,0,0,0,0,0,0,0,0,0
TMR-2971,NAP,3675,7036,0,0,0,0,0,0,0,0,0,0,0,0,0,0,0,0,0,0,0,0,0,0,0,0,0,0,0,0,0,0,0,0,0,0,0,0,0,0,0,0,0,0,0,0,0,0,0,0,0,0,0,0,0,0,0,0,0
TMR-2972,DNA_SHIELD,6846,2071,0,0,0,0,0,0,0,0,0,0,0,0,0,0,0,0,0,0,0,0,0,0,0,0,0,0,0,0,0,0,0,0,0,0,0,0,0,0,0,0,0,0,0,0,0,0,0,0,0,0,0,0,0,0,0,0,0
TMR-2972,NAP,2019,7592,0,0,0,0,0,0,0,0,0,0,0,0,0,0,0,0,0,0,0,0,0,0,0,0,0,0,0,0,0,0,0,0,0,0,0,0,0,0,0,0,0,0,0,0,0,0,0,0,0,0,0,0,0,0,0,0,0
TMR-2974,DNA_SHIELD,4829,2805,0,0,0,0,0,0,0,0.53469,0,0,0,0,0,0,0,0,0,0,0,0,0,0,0,0,0,0,0,0,0,0,0,0,0,0,0,0,0,0,0,0,0,0,0,0.79537,0,0,0,0,0,0,0,0,0,0,0,0,0
TMR-2974,NAP,2722,9755,0,0,0,0,0,0,0,0.80639,0,0,0,0,0,0,0,0,0,0,0,0,0,0,0,0,0,0,0,0,0,0,0,0,0,0,0,0,0,0,0,0,0,0,0,0.64593,0,0,0,0,0,0,0,0,0,0,0,0,0
TMR-2975,DNA_SHIELD,6407,1045,0,0,0,0,0,0,0,0.97971,0,0,0,0,0,0,0,0,0,0,0,0,0,0,0,0,0,0,0,0,0,0,0,0,0,0,0,0,0,0,0,0,0,0,0,0.99426,0,0,0,0,0,0,0,0,0,0,0,0,0
TMR-2975,NAP,3738,2658,0,0,0,0,0,0,0,0,0,0,0,0,0,0,0,0,0,0.90663,0,0,0,0,0,0,0,0,0,0,0,0,0,0,0,0,0,0,0,0,0,0,0,0,0,0.01129,0,0,0,0,0,0,0,0,0,0,0,0,0
TMR-3006,,1155,12,0,0,0,0,0,0,0,0,0,0,0,0,0,0,0,0,0,0,0,0,0,0,0,0,0,0,0,0,0,0,0,0,0,0,0,0,0,0,0,0,0,0,0,0,0,0,0,0,0,0,0,0,0,0,0,0,0
TMR-3010,,4082,663,0,0,0,0,0,0,0,0,0,0,0,0,0,0,0,0,0,0,0,0,0,0,0,0,0,0,0,0,0,0,0,0,0,0,0,0,0,0,0,0,0,0,0,0,0,0,0,0,0,0,0,0,0,0,0,0,0
TMR-3016,,7792,1364,0,0,0,0,0,0,0,0.16491,0,0,0,0,0,0,0,0,0,0,0,0,0,0,0,0,0,0,0,0,0,0,0,0,0,0,0,0,0,0,0,0,0,0,0,0.92815,0,0,0,0,0,0,0,0,0,0,0,0,0
TMR-3019,,5523,268,0,0,0,0,0,0,0,0,0,0,0,0,0,0,0,0,0,0,0,0,0,0,0,0,0,0,0,0,0,0,0,0,0,0,0,0,0,0,0,0,0,0,0,0.10821,0,0,0,0,0,0,0,0,0,0,0,0,0
TMR-3025,,6211,412,0,0,0,0,0,0,0,0,0,0,0,0,0,0,0,0,0,0,0,0,0,0,0,0,0.4389,0,0,0,0,0,0,0,0,0,0,0,0,0,0,0,0,0,0,0,0,0,0,0,0,0,0,0,0,0,0,0,0
TMR-3026,,6249,99,0,0,0,0,0,0,0,0,0,0,0,0,0,0,0,0,0,0,0,0,0,0,0,0,0,0,0,0,0,0,0,0,0,0,0,0,0,0,0,0,0,0,0,0,0,0,0,0,0,0,0,0,0,0,0,0,0
TMR-3027,,11116,3750,0,0,0,0,0,0,0,0,0,0,0,0,0,0,0,0,0,0,0,0,0,0,0,0,0,0,0,0,0,0,0,0,0,0,0,0,0,0,0,0,0,0,0,0,0,0,0,0,0,0,0,0,0,0,0,0,0
TMR-3033,,6510,811,0,0,0,0,0,0,0,0,0,0,0,0,0,0,0,0,0,0,0,0,0,0,0,0,0,0,0,0,0,0,0,0,0,0,0,0,0,0,0,0,0,0,0,0,0,0,0,0,0,0,0,0,0,0,0,0,0
TMR-3034,,998,52,0,0,0,0,0,0,0,0,0,0,0,0,0,0,0,0,0,0,0,0,0,0,0,0,0,0,0,0,0,0,0,0,0,0,0,0,0,0,0,0,0,0,0,0,0,0,0,0,0,0,0,0,0,0,0,0,0
TMR-3057,,3431,690,0,0,0,0,0,0,0,0,0,0,0,0,0,0,0,0,0,0,0,0,0,0,0,0,0,0,0,0,0,0,0,0,0,0,0,0,0,0,0,0,0,0,0,0,0,0,0,0,0,0,0,0,0,0,0,0,0
TMR-3074,,1782,813,0,0,0,0,0,0.77104,0,0,0,0,0,0,0,0,0,0,0,0,0,0,0,0,0,0,0,0,0,0,0,0,0,0,0,0,0,0,0,0,0,0,0,0,0.20049,0.74047,0,0,0,0,0,0,0,0,0,0,0,0,0
TMR-3075,,1822,2764,0,0,0,0,0,0,0,0,0,0,0,0,0,0,0,0,0,0,0,0,0,0,0,0,0,0,0,0,0,0,0,0,0,0,0,0,0,0,0,0,0,0,0,0.0398,0,0,0,0,0,0,0,0,0,0,0,0,0
TMR-3076,,7995,3023,0,0,0,0,0,0,0,0.30732,0,0,0,0,0,0,0,0,0,0,0,0,0,0,0,0,0,0,0,0,0,0,0,0,0,0,0,0,0,0,0,0,0,0,0,0.80748,0,0,0,0,0,0,0,0,0,0,0,0,0
TMR-3079,,5620,8154,0,0,0,0,0,0,0,0,0,0,0,0,0,0,0,0,0,0,0,0,0,0,0,0,0,0,0,0,0,0,0,0,0,0,0,0,0,0,0,0,0,0,0,0,0,0,0,0,0,0,0,0,0,0,0,0,0
TMR-3080,,2045,1284,0,0,0,0,0,0,0,0,0,0,0,0,0,0,0,0,0,0,0,0,0,0,0,0,0,0,0,0,0,0,0,0,0,0,0,0,0,0,0,0,0,0,0,0,0,0,0,0,0,0,0,0,0,0,0,0,0
TMR-3085,,2544,1751,0,0,0,0,0,0,0,0.47327,0,0,0,0,0,0,0,0,0,0,0,0,0,0,0,0,0,0,0,0,0,0,0,0,0,0,0,0,0,0,0,0,0,0,0,0.99943,0,0,0,0,0,0,0,0,0,0,0,0,0
TMR-3086,,5741,739,0,0,0,0,0,0,0,0.14022,0,0,0,0,0,0,0,0.01097,0,0,0,0,0,0,0,0,0,0,0,0,0,0,0,0,0,0,0,0,0,0,0,0,0,0,0,0.07172,0,0,0,0,0,0,0,0,0,0,0,0,0
TMR-3098,,8432,2003,0,0,0,0,0,0,0,0,0,0,0,0,0,0,0,0,0,0,0,0,0,0,0,0,0,0,0,0,0,0,0,0,0,0,0,0,0,0,0,0,0,0,0,0,0,0,0,0,0,0,0,0,0,0,0,0,0
TMR-3099,,7615,2542,0,0,0,0,0,0,0,0.53946,0,0,0,0,0,0,0,0,0,0,0,0,0,0,0,0,0,0,0,0,0,0,0,0,0,0,0,0,0,0,0,0,0,0,0,0.62746,0,0,0,0,0,0,0,0,0,0,0,0,0
TMR-3100,,1392,802,0,0,0,0,0,0,0,0.43606,0,0,0,0,0,0,0,0,0,0,0,0,0,0,0,0,0,0,0,0,0,0,0,0,0,0,0,0,0,0,0,0,0,0,0,0.34414,0,0,0,0,0,0,0,0,0,0,0,0,0
TMR-3107,,5499,6203,0,0,0,0,0,0,0,0.13584,0,0,0,0,0,0,0,0,0,0,0,0,0,0,0,0,0,0,0,0,0,0,0,0,0,0,0,0,0,0,0,0,0,0,0,0,0,0,0,0,0,0,0,0,0,0,0,0,0
TMR-3108,,3097,1508,0,0,0,0,0,0,0,0,0,0,0,0,0,0,0,0,0,0,0,0,0,0,0,0,0,0,0,0,0,0,0,0,0,0,0,0,0,0,0,0,0,0,0,0,0,0,0,0,0,0,0,0,0,0,0,0,0
TMR-3110,,834,782,0,0,0.02398,0,0,0,0,0,0,0,0,0,0,0,0,0,0,0,0,0,0,0,0,0,0,0,0,0,0,0,0,0,0,0,0,0,0,0,0,0,0,0,0,0,0,0,0,0,0,0,0,0,0,0,0,0,0
TMR-3111,,9995,4672,0,0,0,0,0,0,0,0,0,0,0,0,0,0,0,0,0,0,0,0,0,0,0,0,0,0,0,0,0,0,0,0,0,0,0,0,0,0,0,0,0,0,0,0,0,0,0,0,0,0,0,0,0,0,0,0,0
TMR-3112,,1702,3774,0,0,0,0,0,0,0,0,0,0,0,0,0,0,0,0,0,0,0,0,0,0,0,0,0,0,0,0,0,0,0,0,0,0,0,0,0,0,0,0,0,0,0,0.01404,0,0,0,0,0,0,0,0,0,0,0,0,0
TMR-3117,,1495,1071,0,0,0,0,0,0,0,0,0,0,0,0,0,0,0,0.10769,0,0,0,0,0,0,0,0,0,0,0,0,0,0,0,0,0,0,0,0,0,0,0,0,0,0,0,0.04669,0,0,0,0.13912,0,0,0,0,0,0,0,0,0
TMR-3122,,669,3120,0,0,0,0,0,0.82212,0,0,0,0,0,0,0,0,0,0.08819,0,0,0,0,0,0,0,0,0,0,0,0,0,0,0,0,0,0,0,0,0,0,0,0,0,0,0,0,0,0,0,0,0,0,0,0,0,0,0,0,0
TMR-3124,,5761,19,0,0,0,0,0,0.34057,0,0,0,0,0,0,0,0,0,0,0,0,0,0,0,0,0,0,0,0,0,0,0,0,0,0,0,0,0,0,0,0,0,0,0,0,0,0,0,0,0,0,0,0,0,0,0,0,0,0,0
TMR-3125,,8197,6775,0,0,0,0,0,0,0,0,0,0,0,0,0,0,0,0,0,0,0,0,0,0,0,0,0,0,0,0,0,0,0,0,0,0,0,0,0,0,0,0,0,0,0,0,0,0,0,0,0,0,0,0,0,0,0,0,0
TMR-3131,,1446,268,0,0,0,0,0,0,0,0,0,0,0,0,0,0,0,0,0,0,0,0,0,0,0,0,0,0,0,0,0,0,0,0,0,0,0,0,0,0,0,0,0,0,0,0,0,0,0,0,0,0,0,0,0,0,0,0,0
TMR-3134,,983,2655,0,0,0,0,0,0,0,0.90641,0,0,0,0,0,0,0,0,0,0,0,0,0,0,0,0,0,0,0,0,0,0,0,0,0,0,0,0,0,0,0,0,0,0,0,0.24746,0,0,0,0,0,0,0,0,0,0,0,0,0
TMR-3141,,4993,9926,0,0,0,0,0,0,0,0,0,0,0,0,0,0,0,0,0,0,0,0,0,0,0,0,0,0,0,0,0,0,0,0,0,0,0,0,0,0,0,0,0,0,0,0,0,0,0,0,0,0,0,0,0,0,0,0,0
TMR-3151,,3127,772,0,0,0,0,0,0,0,0.12472,0,0,0,0,0,0,0,0,0,0,0,0,0,0,0,0,0,0,0,0,0,0,0,0,0,0,0,0,0.01503,0,0,0,0,0,0,0.20078,0,0,0,0,0,0,0,0,0,0,0,0,0
TMR-3152,,3203,408,0,0,0,0,0,0,0,0,0,0,0,0,0,0,0,0,0,0,0,0,0,0,0,0,0,0,0,0,0,0,0,0,0,0,0,0,0,0,0,0,0,0,0,0,0,0,0,0,0,0,0,0,0,0,0,0,0
TMR-3159,,1920,169,0,0,0,0,0,0,0,0.08854,0,0,0,0,0,0,0,0,0,0,0,0,0,0,0,0,0,0,0,0,0,0,0,0,0,0,0,0,0,0,0,0,0,0,0,1,0,0,0,0,0,0,0,0,0,0,0,0,0
TMR-3160,,2853,3670,0,0,0,0,0,0,0,0.01227,0,0,0,0,0,0,0,0,0,0,0,0,0,0,0,0,0,0,0,0,0,0,0,0,0,0,0,0,0,0,0,0,0,0,0,0,0,0,0,0,0,0,0,0,0,0,0,0,0
TMR-3253,,1736,468,0,0,0,0,0,0,0,0.03456,0,0,0,0,0,0,0,0.03629,0,0,0,0,0,0,0,0,0,0,0,0,0,0,0,0,0,0,0,0,0,0,0,0,0,0,0,0.26923,0,0,0,0,0,0,0,0,0,0,0,0,0
TMR-3254,,668,1251,0,0,0,0,0,0,0,0,0,0,0,0,0,0,0,0,0,0,0,0,0,0,0,0,0,0,0,0,0,0,0,0,0,0,0,0,0,0,0,0,0,0,0,0,0,0,0,0,0,0,0,0,0,0,0,0,0
TMR-3255,,4061,181,0,0,0,0,0,0,0,0.02241,0,0,0,0,0,0,0,0,0,0,0,0,0,0,0,0,0,0,0,0,0,0,0,0,0,0,0,0,0,0,0,0,0,0,0,0.71271,0,0,0,0,0,0,0,0,0,0,0,0,0
TMR-3256,,2223,366,0,0,0,0,0,0,0,0.01395,0,0,0,0,0,0,0,0,0,0,0,0,0,0.56635,0,0,0,0,0,0,0,0,0,0,0,0,0,0,0.01125,0,0,0,0,0,0,0,0,0,0,0,0,0,0,0,0,0,0,0,0
TMR-3267,,4579,144,0,0,0,0,0,0,0,0,0,0,0,0,0,0,0,0,0,0,0,0,0,0,0,0,0,0,0,0,0,0,0,0,0,0,0,0,0,0,0,0,0,0,0,0,0,0,0,0,0,0,0,0,0,0,0,0,0
TMR-3277,,3298,58,0,0,0,0,0,0.07126,0,0.01577,0,0,0,0,0,0,0,0,0,0,0,0,0,0,0,0,0,0,0,0,0,0,0,0,0,0,0,0,0,0,0,0,0,0,0,0,0,0,0,0,0,0,0,0,0,0,0,0,0
TMR-3278,,13382,2,0,0,0,0,0,0,0,0,0,0,0,0,0,0,0,0,0,0,0,0,0,0,0,0,0,0,0,0,0,0,0,0,0,0,0,0,0,0,0,0,0,0,0,0,0,0,0,0,0,0,0,0,0,0,0,0,0
TMR-3290,,8859,2853,0,0,0,0,0,0,0,0.59217,0,0,0,0,0,0,0,0,0,0,0,0,0,0,0,0,0,0,0,0,0,0,0,0,0,0,0,0,0,0,0,0,0,0,0,0.38556,0,0,0,0,0,0,0,0,0,0,0,0,0
TMR-3303,,3402,928,0,0,0,0,0,0,0,0,0,0,0,0,0,0,0,0,0,0,0,0,0,0,0,0,0,0,0,0,0,0,0,0,0,0,0,0,0,0,0,0,0,0,0,0,0,0,0,0,0,0,0,0,0,0,0,0,0
TMR-3304,,1689,2076,0,0,0,0,0,0,0,0,0,0,0,0,0,0,0,0,0,0,0,0,0,0,0,0,0,0,0,0,0,0,0,0,0,0,0,0,0,0,0,0,0,0,0,0,0,0,0,0,0,0,0,0,0,0,0,0,0
TMR-3305,,9343,94,0,0,0,0,0,0,0,0.02622,0,0,0,0,0,0,0,0,0,0,0,0,0,0,0,0,0,0,0,0,0,0,0,0,0,0,0,0,0,0,0,0,0,0,0,1,0,0,0,0,0,0,0,0,0,0,0,0,0
TMR-3332,,3288,585,0,0,0,0,0,0,0,0.03528,0,0,0,0,0,0,0,0,0,0,0,0,0,0,0,0,0,0,0,0,0,0,0,0,0,0,0,0,0,0,0,0,0,0,0,0,0,0,0,0,0,0,0,0,0,0,0,0,0
TMR-3352,,4692,104,0,0,0,0,0,0,0,0,0,0,0,0,0,0,0,0,0,0,0,0,0,0,0,0,0,0,0,0,0,0,0,0,0,0,0,0,0,0,0,0,0,0,0,0,0,0,0,0,0,0,0,0,0,0,0,0,0
TMR-3359,,389,1045,0,0,0,0,0,0,0,0.06427,0,0,0,0,0,0,0,0,0,0,0,0,0,0,0,0,0,0,0,0,0,0,0,0,0,0,0,0,0,0,0,0,0,0,0,0.46986,0,0,0,0,0,0,0,0,0,0,0,0,0
TMR-3435,,5795,48,0,0,0,0,0,0,0,0.0302,0,0,0,0,0,0,0,0,0,0,0,0,0,0,0,0,0,0,0,0,0,0,0,0,0,0,0,0,0,0,0,0,0,0,0,0.85417,0,0,0,0,0,0,0,0,0,0,0,0,0
TMR-3436,,2546,3683,0,0,0,0,0,0,0,0.44462,0,0,0,0,0,0,0,0.15789,0,0,0,0,0,0,0,0,0,0,0,0,0,0,0,0,0,0,0,0,0,0,0,0,0,0,0,0.53245,0,0,0,0,0,0,0,0,0,0,0,0,0
TMR-3437,,12996,2098,0,0,0,0,0,0,0,0,0,0,0,0,0,0,0,0,0,0,0,0,0,0,0,0,0,0,0,0,0,0,0,0,0,0,0,0,0,0,0,0,0,0,0,0,0,0,0,0,0,0,0,0,0,0,0,0,0
TMR-3444,,8267,5628,0,0,0,0,0,0,0,0,0,0,0,0,0,0,0,0.02298,0,0,0,0,0,0,0,0,0,0,0,0,0,0,0,0,0,0,0,0,0,0,0,0,0,0,0,0,0,0,0,0,0,0,0,0,0,0,0,0,0
TMR-3445,,4230,11589,0,0,0,0,0,0,0,0,0,0,0,0,0,0,0,0,0,0,0,0,0,0,0,0,0,0,0,0,0,0,0,0,0,0,0,0,0,0,0,0,0,0,0,0.02502,0,0,0,0,0,0,0,0,0,0,0,0,0
TMR-3447,,3837,4948,0,0,0,0,0,0,0,0,0,0,0,0,0,0,0,0,0,0,0,0,0,0,0,0,0,0,0,0,0,0,0,0,0,0,0,0,0,0,0,0,0,0,0,0.44058,0,0,0,0,0,0,0,0,0,0,0,0,0
TMR-3450,,15760,9959,0,0,0,0,0,0,0,0.0106,0,0,0,0,0,0,0,0,0,0,0,0,0,0,0,0,0,0,0,0,0,0,0,0,0,0,0,0,0,0,0,0,0,0,0,0.29079,0,0,0,0,0,0,0,0,0,0,0,0,0
TMR-3455,,8505,12439,0,0,0,0,0,0,0,0.08136,0,0,0,0,0,0,0,0,0,0,0,0,0,0,0,0,0,0,0,0,0,0,0,0,0,0,0,0,0,0,0,0,0,0,0,0.27607,0,0,0,0,0,0,0,0,0,0,0,0,0
TMR-3458,,7893,3240,0,0,0,0,0,0,0,0,0,0,0,0,0,0,0,0.01989,0,0,0,0,0,0,0,0,0,0,0,0,0,0,0,0,0,0,0,0,0,0,0,0,0,0,0,0.5429,0,0,0,0,0,0,0,0,0,0,0,0,0
TMR-3466,,2780,12496,0,0,0,0,0,0,0,0.38957,0,0,0,0,0,0,0,0,0,0,0,0,0,0,0,0,0,0,0,0,0,0,0,0,0,0,0,0,0,0,0,0,0,0,0,0.88052,0,0,0,0,0,0,0,0,0,0,0,0,0
TMR-3468,,4561,3532,0,0,0,0,0,0,0,0.26244,0,0,0,0,0,0,0,0,0,0,0,0,0,0,0,0,0,0,0,0,0,0,0,0,0,0,0,0,0,0,0,0,0,0,0,0.99264,0,0,0,0,0,0,0,0,0,0,0,0,0
TMR-3476,,6085,4077,0,0,0,0,0,0,0,0,0,0,0,0,0,0,0,0,0,0,0,0,0,0,0,0,0,0,0,0,0,0,0,0,0,0,0,0,0,0,0,0,0,0,0,0,0,0,0,0,0,0,0,0,0,0,0,0,0
TMR-3479,,7668,10803,0,0,0,0,0,0,0,0.12089,0,0,0,0,0,0,0,0,0,0,0,0,0,0,0,0,0,0,0,0,0,0,0,0,0,0,0,0,0,0,0,0,0,0,0,0.71906,0,0,0,0,0,0,0,0,0,0,0,0,0
TMR-3483,,6751,11580,0,0,0,0,0,0,0,0.48748,0,0,0,0,0,0,0,0,0,0,0,0,0,0,0,0,0,0,0,0,0,0,0,0,0,0,0,0,0,0,0,0,0,0,0,0.73204,0,0,0,0,0,0,0,0,0,0,0,0,0
TMR-3524,,4209,220,0,0,0,0,0,0,0,0,0,0,0,0,0,0,0,0,0,0,0,0,0,0,0,0,0,0,0,0,0,0,0,0,0,0,0,0,0,0,0,0,0,0,0,0,0,0,0,0,0,0,0,0,0,0,0,0,0
TMR-3602,,4005,931,0,0,0,0,0,0,0,0,0,0,0,0,0,0,0,0,0,0,0,0,0,0,0,0,0,0,0,0,0,0,0,0,0,0,0,0,0,0,0,0,0,0,0,0,0,0,0,0,0,0,0,0,0,0,0,0,0
TMR-3631,,6010,3107,0,0,0,0,0,0,0,0,0,0,0,0,0,0,0,0,0,0,0,0,0,0,0,0,0,0,0,0,0,0,0,0,0,0,0,0,0,0,0,0,0,0,0,0.18989,0,0,0,0,0,0,0,0,0,0,0,0,0
TMR-3676,,3284,2847,0,0,0,0,0,0,0,0.16809,0,0,0,0,0,0,0,0.73934,0,0,0,0,0,0,0,0,0,0,0,0,0,0,0,0,0,0,0,0,0,0,0,0,0,0,0,0.94977,0,0,0,0,0,0,0,0,0,0,0,0,0
TMR-3706,,6073,2322,0,0,0,0,0,0,0,0,0,0,0,0,0,0,0,0,0,0,0,0,0,0,0,0,0,0,0,0,0,0,0,0,0,0,0,0,0,0,0,0,0,0,0,0,0,0,0,0,0,0,0,0,0,0,0,0,0
TMR-3748,,581,2169,0,0,0,0,0,0.5284,0,0,0,0,0,0,0,0,0,0.21687,0,0,0,0,0,0,0,0,0,0,0,0,0,0,0,0,0,0,0,0,0,0,0,0,0,0,0.15906,0,0,0,0,0.03273,0,0,0,0,0,0,0,0,0
TMR-3786,,3416,3663,0,0,0,0,0,0,0,0.32319,0,0,0,0,0,0,0,0,0,0,0,0,0,0,0,0,0,0,0,0,0,0,0,0,0,0,0,0,0,0,0,0,0,0,0,0.88234,0,0,0,0,0,0,0,0,0,0,0,0,0
TMR-3787,,5255,3734,0,0,0,0,0,0,0,0.3823,0,0,0,0,0,0,0,0,0,0,0,0,0,0,0,0,0,0,0,0,0,0,0,0,0,0,0,0,0,0,0,0,0,0,0,0.58195,0,0,0,0,0,0,0,0,0,0,0,0,0
TMR-3788,,4114,3348,0,0,0,0,0,0,0,0,0,0,0,0,0,0,0,0,0,0,0,0,0,0,0,0,0,0,0,0,0,0,0,0,0,0,0,0,0,0,0,0,0,0,0,0,0,0,0,0,0,0,0,0,0,0,0,0,0
TMR-3794,,3042,1597,0,0,0,0,0,0,0,0.43425,0,0,0,0,0,0,0,0,0,0,0.0355,0,0,0,0,0,0,0,0,0,0,0,0,0,0,0,0,0,0,0,0,0,0,0,0,0.93989,0,0,0,0,0,0,0,0,0,0,0,0,0
TMR-3805,,3299,2137,0,0,0,0,0,0.51015,0,0.31403,0,0,0,0,0,0,0,0,0,0,0,0,0,0,0,0,0,0,0,0,0,0,0,0,0,0,0,0,0,0,0,0,0,0,0.78708,0.0744,0,0,0,0,0,0,0,0,0,0,0,0,0
TMR-3810,,8199,1666,0,0,0,0,0,0,0,0,0,0,0,0,0,0,0,0,0,0.09269,0,0,0,0,0,0,0,0,0,0,0,0,0,0,0,0,0,0,0.29699,0,0,0,0,0,0,0,0.2509,0,0,0,0,0,0,0,0,0,0,0,0
TMR-3814,,10,2443,0,0,0,0,0,0,0,0,0,0,0,0,0,0,0,0,0,0,0,0,0,0,0,0,0,0,0,0,0,0,0,0,0,0,0,0,0,0,0,0,0,0,0.03479,0,0,0,0,0,0,0,0,0,0,0,0,0,0
TMR-3818,,2855,4002,0,0,0,0,0,0,0.01226,0.30998,0,0,0,0,0,0,0,0,0,0,0,0,0,0,0,0,0,0,0,0,0,0,0,0,0,0,0,0,0,0,0,0,0,0,0,0.54198,0,0,0,0,0,0,0,0,0,0,0,0,0
TMR-3819,,4552,1578,0,0,0,0,0,0.33546,0,0.28932,0,0,0,0,0,0,0,0,0,0,0,0,0,0,0,0,0,0,0,0,0,0,0,0,0,0,0,0,0,0,0,0,0,0,0.76299,0.14195,0,0,0,0,0,0,0,0,0,0,0,0,0
TMR-3826,,3442,3468,0,0,0,0,0,0,0,0,0,0,0,0,0,0,0,0,0,0,0,0,0,0,0,0,0,0,0,0,0,0,0,0,0,0,0,0,0,0,0,0,0,0,0,0,0,0,0,0,0,0,0,0,0,0,0,0,0
TMR-3944,,2673,1108,0,0,0,0,0,0,0,0,0,0,0,0,0,0,0,0,0,0,0,0,0,0,0,0,0,0,0,0,0,0,0,0,0,0,0,0,0,0,0,0,0,0,0,0,0,0,0,0,0,0,0,0,0,0,0,0,0
TMR-3946,,4928,1442,0,0,0,0,0,0,0,0,0,0,0,0,0,0,0,0,0,0,0,0,0,0,0,0,0,0,0,0,0,0,0,0,0,0,0,0,0,0,0,0,0,0,0,0,0,0,0,0,0,0,0,0,0,0,0,0,0
TMR-3947,,7420,3377,0,0,0,0,0,0,0,0,0,0,0,0,0,0,0,0,0,0,0,0,0,0,0,0,0,0,0,0,0,0,0,0,0,0,0,0,0,0,0,0,0,0,0,0,0,0,0,0,0,0,0,0,0,0,0,0,0
TMR-3949,,18,6089,0,0,0,0,0,0,0,0,0,0,0,0,0,0,0,0,0,0,0,0,0,0,0,0,0,0,0,0,0,0,0,0,0,0,0,0,0,0,0,0,0,0,0,0.94679,0,0,0,0,0,0,0,0,0,0,0,0,0
TMR-3951,,5320,3893,0,0,0,0,0,0.13853,0,0,0,0,0,0,0,0,0,0,0,0,0,0,0,0,0,0,0,0,0,0,0,0,0,0,0,0,0,0,0,0,0,0,0,0,0,0.0149,0,0,0,0,0,0,0,0,0,0,0,0,0
TMR-3964,,905,3077,0,0,0,0,0,0.88729,0,0,0,0,0,0,0,0,0,0.06961,0,0,0,0,0,0,0,0,0,0,0,0,0,0,0,0,0,0,0,0,0,0,0,0,0,0,0,0,0,0,0,0,0,0,0,0,0,0,0,0,0
TMR-3967,,4474,4893,0,0,0,0,0,0,0,0,0,0,0,0,0,0,0,0,0,0,0,0,0,0,0,0,0,0,0,0,0,0,0,0,0,0,0,0,0,0,0,0,0,0,0,0,0,0,0,0,0,0,0,0,0,0,0,0,0
TMR-3976,,5844,4218,0,0,0,0,0,0,0,0,0,0,0,0,0,0,0,0,0,0,0,0,0,0,0,0,0,0,0,0,0,0,0,0,0,0,0,0,0,0,0,0,0,0,0,0.01422,0,0,0,0,0,0,0,0,0,0,0,0,0
TMR-3977,,1403,5815,0,0,0,0,0,0,0,0,0,0,0,0,0,0,0,0,0,0,0,0,0,0,0,0,0,0,0,0,0,0,0,0,0,0,0,0,0,0,0,0,0,0,0,0,0,0,0,0,0,0,0,0,0,0,0,0,0
TMR-3985,,2115,4717,0,0,0,0,0,0,0,0.11017,0,0,0,0,0,0,0,0,0,0,0,0,0,0,0,0,0,0,0,0,0,0,0,0,0,0,0,0,0,0,0,0,0,0,0,0.14649,0,0,0,0,0,0,0,0,0,0,0,0,0
TMR-4020,,86,1883,0,0,0,0,0,0,0,0,0,0,0,0,0,0,0,0,0,0,0,0,0,0,0,0,0,0,0,0,0,0,0,0,0,0,0,0,0,0,0,0,0,0,0,0,0,0,0,0,0,0,0,0,0,0,0,0,0
TMR-2317,,2609,3954,0,0,0,0,0,0,0,0,0,0,0,0,0,0,0,0,0,0,0,0,0,0,0,0,0,0,0,0,0,0,0,0,0,0,0,0,0,0,0,0,0,0,0,0,0,0,0,0,0,0,0,0,0,0,0,0,0
TMR-2325,,3056,2891,0,0,0,0,0,0,0,0,0,0,0,0,0,0,0,0,0,0,0,0,0,0,0,0,0.02683,0,0,0,0,0,0,0,0,0,0,0,0,0,0,0,0,0,0,0.01418,0,0,0,0,0,0,0,0,0,0,0,0,0
TMR-2332,,1578,6016,0,0,0,0,0,0,0,0,0,0,0,0,0,0,0,0,0,0,0,0,0,0,0,0,0,0,0,0,0,0,0,0,0,0,0,0,0,0,0,0,0,0,0,0,0,0,0,0,0,0,0,0,0,0,0,0,0
TMR-2439,,4397,5098,0,0,0,0,0,0,0,0.22402,0,0,0,0,0,0,0,0,0,0,0,0,0,0,0,0,0,0,0,0,0,0,0,0,0,0,0,0,0,0,0,0,0,0,0,0.53531,0,0,0,0,0,0,0,0,0,0,0,0,0
TMR-2849,,647,1330,0,0,0,0,0,0,0,0,0,0,0,0,0,0,0,0,0,0,0,0,0,0,0,0,0,0,0,0,0,0,0,0,0,0,0,0,0,0,0,0,0,0,0,0,0,0,0,0,0,0,0,0,0,0,0,0,0
TMR-3032,,1623,12321,0,0,0,0,0,0,0,0.88725,0,0,0,0,0,0,0,0,0,0,0,0,0,0,0,0,0,0,0,0,0,0,0,0,0,0,0,0,0,0,0,0,0,0,0,0.72145,0,0,0,0,0,0,0,0,0,0,0,0,0
TMR-3696,,2363,4879,0,0,0,0,0,0,0,0,0,0,0,0,0,0,0,0,0,0,0,0,0,0,0,0,0,0,0,0,0,0,0,0,0,0,0,0,0,0,0,0,0,0,0,0,0,0,0,0,0,0,0,0,0,0,0,0,0
A.SNH.019.Z007,,2541,3371,0,0,0,0,0,0,0,0,0,0,0,0,0,0,0,0,0,0,0,0,0,0,0,0,0,0,0,0,0,0,0,0,0,0,0,0,0,0,0,0,0,0,0,0,0,0,0,0,0,0,0,0,0,0,0,0,0
A.SNH.203.Z117,,1837,4191,0,0,0,0,0,0,0,0,0,0,0,0,0,0,0,0,0,0,0,0,0,0,0,0,0,0,0,0,0,0,0,0,0,0,0,0,0,0,0,0,0,0,0,0,0,0,0,0,0,0,0,0,0,0,0,0,0
A.SNH.261.Z158,,2408,7996,0,0,0,0,0,0,0,0,0,0,0,0,0,0,0,0,0,0,0,0,0,0,0,0,0,0,0,0,0,0,0,0,0,0,0,0,0,0,0,0,0,0,0,0,0,0,0,0,0,0,0,0,0,0,0,0,0
E.SNH.067.Z030,,2686,4075,0,0,0,0,0,0,0,0,0,0,0,0,0,0,0,0,0,0,0,0,0,0,0,0,0,0.05398,0.6761,0,0,0,0,0,0,0,0,0,0,0,0,0,0,0,0,0,0,0,0,0,0,0,0,0,0,0,0,0,0
A.SNH.013.Z005,,2031,4666,0,0,0,0,0,0,0,0,0,0,0,0,0,0,0,0,0,0,0,0,0,0,0,0,0,0,0,0,0,0,0,0,0,0,0,0,0,0,0,0,0,0,0,0,0,0,0,0,0,0,0,0,0,0,0,0,0
A.SNH.015.Z006,,3377,2558,0,0,0,0,0,0,0,0,0,0,0,0,0,0,0,0,0,0,0,0,0,0,0,0,0,0.08321,0.51081,0,0,0,0,0,0,0,0,0,0,0,0,0,0,0,0,0,0.05317,0,0,0,0,0,0,0,0,0,0,0,0
A.SNH.020.Z008,,3928,2676,0,0,0,0,0,0,0,0,0,0,0,0,0,0,0,0,0,0.08019,0,0,0,0,0,0,0,0.04175,0.42693,0,0,0,0,0.01375,0,0,0,0,0,0,0,0,0,0,0,0,0.10389,0,0,0,0,0,0,0,0,0,0,0,0
A.SNH.027.Z014,,3159,6795,0,0,0,0,0,0,0,0,0,0,0,0,0,0,0,0,0,0,0,0,0,0,0,0,0,0.01108,0.45996,0,0,0,0,0.03355,0,0,0,0,0,0,0,0,0,0,0,0,0.06181,0,0,0,0,0,0,0,0,0,0,0,0
A.SNH.036.Z019,,3948,3776,0,0,0,0.01596,0,0,0,0,0,0,0,0,0,0.01773,0,0,0,0,0,0,0,0,0,0,0,0.09904,0.51874,0,0,0,0,0.01039,0,0,0,0,0,0,0,0,0,0,0,0,0.06594,0,0,0,0,0,0,0,0,0,0,0,0
A.SNH.037.Z020,,6877,1799,0,0,0,0,0,0,0,0,0,0,0,0,0,0,0,0,0,0,0,0,0,0,0,0,0,0.01759,0.54486,0,0,0,0,0.02152,0,0,0,0,0,0,0,0,0,0,0,0,0.02001,0,0,0,0,0,0,0,0,0,0,0,0
A.SNH.041.Z024,,5395,3329,0,0,0,0,0,0,0,0,0,0,0,0,0,0,0,0,0,0,0,0,0,0,0,0,0,0.01038,0.65116,0,0,0,0,0.03855,0,0,0,0,0,0,0,0,0,0,0,0,0.56984,0,0,0,0,0,0,0,0,0,0,0,0
A.SNH.048.Z032,,5084,5038,0,0,0,0,0,0,0,0,0,0,0,0,0,0,0,0,0,0.03501,0,0,0,0,0,0,0,0.03836,0.52026,0,0,0,0,0,0,0,0,0,0,0,0,0,0,0,0,0,0,0,0,0,0,0,0,0,0,0,0,0,0
A.SNH.065.Z043,,2931,80,0,0,0,0,0,0,0,0,0,0,0,0,0,0,0,0,0,0.25691,0,0,0,0,0,0,0,0,0.05664,0,0,0,0,0,0,0,0,0,0,0,0,0,0,0,0,0,0,0,0,0,0,0,0,0,0,0,0,0,0
A.SNH.076.Z047,,1662,4007,0,0,0,0,0,0,0,0,0,0,0,0,0,0,0,0,0,0,0,0,0,0,0,0,0,0,0,0,0,0,0,0,0,0,0,0,0,0,0,0,0.90367,0,0,0,0,0,0,0,0,0,0,0,0,0,0,0,0
A.SNH.085.Z053,,4694,1520,0,0,0,0,0,0,0,0,0,0.01619,0,0,0,0,0,0,0,0,0,0,0,0,0,0,0,0.05795,0.65786,0,0,0,0,0,0,0,0,0,0,0,0,0,0,0,0,0,0.81118,0,0,0,0,0,0,0,0,0,0,0,0
A.SNH.093.Z062,,2251,525,0,0,0,0,0,0,0,0,0,0,0,0,0,0,0,0,0,0,0,0,0,0,0,0,0,0.02443,0.83785,0,0,0,0,0,0,0,0,0,0,0,0,0,0,0,0,0,0.08762,0,0,0,0,0,0,0,0,0,0,0,0
A.SNH.123.Z076,,3458,4135,0,0,0,0,0,0,0,0,0,0.01128,0,0,0,0,0,0,0,0,0,0,0,0,0,0,0,0.02834,0.62319,0,0,0,0,0.03933,0,0,0,0,0,0,0,0,0,0,0,0,0.71753,0,0,0,0,0,0,0,0,0,0,0,0
A.SNH.130.Z081,,890,1847,0,0,0,0,0,0,0,0,0,0,0,0,0,0,0,0,0,0,0,0,0,0,0,0,0,0,0,0,0,0,0,0,0,0,0,0,0,0,0,0,0,0,0,0,0,0,0,0,0,0,0,0,0,0,0,0,0
A.SNH.131.Z083,,3652,4296,0,0,0,0,0,0,0,0,0,0,0,0,0,0,0,0,0,0.03149,0,0,0,0,0,0,0.17853,0.05559,0.37212,0,0,0,0,0,0,0,0,0,0,0,0,0,0,0,0,0,0.26117,0,0,0,0,0,0,0,0,0,0,0,0
A.SNH.134.Z086,,1380,3009,0,0,0,0,0,0,0,0,0,0,0,0,0,0,0,0,0,0,0,0,0,0,0,0,0,0,0,0,0,0,0,0,0,0,0,0,0,0,0,0,0,0,0,0,0,0,0,0,0,0,0,0,0,0,0,0,0
A.SNH.136.Z087,,4810,4311,0,0,0,0,0,0,0,0,0,0,0,0,0,0,0,0,0,0,0,0,0,0,0,0,0,0.03721,0.5632,0,0,0,0,0,0,0,0,0,0,0,0,0,0.93667,0,0,0,0,0,0,0,0,0,0,0,0,0,0,0,0
A.SNH.144.Z093,,2405,79,0,0,0,0,0,0,0,0,0,0,0,0,0,0,0,0,0,0,0,0,0,0,0,0,0,0.05198,0.73306,0,0,0,0,0,0,0,0,0,0,0,0,0,0,0,0,0,0.16456,0,0,0,0,0,0,0,0,0,0,0,0
A.SNH.152.Z100,,4959,1118,0,0,0,0,0,0,0,0,0,0,0,0,0,0,0,0,0,0,0,0,0,0,0,0,0,0.03731,0.62513,0,0,0,0,0.05949,0,0,0,0,0,0,0,0,0,0,0,0,0.42934,0,0,0,0,0,0,0,0,0,0,0,0
A.SNH.155.Z102,,4542,4144,0,0,0,0,0,0,0,0,0,0,0,0,0,0,0,0,0,0,0,0,0,0,0,0,0,0,0.68582,0,0,0,0,0.02378,0,0,0,0,0,0,0,0,0,0,0,0,0.19667,0,0,0,0,0,0,0,0,0,0,0,0
A.SNH.202.Z116,,2187,3372,0,0,0,0,0,0,0,0,0,0,0,0,0,0,0,0,0,0,0,0,0,0,0,0,0,0,0.0471,0,0,0,0,0,0,0,0,0,0,0,0,0,0,0,0,0,0,0,0,0,0,0,0,0,0,0,0,0,0
A.SNH.203.Z118,,1169,3544,0,0,0,0,0,0,0,0.03935,0,0,0,0,0,0,0,0,0,0,0,0,0,0,0,0,0,0,0,0,0,0,0,0,0,0,0,0,0,0,0,0,0.36907,0,0,0,0,0,0,0,0,0,0,0,0,0,0,0,0
A.SNH.208.Z121,,5152,3129,0,0,0,0,0,0,0,0,0,0,0,0,0,0,0,0,0,0,0,0,0,0,0,0,0,0,0,0,0,0,0,0,0,0,0,0,0,0,0,0,0,0,0,0,0,0,0,0,0,0,0,0,0,0,0,0,0
A.SNH.211.Z125,,5776,3582,0,0,0,0,0,0,0,0.08691,0,0,0,0,0,0,0,0,0,0,0,0,0,0,0,0,0,0,0,0,0,0,0,0,0,0,0,0,0,0,0,0,0,0,0,0.16108,0,0,0,0,0,0,0,0,0,0,0,0,0
A.SNH.215.Z126,,2496,4443,0,0,0,0,0,0,0,0,0,0,0,0,0,0,0,0,0,0,0,0,0,0,0,0,0,0.02804,0.03686,0,0,0,0,0.01643,0,0,0,0,0,0,0,0,0,0,0,0,0,0,0,0,0,0,0,0,0,0,0,0,0
A.SNH.226.Z136,,4818,4514,0,0,0,0,0,0,0,0,0,0,0,0,0,0,0,0,0,0,0,0,0,0,0,0,0,0.05729,0.18182,0,0,0,0,0,0,0,0,0,0,0,0,0,0,0,0,0,0,0,0,0,0,0,0,0,0,0,0,0,0
A.SNH.234.Z144,,3829,4343,0,0,0,0,0,0,0,0.02664,0,0,0,0,0,0,0,0,0,0,0,0,0,0,0,0,0,0,0,0,0,0,0,0,0,0,0,0,0,0,0,0,0.80359,0,0,0,0,0,0,0,0,0,0,0,0,0,0,0,0
D.SNH.003.Z001,,2,3266,0,0,0,0,0,0,0,0,0,0,0,0,0,0,0,0,0,0,0,0,0,0,0,0,0,0,0,0,0,0,0,0,0,0,0,0,0,0,0,0,0,0,0,0,0.02511,0,0,0,0,0,0,0,0,0,0,0,0
D.SNH.009.Z010,,1165,6713,0,0,0,0,0,0,0,0,0,0,0,0,0,0,0,0,0,0,0,0,0,0,0,0,0,0,0.01373,0,0,0,0,0,0,0,0,0,0,0,0,0,0,0,0,0,0,0,0,0,0,0,0,0,0,0,0,0,0
D.SNH.011.Z012,,1988,4986,0,0,0,0,0,0,0,0,0,0,0,0,0,0,0,0,0,0,0,0,0,0,0,0,0,0,0,0,0,0,0,0,0,0,0,0,0,0,0,0,0,0,0,0,0,0,0,0,0,0,0,0,0,0,0,0,0
D.SNH.038.Z028,,260,5041,0,0,0,0,0,0,0,0,0,0,0,0,0,0,0,0,0,0,0,0,0,0,0,0,0,0,0.03462,0,0,0,0,0,0,0,0,0,0,0,0,0,0.67328,0,0,0,0.12775,0,0,0,0,0,0,0,0,0,0,0,0
D.SNH.046.Z036,,1875,4644,0,0,0,0,0,0,0,0,0,0,0,0,0,0,0,0,0,0,0,0,0,0,0,0,0,0,0,0,0,0,0,0,0,0,0,0,0,0,0,0,0.71985,0,0,0,0,0,0,0,0,0,0,0,0,0,0,0,0
D.SNH.063.Z048,,749,3895,0,0,0,0,0,0,0,0,0,0,0,0,0,0,0,0,0,0,0,0,0,0,0,0,0,0,0.37784,0,0,0,0,0.01335,0,0,0,0,0,0,0,0,0.78614,0,0,0,0.16303,0,0,0,0,0,0,0,0,0,0,0,0
D.SNH.070.Z053,,2967,6760,0,0,0,0,0,0,0,0,0,0,0,0,0,0,0,0,0,0.01651,0,0,0,0,0,0,0,0.13852,0.71756,0,0,0,0,0,0,0,0.01651,0,0,0,0,0,0.02973,0,0,0,0,0,0,0,0,0,0,0,0,0,0,0,0
D.SNH.071.Z055,,2119,5724,0,0,0,0,0,0,0,0,0,0,0,0,0,0,0,0,0,0.10193,0,0,0,0,0,0,0,0.09769,0.53044,0,0,0,0,0.08589,0,0,0,0,0,0,0,0,0.01275,0,0,0,0,0,0,0,0,0,0,0,0,0,0,0,0
D.SNH.096.Z066,,1757,3136,0,0,0,0,0,0,0,0,0,0,0,0,0,0,0,0,0,0,0,0,0,0,0,0,0,0.01423,0.0387,0,0,0,0,0,0,0,0,0,0,0,0,0,0.09694,0,0,0,0,0,0,0,0,0,0,0,0,0,0,0,0
D.SNH.098.Z067,,3312,2369,0,0,0,0,0,0,0,0,0,0,0,0,0,0,0,0,0,0,0,0,0,0,0,0,0,0,0,0,0,0,0,0,0,0,0,0,0,0,0,0,0,0,0,0,0,0,0,0,0,0,0,0,0,0,0,0,0
D.SNH.103.Z074,,2057,3057,0,0,0,0,0,0,0,0,0,0,0,0,0,0,0,0,0,0,0,0,0,0,0,0,0,0.04278,0.59893,0,0,0,0,0,0,0,0,0,0,0,0,0,0.08014,0,0,0,0.07164,0,0,0,0,0,0,0,0,0,0,0,0
D.SNH.122.Z080,,5390,4887,0,0,0,0,0,0,0,0,0,0,0,0,0,0,0,0,0,0,0,0,0,0,0,0,0,0.14397,0.63933,0,0,0,0,0,0,0,0,0,0,0,0,0,0.03786,0,0,0,0.8762,0,0,0,0,0,0,0,0,0,0,0,0
D.SNH.132.Z087,,2312,5,0,0,0,0,0,0,0,0,0,0,0,0,0,0,0,0,0,0,0,0,0,0,0,0,0,0.12587,0.82742,0,0,0,0,0,0,0,0,0,0,0,0,0,0,0,0,0,0.6,0,0,0,0,0,0,0,0,0,0,0,0
D.SNH.138.Z091,,2388,2791,0,0,0,0,0,0,0,0,0,0,0,0,0,0,0,0,0,0,0,0,0,0,0,0,0,0.07747,0.15075,0,0,0,0,0.01256,0,0,0,0,0,0,0,0,0,0,0,0,0.02114,0,0,0,0,0,0,0,0,0,0,0,0
D.SNH.139.Z093,,3552,3213,0,0,0,0,0,0,0,0,0,0,0,0,0,0,0,0,0,0.02787,0,0,0,0,0,0,0,0.04251,0.31982,0,0,0,0,0.0138,0,0,0,0,0,0,0,0,0.20293,0,0,0,0.0249,0,0,0,0,0,0,0,0,0,0,0,0
D.SNH.148.Z103,,1284,2625,0,0,0,0,0,0,0,0,0,0,0,0,0,0,0,0,0,0,0,0,0,0,0.05919,0,0.04984,0.08255,0.29206,0,0,0,0,0,0.0148,0.03505,0,0,0,0,0,0,0,0,0,0,0,0,0,0,0,0,0,0,0,0,0,0,0
D.SNH.151.Z107,,894,4160,0,0,0,0,0,0,0,0,0,0,0,0,0,0,0,0,0,0,0,0,0,0,0,0,0,0.01342,0.44072,0,0,0,0,0.09172,0,0.02125,0,0,0,0,0,0,0,0,0,0,0,0,0,0,0,0,0,0,0,0,0,0,0
D.SNH.165.Z111,,2287,3865,0,0,0,0,0,0,0,0,0,0,0,0,0,0,0,0,0,0,0,0,0,0,0,0,0,0.13774,0.81635,0,0,0,0,0,0,0,0,0,0,0,0,0,0.1868,0,0,0,0,0,0,0,0,0,0,0,0,0,0,0,0
D.SNH.169.Z115,,1673,3043,0,0,0,0,0,0,0,0,0,0,0,0,0,0,0,0,0,0,0,0,0,0,0,0,0,0.20383,0.51763,0,0,0,0,0,0,0,0,0,0.01136,0,0,0,0.52251,0,0,0,0.40749,0,0,0,0,0,0,0,0,0,0,0,0
D.SNH.170.Z127,,1187,3031,0,0,0,0.0219,0,0,0,0,0,0,0,0,0,0,0,0,0,0,0,0,0,0,0,0,0,0.13058,0.28812,0,0,0,0,0.4583,0,0,0.01264,0,0,0,0,0,0.04685,0,0,0,0,0,0,0,0,0,0,0,0,0,0,0,0
D.SNH.193.Z124,,3148,2179,0,0,0,0,0,0,0,0,0,0,0,0,0,0,0,0,0,0,0,0,0,0,0,0,0,0.07497,0.61436,0,0,0,0,0,0,0,0,0,0,0,0,0,0,0,0,0,0,0,0,0,0,0,0,0,0,0,0,0,0
D.SNH.217.Z138,,6271,1952,0,0,0,0,0,0,0,0,0,0,0,0,0,0,0,0,0,0,0,0,0,0,0,0,0,0.14734,0.56275,0,0,0,0,0.1019,0,0,0,0,0,0,0,0,0.04457,0,0,0,0,0,0,0,0,0,0,0,0,0,0,0,0
D.SNH.220.Z141,,4232,3328,0,0,0,0,0,0,0,0,0,0.02056,0,0,0,0,0,0,0,0,0,0,0,0,0,0,0,0.12004,0.55269,0,0,0,0,0.08176,0,0,0.01867,0,0.01063,0,0,0,0.91376,0,0,0,0.04387,0,0,0,0,0,0,0,0,0,0,0,0
D.SNH.257.Z148,,2823,2744,0,0,0,0,0,0,0,0,0,0,0,0,0,0,0,0,0,0,0,0,0,0,0,0,0,0.13992,0.72582,0,0,0,0,0,0,0,0,0,0,0,0,0,0,0,0,0,0,0,0,0,0,0,0,0,0,0,0,0,0
D.SNH.282.Z152,,5507,1304,0,0,0,0,0,0,0,0,0,0,0,0,0,0,0,0,0,0.04576,0,0,0,0,0,0,0,0.10986,0.48211,0,0,0,0,0.16833,0,0,0,0,0,0,0,0,0.21702,0,0,0,0,0,0,0,0,0,0,0,0,0,0,0,0
D.SNH.296.Z130,,5337,1284,0,0,0,0,0,0,0,0,0,0,0,0,0,0,0,0,0,0.01686,0,0,0,0,0,0,0,0.08019,0.46712,0,0,0,0,0.15421,0,0,0,0,0,0,0,0,0.78738,0,0,0,0.0148,0,0,0,0,0,0,0,0,0,0,0,0
D.SNH.303.Z161,,2798,435,0,0,0,0,0,0,0,0,0,0,0,0,0,0,0,0,0,0,0,0,0,0,0,0,0,0.12152,0.79021,0,0,0,0,0.01144,0,0,0,0,0,0,0,0,0.24598,0,0,0,0,0,0,0,0,0,0,0,0,0,0,0,0
D.SNH.309.Z165,,5905,669,0,0,0,0,0,0,0,0,0,0,0,0,0,0,0,0,0,0.14005,0,0,0,0,0,0,0,0.07502,0.43743,0,0,0,0,0.08434,0,0,0,0,0,0,0,0,0.98505,0,0,0,0,0,0,0,0,0,0,0,0,0,0,0,0
D.SNH.312.Z169,,4431,485,0,0,0,0,0,0,0,0,0,0,0,0,0,0,0,0,0,0,0,0,0,0,0,0,0,0.07515,0.56579,0,0,0,0,0.1573,0,0,0,0,0,0,0,0,0,0,0,0,0,0,0,0,0,0,0,0,0,0,0,0,0
D.SNH.367.Z201,,3549,140,0,0,0,0.01212,0,0,0,0,0,0,0,0,0,0,0,0,0,0,0,0,0,0,0,0,0,0.04255,0.37673,0,0,0,0,0,0,0,0,0,0,0,0,0,0.92857,0,0,0,0,0,0,0,0,0,0,0,0,0,0,0,0
D.SNH.371.Z202,,3791,2819,0,0,0,0,0,0,0,0,0,0,0,0,0,0,0,0,0,0,0,0,0,0,0,0,0,0.01424,0.37615,0,0,0,0,0,0,0,0,0,0,0,0,0,0.24016,0,0,0,0.08017,0,0,0,0,0,0,0,0,0,0,0,0
D.SNH.377.Z206,,2257,1679,0,0,0,0,0,0,0,0,0,0,0,0,0,0,0,0,0,0,0,0,0,0,0,0,0,0.03323,0.36996,0,0,0,0,0.16969,0.01063,0.02127,0,0,0,0,0,0,0,0,0,0,0,0,0,0,0,0,0,0,0,0,0,0,0
D.SNH.378.Z208,,1997,3623,0,0,0,0,0,0,0,0,0,0,0,0,0,0,0,0,0,0,0,0,0,0,0,0,0,0.1327,0.72459,0,0,0,0,0.01052,0,0,0,0,0,0,0,0,0.21502,0,0,0,0.56583,0,0,0,0,0,0,0,0,0,0,0,0
D.SNH.382.Z210,,4688,1549,0,0,0,0,0,0,0,0,0,0,0,0,0,0,0,0,0,0,0,0,0,0,0,0,0,0.05098,0.57637,0,0,0,0,0.01664,0.0128,0.04608,0,0,0,0,0,0,0,0,0,0,0,0,0,0,0,0,0,0,0,0,0,0,0
D.SNH.395.Z218,,5103,8490,0,0,0,0,0,0,0,0,0,0,0,0,0,0,0,0,0,0.03057,0,0,0,0,0,0,0,0.09073,0.71115,0,0,0,0,0,0,0,0,0,0,0,0,0,0.89058,0,0,0,0,0,0,0,0,0,0,0,0,0,0,0,0
D.SNH.411.Z223,,4494,3129,0,0,0,0,0,0,0,0,0,0,0,0,0,0,0,0,0,0,0,0,0,0,0,0,0,0.07254,0.36026,0,0,0,0,0,0,0,0,0,0,0,0,0,0.99776,0,0,0,0,0,0,0,0,0,0,0,0,0,0,0,0
D.SNH.418.Z224,,6099,3559,0,0,0,0,0,0,0,0,0,0,0,0,0,0,0,0,0,0.13084,0,0,0,0,0,0,0,0.12789,0.58977,0,0,0,0,0,0,0,0,0,0,0,0,0,0.02192,0,0,0,0.02416,0,0,0,0,0,0,0,0,0,0,0,0
D.SNH.430.Z235,,3975,2302,0,0,0,0,0,0,0,0,0,0,0,0,0,0,0,0,0,0,0,0,0,0,0,0,0,0,0.29937,0,0,0,0,0,0,0,0,0,0,0,0,0,0.77107,0,0,0,0.01434,0,0,0,0,0,0,0,0,0,0,0,0
E.SNH.025.Z014,,6177,3214,0,0,0,0,0,0,0,0,0,0.02898,0,0,0,0,0,0,0,0,0,0,0,0,0,0,0,0.04954,0.67735,0,0,0,0,0,0,0.01781,0,0,0,0,0,0,0,0,0,0,0.5725,0,0,0,0,0,0,0,0,0,0,0,0
E.SNH.033.Z044,,4160,4467,0,0,0,0,0,0,0,0,0,0,0,0.03053,0,0,0,0,0,0,0,0,0,0,0,0,0,0,0.07163,0,0,0,0,0,0,0.11659,0,0,0,0,0,0,0,0,0,0,0,0,0,0,0,0,0,0,0,0,0,0,0
E.SNH.049.Z021,,8641,3002,0,0,0,0,0,0,0,0,0,0,0,0,0,0,0,0,0,0.01458,0,0,0,0,0,0,0,0,0.2995,0,0,0,0,0.10936,0,0,0,0,0,0,0,0,0,0,0,0,0.32045,0,0,0,0,0,0,0,0,0,0,0,0
E.SNH.071.Z032,,1764,3190,0,0,0,0,0,0,0,0,0,0,0,0,0,0,0,0,0,0,0,0,0,0,0,0,0,0.06236,0.81803,0,0,0,0,0.06066,0,0,0.02324,0,0,0,0,0,0,0,0,0,0.51599,0,0,0,0,0,0,0,0,0,0,0,0
E.SNH.076.Z035,,7497,4383,0,0,0,0,0,0,0,0,0,0,0,0,0,0,0,0,0,0,0,0,0,0,0,0,0,0.09057,0.51514,0,0,0,0,0.03895,0,0,0,0,0,0,0,0,0,0,0,0,0.40497,0,0,0,0,0,0,0,0,0,0,0,0
E.SNH.078.Z037,,3505,2777,0,0,0,0.01369,0,0,0,0,0,0,0,0,0,0,0,0,0,0,0,0,0,0,0,0,0,0.11412,0.65991,0,0,0,0,0,0,0,0.01455,0,0,0,0,0,0,0,0,0,0.18293,0,0,0,0,0,0,0,0,0,0,0,0
E.SNH.092.Z042,,4049,6622,0,0,0,0,0,0,0,0,0,0,0,0,0,0,0,0,0,0,0,0,0,0,0,0,0,0.11756,0.65646,0,0,0,0,0.0568,0,0,0,0,0,0,0,0,0,0,0,0,0.7087,0,0,0,0,0,0,0,0,0,0,0,0
E.SNH.160.Z078,,7812,4314,0,0,0,0,0,0,0,0,0,0,0,0,0,0,0,0,0,0,0,0,0,0,0,0,0,0.01139,0.39951,0,0,0,0,0.11073,0,0.0151,0,0,0,0,0,0,0,0,0,0,0,0,0,0,0,0,0,0,0,0,0,0,0
E.SNH.175.Z075,,6014,8322,0,0,0,0,0,0,0,0,0,0,0,0,0,0,0,0,0,0,0,0,0,0,0,0,0,0.02893,0.71483,0,0,0,0,0,0,0,0,0,0,0,0,0,0,0,0,0,0.64912,0,0,0,0,0,0,0,0,0,0,0,0
E.SNH.185.Z093,,4118,10805,0,0,0,0,0,0,0,0,0,0,0,0,0,0,0,0,0,0,0,0,0,0,0,0,0,0.09203,0.56629,0,0,0,0,0.03594,0,0,0,0,0,0,0,0,0,0,0,0,0.24692,0,0,0,0,0,0,0,0,0,0,0,0
E.SNH.191.Z096,,2974,852,0,0,0,0,0,0,0,0,0,0,0,0,0,0,0,0,0,0.09482,0,0,0,0,0,0,0,0.15367,0.56624,0,0,0,0,0,0,0,0,0,0,0,0,0,0,0,0,0,0.45423,0,0,0,0,0,0,0,0,0,0,0,0
E.SNH.207.Z106,,5744,5125,0,0,0,0,0,0,0,0,0,0,0,0,0,0,0,0,0,0,0,0,0,0,0,0,0,0.05066,0.74112,0,0,0,0,0,0,0,0,0,0,0,0,0,0,0,0,0,0.26244,0,0,0,0,0,0,0,0,0,0,0,0
E.SNH.220.Z114,,3256,1149,0,0,0,0,0,0,0,0,0,0,0,0.05283,0,0,0,0,0,0,0,0,0,0,0,0,0,0.10688,0.49939,0,0,0,0,0,0,0,0,0,0,0,0,0,0,0,0,0,0,0,0,0,0,0,0,0,0,0,0,0,0
E.SNH.224.Z115,,2448,3051,0,0,0,0,0,0,0,0,0,0,0,0.01757,0,0,0,0,0,0,0,0,0,0,0,0,0,0.09436,0.3652,0,0,0,0,0,0,0,0,0,0,0,0,0,0,0,0,0,0.01409,0,0,0,0,0,0,0,0,0,0,0,0
E.SNH.227.Z117,,1950,2850,0,0,0,0,0,0,0,0,0,0,0,0,0,0,0,0,0,0,0,0,0,0,0,0,0,0.15385,0.5759,0,0,0,0,0.10615,0,0,0.02615,0,0,0,0,0,0,0,0,0,0.11333,0,0,0,0,0,0,0,0,0,0,0,0
E.SNH.230.Z119,,2381,12424,0,0,0,0,0,0,0,0,0,0,0,0,0,0,0,0,0,0,0,0,0,0,0,0,0,0,0,0,0,0,0,0,0,0,0,0,0,0,0,0,0,0,0,0,0,0,0,0,0,0,0,0,0,0,0,0,0
E.SNH.247.Z132,,2859,3248,0,0,0,0,0,0,0,0,0,0,0,0,0,0,0,0,0,0,0,0,0,0,0,0,0,0.04232,0.45366,0,0,0,0,0,0,0.01364,0,0,0,0,0,0,0,0,0,0,0,0,0,0,0,0,0,0,0,0,0,0,0
E.SNH.254.Z139,,2735,2897,0,0,0,0,0,0,0,0,0,0,0,0,0,0,0,0,0,0,0,0,0,0,0,0,0,0,0,0,0,0,0,0,0,0,0,0,0,0,0,0,0,0,0,0,0,0,0,0,0,0,0,0,0,0,0,0,0
E.SNH.269.Z146,,3339,2856,0,0,0,0,0,0,0,0,0,0,0,0,0,0,0,0,0,0,0,0,0,0,0,0,0,0.04043,0.57113,0,0,0,0,0.02935,0,0,0,0,0,0,0,0,0,0,0,0,0.15406,0,0,0,0,0,0,0,0,0,0,0,0
E.SNH.278.Z149,,3652,6054,0,0,0,0,0,0,0,0,0,0,0,0,0,0,0,0,0,0,0,0,0,0,0,0,0,0.08434,0.71605,0,0,0,0,0,0,0,0,0,0,0,0,0,0,0,0,0,0.16683,0,0,0,0,0,0,0,0,0,0,0,0
E.SNH.279.Z151,,3071,4499,0,0,0,0,0,0,0,0,0,0,0,0,0,0,0,0,0,0,0,0,0,0,0,0,0,0.11267,0.51742,0,0,0,0,0,0,0,0,0,0,0,0,0,0,0,0,0,0.03645,0,0,0,0,0,0,0,0,0,0,0,0
E.SNH.281.Z152,,1902,2413,0,0,0,0,0,0,0,0,0,0,0,0,0,0,0,0,0,0,0,0,0,0,0,0,0,0.14721,0.77234,0,0,0,0,0,0,0,0.01367,0,0,0,0,0,0,0,0,0,0.24492,0,0,0,0,0,0,0,0,0,0,0,0
E.SNH.309.Z170,,1461,4037,0,0,0,0,0,0,0,0,0,0,0,0,0,0,0,0,0,0,0,0,0,0,0,0,0,0,0.01985,0,0,0,0,0,0,0,0,0,0,0,0,0,0,0,0,0,0,0,0,0,0,0,0,0,0,0,0,0,0
E.SNH.316.Z173,,2266,2492,0,0,0,0,0,0,0,0,0,0,0,0,0,0,0,0,0,0,0,0,0,0,0,0,0,0.08164,0.6346,0,0,0,0,0,0,0,0,0,0,0,0,0,0,0,0,0,0,0,0,0,0,0,0,0,0,0,0,0,0
E.SNH.317.Z175,,2320,1867,0,0,0,0,0,0,0,0,0,0,0,0,0,0,0,0,0,0.01552,0,0,0,0,0,0,0,0.0806,0.7444,0,0,0,0,0,0,0,0,0,0,0,0,0,0,0,0,0,0.69684,0,0,0,0,0,0,0,0,0,0,0,0
E.SNH.320.Z177,,6042,5920,0,0,0,0,0,0,0,0,0,0,0,0.07547,0,0,0,0,0,0,0,0,0,0,0,0,0,0,0,0,0,0,0,0,0,0,0,0,0,0,0,0,0,0,0,0,0,0,0,0,0,0,0,0,0,0,0,0,0
E.SNH.330.Z183,,6505,4918,0,0,0,0,0,0,0,0,0,0,0,0,0,0,0,0,0,0,0,0,0,0,0,0,0,0,0,0,0,0,0,0,0,0,0,0,0,0,0,0,0,0,0,0,0,0,0,0,0,0,0,0,0,0,0,0,0
E.SNH.391.Z196,,2377,2374,0,0,0,0,0,0,0,0,0,0,0,0,0,0,0,0,0,0,0,0,0,0,0.01094,0,0,0.07404,0.17964,0,0,0,0,0,0,0,0,0,0,0,0,0,0,0,0,0,0,0,0,0,0,0,0,0,0,0,0,0,0
E.SNH.395.Z198,,3222,6560,0,0,0,0,0,0,0,0,0,0,0,0,0,0,0,0,0,0,0,0,0,0,0,0,0,0.06766,0.72036,0,0,0,0,0.06549,0,0,0.02638,0,0,0,0,0,0,0,0,0,0.31418,0,0,0,0,0,0,0,0,0,0,0,0
E.SNH.445.Z217,,4268,4258,0,0,0,0,0,0,0,0,0,0,0,0,0,0,0,0,0,0,0,0,0,0,0,0,0,0.015,0.18369,0,0,0,0,0,0.01218,0.01054,0,0,0,0,0,0,0,0,0,0,0,0,0,0,0,0,0,0,0,0,0,0,0
E.SNH.448.Z221,,6712,2242,0,0,0,0,0,0,0,0,0,0,0,0,0,0,0,0,0,0,0,0,0,0,0,0,0,0.02324,0.47795,0,0,0,0,0,0,0,0,0,0,0,0,0,0,0,0,0,0.7132,0,0,0,0,0,0,0,0,0,0,0,0
E.SNH.456.Z222,,5313,2129,0,0,0,0,0,0,0,0,0,0,0,0,0,0,0,0,0,0,0,0,0,0,0,0,0,0.01449,0.31169,0,0,0,0,0,0,0,0,0,0,0,0,0,0,0,0,0,0,0,0,0,0,0,0,0,0,0,0,0,0
E.SNH.468.Z225,,3566,4491,0,0,0,0,0,0,0,0,0,0,0,0,0,0,0,0,0,0,0,0,0,0,0,0,0,0.08581,0.68228,0,0,0,0,0.07656,0,0,0,0,0,0,0,0,0,0,0,0,0.06569,0,0,0,0,0,0,0,0,0,0,0,0
E.SNH.492.Z238,,1349,6739,0,0,0,0,0,0,0,0,0,0,0,0,0,0,0,0,0,0.04744,0,0,0,0,0,0,0,0.05856,0.3195,0,0,0,0,0.07709,0,0,0,0,0,0,0,0,0,0,0,0,0,0,0,0,0,0,0,0,0,0,0,0,0
E.SNH.494.Z239,,5486,2225,0,0,0,0,0,0,0,0,0,0,0,0,0,0,0,0,0,0,0,0,0,0,0,0,0,0.04192,0.72913,0,0,0,0,0,0,0,0,0,0,0,0,0,0,0,0,0,0.25258,0,0,0,0,0,0,0,0,0,0,0,0
E.SNH.496.Z242,,3023,879,0,0,0,0,0,0,0,0,0,0,0,0,0,0,0,0,0,0.09527,0,0,0,0,0,0,0,0.12273,0.565,0,0,0,0,0.03076,0,0,0.01422,0,0,0,0,0,0,0,0,0,0.37884,0,0,0,0,0,0,0,0,0,0,0,0
E.SNH.520.Z252,,6871,471,0,0,0,0,0,0,0,0,0,0,0,0,0,0,0,0,0,0,0,0,0,0,0,0,0,0.15675,0.52962,0,0,0,0,0.02474,0,0,0,0,0,0,0,0,0,0,0,0,0.21231,0,0,0,0,0,0,0,0,0,0,0,0
E.SNH.525.Z254,,4284,0,0,0,0,0,0,0,0,0,0,0,0,0,0,0,0,0,0,0,0,0,0,0,0,0,0.0943,0,0,0,0,0,0,0,0,0,0,0,0,0,0,0,0,0,0,0,0,0,0,0,0,0,0,0,0,0,0,0,0
E.SNH.525.Z258,,5856,2268,0,0,0,0.94706,0,0,0,0,0,0,0,0,0,0,0,0,0,0,0,0,0,0,0,0,0,0,0,0,0,0,0,0,0,0,0,0,0,0,0,0,0.9925,0,0,0,0,0,0,0,0,0,0,0,0,0,0,0,0
E.SNH.538.Z266,,2314,2293,0,0.01124,0,0,0,0,0,0,0,0,0,0,0,0,0,0,0,0,0,0,0,0,0,0,0.88245,0,0,0,0,0,0,0,0,0,0,0,0,0,0,0,0.02355,0,0,0,0,0,0,0,0,0,0,0,0,0,0,0,0
E.SNH.541.Z268,,7108,2740,0,0,0,0,0,0,0,0,0,0,0,0,0,0,0,0,0,0,0,0,0,0,0,0,0.90307,0,0,0,0,0,0,0,0,0,0,0,0,0,0,0,0,0,0,0,0,0,0,0,0,0,0,0,0,0,0,0,0
A.SNH.024.Z011,,247,3069,0,0,0,0,0,0,0,0,0,0,0,0,0,0,0,0,0,0.02429,0,0,0,0,0,0,0,0,0,0,0,0,0,0,0,0,0,0,0.03644,0,0,0,0,0,0,0,0,0,0,0,0,0,0,0,0,0,0,0,0
A.SNH.029.Z018,,3590,3639,0,0,0,0,0,0,0,0,0,0,0,0,0,0,0,0,0,0,0,0,0,0,0,0,0.50306,0,0,0,0,0,0,0,0,0,0,0,0,0,0,0,0,0,0,0,0,0,0,0,0,0,0,0,0,0,0,0,0
A.SNH.040.Z023,,2909,2161,0,0,0,0,0,0,0,0,0,0,0,0,0,0,0,0,0,0,0,0,0,0,0,0,0.35648,0,0,0,0,0,0,0,0,0,0,0,0,0,0,0,0,0,0,0,0,0,0,0,0,0,0,0,0,0,0,0,0
A.SNH.079.Z049,,2591,3018,0,0,0,0,0,0,0,0,0,0,0,0,0,0,0,0,0,0,0,0,0,0,0,0,0.55886,0,0,0,0,0,0,0,0,0,0,0,0,0,0,0,0.02319,0,0,0,0,0,0,0,0,0,0,0,0,0,0,0,0
A.SNH.127.Z079,,2390,3389,0,0,0,0,0,0,0,0,0,0,0,0,0,0,0,0,0,0,0,0,0,0,0,0.15858,0.75774,0,0,0,0,0,0,0,0,0,0,0,0,0,0,0,0.96813,0,0,0,0,0,0,0,0,0,0,0,0,0,0,0,0
A.SNH.208.Z119,,2728,3841,0,0,0,0,0,0,0,0,0,0,0,0,0,0,0,0,0,0,0,0,0,0,0,0,0,0,0,0,0,0,0,0,0,0,0,0,0,0,0,0,0,0,0,0,0,0,0,0,0,0,0,0,0,0,0,0,0
A.SNH.221.Z133,,2321,3754,0,0,0,0,0,0,0,0,0,0,0,0,0,0,0,0,0,0,0,0,0,0,0,0,0,0,0,0,0,0,0,0,0,0,0,0,0,0,0,0,0,0,0,0,0,0,0,0,0,0,0,0,0,0,0,0,0
A.SNH.225.Z135,,1876,2501,0,0,0,0,0,0,0,0,0,0,0,0,0,0,0,0,0,0,0,0,0,0,0,0,0,0,0,0,0,0,0,0,0,0,0,0,0,0,0,0,0,0,0,0.12715,0,0,0,0,0,0,0,0,0,0,0,0,0
A.SNH.256.Z154,,1666,6507,0,0,0,0,0,0,0,0.02521,0,0,0,0,0,0,0,0,0,0,0,0,0,0,0,0,0,0,0,0,0,0,0,0,0,0,0,0,0,0,0,0,0,0,0,0,0,0,0,0,0,0,0,0,0,0,0,0,0
D.SNH.003.Z002,,1826,5908,0,0,0,0,0,0,0,0,0,0,0,0,0,0,0,0,0,0,0,0,0,0,0,0,0,0,0,0,0,0,0,0,0,0,0,0,0,0,0,0,0,0,0,0,0,0,0,0,0,0,0,0,0,0,0,0,0
D.SNH.011.Z013,,28,881,0,0,0,0,0,0,0,0,0,0,0,0,0,0,0,0,0,0,0,0,0,0,0,0,0,0,0,0,0,0,0,0,0,0,0,0,0,0,0,0,0,0,0,0,0,0,0,0,0,0,0,0,0,0,0,0,0
D.SNH.306.Z162,,258,1116,0,0,0,0,0,0,0,0,0,0,0,0,0,0,0,0,0,0,0,0,0,0,0,0,0.18605,0,0,0,0,0,0,0,0,0,0,0,0,0,0,0,0.87097,0,0,0,0,0,0,0,0,0,0,0,0,0,0,0,0
D.SNH.382.Z211,,5790,972,0,0,0,0,0,0,0,0,0,0,0,0,0,0,0,0,0,0,0,0,0,0,0,0.54387,0.31831,0,0,0,0,0,0,0,0,0,0,0,0,0,0,0,0.90226,0,0,0,0,0,0,0,0,0,0,0,0,0,0,0,0
E.SNH.060.Z025,,6698,6934,0,0,0,0,0,0,0,0,0,0,0,0,0,0,0,0,0,0,0,0,0,0,0,0,0,0,0,0,0,0,0,0,0,0,0,0,0,0,0,0,0,0,0,0,0,0,0,0,0,0,0,0,0,0,0,0,0
E.SNH.073.Z019,,3651,6434,0,0,0.94166,0,0,0,0,0,0,0,0,0,0,0,0,0,0,0,0,0,0,0,0,0,0,0,0,0,0,0,0,0,0,0,0,0,0,0,0,0.24946,0,0,0,0,0,0,0,0,0,0,0,0,0,0,0,0,0
E.SNH.105.Z053,,799,6478,0,0,0,0,0,0,0,0,0,0,0,0,0,0,0,0,0,0,0,0,0,0,0,0,0.60951,0,0,0,0,0,0,0,0,0,0,0,0,0,0,0,0,0,0,0,0,0,0,0,0,0,0,0,0,0,0,0,0
E.SNH.185.Z094,,4008,4946,0,0,0.01023,0,0,0,0,0,0,0,0,0,0,0,0,0,0,0,0,0,0,0,0,0,0.51297,0,0,0,0,0,0,0,0,0,0,0,0,0,0,0,0,0,0,0,0,0,0,0,0,0,0,0,0,0,0,0,0
E.SNH.193.Z104,,6341,5655,0,0.0123,0,0,0,0,0,0,0,0,0,0,0,0,0,0,0,0,0,0,0,0,0,0,0.89623,0,0,0,0,0,0,0,0,0,0,0,0,0.0366,0,0,0,0,0,0,0,0,0,0,0,0,0,0,0,0,0,0,0
E.SNH.196.Z103,,6388,2958,0,0,0,0,0,0,0,0,0,0,0,0,0,0,0,0,0,0,0,0,0,0,0,0,0.92517,0,0,0,0,0,0,0,0,0,0,0,0,0.15382,0,0,0,0,0,0,0,0,0,0,0,0,0,0,0,0,0,0,0
E.SNH.209.Z107,,5344,2005,0,0.05034,0,0,0,0,0,0,0,0,0,0,0,0,0,0,0,0,0,0,0,0,0,0,0.50954,0,0,0.1207,0,0,0,0,0,0,0,0,0,0.02095,0,0,0,0,0,0,0,0,0,0,0,0,0,0,0.03441,0,0,0,0
E.SNH.241.Z127,,1121,3069,0,0,0,0,0,0,0,0,0,0,0,0,0,0,0,0,0,0,0,0,0,0,0,0,0.0107,0,0,0,0,0,0,0,0,0,0,0,0,0,0,0,0,0,0,0,0,0,0,0,0,0,0,0,0,0,0,0,0
E.SNH.278.Z150,,2443,4193,0,0,0,0,0,0,0,0,0,0,0,0,0,0,0,0,0,0,0,0,0,0,0,0,0.74621,0,0,0,0,0,0,0,0,0,0,0,0,0,0,0,0,0,0,0,0,0,0,0,0,0,0,0,0,0,0,0,0
E.SNH.294.Z161,,2471,3382,0,0,0,0,0,0,0,0,0,0,0,0,0,0,0,0,0,0,0,0,0,0,0,0,0.93242,0,0,0,0,0,0,0,0,0,0,0,0,0,0,0,0.39415,0,0,0,0.51567,0,0,0,0,0,0,0,0,0,0,0,0
E.SNH.317.Z176,,6816,5294,0,0,0,0,0,0,0,0,0,0,0,0,0,0,0,0,0,0,0,0,0,0,0,0,0.58069,0,0,0,0,0,0,0,0,0,0,0,0,0,0,0,0,0,0,0,0,0,0,0,0,0,0,0,0,0,0,0,0
E.SNH.323.Z179,,6543,3274,0,0,0,0,0,0,0,0,0,0,0,0,0,0,0,0,0,0,0,0,0,0,0,0,0.79551,0,0,0,0,0,0,0,0,0,0,0,0,0,0,0,0,0,0,0,0,0,0,0,0,0,0,0,0,0,0,0,0
E.SNH.326.Z181,,3841,7100,0,0,0,0,0,0,0,0,0,0,0,0,0,0,0,0,0,0,0,0,0,0,0,0,0.25827,0,0,0,0,0,0,0,0,0,0,0,0,0,0,0,0,0,0,0,0,0,0,0,0,0,0,0,0,0,0,0,0
E.SNH.395.Z199,,3991,7909,0,0.02831,0,0,0,0,0,0,0,0,0,0,0,0,0,0,0,0,0,0,0,0,0,0,0.90529,0,0,0,0,0,0,0,0,0,0,0,0,0,0,0,0,0,0,0,0,0,0,0,0,0,0,0,0,0,0,0,0
E.SNH.424.Z209,,3128,4227,0,0,0,0,0,0,0,0,0,0,0,0,0,0,0,0,0,0,0,0,0,0,0,0,0.54731,0,0,0,0,0,0,0,0,0,0,0,0,0,0,0,0,0,0,0,0,0,0,0,0,0,0,0,0,0,0,0,0
E.SNH.505.Z245,,8305,1251,0,0,0,0,0,0,0,0,0,0,0,0,0,0,0,0,0,0,0,0,0,0,0,0,0.88826,0,0,0,0,0,0,0,0,0,0,0,0,0,0,0,0,0,0,0,0.01759,0,0,0,0,0,0,0,0,0,0,0,0
E.SNH.526.Z255,,3585,3435,0,0,0,0.96151,0,0,0,0,0,0,0,0,0,0,0,0,0,0,0,0,0,0,0,0,0,0,0,0,0,0,0,0,0,0,0,0,0,0,0,0,0.99098,0,0,0,0,0,0,0,0,0,0,0,0,0,0,0,0
E.SNH.530.Z260,,4873,4027,0,0,0,0,0,0,0,0,0,0,0,0,0,0,0,0,0,0,0,0,0,0,0,0,0,0.07408,0.41227,0,0,0,0,0.06341,0,0,0.0119,0,0,0,0,0,0,0,0,0,0.02086,0,0,0,0,0,0,0,0,0,0,0,0
E.SNH.538.Z265,,5163,2480,0,0,0,0,0,0,0,0,0,0,0,0,0,0,0,0,0,0,0,0,0,0,0,0,0,0.10285,0.49274,0,0,0,0,0.07128,0,0,0,0,0,0,0,0,0,0,0,0,0,0,0,0,0,0,0,0,0,0,0,0,0
E.SNH.543.Z269,,4288,1459,0,0,0,0.34818,0,0,0,0,0,0.07369,0,0,0,0,0,0,0,0,0,0,0,0,0,0,0.03778,0,0,0,0,0,0,0,0,0,0,0,0,0,0,0,0,0,0,0,0.18437,0,0,0,0,0,0,0,0,0,0,0,0
A.SNH.011.Z004,,4930,5207,0,0,0,0.0785,0,0,0,0,0,0,0,0,0,0,0,0,0,0.01197,0,0,0.82819,0,0,0,0.02008,0,0,0,0,0,0,0,0,0,0,0,0,0,0,0,0,0,0,0.0313,0.22393,0,0,0,0.04859,0,0,0,0,0,0,0,0
A.SNH.021.Z009,,2661,2004,0,0,0,0,0,0,0,0,0,0,0,0,0,0,0,0,0,0,0,0,0,0,0,0,0,0,0,0,0,0,0,0,0,0,0,0,0,0,0,0,0.01198,0,0,0.01497,0,0,0,0,0,0,0,0,0,0,0,0,0
A.SNH.028.Z016,,4423,4506,0,0,0,0.4931,0,0,0,0,0,0,0,0,0,0,0,0,0,0.30477,0,0,0.05291,0,0,0,0,0,0,0,0,0,0,0.02351,0,0.04771,0,0,0,0,0,0,0.0557,0,0,0.14026,0.2419,0,0,0,0.09964,0,0,0,0,0,0,0,0
A.SNH.039.Z022,,2473,2999,0,0,0,0,0,0,0,0,0,0,0,0,0,0,0,0,0,0,0,0,0,0,0,0,0,0,0,0,0,0,0,0,0,0,0,0,0,0,0,0,0,0,0,0,0,0,0,0,0,0,0,0,0,0,0,0,0
A.SNH.041.Z025,,4715,4447,0,0,0,0.07996,0,0,0,0.43648,0,0,0,0,0,0,0,0,0,0.24581,0,0,0.01485,0,0,0,0.01527,0,0,0,0,0,0,0,0,0,0,0,0,0,0,0,0,0,0,0.2098,0.01102,0,0,0,0,0,0,0,0,0,0,0,0
A.SNH.043.Z028,,1544,3356,0,0,0,0,0,0,0,0,0,0,0,0,0,0,0,0,0,0.02267,0,0,0,0,0,0,0,0,0,0,0,0,0,0,0,0.01231,0,0,0,0,0,0,0.7205,0,0,0,0,0,0,0,0,0,0,0,0,0,0,0,0
A.SNH.045.Z031,,7341,3327,0,0,0,0.02724,0,0,0,0,0,0,0,0,0,0,0,0,0,0,0,0,0,0,0,0,0.78858,0,0,0,0,0,0,0,0,0,0,0,0,0,0,0,0,0,0,0.02855,0,0,0,0,0,0,0,0,0,0,0,0,0
A.SNH.051.Z036,,2936,3437,0,0,0,0,0,0,0,0,0,0,0,0,0,0,0,0,0,0,0,0,0,0,0,0,0,0,0,0,0,0,0,0,0,0,0,0,0,0,0,0,0,0,0,0,0,0,0,0,0,0,0,0,0,0,0,0,0
A.SNH.052.Z037,,4946,4682,0,0,0,0.07359,0,0,0,0,0,0,0,0,0,0,0,0,0,0.31035,0,0,0.54873,0,0,0,0,0,0,0,0,0,0,0,0,0,0,0,0,0,0,0,0.67364,0,0,0,0,0,0,0,0,0,0,0,0,0,0,0,0
A.SNH.060.Z042,,1742,8063,0,0,0,0.06315,0,0,0,0,0,0.67623,0,0,0,0,0,0,0,0.04191,0,0,0,0,0,0,0.05741,0,0,0,0,0,0,0,0,0,0,0,0,0,0,0,0,0,0,0,0.80156,0,0,0,0,0,0,0,0,0,0,0,0
A.SNH.065.Z044,,3278,4692,0,0,0,0,0,0,0,0,0,0,0,0,0,0,0,0,0,0.16168,0,0,0,0,0,0,0,0,0,0,0,0,0,0,0,0.70622,0,0,0,0,0,0,0,0,0,0,0.10422,0,0,0,0,0,0,0,0,0,0,0,0
A.SNH.088.Z057,,1572,4931,0,0,0,0.05789,0,0,0,0,0,0,0,0,0,0,0,0,0,0,0,0,0.54135,0,0,0,0.01272,0,0,0,0,0,0,0,0,0.31234,0,0,0,0,0,0,0,0,0,0,0,0,0,0,0,0,0,0,0,0,0,0,0
A.SNH.092.Z061,,1843,4894,0,0,0,0.12534,0,0,0,0,0,0.03907,0,0,0,0,0,0,0,0.18285,0,0,0.01194,0,0,0,0,0,0,0,0,0,0,0.02062,0,0.3554,0,0,0,0,0,0,0,0,0,0,0.15713,0,0,0,0,0,0,0,0,0,0,0,0
A.SNH.096.Z066,,1517,3387,0,0,0,0.11272,0,0,0,0,0,0,0,0,0,0,0,0,0,0,0,0,0.01912,0,0,0,0,0,0,0,0,0,0,0,0,0.01187,0,0,0,0,0,0,0,0,0,0,0,0,0,0,0,0,0,0,0,0,0,0,0
A.SNH.138.Z088,,2339,3210,0,0,0,0.25823,0,0,0,0,0,0,0,0,0,0,0,0,0,0,0,0,0,0,0,0,0,0,0,0,0,0,0,0,0,0,0,0,0,0,0,0,0,0,0,0,0,0,0,0,0,0,0,0,0,0,0,0,0
A.SNH.144.Z094,,5889,5369,0,0,0,0.30752,0,0,0,0,0,0,0,0,0,0,0,0,0,0.11615,0,0,0,0,0,0,0,0,0,0,0,0,0,0,0,0.11428,0,0,0,0,0,0,0,0,0,0,0.04731,0,0,0,0,0,0,0,0,0,0,0,0
A.SNH.148.Z099,,6497,6396,0,0,0,0.62937,0,0,0,0,0,0,0,0,0,0,0,0,0,0,0,0,0,0,0,0,0.0197,0,0,0,0,0,0,0.02847,0,0,0,0,0,0,0,0,0.0111,0,0,0,0.03533,0,0,0,0,0,0,0,0,0,0,0,0
A.SNH.156.Z103,,1324,2810,0,0,0,0,0,0,0,0,0,0,0,0,0,0,0,0,0,0,0,0,0,0,0,0,0,0,0,0,0,0,0,0,0,0,0,0,0,0,0,0,0,0,0,0,0,0,0,0,0,0,0,0,0,0,0,0,0
A.SNH.206.Z120,,2967,2562,0,0,0,0,0,0,0,0.02663,0,0,0,0,0,0,0,0,0,0,0,0,0,0,0,0,0,0,0,0,0,0,0,0,0,0.16818,0,0,0,0,0,0,0,0,0,0,0,0,0,0,0,0,0,0,0,0,0,0,0
A.SNH.210.Z124,,3373,5636,0,0,0,0.17818,0,0,0,0,0,0,0,0,0,0,0,0,0,0,0,0,0,0,0,0,0.50015,0,0,0,0,0,0,0.11977,0,0,0,0,0,0,0,0,0,0,0,0,0.0149,0,0,0,0,0,0,0,0,0,0,0,0
A.SNH.215.Z127,,3295,3422,0,0,0,0.27041,0,0,0,0,0,0,0,0,0,0,0,0,0,0.38058,0,0,0.20455,0,0,0,0.02064,0,0,0,0,0,0,0,0,0,0,0,0,0,0,0,0,0,0,0,0.10988,0,0,0,0,0,0,0,0,0,0,0,0
A.SNH.226.Z137,,5137,11999,0,0,0,0,0,0,0,0.01246,0,0,0,0,0,0,0,0,0,0,0,0,0,0,0,0,0,0,0,0,0,0.06093,0,0,0,0,0,0,0,0,0,0,0,0,0,0,0,0,0,0,0,0,0,0,0,0,0,0,0
A.SNH.234.Z145,,2472,3955,0,0,0,0,0,0,0,0,0,0,0,0,0,0,0,0,0,0,0,0,0,0,0,0,0,0,0,0,0,0,0,0.03155,0,0,0,0,0,0,0,0,0,0,0,0,0,0,0,0,0,0,0,0,0,0,0,0,0
D.SNH.016.Z016,,418,1262,0,0,0,0,0,0,0,0,0,0,0,0,0,0,0,0,0,0.04785,0,0,0.18421,0,0,0,0,0,0,0,0,0,0,0,0,0,0,0,0,0,0,0,0,0,0,0,0,0,0,0,0,0,0,0,0,0,0,0,0
D.SNH.028.Z020,,2166,5186,0,0,0,0.01754,0,0,0,0,0,0.03139,0,0,0,0,0,0,0,0.57064,0,0,0.07572,0,0,0,0,0,0,0,0,0,0,0.26824,0,0,0,0,0.02262,0,0,0,0.99017,0,0,0,0,0,0,0,0,0,0,0,0,0,0,0,0
D.SNH.048.Z038,,1213,2704,0,0,0,0,0,0,0,0,0,0,0,0,0,0,0,0,0,0.69827,0,0,0.04946,0,0,0,0,0,0,0,0,0,0,0,0,0,0,0,0,0,0,0,0,0,0,0,0,0,0,0,0,0,0,0,0,0,0,0,0
D.SNH.075.Z058,,3924,2570,0,0,0,0.05046,0,0,0,0,0,0,0,0,0,0,0,0,0,0,0,0,0.45566,0,0,0,0.1738,0,0,0,0,0,0,0.04969,0,0,0,0,0,0,0,0,0,0,0,0,0,0,0,0,0.11479,0,0,0,0,0,0,0,0
D.SNH.085.Z062,,1824,4262,0,0,0,0,0,0,0,0,0,0,0,0,0,0,0,0,0.02083,0.85417,0,0,0,0,0,0,0,0,0,0,0,0,0,0,0,0,0,0,0,0,0,0,0.30267,0,0,0,0.4092,0,0,0,0,0,0,0,0,0,0,0,0
D.SNH.090.Z064,,1046,3141,0,0,0,0.01721,0,0,0,0,0,0,0,0,0,0,0,0,0,0.58031,0,0,0.25143,0,0,0,0.02772,0,0,0,0,0,0,0,0,0,0,0,0,0,0,0,0.61891,0,0,0,0.34862,0,0,0,0,0,0,0,0,0,0,0,0
D.SNH.098.Z068,,1282,1526,0,0,0,0,0,0,0,0,0,0,0,0,0,0,0,0,0,0.64665,0,0,0.22465,0,0,0,0.10608,0,0,0,0,0,0,0,0,0,0,0,0,0,0,0,0.98755,0,0,0,0,0,0,0,0,0,0,0,0,0,0,0,0
D.SNH.100.Z072,,582,3242,0,0,0,0,0,0,0,0,0,0,0,0,0,0,0,0,0,0,0,0,0,0,0,0,0.1701,0,0,0,0,0,0,0,0,0,0,0,0,0,0,0,0.31123,0,0,0,0,0,0,0,0,0,0,0,0,0,0,0,0
D.SNH.106.Z075,,1305,4129,0,0,0,0,0,0,0,0,0,0,0,0,0,0,0,0,0,0,0,0,0,0,0,0,0,0.01379,0.02299,0,0,0,0,0.3295,0,0.3364,0,0,0,0,0,0,0.48607,0,0,0,0,0,0,0,0,0,0,0,0,0,0,0,0
D.SNH.119.Z078,,6580,6932,0,0,0,0,0,0,0,0,0,0,0,0,0,0,0,0,0,0,0,0,0.01307,0,0,0,0,0,0,0,0,0,0,0,0,0.89848,0,0,0,0,0,0,0.91979,0,0,0,0.0264,0,0,0,0,0,0,0,0,0,0,0,0
D.SNH.121.Z079,,2871,3727,0,0,0,0,0,0,0,0,0,0,0,0,0,0,0,0,0.03483,0.21456,0,0,0.56809,0,0,0,0,0,0,0,0,0,0,0.01219,0,0.14838,0,0,0,0,0,0,0.37188,0,0,0,0,0,0,0,0,0,0,0,0,0,0,0,0
D.SNH.126.Z082,,4294,3211,0,0,0,0,0,0,0,0,0,0,0,0,0,0,0,0,0.01514,0.02515,0,0,0.15044,0,0,0,0,0,0,0,0,0,0,0.02655,0,0.61365,0,0,0,0,0,0,0,0,0,0,0,0,0,0,0,0,0,0,0,0,0,0,0
D.SNH.127.Z083,,5384,1326,0,0,0,0.10364,0,0,0,0,0,0,0,0,0,0,0,0,0,0.24164,0,0,0.10643,0,0,0,0,0,0,0,0,0,0,0.01226,0,0.33878,0,0,0,0,0,0,0,0,0,0,0,0,0,0,0.01659,0,0,0,0,0,0,0,0
D.SNH.169.Z116,,1475,893,0,0.03186,0,0,0,0,0,0,0,0,0,0,0,0,0,0,0,0.32271,0,0,0,0,0,0,0.17153,0,0,0,0,0,0,0,0,0.45695,0,0,0,0,0,0,0,0,0,0,0,0,0,0,0,0,0,0,0,0,0,0,0
D.SNH.181.Z122,,2707,3064,0,0,0,0,0,0,0,0,0,0,0,0,0,0,0,0,0,0.86443,0,0,0.01145,0,0,0,0,0,0,0,0,0,0,0,0,0.10048,0,0,0,0,0,0,0.08322,0,0,0,0,0,0,0,0,0,0,0,0,0,0,0,0
D.SNH.208.Z133,,4154,5406,0,0,0,0,0,0,0,0,0,0,0,0,0,0,0,0,0,0,0,0,0,0,0,0,0,0,0,0,0,0,0,0,0,0,0,0,0,0,0,0,0.69164,0,0,0,0,0,0,0,0,0,0,0,0,0,0,0,0
D.SNH.215.Z136,,3144,3713,0,0,0,0,0,0,0,0,0,0,0,0,0,0,0,0,0,0.45897,0,0,0.02036,0,0,0,0.04994,0,0,0,0,0,0,0,0,0.30089,0,0,0,0,0,0,0.94156,0,0,0,0,0,0,0,0,0,0,0,0,0,0,0,0
D.SNH.250.Z145,,2428,1295,0,0,0,0,0,0,0,0,0,0,0,0,0,0,0,0,0.03542,0.31837,0,0,0.03913,0,0,0,0,0,0,0,0,0,0,0.12685,0,0.17339,0,0,0,0,0,0,0.17606,0,0,0,0,0,0,0,0,0,0,0,0,0,0,0,0
D.SNH.252.Z147,,1425,2744,0,0,0,0,0,0,0,0,0,0,0,0,0,0,0,0,0.01263,0.07368,0,0,0.80982,0,0,0,0.01404,0,0,0,0,0,0,0,0,0.07719,0,0,0,0,0,0,0,0,0,0,0,0,0,0,0,0,0,0,0,0,0,0,0
D.SNH.271.Z150,,7049,2181,0,0,0,0,0,0,0,0,0,0,0,0,0,0,0,0,0,0.18201,0,0,0,0,0,0,0,0,0,0,0,0,0,0,0,0.73131,0,0,0,0,0,0,0.64328,0,0,0,0,0,0,0,0,0,0,0,0,0,0,0,0
D.SNH.289.Z154,,8477,1218,0,0,0,0,0,0,0,0,0,0,0,0,0,0,0,0,0,0.4071,0,0,0,0,0,0,0,0,0,0,0,0,0,0.11018,0,0.27663,0,0,0,0,0,0,0,0,0,0,0,0,0,0,0,0,0,0,0,0,0,0,0
D.SNH.290.Z155,,3483,1374,0,0,0,0.10795,0,0,0,0,0,0,0,0,0,0,0,0,0,0.49297,0,0,0.05857,0,0,0,0,0,0,0,0,0,0,0,0,0.29658,0,0,0,0,0,0,0,0,0,0,0,0,0,0,0,0,0,0,0,0,0,0,0
D.SNH.296.Z158,,4583,533,0,0,0,0,0,0,0,0,0,0,0,0,0,0,0,0,0,0.51036,0,0,0.07942,0,0,0,0,0,0,0,0,0,0,0,0,0.34541,0,0,0,0,0,0,0,0,0,0,0,0,0,0,0,0,0,0,0,0,0,0,0
D.SNH.312.Z170,,5566,5907,0,0,0,0,0,0,0,0,0,0,0,0,0,0,0,0,0,0.71811,0,0,0.05785,0,0,0,0,0,0,0,0,0,0,0,0,0.11534,0,0,0,0,0,0,0.90215,0,0,0,0,0,0,0,0,0,0,0,0,0,0,0,0
D.SNH.357.Z192,,1421,3989,0,0,0,0,0,0,0,0,0,0,0,0,0,0,0,0,0,0.07671,0,0,0,0,0,0,0,0,0,0,0,0,0,0,0,0,0,0,0,0,0,0,0.72951,0,0,0,0.16119,0,0,0,0,0,0,0,0,0,0,0,0
D.SNH.405.Z221,,4030,5193,0,0,0,0,0,0,0,0,0,0,0,0,0,0,0,0,0,0.81017,0,0,0.03052,0,0,0,0.03573,0,0,0,0,0,0,0,0,0.08883,0,0,0,0,0,0,0.0491,0,0,0,0,0,0,0,0,0,0,0,0,0,0,0,0
D.SNH.420.Z228,,2940,1614,0,0,0,0,0,0,0,0,0,0,0,0,0,0,0,0,0,0.7517,0,0,0,0,0,0,0,0,0,0,0,0,0,0,0,0.22041,0,0,0,0,0,0,0.83086,0,0,0,0.06815,0,0,0,0,0,0,0,0,0,0,0,0
D.SNH.429.Z226,,2233,3605,0,0,0,0,0,0,0,0,0,0,0,0,0,0,0,0,0,0.99507,0,0,0,0,0,0,0,0,0,0,0,0,0,0,0,0,0,0,0,0,0,0,0.20666,0,0,0,0,0,0,0,0,0,0,0,0,0,0,0,0
D.SNH.435.Z237,,6095,4981,0,0,0,0.02379,0,0,0,0,0,0,0,0,0,0,0,0,0,0.01509,0,0,0.03757,0,0,0,0,0,0,0,0,0,0,0.0671,0,0.73454,0,0,0,0,0,0,0.05481,0,0,0,0.36318,0,0,0,0,0,0,0,0,0,0,0,0
E.SNH.056.Z020,,3947,4980,0,0,0,0.15809,0,0,0,0,0,0.23309,0,0,0,0,0,0,0,0,0,0,0,0,0.01444,0,0.28629,0,0,0,0,0,0,0,0,0,0,0,0,0,0,0,0,0,0,0.01205,0.64799,0,0,0,0,0,0,0,0,0,0,0,0
E.SNH.102.Z047,,2557,4256,0,0,0,0.30661,0,0,0,0,0,0,0,0,0,0,0,0,0,0,0,0,0,0,0,0,0.24834,0,0,0,0,0,0,0,0,0,0,0,0,0,0,0,0.04229,0,0,0,0.02444,0,0,0,0,0,0,0,0,0,0,0,0
E.SNH.108.Z013,,8790,7394,0,0,0,0.04892,0,0,0,0,0,0,0,0,0,0,0,0,0,0.16086,0,0,0,0,0,0,0.04596,0,0,0,0,0,0,0,0,0.44699,0,0,0,0,0,0,0,0,0,0,0.23478,0,0,0,0,0,0,0,0,0,0,0,0
E.SNH.108.Z056,,8864,6057,0,0,0,0.15095,0,0,0,0,0,0.1074,0,0,0,0,0,0,0,0,0,0,0,0,0,0,0,0,0,0,0,0,0,0.62613,0,0,0,0,0,0,0,0,0.01057,0,0,0,0.77349,0,0,0,0,0,0,0,0,0,0,0,0
E.SNH.129.Z063,,7915,5341,0,0,0,0,0,0,0,0,0,0,0,0,0,0,0,0,0,0,0,0,0,0,0,0,0.6772,0,0,0,0,0,0,0,0,0.20846,0,0,0,0,0,0,0,0,0,0,0.06235,0,0,0,0,0,0,0,0,0,0,0,0
E.SNH.184.Z092,,3012,18754,0,0,0,0,0,0,0,0,0,0,0,0,0,0,0,0,0,0,0,0,0.02224,0,0,0,0.5747,0,0,0,0,0,0,0,0,0,0,0,0,0,0,0,0,0,0,0,0,0,0,0,0,0,0,0,0,0,0,0,0
E.SNH.218.Z112,,5067,5277,0,0,0,0.39195,0,0,0,0,0,0,0,0,0,0,0,0,0,0,0,0,0.21157,0,0,0,0,0,0,0,0,0,0,0,0,0.28222,0,0,0,0,0,0,0.07921,0,0,0,0.09058,0,0,0,0.07296,0,0,0,0,0,0,0,0
E.SNH.219.Z113,,10244,7957,0,0,0,0.21876,0,0,0,0,0,0.04754,0,0,0,0,0,0,0,0.14447,0,0,0.02558,0,0,0,0,0,0,0,0,0,0,0.15316,0.03553,0.08698,0,0,0,0,0,0,0,0,0,0,0.35453,0,0,0,0,0,0,0,0,0,0,0,0
E.SNH.225.Z116,,6332,1286,0,0,0,0.22015,0,0,0,0,0,0.01563,0,0,0,0,0,0,0,0.02085,0,0,0,0,0,0,0,0,0,0,0,0,0,0.24495,0,0.40414,0,0,0,0,0,0,0.04277,0,0,0,0.6283,0,0,0,0,0,0,0,0,0,0,0,0
E.SNH.248.Z135,,4524,3884,0,0,0,0.21198,0,0,0,0,0,0,0,0,0,0,0,0,0,0.69518,0,0,0,0,0,0,0,0,0,0,0,0,0,0,0,0,0,0,0,0,0,0,0.05355,0,0,0,0.04403,0,0,0,0.02497,0,0,0,0,0,0,0,0
E.SNH.282.Z153,,2452,3921,0,0,0,0,0,0,0,0,0,0.15905,0,0,0,0,0,0,0,0,0,0,0.03018,0,0,0,0.10359,0,0,0,0,0,0,0,0,0.24225,0,0,0,0,0,0,0,0,0,0,0.26702,0,0,0,0,0,0,0,0,0,0,0,0
E.SNH.290.Z156,,3347,3166,0,0,0,0.08157,0,0,0,0,0,0.0254,0,0,0,0,0,0,0,0.05438,0,0,0.43442,0,0,0,0,0,0,0,0,0,0,0,0,0.11592,0,0,0,0,0,0,0,0,0,0,0.09381,0,0,0,0.09539,0,0,0,0,0,0,0,0
E.SNH.292.Z160,,3977,2053,0,0,0,0,0,0,0,0,0,0,0,0,0,0,0,0,0,0,0,0,0.76792,0,0,0,0.19638,0,0,0,0,0,0,0,0,0,0,0,0,0,0,0,0,0,0,0,0,0,0,0,0.65124,0,0,0,0,0,0,0,0
E.SNH.316.Z174,,6408,6694,0,0,0,0.23034,0,0,0,0,0,0,0,0,0,0,0,0,0,0.06632,0,0,0.41355,0,0,0,0,0,0,0,0,0,0,0,0,0.1779,0,0,0,0,0,0,0.06797,0,0,0,0.20212,0,0,0,0.28025,0,0,0,0,0,0,0,0
E.SNH.334.Z184,,6024,7498,0,0,0,0,0,0,0,0,0,0,0,0,0,0,0,0,0,0,0,0,0.13911,0,0,0,0,0,0,0,0,0,0,0,0,0.81092,0,0,0,0,0,0,0,0,0,0,0.28314,0,0,0,0.06975,0,0,0,0,0,0,0,0
E.SNH.351.Z186,,2914,6279,0,0,0,0.0199,0,0,0,0,0,0,0,0,0,0,0,0,0,0,0,0,0,0,0,0,0.28723,0,0,0,0,0,0,0,0,0.26047,0,0,0,0,0,0,0,0,0,0,0.02946,0,0,0,0,0,0,0,0,0,0,0,0
E.SNH.355.Z187,,837,2884,0,0,0,0,0,0,0,0,0,0,0,0,0,0,0,0,0,0,0,0,0,0,0,0,0.11231,0,0,0,0,0,0,0,0,0,0,0,0,0,0,0,0,0,0,0,0,0,0,0,0,0,0,0,0,0,0,0,0
E.SNH.362.Z190,,3616,3588,0,0,0,0.22954,0,0,0,0,0,0.20548,0,0,0,0,0,0,0,0,0,0,0,0,0,0,0.0625,0,0,0,0,0,0,0.14685,0,0,0,0,0,0,0,0,0,0,0,0,0.28205,0,0,0,0,0,0,0,0,0,0,0,0
E.SNH.382.Z193,,2292,4508,0,0,0,0,0,0,0,0,0,0,0,0,0,0,0,0,0,0,0,0,0,0,0,0,0,0,0,0,0,0,0,0,0,0,0,0,0,0,0,0,0,0,0,0,0,0,0,0,0,0,0,0,0,0,0,0,0
E.SNH.409.Z202,,2023,7937,0,0,0,0.79239,0,0,0,0,0,0,0,0,0,0,0,0,0,0,0,0,0.01186,0,0,0,0.01087,0,0,0,0,0,0,0,0,0.13347,0,0,0,0,0,0,0.0698,0,0,0,0.07383,0,0,0,0.01487,0,0,0,0,0,0,0,0
E.SNH.435.Z213,,3159,18,0,0,0,0.09972,0,0,0,0,0,0,0,0,0,0,0,0,0,0.06141,0,0,0.12409,0,0,0,0.01076,0,0,0,0,0,0,0,0,0.64641,0,0,0,0,0,0,1,0,0,0,0,0,0,0,0,0,0,0,0,0,0,0,0
E.SNH.489.Z235,,6945,4850,0,0,0,0.5185,0,0,0,0,0,0,0,0,0,0,0,0,0,0.28006,0,0,0,0,0,0,0.03643,0,0,0,0,0,0,0,0,0,0,0,0,0,0,0,0.01402,0,0,0.06289,0.05278,0,0,0,0,0,0,0,0,0,0,0,0
E.SNH.509.Z247,,7346,2057,0,0,0,0.04302,0,0,0,0,0,0.32753,0,0,0,0,0,0,0,0.10523,0,0,0,0,0,0,0.16349,0,0,0,0,0,0,0.0633,0,0,0,0,0,0,0,0,0,0,0,0,0.63831,0,0,0,0,0,0,0,0,0,0,0,0
E.SNH.579.Z284,,3467,2198,0,0,0,0,0,0,0,0,0,0,0,0,0,0,0,0,0,0,0,0,0,0,0,0,0,0.11883,0.61494,0,0,0,0,0.02336,0,0,0.01154,0,0,0,0,0,0,0,0,0,0,0,0,0,0,0,0,0,0,0,0,0,0
TMR-2449,,34,392,0,0,0,0,0,0,0,0,0,0,0,0,0,0,0,0,0,0,0,0,0,0,0,0,0,0,0,0,0,0,0,0,0,0,0,0,0,0,0,0,0,0,0,0,0,0,0,0,0,0,0,0,0,0,0,0,0
TMR-2538,,43,80,0,0,0,0,0,0,0,0,0,0,0,0,0,0,0,0,0,0,0,0,0,0,0,0,0,0,0,0,0,0,0,0,0,0,0,0,0.53488,0,0,0,0.0125,0,0,0.15,0,0,0,0,0,0,0,0,0,0,0,0,0
TMR-2598,,67,31,0,0,0,0,0,0,0,0,0,0,0,0,0,0,0,0,0,0,0,0,0,0,0,0,0,0,0,0,0,0,0,0,0,0,0,0,0.14925,0,0,0,0,0,0,0,0,0,0,0,0,0,0,0,0,0,0,0,0
TMR-3153,,143,134,0,0,0,0,0,0,0,0,0,0,0,0,0,0,0,0,0,0,0,0,0,0,0,0,0,0,0,0,0,0,0,0,0,0,0,0,0,0,0,0,0,0,0,0,0,0,0,0,0,0,0,0,0,0,0,0,0