host_ID,otu_ID,genus,base_taxon,has_genus,final_id,relative_reads,link,type,final_taxon_otu_ID,host_species,village,grid,season
2006,nc_116,Heligmosomoidea,Heligmosomoidea,TRUE,Heligmosomoidea_1,0.383180096,1,NC,nc_116_Heligmosomoidea_1,Microgale brevicaudata,Mandena,brushy_regrowth,1
2006,nc_129,NA,Trichostrongylidae,FALSE,Trichostrongylidae_1,0.190102759,1,NC,nc_129_Trichostrongylidae_1,Microgale brevicaudata,Mandena,brushy_regrowth,1
2006,nc_131,NA,Trichostrongylidae,FALSE,Trichostrongylidae_2,0.371011357,1,NC,nc_131_Trichostrongylidae_2,Microgale brevicaudata,Mandena,brushy_regrowth,1
2006,nc_99,Nippostrongylus,Nippostrongylus,TRUE,Nippostrongylus,0.014061655,1,NC,nc_99_Nippostrongylus,Microgale brevicaudata,Mandena,brushy_regrowth,1
2008,nc_102,Globocephalus,Globocephalus,TRUE,Globocephalus,0.888258886,1,NC,nc_102_Globocephalus,Setifer setosus,Mandena,brushy_regrowth,1
2008,nc_116,Heligmosomoidea,Heligmosomoidea,TRUE,Heligmosomoidea_1,0.071912599,1,NC,nc_116_Heligmosomoidea_1,Setifer setosus,Mandena,brushy_regrowth,1
2008,nc_99,Nippostrongylus,Nippostrongylus,TRUE,Nippostrongylus,0.010925183,1,NC,nc_99_Nippostrongylus,Setifer setosus,Mandena,brushy_regrowth,1
2009,nc_129,NA,Trichostrongylidae,FALSE,Trichostrongylidae_1,0.024399843,1,NC,nc_129_Trichostrongylidae_1,Setifer setosus,Mandena,brushy_regrowth,1
2009,nc_131,NA,Trichostrongylidae,FALSE,Trichostrongylidae_2,0.015741834,1,NC,nc_131_Trichostrongylidae_2,Setifer setosus,Mandena,brushy_regrowth,1
2009,nc_93,NA,Chromadorea,FALSE,Chromadorea_2,0.8823297920000001,1,NC,nc_93_Chromadorea_2,Setifer setosus,Mandena,brushy_regrowth,1
2009,nc_95,NA,Heligmonellidae,FALSE,Heligmonellidae,0.010625738,1,NC,nc_95_Heligmonellidae,Setifer setosus,Mandena,brushy_regrowth,1
2009,nc_99,Nippostrongylus,Nippostrongylus,TRUE,Nippostrongylus,0.029515939,1,NC,nc_99_Nippostrongylus,Setifer setosus,Mandena,brushy_regrowth,1
2010,nc_99,Nippostrongylus,Nippostrongylus,TRUE,Nippostrongylus,0.8634838140000001,1,NC,nc_99_Nippostrongylus,Rattus rattus,Mandena,brushy_regrowth,1
2013,nc_99,Nippostrongylus,Nippostrongylus,TRUE,Nippostrongylus,0.955452602,1,NC,nc_99_Nippostrongylus,Rattus rattus,Mandena,brushy_regrowth,1
2014,nc_99,Nippostrongylus,Nippostrongylus,TRUE,Nippostrongylus,0.9276474270000001,1,NC,nc_99_Nippostrongylus,Rattus rattus,Mandena,brushy_regrowth,1
2016,nc_99,Nippostrongylus,Nippostrongylus,TRUE,Nippostrongylus,0.9182916789999999,1,NC,nc_99_Nippostrongylus,Rattus rattus,Mandena,brushy_regrowth,1
2017,nc_99,Nippostrongylus,Nippostrongylus,TRUE,Nippostrongylus,0.9628121900000002,1,NC,nc_99_Nippostrongylus,Rattus rattus,Mandena,brushy_regrowth,1
2018,nc_99,Nippostrongylus,Nippostrongylus,TRUE,Nippostrongylus,0.9477728179999999,1,NC,nc_99_Nippostrongylus,Rattus rattus,Mandena,brushy_regrowth,1
2020,nc_99,Nippostrongylus,Nippostrongylus,TRUE,Nippostrongylus,0.924667413,1,NC,nc_99_Nippostrongylus,Rattus rattus,Mandena,brushy_regrowth,1
2025,nc_99,Nippostrongylus,Nippostrongylus,TRUE,Nippostrongylus,0.947664324,1,NC,nc_99_Nippostrongylus,Rattus rattus,Mandena,brushy_regrowth,1
2026,nc_129,NA,Trichostrongylidae,FALSE,Trichostrongylidae_1,0.407791279,1,NC,nc_129_Trichostrongylidae_1,Microgale brevicaudata,Mandena,brushy_regrowth,1
2026,nc_131,NA,Trichostrongylidae,FALSE,Trichostrongylidae_2,0.543245175,1,NC,nc_131_Trichostrongylidae_2,Microgale brevicaudata,Mandena,brushy_regrowth,1
2026,nc_99,Nippostrongylus,Nippostrongylus,TRUE,Nippostrongylus,0.022337384,1,NC,nc_99_Nippostrongylus,Microgale brevicaudata,Mandena,brushy_regrowth,1
2029,nc_99,Nippostrongylus,Nippostrongylus,TRUE,Nippostrongylus,0.936753529,1,NC,nc_99_Nippostrongylus,Rattus rattus,Mandena,brushy_regrowth,1
2031,nc_99,Nippostrongylus,Nippostrongylus,TRUE,Nippostrongylus,0.9506199220000001,1,NC,nc_99_Nippostrongylus,Rattus rattus,Mandena,brushy_regrowth,1
2032,nc_99,Nippostrongylus,Nippostrongylus,TRUE,Nippostrongylus,0.948275861,1,NC,nc_99_Nippostrongylus,Rattus rattus,Mandena,brushy_regrowth,1
2033,nc_116,Heligmosomoidea,Heligmosomoidea,TRUE,Heligmosomoidea_1,0.4468507699999999,1,NC,nc_116_Heligmosomoidea_1,Microgale brevicaudata,Mandena,brushy_regrowth,1
2033,nc_129,NA,Trichostrongylidae,FALSE,Trichostrongylidae_1,0.206573973,1,NC,nc_129_Trichostrongylidae_1,Microgale brevicaudata,Mandena,brushy_regrowth,1
2033,nc_131,NA,Trichostrongylidae,FALSE,Trichostrongylidae_2,0.187287755,1,NC,nc_131_Trichostrongylidae_2,Microgale brevicaudata,Mandena,brushy_regrowth,1
2035,nc_116,Heligmosomoidea,Heligmosomoidea,TRUE,Heligmosomoidea_1,0.951598811,1,NC,nc_116_Heligmosomoidea_1,Microgale brevicaudata,Mandena,brushy_regrowth,1
2036,nc_116,Heligmosomoidea,Heligmosomoidea,TRUE,Heligmosomoidea_1,0.016129032,1,NC,nc_116_Heligmosomoidea_1,Microgale brevicaudata,Mandena,brushy_regrowth,1
2036,nc_129,NA,Trichostrongylidae,FALSE,Trichostrongylidae_1,0.011730205,1,NC,nc_129_Trichostrongylidae_1,Microgale brevicaudata,Mandena,brushy_regrowth,1
2036,nc_74,NA,Chromadorea,FALSE,Chromadorea_1,0.765395894,1,NC,nc_74_Chromadorea_1,Microgale brevicaudata,Mandena,brushy_regrowth,1
2036,nc_99,Nippostrongylus,Nippostrongylus,TRUE,Nippostrongylus,0.14662756600000001,1,NC,nc_99_Nippostrongylus,Microgale brevicaudata,Mandena,brushy_regrowth,1
2037,nc_99,Nippostrongylus,Nippostrongylus,TRUE,Nippostrongylus,0.963221962,1,NC,nc_99_Nippostrongylus,Rattus rattus,Mandena,brushy_regrowth,1
2038,nc_99,Nippostrongylus,Nippostrongylus,TRUE,Nippostrongylus,0.9434676149999999,1,NC,nc_99_Nippostrongylus,Rattus rattus,Mandena,brushy_regrowth,1
2039,nc_116,Heligmosomoidea,Heligmosomoidea,TRUE,Heligmosomoidea_1,0.068728523,1,NC,nc_116_Heligmosomoidea_1,Rattus rattus,Mandena,brushy_regrowth,1
2039,nc_95,NA,Heligmonellidae,FALSE,Heligmonellidae,0.061855671,1,NC,nc_95_Heligmonellidae,Rattus rattus,Mandena,brushy_regrowth,1
2039,nc_99,Nippostrongylus,Nippostrongylus,TRUE,Nippostrongylus,0.14261168300000002,1,NC,nc_99_Nippostrongylus,Rattus rattus,Mandena,brushy_regrowth,1
2041,nc_95,NA,Heligmonellidae,FALSE,Heligmonellidae,0.967911139,1,NC,nc_95_Heligmonellidae,Mus musculus,Mandena,brushy_regrowth,1
2041,nc_99,Nippostrongylus,Nippostrongylus,TRUE,Nippostrongylus,0.011570503,1,NC,nc_99_Nippostrongylus,Mus musculus,Mandena,brushy_regrowth,1
2042,nc_99,Nippostrongylus,Nippostrongylus,TRUE,Nippostrongylus,0.9377902699999999,1,NC,nc_99_Nippostrongylus,Rattus rattus,Mandena,brushy_regrowth,1
2045,nc_129,NA,Trichostrongylidae,FALSE,Trichostrongylidae_1,0.711630299,1,NC,nc_129_Trichostrongylidae_1,Microgale brevicaudata,Mandena,agriculture,1
2045,nc_131,NA,Trichostrongylidae,FALSE,Trichostrongylidae_2,0.226287561,1,NC,nc_131_Trichostrongylidae_2,Microgale brevicaudata,Mandena,agriculture,1
2046,nc_129,NA,Trichostrongylidae,FALSE,Trichostrongylidae_1,0.034920635,1,NC,nc_129_Trichostrongylidae_1,Microgale brevicaudata,Mandena,agriculture,1
2046,nc_131,NA,Trichostrongylidae,FALSE,Trichostrongylidae_2,0.025396825,1,NC,nc_131_Trichostrongylidae_2,Microgale brevicaudata,Mandena,agriculture,1
2046,nc_139,NA,Nematoda,FALSE,Nematoda_4,0.341269841,1,NC,nc_139_Nematoda_4,Microgale brevicaudata,Mandena,agriculture,1
2046,nc_65,NA,Rhabditida,FALSE,Rhabditida_1,0.085714286,1,NC,nc_65_Rhabditida_1,Microgale brevicaudata,Mandena,agriculture,1
2046,nc_95,NA,Heligmonellidae,FALSE,Heligmonellidae,0.046031746,1,NC,nc_95_Heligmonellidae,Microgale brevicaudata,Mandena,agriculture,1
2046,nc_99,Nippostrongylus,Nippostrongylus,TRUE,Nippostrongylus,0.36825396800000004,1,NC,nc_99_Nippostrongylus,Microgale brevicaudata,Mandena,agriculture,1
2047,nc_129,NA,Trichostrongylidae,FALSE,Trichostrongylidae_1,0.42428550400000004,1,NC,nc_129_Trichostrongylidae_1,Microgale brevicaudata,Mandena,agriculture,1
2047,nc_131,NA,Trichostrongylidae,FALSE,Trichostrongylidae_2,0.5104662,1,NC,nc_131_Trichostrongylidae_2,Microgale brevicaudata,Mandena,agriculture,1
2050,nc_95,NA,Heligmonellidae,FALSE,Heligmonellidae,0.9766166749999999,1,NC,nc_95_Heligmonellidae,Mus musculus,Mandena,agriculture,1
2051,nc_95,NA,Heligmonellidae,FALSE,Heligmonellidae,0.979665794,1,NC,nc_95_Heligmonellidae,Mus musculus,Mandena,agriculture,1
2052,nc_95,NA,Heligmonellidae,FALSE,Heligmonellidae,0.973918575,1,NC,nc_95_Heligmonellidae,Mus musculus,Mandena,agriculture,1
2053,nc_170,NA,Chromadorea,FALSE,Chromadorea_61,0.029920146,1,NC,nc_170_Chromadorea_61,Rattus rattus,Mandena,agriculture,1
2053,nc_99,Nippostrongylus,Nippostrongylus,TRUE,Nippostrongylus,0.010108157,1,NC,nc_99_Nippostrongylus,Rattus rattus,Mandena,agriculture,1
2054,nc_99,Nippostrongylus,Nippostrongylus,TRUE,Nippostrongylus,0.9418927069999999,1,NC,nc_99_Nippostrongylus,Rattus rattus,Mandena,agriculture,1
2055,nc_99,Nippostrongylus,Nippostrongylus,TRUE,Nippostrongylus,0.945398661,1,NC,nc_99_Nippostrongylus,Rattus rattus,Mandena,agriculture,1
2057,nc_129,NA,Trichostrongylidae,FALSE,Trichostrongylidae_1,0.416201859,1,NC,nc_129_Trichostrongylidae_1,Microgale brevicaudata,Mandena,agriculture,1
2057,nc_131,NA,Trichostrongylidae,FALSE,Trichostrongylidae_2,0.518990704,1,NC,nc_131_Trichostrongylidae_2,Microgale brevicaudata,Mandena,agriculture,1
2059,nc_99,Nippostrongylus,Nippostrongylus,TRUE,Nippostrongylus,0.9405716020000001,1,NC,nc_99_Nippostrongylus,Rattus rattus,Mandena,agriculture,1
2060,nc_95,NA,Heligmonellidae,FALSE,Heligmonellidae,0.9738163280000001,1,NC,nc_95_Heligmonellidae,Mus musculus,Mandena,agriculture,1
2061,nc_95,NA,Heligmonellidae,FALSE,Heligmonellidae,0.9607201310000001,1,NC,nc_95_Heligmonellidae,Mus musculus,Mandena,agriculture,1
2061,nc_99,Nippostrongylus,Nippostrongylus,TRUE,Nippostrongylus,0.012274959,1,NC,nc_99_Nippostrongylus,Mus musculus,Mandena,agriculture,1
2063,nc_99,Nippostrongylus,Nippostrongylus,TRUE,Nippostrongylus,0.9231215,1,NC,nc_99_Nippostrongylus,Rattus rattus,Mandena,agriculture,1
2064,nc_99,Nippostrongylus,Nippostrongylus,TRUE,Nippostrongylus,0.8050435579999999,1,NC,nc_99_Nippostrongylus,Rattus rattus,Mandena,agriculture,1
2065,nc_99,Nippostrongylus,Nippostrongylus,TRUE,Nippostrongylus,0.935774059,1,NC,nc_99_Nippostrongylus,Rattus rattus,Mandena,agriculture,1
2066,nc_99,Nippostrongylus,Nippostrongylus,TRUE,Nippostrongylus,0.9452457839999999,1,NC,nc_99_Nippostrongylus,Rattus rattus,Mandena,agriculture,1
2067,nc_99,Nippostrongylus,Nippostrongylus,TRUE,Nippostrongylus,0.9578247819999999,1,NC,nc_99_Nippostrongylus,Rattus rattus,Mandena,agriculture,1
2068,nc_95,NA,Heligmonellidae,FALSE,Heligmonellidae,0.958375498,1,NC,nc_95_Heligmonellidae,Mus musculus,Mandena,agriculture,1
2069,nc_129,NA,Trichostrongylidae,FALSE,Trichostrongylidae_1,0.6933141030000001,1,NC,nc_129_Trichostrongylidae_1,Microgale brevicaudata,Mandena,agriculture,1
2069,nc_131,NA,Trichostrongylidae,FALSE,Trichostrongylidae_2,0.23343978499999998,1,NC,nc_131_Trichostrongylidae_2,Microgale brevicaudata,Mandena,agriculture,1
2072,nc_129,NA,Trichostrongylidae,FALSE,Trichostrongylidae_1,0.556645123,1,NC,nc_129_Trichostrongylidae_1,Microgale brevicaudata,Mandena,agriculture,1
2072,nc_131,NA,Trichostrongylidae,FALSE,Trichostrongylidae_2,0.371220563,1,NC,nc_131_Trichostrongylidae_2,Microgale brevicaudata,Mandena,agriculture,1
2074,nc_95,NA,Heligmonellidae,FALSE,Heligmonellidae,0.9748043399999999,1,NC,nc_95_Heligmonellidae,Mus musculus,Mandena,agriculture,1
2075,nc_95,NA,Heligmonellidae,FALSE,Heligmonellidae,0.97447868,1,NC,nc_95_Heligmonellidae,Mus musculus,Mandena,agriculture,1
2076,nc_95,NA,Heligmonellidae,FALSE,Heligmonellidae,0.9771886559999999,1,NC,nc_95_Heligmonellidae,Mus musculus,Mandena,agriculture,1
2077,nc_99,Nippostrongylus,Nippostrongylus,TRUE,Nippostrongylus,0.949554015,1,NC,nc_99_Nippostrongylus,Rattus rattus,Mandena,agriculture,1
2083,nc_129,NA,Trichostrongylidae,FALSE,Trichostrongylidae_1,0.547729287,1,NC,nc_129_Trichostrongylidae_1,Microgale brevicaudata,Mandena,agriculture,1
2083,nc_131,NA,Trichostrongylidae,FALSE,Trichostrongylidae_2,0.386168851,1,NC,nc_131_Trichostrongylidae_2,Microgale brevicaudata,Mandena,agriculture,1
2084,nc_95,NA,Heligmonellidae,FALSE,Heligmonellidae,0.971359517,1,NC,nc_95_Heligmonellidae,Mus musculus,Mandena,agriculture,1
2087,nc_18,NA,Chromadorea,FALSE,Chromadorea_56,0.038900635,1,NC,nc_18_Chromadorea_56,Rattus rattus,Mandena,agriculture,1
2087,nc_99,Nippostrongylus,Nippostrongylus,TRUE,Nippostrongylus,0.938900635,1,NC,nc_99_Nippostrongylus,Rattus rattus,Mandena,agriculture,1
2089,nc_95,NA,Heligmonellidae,FALSE,Heligmonellidae,0.978807295,1,NC,nc_95_Heligmonellidae,Mus musculus,Mandena,agriculture,1
2091,nc_99,Nippostrongylus,Nippostrongylus,TRUE,Nippostrongylus,0.942474188,1,NC,nc_99_Nippostrongylus,Rattus rattus,Mandena,agriculture,1
2092,nc_99,Nippostrongylus,Nippostrongylus,TRUE,Nippostrongylus,0.972966859,1,NC,nc_99_Nippostrongylus,Rattus rattus,Mandena,agriculture,1
2093,nc_234,NA,Nematoda,FALSE,Nematoda_39,0.017852523,1,NC,nc_234_Nematoda_39,Rattus rattus,Mandena,agriculture,1
2093,nc_99,Nippostrongylus,Nippostrongylus,TRUE,Nippostrongylus,0.965588616,1,NC,nc_99_Nippostrongylus,Rattus rattus,Mandena,agriculture,1
2094,nc_99,Nippostrongylus,Nippostrongylus,TRUE,Nippostrongylus,0.9754395039999999,1,NC,nc_99_Nippostrongylus,Rattus rattus,Mandena,agriculture,1
2095,nc_99,Nippostrongylus,Nippostrongylus,TRUE,Nippostrongylus,0.9374969029999999,1,NC,nc_99_Nippostrongylus,Rattus rattus,Mandena,agriculture,1
2097,nc_129,NA,Trichostrongylidae,FALSE,Trichostrongylidae_1,0.70330903,1,NC,nc_129_Trichostrongylidae_1,Microgale brevicaudata,Mandena,agriculture,1
2097,nc_131,NA,Trichostrongylidae,FALSE,Trichostrongylidae_2,0.163208076,1,NC,nc_131_Trichostrongylidae_2,Microgale brevicaudata,Mandena,agriculture,1
2097,nc_95,NA,Heligmonellidae,FALSE,Heligmonellidae,0.018508132,1,NC,nc_95_Heligmonellidae,Microgale brevicaudata,Mandena,agriculture,1
2097,nc_99,Nippostrongylus,Nippostrongylus,TRUE,Nippostrongylus,0.044307347,1,NC,nc_99_Nippostrongylus,Microgale brevicaudata,Mandena,agriculture,1
2099,nc_95,NA,Heligmonellidae,FALSE,Heligmonellidae,0.959601482,1,NC,nc_95_Heligmonellidae,Mus musculus,Mandena,agriculture,1
2099,nc_99,Nippostrongylus,Nippostrongylus,TRUE,Nippostrongylus,0.010023692,1,NC,nc_99_Nippostrongylus,Mus musculus,Mandena,agriculture,1
2100,nc_99,Nippostrongylus,Nippostrongylus,TRUE,Nippostrongylus,0.9450073159999999,1,NC,nc_99_Nippostrongylus,Rattus rattus,Mandena,agriculture,1
2101,nc_99,Nippostrongylus,Nippostrongylus,TRUE,Nippostrongylus,0.9458062030000002,1,NC,nc_99_Nippostrongylus,Rattus rattus,Mandena,agriculture,1
2102,nc_99,Nippostrongylus,Nippostrongylus,TRUE,Nippostrongylus,0.961271774,1,NC,nc_99_Nippostrongylus,Rattus rattus,Mandena,agriculture,1
2103,nc_99,Nippostrongylus,Nippostrongylus,TRUE,Nippostrongylus,0.964316546,1,NC,nc_99_Nippostrongylus,Rattus rattus,Mandena,village,1
2104,nc_99,Nippostrongylus,Nippostrongylus,TRUE,Nippostrongylus,0.935583812,1,NC,nc_99_Nippostrongylus,Rattus rattus,Mandena,village,1
2105,nc_95,NA,Heligmonellidae,FALSE,Heligmonellidae,0.014603924,1,NC,nc_95_Heligmonellidae,Rattus rattus,Mandena,village,1
2105,nc_99,Nippostrongylus,Nippostrongylus,TRUE,Nippostrongylus,0.060038354,1,NC,nc_99_Nippostrongylus,Rattus rattus,Mandena,village,1
2106,nc_102,Globocephalus,Globocephalus,TRUE,Globocephalus,0.320579944,1,NC,nc_102_Globocephalus,Setifer setosus,Mandena,agriculture,1
2106,nc_93,NA,Chromadorea,FALSE,Chromadorea_2,0.635924284,1,NC,nc_93_Chromadorea_2,Setifer setosus,Mandena,agriculture,1
2106,nc_99,Nippostrongylus,Nippostrongylus,TRUE,Nippostrongylus,0.02053967,1,NC,nc_99_Nippostrongylus,Setifer setosus,Mandena,agriculture,1
2107,nc_129,NA,Trichostrongylidae,FALSE,Trichostrongylidae_1,0.809686952,1,NC,nc_129_Trichostrongylidae_1,Suncus murinus,Mandena,agriculture,1
2107,nc_131,NA,Trichostrongylidae,FALSE,Trichostrongylidae_2,0.10230825199999999,1,NC,nc_131_Trichostrongylidae_2,Suncus murinus,Mandena,agriculture,1
2108,nc_116,Heligmosomoidea,Heligmosomoidea,TRUE,Heligmosomoidea_1,0.18349385499999998,1,NC,nc_116_Heligmosomoidea_1,Microgale brevicaudata,Mandena,secondary_forest,1
2108,nc_129,NA,Trichostrongylidae,FALSE,Trichostrongylidae_1,0.41841027399999997,1,NC,nc_129_Trichostrongylidae_1,Microgale brevicaudata,Mandena,secondary_forest,1
2108,nc_131,NA,Trichostrongylidae,FALSE,Trichostrongylidae_2,0.252407838,1,NC,nc_131_Trichostrongylidae_2,Microgale brevicaudata,Mandena,secondary_forest,1
2110,nc_116,Heligmosomoidea,Heligmosomoidea,TRUE,Heligmosomoidea_1,0.247063988,1,NC,nc_116_Heligmosomoidea_1,Microgale brevicaudata,Mandena,secondary_forest,1
2110,nc_129,NA,Trichostrongylidae,FALSE,Trichostrongylidae_1,0.34288223,1,NC,nc_129_Trichostrongylidae_1,Microgale brevicaudata,Mandena,secondary_forest,1
2110,nc_131,NA,Trichostrongylidae,FALSE,Trichostrongylidae_2,0.257984853,1,NC,nc_131_Trichostrongylidae_2,Microgale brevicaudata,Mandena,secondary_forest,1
2111,nc_116,Heligmosomoidea,Heligmosomoidea,TRUE,Heligmosomoidea_1,0.137101243,1,NC,nc_116_Heligmosomoidea_1,Microgale brevicaudata,Mandena,secondary_forest,1
2111,nc_129,NA,Trichostrongylidae,FALSE,Trichostrongylidae_1,0.374178738,1,NC,nc_129_Trichostrongylidae_1,Microgale brevicaudata,Mandena,secondary_forest,1
2111,nc_131,NA,Trichostrongylidae,FALSE,Trichostrongylidae_2,0.367133697,1,NC,nc_131_Trichostrongylidae_2,Microgale brevicaudata,Mandena,secondary_forest,1
2111,nc_99,Nippostrongylus,Nippostrongylus,TRUE,Nippostrongylus,0.011002929,1,NC,nc_99_Nippostrongylus,Microgale brevicaudata,Mandena,secondary_forest,1
2115,nc_116,Heligmosomoidea,Heligmosomoidea,TRUE,Heligmosomoidea_1,0.894970087,1,NC,nc_116_Heligmosomoidea_1,Microgale brevicaudata,Mandena,secondary_forest,1
2115,nc_139,NA,Nematoda,FALSE,Nematoda_4,0.062707733,1,NC,nc_139_Nematoda_4,Microgale brevicaudata,Mandena,secondary_forest,1
2115,nc_66,NA,Chromadorea,FALSE,Chromadorea_4,0.018612896,1,NC,nc_66_Chromadorea_4,Microgale brevicaudata,Mandena,secondary_forest,1
2115,nc_99,Nippostrongylus,Nippostrongylus,TRUE,Nippostrongylus,0.015510747,1,NC,nc_99_Nippostrongylus,Microgale brevicaudata,Mandena,secondary_forest,1
2118,nc_116,Heligmosomoidea,Heligmosomoidea,TRUE,Heligmosomoidea_1,0.029899209,1,NC,nc_116_Heligmosomoidea_1,Microgale brevicaudata,Mandena,secondary_forest,1
2118,nc_129,NA,Trichostrongylidae,FALSE,Trichostrongylidae_1,0.746465535,1,NC,nc_129_Trichostrongylidae_1,Microgale brevicaudata,Mandena,secondary_forest,1
2118,nc_131,NA,Trichostrongylidae,FALSE,Trichostrongylidae_2,0.17655415,1,NC,nc_131_Trichostrongylidae_2,Microgale brevicaudata,Mandena,secondary_forest,1
2120,nc_116,Heligmosomoidea,Heligmosomoidea,TRUE,Heligmosomoidea_1,0.09267672199999999,1,NC,nc_116_Heligmosomoidea_1,Microgale brevicaudata,Mandena,secondary_forest,1
2120,nc_129,NA,Trichostrongylidae,FALSE,Trichostrongylidae_1,0.583136471,1,NC,nc_129_Trichostrongylidae_1,Microgale brevicaudata,Mandena,secondary_forest,1
2120,nc_131,NA,Trichostrongylidae,FALSE,Trichostrongylidae_2,0.254043249,1,NC,nc_131_Trichostrongylidae_2,Microgale brevicaudata,Mandena,secondary_forest,1
2120,nc_99,Nippostrongylus,Nippostrongylus,TRUE,Nippostrongylus,0.010176267,1,NC,nc_99_Nippostrongylus,Microgale brevicaudata,Mandena,secondary_forest,1
2121,nc_102,Globocephalus,Globocephalus,TRUE,Globocephalus,0.96923673,1,NC,nc_102_Globocephalus,Setifer setosus,Mandena,secondary_forest,1
2122,nc_95,NA,Heligmonellidae,FALSE,Heligmonellidae,0.017557252,1,NC,nc_95_Heligmonellidae,Rattus rattus,Mandena,secondary_forest,1
2122,nc_99,Nippostrongylus,Nippostrongylus,TRUE,Nippostrongylus,0.917557252,1,NC,nc_99_Nippostrongylus,Rattus rattus,Mandena,secondary_forest,1
2123,nc_99,Nippostrongylus,Nippostrongylus,TRUE,Nippostrongylus,0.9607597220000003,1,NC,nc_99_Nippostrongylus,Rattus rattus,Mandena,secondary_forest,1
2125,nc_116,Heligmosomoidea,Heligmosomoidea,TRUE,Heligmosomoidea_1,0.288063695,1,NC,nc_116_Heligmosomoidea_1,Microgale brevicaudata,Mandena,secondary_forest,1
2125,nc_129,NA,Trichostrongylidae,FALSE,Trichostrongylidae_1,0.250342622,1,NC,nc_129_Trichostrongylidae_1,Microgale brevicaudata,Mandena,secondary_forest,1
2125,nc_131,NA,Trichostrongylidae,FALSE,Trichostrongylidae_2,0.36970567099999996,1,NC,nc_131_Trichostrongylidae_2,Microgale brevicaudata,Mandena,secondary_forest,1
2126,nc_116,Heligmosomoidea,Heligmosomoidea,TRUE,Heligmosomoidea_1,0.034502397,1,NC,nc_116_Heligmosomoidea_1,Microgale brevicaudata,Mandena,secondary_forest,1
2126,nc_129,NA,Trichostrongylidae,FALSE,Trichostrongylidae_1,0.494233781,1,NC,nc_129_Trichostrongylidae_1,Microgale brevicaudata,Mandena,secondary_forest,1
2126,nc_131,NA,Trichostrongylidae,FALSE,Trichostrongylidae_2,0.347064686,1,NC,nc_131_Trichostrongylidae_2,Microgale brevicaudata,Mandena,secondary_forest,1
2127,nc_99,Nippostrongylus,Nippostrongylus,TRUE,Nippostrongylus,0.966289933,1,NC,nc_99_Nippostrongylus,Rattus rattus,Mandena,secondary_forest,1
2128,nc_99,Nippostrongylus,Nippostrongylus,TRUE,Nippostrongylus,0.973331632,1,NC,nc_99_Nippostrongylus,Rattus rattus,Mandena,secondary_forest,1
2129,nc_99,Nippostrongylus,Nippostrongylus,TRUE,Nippostrongylus,0.96819622,1,NC,nc_99_Nippostrongylus,Rattus rattus,Mandena,secondary_forest,1
2130,nc_201,NA,Nematoda,FALSE,Nematoda_42,0.011407619,1,NC,nc_201_Nematoda_42,Rattus rattus,Mandena,secondary_forest,1
2130,nc_99,Nippostrongylus,Nippostrongylus,TRUE,Nippostrongylus,0.9242887219999999,1,NC,nc_99_Nippostrongylus,Rattus rattus,Mandena,secondary_forest,1
2131,nc_116,Heligmosomoidea,Heligmosomoidea,TRUE,Heligmosomoidea_1,0.9602563179999999,1,NC,nc_116_Heligmosomoidea_1,Microgale brevicaudata,Mandena,secondary_forest,1
2132,nc_116,Heligmosomoidea,Heligmosomoidea,TRUE,Heligmosomoidea_1,0.913335109,1,NC,nc_116_Heligmosomoidea_1,Microgale brevicaudata,Mandena,semi-intact_forest,1
2132,nc_131,NA,Trichostrongylidae,FALSE,Trichostrongylidae_2,0.013148543,1,NC,nc_131_Trichostrongylidae_2,Microgale brevicaudata,Mandena,semi-intact_forest,1
2133,nc_116,Heligmosomoidea,Heligmosomoidea,TRUE,Heligmosomoidea_1,0.50767841,1,NC,nc_116_Heligmosomoidea_1,Microgale brevicaudata,Mandena,semi-intact_forest,1
2133,nc_129,NA,Trichostrongylidae,FALSE,Trichostrongylidae_1,0.22131888,1,NC,nc_129_Trichostrongylidae_1,Microgale brevicaudata,Mandena,semi-intact_forest,1
2133,nc_131,NA,Trichostrongylidae,FALSE,Trichostrongylidae_2,0.135501355,1,NC,nc_131_Trichostrongylidae_2,Microgale brevicaudata,Mandena,semi-intact_forest,1
2134,nc_116,Heligmosomoidea,Heligmosomoidea,TRUE,Heligmosomoidea_1,0.5012671639999999,1,NC,nc_116_Heligmosomoidea_1,Microgale brevicaudata,Mandena,semi-intact_forest,1
2134,nc_129,NA,Trichostrongylidae,FALSE,Trichostrongylidae_1,0.270454287,1,NC,nc_129_Trichostrongylidae_1,Microgale brevicaudata,Mandena,semi-intact_forest,1
2134,nc_131,NA,Trichostrongylidae,FALSE,Trichostrongylidae_2,0.08374626399999999,1,NC,nc_131_Trichostrongylidae_2,Microgale brevicaudata,Mandena,semi-intact_forest,1
2135,nc_94,NA,Strongylida,FALSE,Strongylida_1,0.957522827,1,NC,nc_94_Strongylida_1,Eliurus webbi,Mandena,semi-intact_forest,1
2136,nc_129,NA,Trichostrongylidae,FALSE,Trichostrongylidae_1,0.735723772,1,NC,nc_129_Trichostrongylidae_1,Microgale brevicaudata,Mandena,semi-intact_forest,1
2136,nc_131,NA,Trichostrongylidae,FALSE,Trichostrongylidae_2,0.231407703,1,NC,nc_131_Trichostrongylidae_2,Microgale brevicaudata,Mandena,semi-intact_forest,1
2136,nc_99,Nippostrongylus,Nippostrongylus,TRUE,Nippostrongylus,0.012948207,1,NC,nc_99_Nippostrongylus,Microgale brevicaudata,Mandena,semi-intact_forest,1
2141,nc_196,NA,Chromadorea,FALSE,Chromadorea_47,0.096167665,1,NC,nc_196_Chromadorea_47,Eliurus webbi,Mandena,semi-intact_forest,1
2141,nc_94,NA,Strongylida,FALSE,Strongylida_1,0.8594011970000001,1,NC,nc_94_Strongylida_1,Eliurus webbi,Mandena,semi-intact_forest,1
2142,nc_145,NA,Chromadorea,FALSE,Chromadorea_23,0.513639388,1,NC,nc_145_Chromadorea_23,Microgale brevicaudata,Mandena,semi-intact_forest,1
2142,nc_191,NA,Chromadorea,FALSE,Chromadorea_31,0.33666001300000004,1,NC,nc_191_Chromadorea_31,Microgale brevicaudata,Mandena,semi-intact_forest,1
2142,nc_81,NA,Rhabditida,FALSE,Rhabditida_26,0.048569528,1,NC,nc_81_Rhabditida_26,Microgale brevicaudata,Mandena,semi-intact_forest,1
2142,nc_95,NA,Heligmonellidae,FALSE,Heligmonellidae,0.01996008,1,NC,nc_95_Heligmonellidae,Microgale brevicaudata,Mandena,semi-intact_forest,1
2142,nc_99,Nippostrongylus,Nippostrongylus,TRUE,Nippostrongylus,0.0332668,1,NC,nc_99_Nippostrongylus,Microgale brevicaudata,Mandena,semi-intact_forest,1
2143,nc_116,Heligmosomoidea,Heligmosomoidea,TRUE,Heligmosomoidea_1,0.668621701,1,NC,nc_116_Heligmosomoidea_1,Microgale brevicaudata,Mandena,semi-intact_forest,1
2143,nc_129,NA,Trichostrongylidae,FALSE,Trichostrongylidae_1,0.107958807,1,NC,nc_129_Trichostrongylidae_1,Microgale brevicaudata,Mandena,semi-intact_forest,1
2143,nc_131,NA,Trichostrongylidae,FALSE,Trichostrongylidae_2,0.092204869,1,NC,nc_131_Trichostrongylidae_2,Microgale brevicaudata,Mandena,semi-intact_forest,1
2144,nc_116,Heligmosomoidea,Heligmosomoidea,TRUE,Heligmosomoidea_1,0.369685623,1,NC,nc_116_Heligmosomoidea_1,Microgale brevicaudata,Mandena,semi-intact_forest,1
2144,nc_129,NA,Trichostrongylidae,FALSE,Trichostrongylidae_1,0.272018098,1,NC,nc_129_Trichostrongylidae_1,Microgale brevicaudata,Mandena,semi-intact_forest,1
2144,nc_131,NA,Trichostrongylidae,FALSE,Trichostrongylidae_2,0.180513301,1,NC,nc_131_Trichostrongylidae_2,Microgale brevicaudata,Mandena,semi-intact_forest,1
2145,nc_129,NA,Trichostrongylidae,FALSE,Trichostrongylidae_1,0.437626309,1,NC,nc_129_Trichostrongylidae_1,Microgale brevicaudata,Mandena,flooded_rice,1
2145,nc_131,NA,Trichostrongylidae,FALSE,Trichostrongylidae_2,0.542531692,1,NC,nc_131_Trichostrongylidae_2,Microgale brevicaudata,Mandena,flooded_rice,1
2146,nc_140,NA,Chromadorea,FALSE,Chromadorea_58,0.02402691,1,NC,nc_140_Chromadorea_58,Microgale brevicaudata,Mandena,flooded_rice,1
2146,nc_71,NA,Chromadorea,FALSE,Chromadorea_6,0.43680922600000005,1,NC,nc_71_Chromadorea_6,Microgale brevicaudata,Mandena,flooded_rice,1
2146,nc_76,NA,Rhabditida,FALSE,Rhabditida_22,0.337337818,1,NC,nc_76_Rhabditida_22,Microgale brevicaudata,Mandena,flooded_rice,1
2146,nc_77,NA,Chromadorea,FALSE,Chromadorea_59,0.03219606,1,NC,nc_77_Chromadorea_59,Microgale brevicaudata,Mandena,flooded_rice,1
2146,nc_78,NA,Chromadorea,FALSE,Chromadorea_46,0.037962518,1,NC,nc_78_Chromadorea_46,Microgale brevicaudata,Mandena,flooded_rice,1
2146,nc_99,Nippostrongylus,Nippostrongylus,TRUE,Nippostrongylus,0.021624219,1,NC,nc_99_Nippostrongylus,Microgale brevicaudata,Mandena,flooded_rice,1
2147,nc_129,NA,Trichostrongylidae,FALSE,Trichostrongylidae_1,0.63051902,1,NC,nc_129_Trichostrongylidae_1,Microgale brevicaudata,Mandena,flooded_rice,1
2147,nc_131,NA,Trichostrongylidae,FALSE,Trichostrongylidae_2,0.292364788,1,NC,nc_131_Trichostrongylidae_2,Microgale brevicaudata,Mandena,flooded_rice,1
2148,nc_129,NA,Trichostrongylidae,FALSE,Trichostrongylidae_1,0.281418544,1,NC,nc_129_Trichostrongylidae_1,Microgale brevicaudata,Mandena,flooded_rice,1
2148,nc_131,NA,Trichostrongylidae,FALSE,Trichostrongylidae_2,0.6664203910000001,1,NC,nc_131_Trichostrongylidae_2,Microgale brevicaudata,Mandena,flooded_rice,1
2151,nc_95,NA,Heligmonellidae,FALSE,Heligmonellidae,0.982691628,1,NC,nc_95_Heligmonellidae,Mus musculus,Mandena,flooded_rice,1
2152,nc_99,Nippostrongylus,Nippostrongylus,TRUE,Nippostrongylus,0.8592672410000001,1,NC,nc_99_Nippostrongylus,Rattus rattus,Mandena,flooded_rice,1
2153,nc_99,Nippostrongylus,Nippostrongylus,TRUE,Nippostrongylus,0.950989979,1,NC,nc_99_Nippostrongylus,Rattus rattus,Mandena,flooded_rice,1
2156,nc_129,NA,Trichostrongylidae,FALSE,Trichostrongylidae_1,0.500421636,1,NC,nc_129_Trichostrongylidae_1,Microgale brevicaudata,Mandena,flooded_rice,1
2156,nc_131,NA,Trichostrongylidae,FALSE,Trichostrongylidae_2,0.321286592,1,NC,nc_131_Trichostrongylidae_2,Microgale brevicaudata,Mandena,flooded_rice,1
2156,nc_99,Nippostrongylus,Nippostrongylus,TRUE,Nippostrongylus,0.010842067,1,NC,nc_99_Nippostrongylus,Microgale brevicaudata,Mandena,flooded_rice,1
2159,nc_95,NA,Heligmonellidae,FALSE,Heligmonellidae,0.980773082,1,NC,nc_95_Heligmonellidae,Mus musculus,Mandena,flooded_rice,1
2160,nc_99,Nippostrongylus,Nippostrongylus,TRUE,Nippostrongylus,0.9262035849999999,1,NC,nc_99_Nippostrongylus,Rattus rattus,Mandena,flooded_rice,1
2161,nc_66,NA,Chromadorea,FALSE,Chromadorea_4,0.88559614,1,NC,nc_66_Chromadorea_4,Microgale brevicaudata,Mandena,flooded_rice,1
2161,nc_99,Nippostrongylus,Nippostrongylus,TRUE,Nippostrongylus,0.069607167,1,NC,nc_99_Nippostrongylus,Microgale brevicaudata,Mandena,flooded_rice,1
2162,nc_129,NA,Trichostrongylidae,FALSE,Trichostrongylidae_1,0.488848058,1,NC,nc_129_Trichostrongylidae_1,Microgale brevicaudata,Mandena,flooded_rice,1
2162,nc_131,NA,Trichostrongylidae,FALSE,Trichostrongylidae_2,0.40152095200000004,1,NC,nc_131_Trichostrongylidae_2,Microgale brevicaudata,Mandena,flooded_rice,1
2164,nc_102,Globocephalus,Globocephalus,TRUE,Globocephalus,0.88070318,1,NC,nc_102_Globocephalus,Setifer setosus,Mandena,flooded_rice,1
2164,nc_93,NA,Chromadorea,FALSE,Chromadorea_2,0.099684991,1,NC,nc_93_Chromadorea_2,Setifer setosus,Mandena,flooded_rice,1
2166,nc_95,NA,Heligmonellidae,FALSE,Heligmonellidae,0.98754078,1,NC,nc_95_Heligmonellidae,Mus musculus,Mandena,flooded_rice,1
2167,nc_95,NA,Heligmonellidae,FALSE,Heligmonellidae,0.979087965,1,NC,nc_95_Heligmonellidae,Mus musculus,Mandena,flooded_rice,1
2168,nc_95,NA,Heligmonellidae,FALSE,Heligmonellidae,0.9885186050000001,1,NC,nc_95_Heligmonellidae,Mus musculus,Mandena,flooded_rice,1
2170,nc_129,NA,Trichostrongylidae,FALSE,Trichostrongylidae_1,0.602229075,1,NC,nc_129_Trichostrongylidae_1,Microgale brevicaudata,Mandena,flooded_rice,1
2170,nc_131,NA,Trichostrongylidae,FALSE,Trichostrongylidae_2,0.303846778,1,NC,nc_131_Trichostrongylidae_2,Microgale brevicaudata,Mandena,flooded_rice,1
2170,nc_99,Nippostrongylus,Nippostrongylus,TRUE,Nippostrongylus,0.01033382,1,NC,nc_99_Nippostrongylus,Microgale brevicaudata,Mandena,flooded_rice,1
2173,nc_129,NA,Trichostrongylidae,FALSE,Trichostrongylidae_1,0.607304387,1,NC,nc_129_Trichostrongylidae_1,Microgale brevicaudata,Mandena,flooded_rice,1
2173,nc_131,NA,Trichostrongylidae,FALSE,Trichostrongylidae_2,0.331411126,1,NC,nc_131_Trichostrongylidae_2,Microgale brevicaudata,Mandena,flooded_rice,1
2174,nc_95,NA,Heligmonellidae,FALSE,Heligmonellidae,0.978201227,1,NC,nc_95_Heligmonellidae,Mus musculus,Mandena,flooded_rice,1
2177,nc_99,Nippostrongylus,Nippostrongylus,TRUE,Nippostrongylus,0.9565104170000001,1,NC,nc_99_Nippostrongylus,Rattus rattus,Mandena,flooded_rice,1
2180,nc_95,NA,Heligmonellidae,FALSE,Heligmonellidae,0.9597552199999999,1,NC,nc_95_Heligmonellidae,Mus musculus,Mandena,flooded_rice,1
2181,nc_99,Nippostrongylus,Nippostrongylus,TRUE,Nippostrongylus,0.9717196089999999,1,NC,nc_99_Nippostrongylus,Rattus rattus,Mandena,flooded_rice,1
2182,nc_99,Nippostrongylus,Nippostrongylus,TRUE,Nippostrongylus,0.974211536,1,NC,nc_99_Nippostrongylus,Rattus rattus,Mandena,flooded_rice,1
2183,nc_99,Nippostrongylus,Nippostrongylus,TRUE,Nippostrongylus,0.9312815059999999,1,NC,nc_99_Nippostrongylus,Rattus rattus,Mandena,flooded_rice,1
2187,nc_99,Nippostrongylus,Nippostrongylus,TRUE,Nippostrongylus,0.937619472,1,NC,nc_99_Nippostrongylus,Rattus rattus,Mandena,flooded_rice,1
2188,nc_129,NA,Trichostrongylidae,FALSE,Trichostrongylidae_1,0.5922166870000001,1,NC,nc_129_Trichostrongylidae_1,Microgale brevicaudata,Mandena,agroforest,1
2188,nc_131,NA,Trichostrongylidae,FALSE,Trichostrongylidae_2,0.318244085,1,NC,nc_131_Trichostrongylidae_2,Microgale brevicaudata,Mandena,agroforest,1
2195,nc_129,NA,Trichostrongylidae,FALSE,Trichostrongylidae_1,0.5678005370000001,1,NC,nc_129_Trichostrongylidae_1,Microgale brevicaudata,Mandena,agroforest,1
2195,nc_131,NA,Trichostrongylidae,FALSE,Trichostrongylidae_2,0.344054129,1,NC,nc_131_Trichostrongylidae_2,Microgale brevicaudata,Mandena,agroforest,1
2196,nc_129,NA,Trichostrongylidae,FALSE,Trichostrongylidae_1,0.118811881,1,NC,nc_129_Trichostrongylidae_1,Microgale brevicaudata,Mandena,agroforest,1
2196,nc_131,NA,Trichostrongylidae,FALSE,Trichostrongylidae_2,0.130693069,1,NC,nc_131_Trichostrongylidae_2,Microgale brevicaudata,Mandena,agroforest,1
2196,nc_95,NA,Heligmonellidae,FALSE,Heligmonellidae,0.073267327,1,NC,nc_95_Heligmonellidae,Microgale brevicaudata,Mandena,agroforest,1
2196,nc_99,Nippostrongylus,Nippostrongylus,TRUE,Nippostrongylus,0.6059405929999999,1,NC,nc_99_Nippostrongylus,Microgale brevicaudata,Mandena,agroforest,1
2197,nc_129,NA,Trichostrongylidae,FALSE,Trichostrongylidae_1,0.022738268,1,NC,nc_129_Trichostrongylidae_1,Microgale brevicaudata,Mandena,agroforest,1
2197,nc_131,NA,Trichostrongylidae,FALSE,Trichostrongylidae_2,0.025641026,1,NC,nc_131_Trichostrongylidae_2,Microgale brevicaudata,Mandena,agroforest,1
2197,nc_168,NA,Chromadorea,FALSE,Chromadorea_44,0.121432027,1,NC,nc_168_Chromadorea_44,Microgale brevicaudata,Mandena,agroforest,1
2197,nc_66,NA,Chromadorea,FALSE,Chromadorea_4,0.017900339,1,NC,nc_66_Chromadorea_4,Microgale brevicaudata,Mandena,agroforest,1
2197,nc_74,NA,Chromadorea,FALSE,Chromadorea_1,0.624092889,1,NC,nc_74_Chromadorea_1,Microgale brevicaudata,Mandena,agroforest,1
2197,nc_95,NA,Heligmonellidae,FALSE,Heligmonellidae,0.040154813,1,NC,nc_95_Heligmonellidae,Microgale brevicaudata,Mandena,agroforest,1
2197,nc_99,Nippostrongylus,Nippostrongylus,TRUE,Nippostrongylus,0.075955491,1,NC,nc_99_Nippostrongylus,Microgale brevicaudata,Mandena,agroforest,1
2199,nc_95,NA,Heligmonellidae,FALSE,Heligmonellidae,0.684560191,1,NC,nc_95_Heligmonellidae,Mus musculus,Mandena,village,1
2199,nc_99,Nippostrongylus,Nippostrongylus,TRUE,Nippostrongylus,0.268402871,1,NC,nc_99_Nippostrongylus,Mus musculus,Mandena,village,1
2203,nc_99,Nippostrongylus,Nippostrongylus,TRUE,Nippostrongylus,0.955028227,1,NC,nc_99_Nippostrongylus,Rattus rattus,Mandena,village,1
2204,nc_99,Nippostrongylus,Nippostrongylus,TRUE,Nippostrongylus,0.948018357,1,NC,nc_99_Nippostrongylus,Rattus rattus,Mandena,village,1
2207,nc_99,Nippostrongylus,Nippostrongylus,TRUE,Nippostrongylus,0.948312922,1,NC,nc_99_Nippostrongylus,Rattus rattus,Mandena,agroforest,1
2209,nc_95,NA,Heligmonellidae,FALSE,Heligmonellidae,0.969804233,1,NC,nc_95_Heligmonellidae,Mus musculus,Mandena,agroforest,1
2210,nc_95,NA,Heligmonellidae,FALSE,Heligmonellidae,0.9662774199999999,1,NC,nc_95_Heligmonellidae,Mus musculus,Mandena,agroforest,1
2210,nc_99,Nippostrongylus,Nippostrongylus,TRUE,Nippostrongylus,0.012004802,1,NC,nc_99_Nippostrongylus,Mus musculus,Mandena,agroforest,1
2212,nc_102,Globocephalus,Globocephalus,TRUE,Globocephalus,0.977217,1,NC,nc_102_Globocephalus,Setifer setosus,Mandena,agroforest,1
2213,nc_102,Globocephalus,Globocephalus,TRUE,Globocephalus,0.6174203,1,NC,nc_102_Globocephalus,Setifer setosus,Mandena,agroforest,1
2213,nc_93,NA,Chromadorea,FALSE,Chromadorea_2,0.35085869999999997,1,NC,nc_93_Chromadorea_2,Setifer setosus,Mandena,agroforest,1
2213,nc_99,Nippostrongylus,Nippostrongylus,TRUE,Nippostrongylus,0.0106905,1,NC,nc_99_Nippostrongylus,Setifer setosus,Mandena,agroforest,1
2214,nc_95,NA,Heligmonellidae,FALSE,Heligmonellidae,0.96834115,1,NC,nc_95_Heligmonellidae,Mus musculus,Mandena,agroforest,1
2215,nc_95,NA,Heligmonellidae,FALSE,Heligmonellidae,0.980197232,1,NC,nc_95_Heligmonellidae,Mus musculus,Mandena,agroforest,1
2216,nc_99,Nippostrongylus,Nippostrongylus,TRUE,Nippostrongylus,0.9559758430000002,1,NC,nc_99_Nippostrongylus,Rattus rattus,Mandena,agroforest,1
2217,nc_99,Nippostrongylus,Nippostrongylus,TRUE,Nippostrongylus,0.9304827150000001,1,NC,nc_99_Nippostrongylus,Rattus rattus,Mandena,agroforest,1
2218,nc_99,Nippostrongylus,Nippostrongylus,TRUE,Nippostrongylus,0.9368358909999999,1,NC,nc_99_Nippostrongylus,Rattus rattus,Mandena,agroforest,1
2219,nc_102,Globocephalus,Globocephalus,TRUE,Globocephalus,0.953152697,1,NC,nc_102_Globocephalus,Setifer setosus,Mandena,agroforest,1
2219,nc_99,Nippostrongylus,Nippostrongylus,TRUE,Nippostrongylus,0.014687263,1,NC,nc_99_Nippostrongylus,Setifer setosus,Mandena,agroforest,1
2221,nc_99,Nippostrongylus,Nippostrongylus,TRUE,Nippostrongylus,0.940338238,1,NC,nc_99_Nippostrongylus,Rattus rattus,Mandena,village,1
2222,nc_129,NA,Trichostrongylidae,FALSE,Trichostrongylidae_1,0.071047957,1,NC,nc_129_Trichostrongylidae_1,Rattus rattus,Mandena,village,1
2222,nc_131,NA,Trichostrongylidae,FALSE,Trichostrongylidae_2,0.065719361,1,NC,nc_131_Trichostrongylidae_2,Rattus rattus,Mandena,village,1
2222,nc_242,NA,Ancylostomatidae,FALSE,Ancylostomatidae,0.024866785,1,NC,nc_242_Ancylostomatidae,Rattus rattus,Mandena,village,1
2222,nc_30,NA,Chromadorea,FALSE,Chromadorea_20,0.484902309,1,NC,nc_30_Chromadorea_20,Rattus rattus,Mandena,village,1
2222,nc_95,NA,Heligmonellidae,FALSE,Heligmonellidae,0.06749556,1,NC,nc_95_Heligmonellidae,Rattus rattus,Mandena,village,1
2222,nc_99,Nippostrongylus,Nippostrongylus,TRUE,Nippostrongylus,0.207815275,1,NC,nc_99_Nippostrongylus,Rattus rattus,Mandena,village,1
2228,nc_99,Nippostrongylus,Nippostrongylus,TRUE,Nippostrongylus,0.9358711119999998,1,NC,nc_99_Nippostrongylus,Rattus rattus,Mandena,agroforest,1
2229,nc_99,Nippostrongylus,Nippostrongylus,TRUE,Nippostrongylus,0.9430851059999997,1,NC,nc_99_Nippostrongylus,Rattus rattus,Mandena,agroforest,1
2231,nc_95,NA,Heligmonellidae,FALSE,Heligmonellidae,0.9709502329999999,1,NC,nc_95_Heligmonellidae,Mus musculus,Mandena,agroforest,1
2232,nc_95,NA,Heligmonellidae,FALSE,Heligmonellidae,0.9678925199999999,1,NC,nc_95_Heligmonellidae,Mus musculus,Mandena,agroforest,1
2232,nc_99,Nippostrongylus,Nippostrongylus,TRUE,Nippostrongylus,0.013435045,1,NC,nc_99_Nippostrongylus,Mus musculus,Mandena,agroforest,1
2235,nc_129,NA,Trichostrongylidae,FALSE,Trichostrongylidae_1,0.5874175189999999,1,NC,nc_129_Trichostrongylidae_1,Microgale brevicaudata,Mandena,agroforest,1
2235,nc_131,NA,Trichostrongylidae,FALSE,Trichostrongylidae_2,0.33249383,1,NC,nc_131_Trichostrongylidae_2,Microgale brevicaudata,Mandena,agroforest,1
2237,nc_95,NA,Heligmonellidae,FALSE,Heligmonellidae,0.958415973,1,NC,nc_95_Heligmonellidae,Mus musculus,Mandena,agroforest,1
2238,nc_95,NA,Heligmonellidae,FALSE,Heligmonellidae,0.9806486480000001,1,NC,nc_95_Heligmonellidae,Mus musculus,Mandena,agroforest,1
2240,nc_95,NA,Heligmonellidae,FALSE,Heligmonellidae,0.986526069,1,NC,nc_95_Heligmonellidae,Mus musculus,Mandena,agroforest,1
2241,nc_99,Nippostrongylus,Nippostrongylus,TRUE,Nippostrongylus,0.951981351,1,NC,nc_99_Nippostrongylus,Rattus rattus,Mandena,agroforest,1
2242,nc_99,Nippostrongylus,Nippostrongylus,TRUE,Nippostrongylus,0.920828258,1,NC,nc_99_Nippostrongylus,Rattus rattus,Mandena,agroforest,1
2243,nc_223,NA,Nematoda,FALSE,Nematoda_32,0.022538946,1,NC,nc_223_Nematoda_32,Rattus rattus,Mandena,agroforest,1
2243,nc_99,Nippostrongylus,Nippostrongylus,TRUE,Nippostrongylus,0.9522704670000001,1,NC,nc_99_Nippostrongylus,Rattus rattus,Mandena,agroforest,1
2246,nc_95,NA,Heligmonellidae,FALSE,Heligmonellidae,0.9800155,1,NC,nc_95_Heligmonellidae,Mus musculus,Mandena,agroforest,1
2248,nc_99,Nippostrongylus,Nippostrongylus,TRUE,Nippostrongylus,0.27782477299999997,1,NC,nc_99_Nippostrongylus,Rattus rattus,Mandena,agroforest,1
2249,nc_99,Nippostrongylus,Nippostrongylus,TRUE,Nippostrongylus,0.9560031799999998,1,NC,nc_99_Nippostrongylus,Rattus rattus,Mandena,agroforest,1
2251,nc_99,Nippostrongylus,Nippostrongylus,TRUE,Nippostrongylus,0.9559055120000001,1,NC,nc_99_Nippostrongylus,Rattus rattus,Mandena,agroforest,1
2255,nc_133,NA,Chromadorea,FALSE,Chromadorea_45,0.116973127,1,NC,nc_133_Chromadorea_45,Microgale brevicaudata,Mandena,brushy_regrowth,2
2255,nc_139,NA,Nematoda,FALSE,Nematoda_4,0.010183876,1,NC,nc_139_Nematoda_4,Microgale brevicaudata,Mandena,brushy_regrowth,2
2255,nc_140,NA,Chromadorea,FALSE,Chromadorea_58,0.010183876,1,NC,nc_140_Chromadorea_58,Microgale brevicaudata,Mandena,brushy_regrowth,2
2255,nc_70,NA,Chromadorea,FALSE,Chromadorea_51,0.013295615,1,NC,nc_70_Chromadorea_51,Microgale brevicaudata,Mandena,brushy_regrowth,2
2255,nc_71,NA,Chromadorea,FALSE,Chromadorea_6,0.5957567189999999,1,NC,nc_71_Chromadorea_6,Microgale brevicaudata,Mandena,brushy_regrowth,2
2255,nc_76,NA,Rhabditida,FALSE,Rhabditida_22,0.02758133,1,NC,nc_76_Rhabditida_22,Microgale brevicaudata,Mandena,brushy_regrowth,2
2255,nc_85,NA,Nematoda,FALSE,Nematoda_29,0.027298445,1,NC,nc_85_Nematoda_29,Microgale brevicaudata,Mandena,brushy_regrowth,2
2256,nc_116,Heligmosomoidea,Heligmosomoidea,TRUE,Heligmosomoidea_1,0.96868471,1,NC,nc_116_Heligmosomoidea_1,Microgale brevicaudata,Mandena,brushy_regrowth,2
2256,nc_99,Nippostrongylus,Nippostrongylus,TRUE,Nippostrongylus,0.01213466,1,NC,nc_99_Nippostrongylus,Microgale brevicaudata,Mandena,brushy_regrowth,2
2257,nc_129,NA,Trichostrongylidae,FALSE,Trichostrongylidae_1,0.35595262,1,NC,nc_129_Trichostrongylidae_1,Microgale brevicaudata,Mandena,brushy_regrowth,2
2257,nc_131,NA,Trichostrongylidae,FALSE,Trichostrongylidae_2,0.590845212,1,NC,nc_131_Trichostrongylidae_2,Microgale brevicaudata,Mandena,brushy_regrowth,2
2259,nc_95,NA,Heligmonellidae,FALSE,Heligmonellidae,0.99536161,1,NC,nc_95_Heligmonellidae,Mus musculus,Mandena,brushy_regrowth,2
2260,nc_95,NA,Heligmonellidae,FALSE,Heligmonellidae,0.9838826999999999,1,NC,nc_95_Heligmonellidae,Mus musculus,Mandena,brushy_regrowth,2
2261,nc_99,Nippostrongylus,Nippostrongylus,TRUE,Nippostrongylus,0.9387450869999999,1,NC,nc_99_Nippostrongylus,Rattus rattus,Mandena,brushy_regrowth,2
2262,nc_99,Nippostrongylus,Nippostrongylus,TRUE,Nippostrongylus,0.9477502700000001,1,NC,nc_99_Nippostrongylus,Rattus rattus,Mandena,brushy_regrowth,2
2263,nc_99,Nippostrongylus,Nippostrongylus,TRUE,Nippostrongylus,0.955196089,1,NC,nc_99_Nippostrongylus,Rattus rattus,Mandena,brushy_regrowth,2
2267,nc_74,NA,Chromadorea,FALSE,Chromadorea_1,0.960392902,1,NC,nc_74_Chromadorea_1,Microgale brevicaudata,Mandena,brushy_regrowth,2
2267,nc_99,Nippostrongylus,Nippostrongylus,TRUE,Nippostrongylus,0.016159696,1,NC,nc_99_Nippostrongylus,Microgale brevicaudata,Mandena,brushy_regrowth,2
2269,nc_99,Nippostrongylus,Nippostrongylus,TRUE,Nippostrongylus,0.939002073,1,NC,nc_99_Nippostrongylus,Rattus rattus,Mandena,brushy_regrowth,2
2270,nc_99,Nippostrongylus,Nippostrongylus,TRUE,Nippostrongylus,0.9286877699999998,1,NC,nc_99_Nippostrongylus,Rattus rattus,Mandena,brushy_regrowth,2
2271,nc_116,Heligmosomoidea,Heligmosomoidea,TRUE,Heligmosomoidea_1,0.41042605000000004,1,NC,nc_116_Heligmosomoidea_1,Microgale brevicaudata,Mandena,brushy_regrowth,2
2271,nc_129,NA,Trichostrongylidae,FALSE,Trichostrongylidae_1,0.1697243,1,NC,nc_129_Trichostrongylidae_1,Microgale brevicaudata,Mandena,brushy_regrowth,2
2271,nc_131,NA,Trichostrongylidae,FALSE,Trichostrongylidae_2,0.321604,1,NC,nc_131_Trichostrongylidae_2,Microgale brevicaudata,Mandena,brushy_regrowth,2
2274,nc_129,NA,Trichostrongylidae,FALSE,Trichostrongylidae_1,0.51842213,1,NC,nc_129_Trichostrongylidae_1,Microgale brevicaudata,Mandena,brushy_regrowth,2
2274,nc_131,NA,Trichostrongylidae,FALSE,Trichostrongylidae_2,0.40226600999999995,1,NC,nc_131_Trichostrongylidae_2,Microgale brevicaudata,Mandena,brushy_regrowth,2
2276,nc_129,NA,Trichostrongylidae,FALSE,Trichostrongylidae_1,0.60702389,1,NC,nc_129_Trichostrongylidae_1,Microgale brevicaudata,Mandena,brushy_regrowth,2
2276,nc_131,NA,Trichostrongylidae,FALSE,Trichostrongylidae_2,0.33399383,1,NC,nc_131_Trichostrongylidae_2,Microgale brevicaudata,Mandena,brushy_regrowth,2
2277,nc_99,Nippostrongylus,Nippostrongylus,TRUE,Nippostrongylus,0.9497523000000001,1,NC,nc_99_Nippostrongylus,Rattus rattus,Mandena,brushy_regrowth,2
2278,nc_99,Nippostrongylus,Nippostrongylus,TRUE,Nippostrongylus,0.94799807,1,NC,nc_99_Nippostrongylus,Rattus rattus,Mandena,brushy_regrowth,2
2279,nc_129,NA,Trichostrongylidae,FALSE,Trichostrongylidae_1,0.5398135000000001,1,NC,nc_129_Trichostrongylidae_1,Microgale brevicaudata,Mandena,brushy_regrowth,2
2279,nc_131,NA,Trichostrongylidae,FALSE,Trichostrongylidae_2,0.37628403,1,NC,nc_131_Trichostrongylidae_2,Microgale brevicaudata,Mandena,brushy_regrowth,2
2281,nc_116,Heligmosomoidea,Heligmosomoidea,TRUE,Heligmosomoidea_1,0.18306499999999998,1,NC,nc_116_Heligmosomoidea_1,Microgale brevicaudata,Mandena,brushy_regrowth,2
2281,nc_129,NA,Trichostrongylidae,FALSE,Trichostrongylidae_1,0.37447825,1,NC,nc_129_Trichostrongylidae_1,Microgale brevicaudata,Mandena,brushy_regrowth,2
2281,nc_131,NA,Trichostrongylidae,FALSE,Trichostrongylidae_2,0.27762163999999995,1,NC,nc_131_Trichostrongylidae_2,Microgale brevicaudata,Mandena,brushy_regrowth,2
2282,nc_116,Heligmosomoidea,Heligmosomoidea,TRUE,Heligmosomoidea_1,0.47830087400000004,1,NC,nc_116_Heligmosomoidea_1,Microgale brevicaudata,Mandena,brushy_regrowth,2
2282,nc_129,NA,Trichostrongylidae,FALSE,Trichostrongylidae_1,0.220058273,1,NC,nc_129_Trichostrongylidae_1,Microgale brevicaudata,Mandena,brushy_regrowth,2
2282,nc_131,NA,Trichostrongylidae,FALSE,Trichostrongylidae_2,0.144763073,1,NC,nc_131_Trichostrongylidae_2,Microgale brevicaudata,Mandena,brushy_regrowth,2
2283,nc_129,NA,Trichostrongylidae,FALSE,Trichostrongylidae_1,0.56969861,1,NC,nc_129_Trichostrongylidae_1,Microgale brevicaudata,Mandena,brushy_regrowth,2
2283,nc_131,NA,Trichostrongylidae,FALSE,Trichostrongylidae_2,0.32979763,1,NC,nc_131_Trichostrongylidae_2,Microgale brevicaudata,Mandena,brushy_regrowth,2
2284,nc_129,NA,Trichostrongylidae,FALSE,Trichostrongylidae_1,0.47948573000000005,1,NC,nc_129_Trichostrongylidae_1,Microgale brevicaudata,Mandena,brushy_regrowth,2
2284,nc_131,NA,Trichostrongylidae,FALSE,Trichostrongylidae_2,0.41698576000000004,1,NC,nc_131_Trichostrongylidae_2,Microgale brevicaudata,Mandena,brushy_regrowth,2
2286,nc_129,NA,Trichostrongylidae,FALSE,Trichostrongylidae_1,0.5221072999999999,1,NC,nc_129_Trichostrongylidae_1,Microgale brevicaudata,Mandena,brushy_regrowth,2
2286,nc_131,NA,Trichostrongylidae,FALSE,Trichostrongylidae_2,0.4228598,1,NC,nc_131_Trichostrongylidae_2,Microgale brevicaudata,Mandena,brushy_regrowth,2
2286,nc_99,Nippostrongylus,Nippostrongylus,TRUE,Nippostrongylus,0.02539981,1,NC,nc_99_Nippostrongylus,Microgale brevicaudata,Mandena,brushy_regrowth,2
2287,nc_99,Nippostrongylus,Nippostrongylus,TRUE,Nippostrongylus,0.9526532900000001,1,NC,nc_99_Nippostrongylus,Rattus rattus,Mandena,brushy_regrowth,2
2291,nc_129,NA,Trichostrongylidae,FALSE,Trichostrongylidae_1,0.6113297959999999,1,NC,nc_129_Trichostrongylidae_1,Microgale brevicaudata,Mandena,agriculture,2
2291,nc_131,NA,Trichostrongylidae,FALSE,Trichostrongylidae_2,0.315676878,1,NC,nc_131_Trichostrongylidae_2,Microgale brevicaudata,Mandena,agriculture,2
2293,nc_129,NA,Trichostrongylidae,FALSE,Trichostrongylidae_1,0.5609576430000001,1,NC,nc_129_Trichostrongylidae_1,Microgale brevicaudata,Mandena,agriculture,2
2293,nc_131,NA,Trichostrongylidae,FALSE,Trichostrongylidae_2,0.388950276,1,NC,nc_131_Trichostrongylidae_2,Microgale brevicaudata,Mandena,agriculture,2
2294,nc_129,NA,Trichostrongylidae,FALSE,Trichostrongylidae_1,0.49336501,1,NC,nc_129_Trichostrongylidae_1,Microgale brevicaudata,Mandena,agriculture,2
2294,nc_131,NA,Trichostrongylidae,FALSE,Trichostrongylidae_2,0.43773615,1,NC,nc_131_Trichostrongylidae_2,Microgale brevicaudata,Mandena,agriculture,2
2295,nc_129,NA,Trichostrongylidae,FALSE,Trichostrongylidae_1,0.638693675,1,NC,nc_129_Trichostrongylidae_1,Microgale brevicaudata,Mandena,agriculture,2
2295,nc_131,NA,Trichostrongylidae,FALSE,Trichostrongylidae_2,0.282968169,1,NC,nc_131_Trichostrongylidae_2,Microgale brevicaudata,Mandena,agriculture,2
2297,nc_95,NA,Heligmonellidae,FALSE,Heligmonellidae,0.9883856,1,NC,nc_95_Heligmonellidae,Mus musculus,Mandena,agriculture,2
2298,nc_95,NA,Heligmonellidae,FALSE,Heligmonellidae,0.9704611000000001,1,NC,nc_95_Heligmonellidae,Mus musculus,Mandena,agriculture,2
2299,nc_95,NA,Heligmonellidae,FALSE,Heligmonellidae,0.9892221000000001,1,NC,nc_95_Heligmonellidae,Mus musculus,Mandena,agriculture,2
2300,nc_95,NA,Heligmonellidae,FALSE,Heligmonellidae,0.979495974,1,NC,nc_95_Heligmonellidae,Mus musculus,Mandena,agriculture,2
2301,nc_95,NA,Heligmonellidae,FALSE,Heligmonellidae,0.9723473990000001,1,NC,nc_95_Heligmonellidae,Mus musculus,Mandena,agriculture,2
2302,nc_99,Nippostrongylus,Nippostrongylus,TRUE,Nippostrongylus,0.9363349579999999,1,NC,nc_99_Nippostrongylus,Rattus rattus,Mandena,agriculture,2
2304,nc_99,Nippostrongylus,Nippostrongylus,TRUE,Nippostrongylus,0.9305894890000002,1,NC,nc_99_Nippostrongylus,Rattus rattus,Mandena,agriculture,2
2305,nc_129,NA,Trichostrongylidae,FALSE,Trichostrongylidae_1,0.567927928,1,NC,nc_129_Trichostrongylidae_1,Microgale brevicaudata,Mandena,agriculture,2
2305,nc_131,NA,Trichostrongylidae,FALSE,Trichostrongylidae_2,0.37249249199999995,1,NC,nc_131_Trichostrongylidae_2,Microgale brevicaudata,Mandena,agriculture,2
2306,nc_129,NA,Trichostrongylidae,FALSE,Trichostrongylidae_1,0.651740139,1,NC,nc_129_Trichostrongylidae_1,Microgale brevicaudata,Mandena,agriculture,2
2306,nc_131,NA,Trichostrongylidae,FALSE,Trichostrongylidae_2,0.265815932,1,NC,nc_131_Trichostrongylidae_2,Microgale brevicaudata,Mandena,agriculture,2
2307,nc_129,NA,Trichostrongylidae,FALSE,Trichostrongylidae_1,0.49901574800000004,1,NC,nc_129_Trichostrongylidae_1,Microgale brevicaudata,Mandena,agriculture,2
2307,nc_131,NA,Trichostrongylidae,FALSE,Trichostrongylidae_2,0.43626968499999996,1,NC,nc_131_Trichostrongylidae_2,Microgale brevicaudata,Mandena,agriculture,2
2309,nc_129,NA,Trichostrongylidae,FALSE,Trichostrongylidae_1,0.49676834999999997,1,NC,nc_129_Trichostrongylidae_1,Microgale brevicaudata,Mandena,agriculture,2
2309,nc_131,NA,Trichostrongylidae,FALSE,Trichostrongylidae_2,0.44506145,1,NC,nc_131_Trichostrongylidae_2,Microgale brevicaudata,Mandena,agriculture,2
2312,nc_99,Nippostrongylus,Nippostrongylus,TRUE,Nippostrongylus,0.9271309649999998,1,NC,nc_99_Nippostrongylus,Rattus rattus,Mandena,agriculture,2
2313,nc_99,Nippostrongylus,Nippostrongylus,TRUE,Nippostrongylus,0.944491169,1,NC,nc_99_Nippostrongylus,Rattus rattus,Mandena,agriculture,2
2314,nc_99,Nippostrongylus,Nippostrongylus,TRUE,Nippostrongylus,0.966285547,1,NC,nc_99_Nippostrongylus,Rattus rattus,Mandena,agriculture,2
2315,nc_99,Nippostrongylus,Nippostrongylus,TRUE,Nippostrongylus,0.9422229220000001,1,NC,nc_99_Nippostrongylus,Rattus rattus,Mandena,agriculture,2
2318,nc_129,NA,Trichostrongylidae,FALSE,Trichostrongylidae_1,0.8031029199999999,1,NC,nc_129_Trichostrongylidae_1,Microgale brevicaudata,Mandena,agriculture,2
2318,nc_131,NA,Trichostrongylidae,FALSE,Trichostrongylidae_2,0.14320641,1,NC,nc_131_Trichostrongylidae_2,Microgale brevicaudata,Mandena,agriculture,2
2319,nc_139,NA,Nematoda,FALSE,Nematoda_4,0.5711488,1,NC,nc_139_Nematoda_4,Microgale brevicaudata,Mandena,agriculture,2
2319,nc_65,NA,Rhabditida,FALSE,Rhabditida_1,0.02610967,1,NC,nc_65_Rhabditida_1,Microgale brevicaudata,Mandena,agriculture,2
2319,nc_66,NA,Chromadorea,FALSE,Chromadorea_4,0.2806789,1,NC,nc_66_Chromadorea_4,Microgale brevicaudata,Mandena,agriculture,2
2319,nc_99,Nippostrongylus,Nippostrongylus,TRUE,Nippostrongylus,0.07898173,1,NC,nc_99_Nippostrongylus,Microgale brevicaudata,Mandena,agriculture,2
2321,nc_95,NA,Heligmonellidae,FALSE,Heligmonellidae,0.9658765,1,NC,nc_95_Heligmonellidae,Mus musculus,Mandena,agriculture,2
2321,nc_99,Nippostrongylus,Nippostrongylus,TRUE,Nippostrongylus,0.01472701,1,NC,nc_99_Nippostrongylus,Mus musculus,Mandena,agriculture,2
2324,nc_99,Nippostrongylus,Nippostrongylus,TRUE,Nippostrongylus,0.952373985,1,NC,nc_99_Nippostrongylus,Rattus rattus,Mandena,agriculture,2
2325,nc_10,NA,Strongylida,FALSE,Strongylida_7,0.01820604,1,NC,nc_10_Strongylida_7,Tenrec ecaudatus,Mandena,agriculture,2
2325,nc_129,NA,Trichostrongylidae,FALSE,Trichostrongylidae_1,0.01420959,1,NC,nc_129_Trichostrongylidae_1,Tenrec ecaudatus,Mandena,agriculture,2
2325,nc_131,NA,Trichostrongylidae,FALSE,Trichostrongylidae_2,0.01021314,1,NC,nc_131_Trichostrongylidae_2,Tenrec ecaudatus,Mandena,agriculture,2
2325,nc_93,NA,Chromadorea,FALSE,Chromadorea_2,0.9009768499999999,1,NC,nc_93_Chromadorea_2,Tenrec ecaudatus,Mandena,agriculture,2
2325,nc_95,NA,Heligmonellidae,FALSE,Heligmonellidae,0.01243339,1,NC,nc_95_Heligmonellidae,Tenrec ecaudatus,Mandena,agriculture,2
2325,nc_99,Nippostrongylus,Nippostrongylus,TRUE,Nippostrongylus,0.01554174,1,NC,nc_99_Nippostrongylus,Tenrec ecaudatus,Mandena,agriculture,2
2327,nc_129,NA,Trichostrongylidae,FALSE,Trichostrongylidae_1,0.74904736,1,NC,nc_129_Trichostrongylidae_1,Microgale brevicaudata,Mandena,agriculture,2
2327,nc_131,NA,Trichostrongylidae,FALSE,Trichostrongylidae_2,0.19052803499999998,1,NC,nc_131_Trichostrongylidae_2,Microgale brevicaudata,Mandena,agriculture,2
2328,nc_99,Nippostrongylus,Nippostrongylus,TRUE,Nippostrongylus,0.963783656,1,NC,nc_99_Nippostrongylus,Rattus rattus,Mandena,agriculture,2
2329,nc_216,NA,Chromadorea,FALSE,Chromadorea_7,0.033778642,1,NC,nc_216_Chromadorea_7,Rattus rattus,Mandena,agriculture,2
2329,nc_217,NA,Nematoda,FALSE,Nematoda_11,0.39748034100000007,1,NC,nc_217_Nematoda_11,Rattus rattus,Mandena,agriculture,2
2329,nc_52,NA,Nematoda,FALSE,Nematoda_15,0.412276994,1,NC,nc_52_Nematoda_15,Rattus rattus,Mandena,agriculture,2
2330,nc_99,Nippostrongylus,Nippostrongylus,TRUE,Nippostrongylus,0.9292506650000001,1,NC,nc_99_Nippostrongylus,Rattus rattus,Mandena,agriculture,2
2333,nc_129,NA,Trichostrongylidae,FALSE,Trichostrongylidae_1,0.603120042,1,NC,nc_129_Trichostrongylidae_1,Microgale brevicaudata,Mandena,agriculture,2
2333,nc_131,NA,Trichostrongylidae,FALSE,Trichostrongylidae_2,0.345187731,1,NC,nc_131_Trichostrongylidae_2,Microgale brevicaudata,Mandena,agriculture,2
2333,nc_66,NA,Chromadorea,FALSE,Chromadorea_4,0.012559492,1,NC,nc_66_Chromadorea_4,Microgale brevicaudata,Mandena,agriculture,2
2337,nc_116,Heligmosomoidea,Heligmosomoidea,TRUE,Heligmosomoidea_1,0.011320755,1,NC,nc_116_Heligmosomoidea_1,Rattus rattus,Mandena,agriculture,2
2337,nc_129,NA,Trichostrongylidae,FALSE,Trichostrongylidae_1,0.088679245,1,NC,nc_129_Trichostrongylidae_1,Rattus rattus,Mandena,agriculture,2
2337,nc_131,NA,Trichostrongylidae,FALSE,Trichostrongylidae_2,0.056603774,1,NC,nc_131_Trichostrongylidae_2,Rattus rattus,Mandena,agriculture,2
2337,nc_95,NA,Heligmonellidae,FALSE,Heligmonellidae,0.086792452,1,NC,nc_95_Heligmonellidae,Rattus rattus,Mandena,agriculture,2
2337,nc_99,Nippostrongylus,Nippostrongylus,TRUE,Nippostrongylus,0.669811321,1,NC,nc_99_Nippostrongylus,Rattus rattus,Mandena,agriculture,2
2341,nc_99,Nippostrongylus,Nippostrongylus,TRUE,Nippostrongylus,0.9221940320000002,1,NC,nc_99_Nippostrongylus,Rattus rattus,Mandena,agriculture,2
2342,nc_99,Nippostrongylus,Nippostrongylus,TRUE,Nippostrongylus,0.947464597,1,NC,nc_99_Nippostrongylus,Rattus rattus,Mandena,agriculture,2
2345,nc_129,NA,Trichostrongylidae,FALSE,Trichostrongylidae_1,0.29746317499999997,1,NC,nc_129_Trichostrongylidae_1,Microgale brevicaudata,Mandena,secondary_forest,2
2345,nc_131,NA,Trichostrongylidae,FALSE,Trichostrongylidae_2,0.618930714,1,NC,nc_131_Trichostrongylidae_2,Microgale brevicaudata,Mandena,secondary_forest,2
2345,nc_99,Nippostrongylus,Nippostrongylus,TRUE,Nippostrongylus,0.010774686,1,NC,nc_99_Nippostrongylus,Microgale brevicaudata,Mandena,secondary_forest,2
2346,nc_116,Heligmosomoidea,Heligmosomoidea,TRUE,Heligmosomoidea_1,0.722305513,1,NC,nc_116_Heligmosomoidea_1,Microgale brevicaudata,Mandena,secondary_forest,2
2346,nc_129,NA,Trichostrongylidae,FALSE,Trichostrongylidae_1,0.069132101,1,NC,nc_129_Trichostrongylidae_1,Microgale brevicaudata,Mandena,secondary_forest,2
2346,nc_131,NA,Trichostrongylidae,FALSE,Trichostrongylidae_2,0.093619857,1,NC,nc_131_Trichostrongylidae_2,Microgale brevicaudata,Mandena,secondary_forest,2
2346,nc_99,Nippostrongylus,Nippostrongylus,TRUE,Nippostrongylus,0.010494753,1,NC,nc_99_Nippostrongylus,Microgale brevicaudata,Mandena,secondary_forest,2
2348,nc_139,NA,Nematoda,FALSE,Nematoda_4,0.20326404999999997,1,NC,nc_139_Nematoda_4,Microgale brevicaudata,Mandena,secondary_forest,2
2348,nc_74,NA,Chromadorea,FALSE,Chromadorea_1,0.7062315000000001,1,NC,nc_74_Chromadorea_1,Microgale brevicaudata,Mandena,secondary_forest,2
2348,nc_99,Nippostrongylus,Nippostrongylus,TRUE,Nippostrongylus,0.04896142,1,NC,nc_99_Nippostrongylus,Microgale brevicaudata,Mandena,secondary_forest,2
2349,nc_116,Heligmosomoidea,Heligmosomoidea,TRUE,Heligmosomoidea_1,0.640190089,1,NC,nc_116_Heligmosomoidea_1,Microgale brevicaudata,Mandena,secondary_forest,2
2349,nc_129,NA,Trichostrongylidae,FALSE,Trichostrongylidae_1,0.143368512,1,NC,nc_129_Trichostrongylidae_1,Microgale brevicaudata,Mandena,secondary_forest,2
2349,nc_131,NA,Trichostrongylidae,FALSE,Trichostrongylidae_2,0.074924397,1,NC,nc_131_Trichostrongylidae_2,Microgale brevicaudata,Mandena,secondary_forest,2
2350,nc_116,Heligmosomoidea,Heligmosomoidea,TRUE,Heligmosomoidea_1,0.96644401,1,NC,nc_116_Heligmosomoidea_1,Microgale brevicaudata,Mandena,secondary_forest,2
2354,nc_99,Nippostrongylus,Nippostrongylus,TRUE,Nippostrongylus,0.9517403499999997,1,NC,nc_99_Nippostrongylus,Rattus rattus,Mandena,secondary_forest,2
2355,nc_116,Heligmosomoidea,Heligmosomoidea,TRUE,Heligmosomoidea_1,0.149646625,1,NC,nc_116_Heligmosomoidea_1,Microgale brevicaudata,Mandena,secondary_forest,2
2355,nc_129,NA,Trichostrongylidae,FALSE,Trichostrongylidae_1,0.38717607400000004,1,NC,nc_129_Trichostrongylidae_1,Microgale brevicaudata,Mandena,secondary_forest,2
2355,nc_131,NA,Trichostrongylidae,FALSE,Trichostrongylidae_2,0.29396701700000005,1,NC,nc_131_Trichostrongylidae_2,Microgale brevicaudata,Mandena,secondary_forest,2
2359,nc_116,Heligmosomoidea,Heligmosomoidea,TRUE,Heligmosomoidea_1,0.955883495,1,NC,nc_116_Heligmosomoidea_1,Microgale brevicaudata,Mandena,secondary_forest,2
2360,nc_102,Globocephalus,Globocephalus,TRUE,Globocephalus,0.7239264,1,NC,nc_102_Globocephalus,Setifer setosus,Mandena,secondary_forest,2
2360,nc_93,NA,Chromadorea,FALSE,Chromadorea_2,0.24039389,1,NC,nc_93_Chromadorea_2,Setifer setosus,Mandena,secondary_forest,2
2361,nc_99,Nippostrongylus,Nippostrongylus,TRUE,Nippostrongylus,0.9641723349999998,1,NC,nc_99_Nippostrongylus,Rattus rattus,Mandena,secondary_forest,2
2364,nc_102,Globocephalus,Globocephalus,TRUE,Globocephalus,0.230321523,1,NC,nc_102_Globocephalus,Setifer setosus,Mandena,secondary_forest,2
2365,nc_102,Globocephalus,Globocephalus,TRUE,Globocephalus,0.9727957999999999,1,NC,nc_102_Globocephalus,Setifer setosus,Mandena,secondary_forest,2
2366,nc_102,Globocephalus,Globocephalus,TRUE,Globocephalus,0.9676411899999999,1,NC,nc_102_Globocephalus,Setifer setosus,Mandena,secondary_forest,2
2368,nc_99,Nippostrongylus,Nippostrongylus,TRUE,Nippostrongylus,0.9511892320000002,1,NC,nc_99_Nippostrongylus,Rattus rattus,Mandena,secondary_forest,2
2369,nc_102,Globocephalus,Globocephalus,TRUE,Globocephalus,0.977056219,1,NC,nc_102_Globocephalus,Setifer setosus,Mandena,secondary_forest,2
2371,nc_116,Heligmosomoidea,Heligmosomoidea,TRUE,Heligmosomoidea_1,0.9310149700000002,1,NC,nc_116_Heligmosomoidea_1,Microgale brevicaudata,Mandena,semi-intact_forest,2
2371,nc_99,Nippostrongylus,Nippostrongylus,TRUE,Nippostrongylus,0.02290076,1,NC,nc_99_Nippostrongylus,Microgale brevicaudata,Mandena,semi-intact_forest,2
2372,nc_129,NA,Trichostrongylidae,FALSE,Trichostrongylidae_1,0.567530225,1,NC,nc_129_Trichostrongylidae_1,Microgale brevicaudata,Mandena,semi-intact_forest,2
2372,nc_131,NA,Trichostrongylidae,FALSE,Trichostrongylidae_2,0.385492228,1,NC,nc_131_Trichostrongylidae_2,Microgale brevicaudata,Mandena,semi-intact_forest,2
2373,nc_116,Heligmosomoidea,Heligmosomoidea,TRUE,Heligmosomoidea_1,0.6631592199999999,1,NC,nc_116_Heligmosomoidea_1,Microgale brevicaudata,Mandena,semi-intact_forest,2
2373,nc_129,NA,Trichostrongylidae,FALSE,Trichostrongylidae_1,0.11959592999999999,1,NC,nc_129_Trichostrongylidae_1,Microgale brevicaudata,Mandena,semi-intact_forest,2
2373,nc_131,NA,Trichostrongylidae,FALSE,Trichostrongylidae_2,0.08959172,1,NC,nc_131_Trichostrongylidae_2,Microgale brevicaudata,Mandena,semi-intact_forest,2
2374,nc_116,Heligmosomoidea,Heligmosomoidea,TRUE,Heligmosomoidea_1,0.636051829,1,NC,nc_116_Heligmosomoidea_1,Microgale brevicaudata,Mandena,semi-intact_forest,2
2374,nc_129,NA,Trichostrongylidae,FALSE,Trichostrongylidae_1,0.196074695,1,NC,nc_129_Trichostrongylidae_1,Microgale brevicaudata,Mandena,semi-intact_forest,2
2374,nc_131,NA,Trichostrongylidae,FALSE,Trichostrongylidae_2,0.048018293,1,NC,nc_131_Trichostrongylidae_2,Microgale brevicaudata,Mandena,semi-intact_forest,2
2375,nc_116,Heligmosomoidea,Heligmosomoidea,TRUE,Heligmosomoidea_1,0.34233064,1,NC,nc_116_Heligmosomoidea_1,Microgale brevicaudata,Mandena,semi-intact_forest,2
2375,nc_129,NA,Trichostrongylidae,FALSE,Trichostrongylidae_1,0.2755008,1,NC,nc_129_Trichostrongylidae_1,Microgale brevicaudata,Mandena,semi-intact_forest,2
2375,nc_131,NA,Trichostrongylidae,FALSE,Trichostrongylidae_2,0.19131362,1,NC,nc_131_Trichostrongylidae_2,Microgale brevicaudata,Mandena,semi-intact_forest,2
2376,nc_129,NA,Trichostrongylidae,FALSE,Trichostrongylidae_1,0.1260504,1,NC,nc_129_Trichostrongylidae_1,Eliurus webbi,Mandena,semi-intact_forest,2
2376,nc_131,NA,Trichostrongylidae,FALSE,Trichostrongylidae_2,0.09411765,1,NC,nc_131_Trichostrongylidae_2,Eliurus webbi,Mandena,semi-intact_forest,2
2376,nc_195,NA,Nematoda,FALSE,Nematoda_25,0.05042017,1,NC,nc_195_Nematoda_25,Eliurus webbi,Mandena,semi-intact_forest,2
2376,nc_95,NA,Heligmonellidae,FALSE,Heligmonellidae,0.06218487,1,NC,nc_95_Heligmonellidae,Eliurus webbi,Mandena,semi-intact_forest,2
2376,nc_99,Nippostrongylus,Nippostrongylus,TRUE,Nippostrongylus,0.17647055,1,NC,nc_99_Nippostrongylus,Eliurus webbi,Mandena,semi-intact_forest,2
2377,nc_99,Nippostrongylus,Nippostrongylus,TRUE,Nippostrongylus,0.3796387829999999,1,NC,nc_99_Nippostrongylus,Rattus rattus,Mandena,semi-intact_forest,2
2378,nc_116,Heligmosomoidea,Heligmosomoidea,TRUE,Heligmosomoidea_1,0.9770841200000001,1,NC,nc_116_Heligmosomoidea_1,Microgale brevicaudata,Mandena,semi-intact_forest,2
2380,nc_129,NA,Trichostrongylidae,FALSE,Trichostrongylidae_1,0.0113924,1,NC,nc_129_Trichostrongylidae_1,Eliurus webbi,Mandena,semi-intact_forest,2
2380,nc_99,Nippostrongylus,Nippostrongylus,TRUE,Nippostrongylus,0.01677215,1,NC,nc_99_Nippostrongylus,Eliurus webbi,Mandena,semi-intact_forest,2
2382,nc_94,NA,Strongylida,FALSE,Strongylida_1,0.9424336449999998,1,NC,nc_94_Strongylida_1,Nesomys cf. audeberti,Mandena,semi-intact_forest,2
2383,nc_116,Heligmosomoidea,Heligmosomoidea,TRUE,Heligmosomoidea_1,0.11117535,1,NC,nc_116_Heligmosomoidea_1,Microgale brevicaudata,Mandena,semi-intact_forest,2
2383,nc_129,NA,Trichostrongylidae,FALSE,Trichostrongylidae_1,0.48286118000000006,1,NC,nc_129_Trichostrongylidae_1,Microgale brevicaudata,Mandena,semi-intact_forest,2
2383,nc_131,NA,Trichostrongylidae,FALSE,Trichostrongylidae_2,0.24630382,1,NC,nc_131_Trichostrongylidae_2,Microgale brevicaudata,Mandena,semi-intact_forest,2
2385,nc_116,Heligmosomoidea,Heligmosomoidea,TRUE,Heligmosomoidea_1,0.7629935600000001,1,NC,nc_116_Heligmosomoidea_1,Microgale brevicaudata,Mandena,semi-intact_forest,2
2385,nc_129,NA,Trichostrongylidae,FALSE,Trichostrongylidae_1,0.07035609,1,NC,nc_129_Trichostrongylidae_1,Microgale brevicaudata,Mandena,semi-intact_forest,2
2385,nc_131,NA,Trichostrongylidae,FALSE,Trichostrongylidae_2,0.03858426,1,NC,nc_131_Trichostrongylidae_2,Microgale brevicaudata,Mandena,semi-intact_forest,2
2389,nc_129,NA,Trichostrongylidae,FALSE,Trichostrongylidae_1,0.53084271,1,NC,nc_129_Trichostrongylidae_1,Microgale brevicaudata,Mandena,flooded_rice,2
2389,nc_131,NA,Trichostrongylidae,FALSE,Trichostrongylidae_2,0.40816838,1,NC,nc_131_Trichostrongylidae_2,Microgale brevicaudata,Mandena,flooded_rice,2
2392,nc_74,NA,Chromadorea,FALSE,Chromadorea_1,0.96437661,1,NC,nc_74_Chromadorea_1,Microgale brevicaudata,Mandena,flooded_rice,2
2392,nc_99,Nippostrongylus,Nippostrongylus,TRUE,Nippostrongylus,0.01434189,1,NC,nc_99_Nippostrongylus,Microgale brevicaudata,Mandena,flooded_rice,2
2393,nc_99,Nippostrongylus,Nippostrongylus,TRUE,Nippostrongylus,0.01225787,1,NC,nc_99_Nippostrongylus,Microgale brevicaudata,Mandena,flooded_rice,2
2394,nc_129,NA,Trichostrongylidae,FALSE,Trichostrongylidae_1,0.558821352,1,NC,nc_129_Trichostrongylidae_1,Microgale brevicaudata,Mandena,flooded_rice,2
2394,nc_131,NA,Trichostrongylidae,FALSE,Trichostrongylidae_2,0.383652921,1,NC,nc_131_Trichostrongylidae_2,Microgale brevicaudata,Mandena,flooded_rice,2
2395,nc_95,NA,Heligmonellidae,FALSE,Heligmonellidae,0.908579,1,NC,nc_95_Heligmonellidae,Mus musculus,Mandena,flooded_rice,2
2396,nc_99,Nippostrongylus,Nippostrongylus,TRUE,Nippostrongylus,0.42389846999999997,1,NC,nc_99_Nippostrongylus,Rattus rattus,Mandena,flooded_rice,2
2397,nc_99,Nippostrongylus,Nippostrongylus,TRUE,Nippostrongylus,0.9435931399999999,1,NC,nc_99_Nippostrongylus,Rattus rattus,Mandena,flooded_rice,2
2398,nc_99,Nippostrongylus,Nippostrongylus,TRUE,Nippostrongylus,0.9524061330000001,1,NC,nc_99_Nippostrongylus,Rattus rattus,Mandena,flooded_rice,2
2401,nc_129,NA,Trichostrongylidae,FALSE,Trichostrongylidae_1,0.676149,1,NC,nc_129_Trichostrongylidae_1,Microgale brevicaudata,Mandena,flooded_rice,2
2401,nc_131,NA,Trichostrongylidae,FALSE,Trichostrongylidae_2,0.24870696,1,NC,nc_131_Trichostrongylidae_2,Microgale brevicaudata,Mandena,flooded_rice,2
2402,nc_129,NA,Trichostrongylidae,FALSE,Trichostrongylidae_1,0.5908641480000001,1,NC,nc_129_Trichostrongylidae_1,Microgale brevicaudata,Mandena,flooded_rice,2
2402,nc_131,NA,Trichostrongylidae,FALSE,Trichostrongylidae_2,0.34506624500000005,1,NC,nc_131_Trichostrongylidae_2,Microgale brevicaudata,Mandena,flooded_rice,2
2406,nc_129,NA,Trichostrongylidae,FALSE,Trichostrongylidae_1,0.6100095,1,NC,nc_129_Trichostrongylidae_1,Microgale brevicaudata,Mandena,flooded_rice,2
2406,nc_131,NA,Trichostrongylidae,FALSE,Trichostrongylidae_2,0.32305823,1,NC,nc_131_Trichostrongylidae_2,Microgale brevicaudata,Mandena,flooded_rice,2
2407,nc_129,NA,Trichostrongylidae,FALSE,Trichostrongylidae_1,0.1266687,1,NC,nc_129_Trichostrongylidae_1,Microgale brevicaudata,Mandena,flooded_rice,2
2407,nc_131,NA,Trichostrongylidae,FALSE,Trichostrongylidae_2,0.07979524,1,NC,nc_131_Trichostrongylidae_2,Microgale brevicaudata,Mandena,flooded_rice,2
2407,nc_99,Nippostrongylus,Nippostrongylus,TRUE,Nippostrongylus,0.7488708599999999,1,NC,nc_99_Nippostrongylus,Microgale brevicaudata,Mandena,flooded_rice,2
2408,nc_102,Globocephalus,Globocephalus,TRUE,Globocephalus,0.07767548,1,NC,nc_102_Globocephalus,Setifer setosus,Mandena,flooded_rice,2
2409,nc_95,NA,Heligmonellidae,FALSE,Heligmonellidae,0.9791219,1,NC,nc_95_Heligmonellidae,Mus musculus,Mandena,flooded_rice,2
2410,nc_99,Nippostrongylus,Nippostrongylus,TRUE,Nippostrongylus,0.9514074099999998,1,NC,nc_99_Nippostrongylus,Rattus rattus,Mandena,flooded_rice,2
2411,nc_148,NA,Chromadorea,FALSE,Chromadorea_67,0.02013423,1,NC,nc_148_Chromadorea_67,Microgale brevicaudata,Mandena,flooded_rice,2
2411,nc_74,NA,Chromadorea,FALSE,Chromadorea_1,0.7782749,1,NC,nc_74_Chromadorea_1,Microgale brevicaudata,Mandena,flooded_rice,2
2411,nc_8,NA,Nematoda,FALSE,Nematoda_41,0.01143425,1,NC,nc_8_Nematoda_41,Microgale brevicaudata,Mandena,flooded_rice,2
2411,nc_81,NA,Rhabditida,FALSE,Rhabditida_26,0.1237882,1,NC,nc_81_Rhabditida_26,Microgale brevicaudata,Mandena,flooded_rice,2
2413,nc_95,NA,Heligmonellidae,FALSE,Heligmonellidae,0.9750428,1,NC,nc_95_Heligmonellidae,Mus musculus,Mandena,flooded_rice,2
2414,nc_95,NA,Heligmonellidae,FALSE,Heligmonellidae,0.9691254,1,NC,nc_95_Heligmonellidae,Mus musculus,Mandena,flooded_rice,2
2414,nc_99,Nippostrongylus,Nippostrongylus,TRUE,Nippostrongylus,0.01159115,1,NC,nc_99_Nippostrongylus,Mus musculus,Mandena,flooded_rice,2
2415,nc_95,NA,Heligmonellidae,FALSE,Heligmonellidae,0.9913896,1,NC,nc_95_Heligmonellidae,Mus musculus,Mandena,flooded_rice,2
2416,nc_99,Nippostrongylus,Nippostrongylus,TRUE,Nippostrongylus,0.956531455,1,NC,nc_99_Nippostrongylus,Rattus rattus,Mandena,flooded_rice,2
2417,nc_99,Nippostrongylus,Nippostrongylus,TRUE,Nippostrongylus,0.979434447,1,NC,nc_99_Nippostrongylus,Rattus rattus,Mandena,flooded_rice,2
2419,nc_99,Nippostrongylus,Nippostrongylus,TRUE,Nippostrongylus,0.94974537,1,NC,nc_99_Nippostrongylus,Rattus rattus,Mandena,flooded_rice,2
2420,nc_99,Nippostrongylus,Nippostrongylus,TRUE,Nippostrongylus,0.93930985,1,NC,nc_99_Nippostrongylus,Rattus rattus,Mandena,flooded_rice,2
2422,nc_129,NA,Trichostrongylidae,FALSE,Trichostrongylidae_1,0.5722886,1,NC,nc_129_Trichostrongylidae_1,Microgale brevicaudata,Mandena,flooded_rice,2
2422,nc_131,NA,Trichostrongylidae,FALSE,Trichostrongylidae_2,0.37352865,1,NC,nc_131_Trichostrongylidae_2,Microgale brevicaudata,Mandena,flooded_rice,2
2423,nc_129,NA,Trichostrongylidae,FALSE,Trichostrongylidae_1,0.622228566,1,NC,nc_129_Trichostrongylidae_1,Microgale brevicaudata,Mandena,flooded_rice,2
2423,nc_131,NA,Trichostrongylidae,FALSE,Trichostrongylidae_2,0.32600628,1,NC,nc_131_Trichostrongylidae_2,Microgale brevicaudata,Mandena,flooded_rice,2
2425,nc_95,NA,Heligmonellidae,FALSE,Heligmonellidae,0.979846637,1,NC,nc_95_Heligmonellidae,Mus musculus,Mandena,flooded_rice,2
2426,nc_95,NA,Heligmonellidae,FALSE,Heligmonellidae,0.716649,1,NC,nc_95_Heligmonellidae,Mus musculus,Mandena,flooded_rice,2
2427,nc_99,Nippostrongylus,Nippostrongylus,TRUE,Nippostrongylus,0.6336432689999999,1,NC,nc_99_Nippostrongylus,Rattus rattus,Mandena,flooded_rice,2
2428,nc_99,Nippostrongylus,Nippostrongylus,TRUE,Nippostrongylus,0.9538175019999998,1,NC,nc_99_Nippostrongylus,Rattus rattus,Mandena,flooded_rice,2
2432,nc_129,NA,Trichostrongylidae,FALSE,Trichostrongylidae_1,0.6790663749999999,1,NC,nc_129_Trichostrongylidae_1,Microgale brevicaudata,Mandena,flooded_rice,2
2432,nc_131,NA,Trichostrongylidae,FALSE,Trichostrongylidae_2,0.228786774,1,NC,nc_131_Trichostrongylidae_2,Microgale brevicaudata,Mandena,flooded_rice,2
2433,nc_95,NA,Heligmonellidae,FALSE,Heligmonellidae,0.9794879999999999,1,NC,nc_95_Heligmonellidae,Mus musculus,Mandena,flooded_rice,2
2434,nc_99,Nippostrongylus,Nippostrongylus,TRUE,Nippostrongylus,0.955512572,1,NC,nc_99_Nippostrongylus,Rattus rattus,Mandena,flooded_rice,2
2435,nc_99,Nippostrongylus,Nippostrongylus,TRUE,Nippostrongylus,0.9537516800000001,1,NC,nc_99_Nippostrongylus,Rattus rattus,Mandena,flooded_rice,2
2436,nc_99,Nippostrongylus,Nippostrongylus,TRUE,Nippostrongylus,0.9531560199999999,1,NC,nc_99_Nippostrongylus,Rattus rattus,Mandena,flooded_rice,2
2437,nc_99,Nippostrongylus,Nippostrongylus,TRUE,Nippostrongylus,0.9657356100000001,1,NC,nc_99_Nippostrongylus,Rattus rattus,Mandena,flooded_rice,2
2438,nc_99,Nippostrongylus,Nippostrongylus,TRUE,Nippostrongylus,0.97731861,1,NC,nc_99_Nippostrongylus,Rattus rattus,Mandena,flooded_rice,2
2444,nc_129,NA,Trichostrongylidae,FALSE,Trichostrongylidae_1,0.445492248,1,NC,nc_129_Trichostrongylidae_1,Microgale brevicaudata,Mandena,agroforest,2
2444,nc_131,NA,Trichostrongylidae,FALSE,Trichostrongylidae_2,0.50217241,1,NC,nc_131_Trichostrongylidae_2,Microgale brevicaudata,Mandena,agroforest,2
2445,nc_129,NA,Trichostrongylidae,FALSE,Trichostrongylidae_1,0.506651885,1,NC,nc_129_Trichostrongylidae_1,Microgale brevicaudata,Mandena,agroforest,2
2445,nc_131,NA,Trichostrongylidae,FALSE,Trichostrongylidae_2,0.400696865,1,NC,nc_131_Trichostrongylidae_2,Microgale brevicaudata,Mandena,agroforest,2
2452,nc_99,Nippostrongylus,Nippostrongylus,TRUE,Nippostrongylus,0.94735472,1,NC,nc_99_Nippostrongylus,Rattus rattus,Mandena,village,2
2454,nc_99,Nippostrongylus,Nippostrongylus,TRUE,Nippostrongylus,0.9696512410000001,1,NC,nc_99_Nippostrongylus,Rattus rattus,Mandena,village,2
2456,nc_99,Nippostrongylus,Nippostrongylus,TRUE,Nippostrongylus,0.9501149599999998,1,NC,nc_99_Nippostrongylus,Rattus rattus,Mandena,village,2
2457,nc_11,NA,Rhabditida,FALSE,Rhabditida_29,0.07496654,1,NC,nc_11_Rhabditida_29,Rattus rattus,Mandena,village,2
2461,nc_99,Nippostrongylus,Nippostrongylus,TRUE,Nippostrongylus,0.9561964599999999,1,NC,nc_99_Nippostrongylus,Rattus rattus,Mandena,agroforest,2
2462,nc_99,Nippostrongylus,Nippostrongylus,TRUE,Nippostrongylus,0.955180118,1,NC,nc_99_Nippostrongylus,Rattus rattus,Mandena,agroforest,2
2463,nc_95,NA,Heligmonellidae,FALSE,Heligmonellidae,0.979484,1,NC,nc_95_Heligmonellidae,Mus musculus,Mandena,agroforest,2
2464,nc_99,Nippostrongylus,Nippostrongylus,TRUE,Nippostrongylus,0.9436181250000001,1,NC,nc_99_Nippostrongylus,Rattus rattus,Mandena,agroforest,2
2472,nc_99,Nippostrongylus,Nippostrongylus,TRUE,Nippostrongylus,0.9280457999999999,1,NC,nc_99_Nippostrongylus,Rattus rattus,Mandena,village,2
2473,nc_95,NA,Heligmonellidae,FALSE,Heligmonellidae,0.973730159,1,NC,nc_95_Heligmonellidae,Mus musculus,Mandena,agroforest,2
2474,nc_7,NA,Rhabditida,FALSE,Rhabditida_8,0.40181924,1,NC,nc_7_Rhabditida_8,Rattus rattus,Mandena,agroforest,2
2475,nc_99,Nippostrongylus,Nippostrongylus,TRUE,Nippostrongylus,0.96265979,1,NC,nc_99_Nippostrongylus,Rattus rattus,Mandena,agroforest,2
2476,nc_102,Globocephalus,Globocephalus,TRUE,Globocephalus,0.5981752,1,NC,nc_102_Globocephalus,Setifer setosus,Mandena,agroforest,2
2476,nc_93,NA,Chromadorea,FALSE,Chromadorea_2,0.35389296000000003,1,NC,nc_93_Chromadorea_2,Setifer setosus,Mandena,agroforest,2
2476,nc_99,Nippostrongylus,Nippostrongylus,TRUE,Nippostrongylus,0.01435523,1,NC,nc_99_Nippostrongylus,Setifer setosus,Mandena,agroforest,2
2480,nc_99,Nippostrongylus,Nippostrongylus,TRUE,Nippostrongylus,0.9242872,1,NC,nc_99_Nippostrongylus,Rattus rattus,Mandena,village,2
2481,nc_99,Nippostrongylus,Nippostrongylus,TRUE,Nippostrongylus,0.9575251800000001,1,NC,nc_99_Nippostrongylus,Rattus rattus,Mandena,village,2
2484,nc_102,Globocephalus,Globocephalus,TRUE,Globocephalus,0.30705133,1,NC,nc_102_Globocephalus,Setifer setosus,Mandena,agroforest,2
2489,nc_99,Nippostrongylus,Nippostrongylus,TRUE,Nippostrongylus,0.016489041,1,NC,nc_99_Nippostrongylus,Suncus murinus,Mandena,village,2
2490,nc_99,Nippostrongylus,Nippostrongylus,TRUE,Nippostrongylus,0.9511637500000001,1,NC,nc_99_Nippostrongylus,Rattus rattus,Mandena,village,2
2491,nc_99,Nippostrongylus,Nippostrongylus,TRUE,Nippostrongylus,0.9298220420000001,1,NC,nc_99_Nippostrongylus,Rattus rattus,Mandena,village,2
2493,nc_95,NA,Heligmonellidae,FALSE,Heligmonellidae,0.016938519,1,NC,nc_95_Heligmonellidae,Setifer setosus,Mandena,agroforest,2
2493,nc_97,Angiostrongylus,Angiostrongylus,TRUE,Angiostrongylus,0.944165622,1,NC,nc_97_Angiostrongylus,Setifer setosus,Mandena,agroforest,2
2493,nc_99,Nippostrongylus,Nippostrongylus,TRUE,Nippostrongylus,0.015683814,1,NC,nc_99_Nippostrongylus,Setifer setosus,Mandena,agroforest,2
2494,nc_129,NA,Trichostrongylidae,FALSE,Trichostrongylidae_1,0.031876138,1,NC,nc_129_Trichostrongylidae_1,Suncus murinus,Mandena,agroforest,2
2494,nc_131,NA,Trichostrongylidae,FALSE,Trichostrongylidae_2,0.046448087,1,NC,nc_131_Trichostrongylidae_2,Suncus murinus,Mandena,agroforest,2
2494,nc_89,NA,Nematoda,FALSE,Nematoda_1,0.6256830600000001,1,NC,nc_89_Nematoda_1,Suncus murinus,Mandena,agroforest,2
2494,nc_90,NA,Rhabditida,FALSE,Rhabditida_28,0.022768671,1,NC,nc_90_Rhabditida_28,Suncus murinus,Mandena,agroforest,2
2494,nc_95,NA,Heligmonellidae,FALSE,Heligmonellidae,0.049180327,1,NC,nc_95_Heligmonellidae,Suncus murinus,Mandena,agroforest,2
2494,nc_99,Nippostrongylus,Nippostrongylus,TRUE,Nippostrongylus,0.132058288,1,NC,nc_99_Nippostrongylus,Suncus murinus,Mandena,agroforest,2
2496,nc_99,Nippostrongylus,Nippostrongylus,TRUE,Nippostrongylus,0.9507691699999999,1,NC,nc_99_Nippostrongylus,Rattus rattus,Mandena,agroforest,2
2497,nc_116,Heligmosomoidea,Heligmosomoidea,TRUE,Heligmosomoidea_1,0.152486911,1,NC,nc_116_Heligmosomoidea_1,Microgale brevicaudata,Mandena,brushy_regrowth,3
2497,nc_129,NA,Trichostrongylidae,FALSE,Trichostrongylidae_1,0.195789703,1,NC,nc_129_Trichostrongylidae_1,Microgale brevicaudata,Mandena,brushy_regrowth,3
2497,nc_131,NA,Trichostrongylidae,FALSE,Trichostrongylidae_2,0.552356021,1,NC,nc_131_Trichostrongylidae_2,Microgale brevicaudata,Mandena,brushy_regrowth,3
2498,nc_116,Heligmosomoidea,Heligmosomoidea,TRUE,Heligmosomoidea_1,0.011542335,1,NC,nc_116_Heligmosomoidea_1,Microgale brevicaudata,Mandena,brushy_regrowth,3
2498,nc_129,NA,Trichostrongylidae,FALSE,Trichostrongylidae_1,0.6054690530000001,1,NC,nc_129_Trichostrongylidae_1,Microgale brevicaudata,Mandena,brushy_regrowth,3
2498,nc_131,NA,Trichostrongylidae,FALSE,Trichostrongylidae_2,0.269889224,1,NC,nc_131_Trichostrongylidae_2,Microgale brevicaudata,Mandena,brushy_regrowth,3
2499,nc_99,Nippostrongylus,Nippostrongylus,TRUE,Nippostrongylus,0.9450105400000001,1,NC,nc_99_Nippostrongylus,Rattus rattus,Mandena,brushy_regrowth,3
2500,nc_99,Nippostrongylus,Nippostrongylus,TRUE,Nippostrongylus,0.9434462499999999,1,NC,nc_99_Nippostrongylus,Rattus rattus,Mandena,brushy_regrowth,3
2501,nc_99,Nippostrongylus,Nippostrongylus,TRUE,Nippostrongylus,0.9555647799999999,1,NC,nc_99_Nippostrongylus,Rattus rattus,Mandena,brushy_regrowth,3
2502,nc_99,Nippostrongylus,Nippostrongylus,TRUE,Nippostrongylus,0.9428795,1,NC,nc_99_Nippostrongylus,Rattus rattus,Mandena,brushy_regrowth,3
2504,nc_99,Nippostrongylus,Nippostrongylus,TRUE,Nippostrongylus,0.9580315199999999,1,NC,nc_99_Nippostrongylus,Rattus rattus,Mandena,brushy_regrowth,3
2505,nc_99,Nippostrongylus,Nippostrongylus,TRUE,Nippostrongylus,0.964674971,1,NC,nc_99_Nippostrongylus,Rattus rattus,Mandena,brushy_regrowth,3
2506,nc_99,Nippostrongylus,Nippostrongylus,TRUE,Nippostrongylus,0.94624374,1,NC,nc_99_Nippostrongylus,Rattus rattus,Mandena,brushy_regrowth,3
2507,nc_99,Nippostrongylus,Nippostrongylus,TRUE,Nippostrongylus,0.9512195110000001,1,NC,nc_99_Nippostrongylus,Rattus rattus,Mandena,brushy_regrowth,3
2508,nc_99,Nippostrongylus,Nippostrongylus,TRUE,Nippostrongylus,0.936553301,1,NC,nc_99_Nippostrongylus,Rattus rattus,Mandena,brushy_regrowth,3
2509,nc_99,Nippostrongylus,Nippostrongylus,TRUE,Nippostrongylus,0.9531566600000001,1,NC,nc_99_Nippostrongylus,Rattus rattus,Mandena,brushy_regrowth,3
2510,nc_99,Nippostrongylus,Nippostrongylus,TRUE,Nippostrongylus,0.96760399,1,NC,nc_99_Nippostrongylus,Rattus rattus,Mandena,brushy_regrowth,3
2511,nc_99,Nippostrongylus,Nippostrongylus,TRUE,Nippostrongylus,0.960867654,1,NC,nc_99_Nippostrongylus,Rattus rattus,Mandena,brushy_regrowth,3
2512,nc_99,Nippostrongylus,Nippostrongylus,TRUE,Nippostrongylus,0.9449905000000001,1,NC,nc_99_Nippostrongylus,Rattus rattus,Mandena,brushy_regrowth,3
2513,nc_99,Nippostrongylus,Nippostrongylus,TRUE,Nippostrongylus,0.95791905,1,NC,nc_99_Nippostrongylus,Rattus rattus,Mandena,brushy_regrowth,3
2514,nc_232,Trichostrongylus,Trichostrongylus,TRUE,Trichostrongylus_1,0.1904553,1,NC,nc_232_Trichostrongylus_1,Rattus rattus,Mandena,brushy_regrowth,3
2514,nc_99,Nippostrongylus,Nippostrongylus,TRUE,Nippostrongylus,0.7461327300000001,1,NC,nc_99_Nippostrongylus,Rattus rattus,Mandena,brushy_regrowth,3
2515,nc_99,Nippostrongylus,Nippostrongylus,TRUE,Nippostrongylus,0.942033679,1,NC,nc_99_Nippostrongylus,Rattus rattus,Mandena,brushy_regrowth,3
2516,nc_99,Nippostrongylus,Nippostrongylus,TRUE,Nippostrongylus,0.939658179,1,NC,nc_99_Nippostrongylus,Rattus rattus,Mandena,brushy_regrowth,3
2517,nc_99,Nippostrongylus,Nippostrongylus,TRUE,Nippostrongylus,0.8763318699999999,1,NC,nc_99_Nippostrongylus,Rattus rattus,Mandena,brushy_regrowth,3
2518,nc_99,Nippostrongylus,Nippostrongylus,TRUE,Nippostrongylus,0.945197895,1,NC,nc_99_Nippostrongylus,Rattus rattus,Mandena,brushy_regrowth,3
2519,nc_95,NA,Heligmonellidae,FALSE,Heligmonellidae,0.967912966,1,NC,nc_95_Heligmonellidae,Mus musculus,Mandena,brushy_regrowth,3
2520,nc_95,NA,Heligmonellidae,FALSE,Heligmonellidae,0.974761366,1,NC,nc_95_Heligmonellidae,Mus musculus,Mandena,brushy_regrowth,3
2522,nc_99,Nippostrongylus,Nippostrongylus,TRUE,Nippostrongylus,0.9515683819999998,1,NC,nc_99_Nippostrongylus,Rattus rattus,Mandena,brushy_regrowth,3
2523,nc_99,Nippostrongylus,Nippostrongylus,TRUE,Nippostrongylus,0.94438689,1,NC,nc_99_Nippostrongylus,Rattus rattus,Mandena,brushy_regrowth,3
2524,nc_116,Heligmosomoidea,Heligmosomoidea,TRUE,Heligmosomoidea_1,0.18931262799999998,1,NC,nc_116_Heligmosomoidea_1,Microgale brevicaudata,Mandena,brushy_regrowth,3
2524,nc_129,NA,Trichostrongylidae,FALSE,Trichostrongylidae_1,0.360356246,1,NC,nc_129_Trichostrongylidae_1,Microgale brevicaudata,Mandena,brushy_regrowth,3
2524,nc_131,NA,Trichostrongylidae,FALSE,Trichostrongylidae_2,0.284844332,1,NC,nc_131_Trichostrongylidae_2,Microgale brevicaudata,Mandena,brushy_regrowth,3
2524,nc_99,Nippostrongylus,Nippostrongylus,TRUE,Nippostrongylus,0.010047956,1,NC,nc_99_Nippostrongylus,Microgale brevicaudata,Mandena,brushy_regrowth,3
2526,nc_99,Nippostrongylus,Nippostrongylus,TRUE,Nippostrongylus,0.96365936,1,NC,nc_99_Nippostrongylus,Rattus rattus,Mandena,brushy_regrowth,3
2527,nc_99,Nippostrongylus,Nippostrongylus,TRUE,Nippostrongylus,0.9820040800000001,1,NC,nc_99_Nippostrongylus,Rattus rattus,Mandena,brushy_regrowth,3
2528,nc_116,Heligmosomoidea,Heligmosomoidea,TRUE,Heligmosomoidea_1,0.528238886,1,NC,nc_116_Heligmosomoidea_1,Microgale brevicaudata,Mandena,brushy_regrowth,3
2528,nc_129,NA,Trichostrongylidae,FALSE,Trichostrongylidae_1,0.16218278900000002,1,NC,nc_129_Trichostrongylidae_1,Microgale brevicaudata,Mandena,brushy_regrowth,3
2528,nc_131,NA,Trichostrongylidae,FALSE,Trichostrongylidae_2,0.131558863,1,NC,nc_131_Trichostrongylidae_2,Microgale brevicaudata,Mandena,brushy_regrowth,3
2529,nc_116,Heligmosomoidea,Heligmosomoidea,TRUE,Heligmosomoidea_1,0.5721023300000001,1,NC,nc_116_Heligmosomoidea_1,Microgale brevicaudata,Mandena,brushy_regrowth,3
2529,nc_129,NA,Trichostrongylidae,FALSE,Trichostrongylidae_1,0.171502072,1,NC,nc_129_Trichostrongylidae_1,Microgale brevicaudata,Mandena,brushy_regrowth,3
2529,nc_131,NA,Trichostrongylidae,FALSE,Trichostrongylidae_2,0.093468629,1,NC,nc_131_Trichostrongylidae_2,Microgale brevicaudata,Mandena,brushy_regrowth,3
2529,nc_99,Nippostrongylus,Nippostrongylus,TRUE,Nippostrongylus,0.010147206,1,NC,nc_99_Nippostrongylus,Microgale brevicaudata,Mandena,brushy_regrowth,3
2530,nc_116,Heligmosomoidea,Heligmosomoidea,TRUE,Heligmosomoidea_1,0.9476184809999999,1,NC,nc_116_Heligmosomoidea_1,Microgale brevicaudata,Mandena,brushy_regrowth,3
2530,nc_99,Nippostrongylus,Nippostrongylus,TRUE,Nippostrongylus,0.012234232,1,NC,nc_99_Nippostrongylus,Microgale brevicaudata,Mandena,brushy_regrowth,3
2531,nc_95,NA,Heligmonellidae,FALSE,Heligmonellidae,0.9694967670000001,1,NC,nc_95_Heligmonellidae,Mus musculus,Mandena,brushy_regrowth,3
2531,nc_99,Nippostrongylus,Nippostrongylus,TRUE,Nippostrongylus,0.010472308,1,NC,nc_99_Nippostrongylus,Mus musculus,Mandena,brushy_regrowth,3
2532,nc_95,NA,Heligmonellidae,FALSE,Heligmonellidae,0.976308186,1,NC,nc_95_Heligmonellidae,Mus musculus,Mandena,brushy_regrowth,3
2534,nc_95,NA,Heligmonellidae,FALSE,Heligmonellidae,0.968841796,1,NC,nc_95_Heligmonellidae,Mus musculus,Mandena,brushy_regrowth,3
2534,nc_99,Nippostrongylus,Nippostrongylus,TRUE,Nippostrongylus,0.013113722,1,NC,nc_99_Nippostrongylus,Mus musculus,Mandena,brushy_regrowth,3
2536,nc_99,Nippostrongylus,Nippostrongylus,TRUE,Nippostrongylus,0.9414609330000001,1,NC,nc_99_Nippostrongylus,Rattus rattus,Mandena,brushy_regrowth,3
2537,nc_95,NA,Heligmonellidae,FALSE,Heligmonellidae,0.03973825,1,NC,nc_95_Heligmonellidae,Rattus rattus,Mandena,brushy_regrowth,3
2537,nc_99,Nippostrongylus,Nippostrongylus,TRUE,Nippostrongylus,0.91766808,1,NC,nc_99_Nippostrongylus,Rattus rattus,Mandena,brushy_regrowth,3
2539,nc_95,NA,Heligmonellidae,FALSE,Heligmonellidae,0.9640475500000001,1,NC,nc_95_Heligmonellidae,Rattus rattus,Mandena,brushy_regrowth,3
2539,nc_99,Nippostrongylus,Nippostrongylus,TRUE,Nippostrongylus,0.01319223,1,NC,nc_99_Nippostrongylus,Rattus rattus,Mandena,brushy_regrowth,3
2540,nc_242,NA,Ancylostomatidae,FALSE,Ancylostomatidae,0.75195691,1,NC,nc_242_Ancylostomatidae,Rattus rattus,Mandena,brushy_regrowth,3
2540,nc_99,Nippostrongylus,Nippostrongylus,TRUE,Nippostrongylus,0.15174637,1,NC,nc_99_Nippostrongylus,Rattus rattus,Mandena,brushy_regrowth,3
2541,nc_99,Nippostrongylus,Nippostrongylus,TRUE,Nippostrongylus,0.97286697,1,NC,nc_99_Nippostrongylus,Rattus rattus,Mandena,brushy_regrowth,3
2545,nc_95,NA,Heligmonellidae,FALSE,Heligmonellidae,0.980802996,1,NC,nc_95_Heligmonellidae,Mus musculus,Mandena,agriculture,3
2546,nc_95,NA,Heligmonellidae,FALSE,Heligmonellidae,0.990016639,1,NC,nc_95_Heligmonellidae,Mus musculus,Mandena,agriculture,3
2547,nc_95,NA,Heligmonellidae,FALSE,Heligmonellidae,0.98188692,1,NC,nc_95_Heligmonellidae,Mus musculus,Mandena,agriculture,3
2548,nc_99,Nippostrongylus,Nippostrongylus,TRUE,Nippostrongylus,0.9462907500000001,1,NC,nc_99_Nippostrongylus,Rattus rattus,Mandena,agriculture,3
2549,nc_99,Nippostrongylus,Nippostrongylus,TRUE,Nippostrongylus,0.9425351709999998,1,NC,nc_99_Nippostrongylus,Rattus rattus,Mandena,agriculture,3
2550,nc_99,Nippostrongylus,Nippostrongylus,TRUE,Nippostrongylus,0.9346088330000001,1,NC,nc_99_Nippostrongylus,Rattus rattus,Mandena,agriculture,3
2552,nc_99,Nippostrongylus,Nippostrongylus,TRUE,Nippostrongylus,0.95105238,1,NC,nc_99_Nippostrongylus,Rattus rattus,Mandena,agriculture,3
2553,nc_99,Nippostrongylus,Nippostrongylus,TRUE,Nippostrongylus,0.961665776,1,NC,nc_99_Nippostrongylus,Rattus rattus,Mandena,agriculture,3
2554,nc_99,Nippostrongylus,Nippostrongylus,TRUE,Nippostrongylus,0.943652848,1,NC,nc_99_Nippostrongylus,Rattus rattus,Mandena,agriculture,3
2555,nc_99,Nippostrongylus,Nippostrongylus,TRUE,Nippostrongylus,0.73858785,1,NC,nc_99_Nippostrongylus,Rattus rattus,Mandena,agriculture,3
2556,nc_99,Nippostrongylus,Nippostrongylus,TRUE,Nippostrongylus,0.96920986,1,NC,nc_99_Nippostrongylus,Rattus rattus,Mandena,agriculture,3
2557,nc_99,Nippostrongylus,Nippostrongylus,TRUE,Nippostrongylus,0.9550203299999999,1,NC,nc_99_Nippostrongylus,Rattus rattus,Mandena,agriculture,3
2558,nc_99,Nippostrongylus,Nippostrongylus,TRUE,Nippostrongylus,0.9356725149999999,1,NC,nc_99_Nippostrongylus,Rattus rattus,Mandena,agriculture,3
2561,nc_95,NA,Heligmonellidae,FALSE,Heligmonellidae,0.9782268169999999,1,NC,nc_95_Heligmonellidae,Mus musculus,Mandena,agriculture,3
2564,nc_99,Nippostrongylus,Nippostrongylus,TRUE,Nippostrongylus,0.9420960480000002,1,NC,nc_99_Nippostrongylus,Rattus rattus,Mandena,agriculture,3
2565,nc_99,Nippostrongylus,Nippostrongylus,TRUE,Nippostrongylus,0.997508953,1,NC,nc_99_Nippostrongylus,Rattus rattus,Mandena,agriculture,3
2566,nc_99,Nippostrongylus,Nippostrongylus,TRUE,Nippostrongylus,0.9432576760000001,1,NC,nc_99_Nippostrongylus,Rattus rattus,Mandena,agriculture,3
2567,nc_99,Nippostrongylus,Nippostrongylus,TRUE,Nippostrongylus,0.9135268669999999,1,NC,nc_99_Nippostrongylus,Rattus rattus,Mandena,agriculture,3
2568,nc_99,Nippostrongylus,Nippostrongylus,TRUE,Nippostrongylus,0.969836519,1,NC,nc_99_Nippostrongylus,Rattus rattus,Mandena,agriculture,3
2570,nc_99,Nippostrongylus,Nippostrongylus,TRUE,Nippostrongylus,0.9231441500000002,1,NC,nc_99_Nippostrongylus,Rattus rattus,Mandena,agriculture,3
2571,nc_99,Nippostrongylus,Nippostrongylus,TRUE,Nippostrongylus,0.9422886580000001,1,NC,nc_99_Nippostrongylus,Rattus rattus,Mandena,agriculture,3
2572,nc_99,Nippostrongylus,Nippostrongylus,TRUE,Nippostrongylus,0.9608783200000001,1,NC,nc_99_Nippostrongylus,Rattus rattus,Mandena,agriculture,3
2573,nc_99,Nippostrongylus,Nippostrongylus,TRUE,Nippostrongylus,0.93860644,1,NC,nc_99_Nippostrongylus,Rattus rattus,Mandena,agriculture,3
2574,nc_99,Nippostrongylus,Nippostrongylus,TRUE,Nippostrongylus,0.94711921,1,NC,nc_99_Nippostrongylus,Rattus rattus,Mandena,agriculture,3
2576,nc_95,NA,Heligmonellidae,FALSE,Heligmonellidae,0.959584102,1,NC,nc_95_Heligmonellidae,Mus musculus,Mandena,agriculture,3
2577,nc_99,Nippostrongylus,Nippostrongylus,TRUE,Nippostrongylus,0.9511917620000001,1,NC,nc_99_Nippostrongylus,Rattus rattus,Mandena,agriculture,3
2578,nc_129,NA,Trichostrongylidae,FALSE,Trichostrongylidae_1,0.582873824,1,NC,nc_129_Trichostrongylidae_1,Microgale brevicaudata,Mandena,agriculture,3
2578,nc_131,NA,Trichostrongylidae,FALSE,Trichostrongylidae_2,0.334090172,1,NC,nc_131_Trichostrongylidae_2,Microgale brevicaudata,Mandena,agriculture,3
2579,nc_129,NA,Trichostrongylidae,FALSE,Trichostrongylidae_1,0.5732618270000001,1,NC,nc_129_Trichostrongylidae_1,Microgale brevicaudata,Mandena,agriculture,3
2579,nc_131,NA,Trichostrongylidae,FALSE,Trichostrongylidae_2,0.37540701,1,NC,nc_131_Trichostrongylidae_2,Microgale brevicaudata,Mandena,agriculture,3
2580,nc_95,NA,Heligmonellidae,FALSE,Heligmonellidae,0.958836944,1,NC,nc_95_Heligmonellidae,Mus musculus,Mandena,agriculture,3
2580,nc_99,Nippostrongylus,Nippostrongylus,TRUE,Nippostrongylus,0.013797035,1,NC,nc_99_Nippostrongylus,Mus musculus,Mandena,agriculture,3
2581,nc_129,NA,Trichostrongylidae,FALSE,Trichostrongylidae_1,0.01246459,1,NC,nc_129_Trichostrongylidae_1,Rattus rattus,Mandena,agriculture,3
2581,nc_203,NA,Nematoda,FALSE,Nematoda_30,0.02691218,1,NC,nc_203_Nematoda_30,Rattus rattus,Mandena,agriculture,3
2581,nc_99,Nippostrongylus,Nippostrongylus,TRUE,Nippostrongylus,0.89008491,1,NC,nc_99_Nippostrongylus,Rattus rattus,Mandena,agriculture,3
2582,nc_99,Nippostrongylus,Nippostrongylus,TRUE,Nippostrongylus,0.9497904299999999,1,NC,nc_99_Nippostrongylus,Rattus rattus,Mandena,agriculture,3
2583,nc_99,Nippostrongylus,Nippostrongylus,TRUE,Nippostrongylus,0.8792314700000001,1,NC,nc_99_Nippostrongylus,Rattus rattus,Mandena,agriculture,3
2584,nc_99,Nippostrongylus,Nippostrongylus,TRUE,Nippostrongylus,0.9527663690000001,1,NC,nc_99_Nippostrongylus,Rattus rattus,Mandena,agriculture,3
2586,nc_99,Nippostrongylus,Nippostrongylus,TRUE,Nippostrongylus,0.94845556,1,NC,nc_99_Nippostrongylus,Rattus rattus,Mandena,agriculture,3
2587,nc_99,Nippostrongylus,Nippostrongylus,TRUE,Nippostrongylus,0.9492109599999998,1,NC,nc_99_Nippostrongylus,Rattus rattus,Mandena,agriculture,3
2588,nc_99,Nippostrongylus,Nippostrongylus,TRUE,Nippostrongylus,0.94407255,1,NC,nc_99_Nippostrongylus,Rattus rattus,Mandena,agriculture,3
2589,nc_99,Nippostrongylus,Nippostrongylus,TRUE,Nippostrongylus,0.943027079,1,NC,nc_99_Nippostrongylus,Rattus rattus,Mandena,agriculture,3
2590,nc_129,NA,Trichostrongylidae,FALSE,Trichostrongylidae_1,0.554283149,1,NC,nc_129_Trichostrongylidae_1,Microgale brevicaudata,Mandena,agriculture,3
2590,nc_131,NA,Trichostrongylidae,FALSE,Trichostrongylidae_2,0.369989895,1,NC,nc_131_Trichostrongylidae_2,Microgale brevicaudata,Mandena,agriculture,3
2591,nc_95,NA,Heligmonellidae,FALSE,Heligmonellidae,0.963885823,1,NC,nc_95_Heligmonellidae,Mus musculus,Mandena,agriculture,3
2591,nc_99,Nippostrongylus,Nippostrongylus,TRUE,Nippostrongylus,0.010881564,1,NC,nc_99_Nippostrongylus,Mus musculus,Mandena,agriculture,3
2592,nc_129,NA,Trichostrongylidae,FALSE,Trichostrongylidae_1,0.5801616270000001,1,NC,nc_129_Trichostrongylidae_1,Microgale brevicaudata,Mandena,flooded_rice,3
2592,nc_131,NA,Trichostrongylidae,FALSE,Trichostrongylidae_2,0.34964807200000003,1,NC,nc_131_Trichostrongylidae_2,Microgale brevicaudata,Mandena,flooded_rice,3
2593,nc_95,NA,Heligmonellidae,FALSE,Heligmonellidae,0.974548737,1,NC,nc_95_Heligmonellidae,Mus musculus,Mandena,flooded_rice,3
2593,nc_99,Nippostrongylus,Nippostrongylus,TRUE,Nippostrongylus,0.01101083,1,NC,nc_99_Nippostrongylus,Mus musculus,Mandena,flooded_rice,3
2594,nc_95,NA,Heligmonellidae,FALSE,Heligmonellidae,0.976252058,1,NC,nc_95_Heligmonellidae,Mus musculus,Mandena,flooded_rice,3
2595,nc_99,Nippostrongylus,Nippostrongylus,TRUE,Nippostrongylus,0.94171653,1,NC,nc_99_Nippostrongylus,Rattus rattus,Mandena,flooded_rice,3
2596,nc_99,Nippostrongylus,Nippostrongylus,TRUE,Nippostrongylus,0.95382844,1,NC,nc_99_Nippostrongylus,Rattus rattus,Mandena,flooded_rice,3
2597,nc_99,Nippostrongylus,Nippostrongylus,TRUE,Nippostrongylus,0.9445519600000001,1,NC,nc_99_Nippostrongylus,Rattus rattus,Mandena,flooded_rice,3
2599,nc_99,Nippostrongylus,Nippostrongylus,TRUE,Nippostrongylus,0.80723466,1,NC,nc_99_Nippostrongylus,Rattus rattus,Mandena,flooded_rice,3
2600,nc_99,Nippostrongylus,Nippostrongylus,TRUE,Nippostrongylus,0.9351053600000002,1,NC,nc_99_Nippostrongylus,Rattus rattus,Mandena,flooded_rice,3
2601,nc_99,Nippostrongylus,Nippostrongylus,TRUE,Nippostrongylus,0.95400569,1,NC,nc_99_Nippostrongylus,Rattus rattus,Mandena,flooded_rice,3
2602,nc_95,NA,Heligmonellidae,FALSE,Heligmonellidae,0.16924307,1,NC,nc_95_Heligmonellidae,Rattus rattus,Mandena,flooded_rice,3
2602,nc_99,Nippostrongylus,Nippostrongylus,TRUE,Nippostrongylus,0.7867803820000001,1,NC,nc_99_Nippostrongylus,Rattus rattus,Mandena,flooded_rice,3
2603,nc_99,Nippostrongylus,Nippostrongylus,TRUE,Nippostrongylus,0.94367589,1,NC,nc_99_Nippostrongylus,Rattus rattus,Mandena,flooded_rice,3
2604,nc_99,Nippostrongylus,Nippostrongylus,TRUE,Nippostrongylus,0.9519051600000001,1,NC,nc_99_Nippostrongylus,Rattus rattus,Mandena,flooded_rice,3
2605,nc_99,Nippostrongylus,Nippostrongylus,TRUE,Nippostrongylus,0.9434606299999999,1,NC,nc_99_Nippostrongylus,Rattus rattus,Mandena,flooded_rice,3
2606,nc_99,Nippostrongylus,Nippostrongylus,TRUE,Nippostrongylus,0.935873141,1,NC,nc_99_Nippostrongylus,Rattus rattus,Mandena,flooded_rice,3
2607,nc_99,Nippostrongylus,Nippostrongylus,TRUE,Nippostrongylus,0.94775035,1,NC,nc_99_Nippostrongylus,Rattus rattus,Mandena,flooded_rice,3
2609,nc_99,Nippostrongylus,Nippostrongylus,TRUE,Nippostrongylus,0.9506639800000001,1,NC,nc_99_Nippostrongylus,Rattus rattus,Mandena,flooded_rice,3
2610,nc_99,Nippostrongylus,Nippostrongylus,TRUE,Nippostrongylus,0.9418739500000001,1,NC,nc_99_Nippostrongylus,Rattus rattus,Mandena,flooded_rice,3
2611,nc_99,Nippostrongylus,Nippostrongylus,TRUE,Nippostrongylus,0.9456195419999999,1,NC,nc_99_Nippostrongylus,Rattus rattus,Mandena,flooded_rice,3
2612,nc_99,Nippostrongylus,Nippostrongylus,TRUE,Nippostrongylus,0.9618842400000001,1,NC,nc_99_Nippostrongylus,Rattus rattus,Mandena,flooded_rice,3
2613,nc_99,Nippostrongylus,Nippostrongylus,TRUE,Nippostrongylus,0.9482465700000001,1,NC,nc_99_Nippostrongylus,Rattus rattus,Mandena,flooded_rice,3
2614,nc_99,Nippostrongylus,Nippostrongylus,TRUE,Nippostrongylus,0.9413751100000001,1,NC,nc_99_Nippostrongylus,Rattus rattus,Mandena,flooded_rice,3
2615,nc_99,Nippostrongylus,Nippostrongylus,TRUE,Nippostrongylus,0.9608772959999999,1,NC,nc_99_Nippostrongylus,Rattus rattus,Mandena,flooded_rice,3
2616,nc_99,Nippostrongylus,Nippostrongylus,TRUE,Nippostrongylus,0.96286232,1,NC,nc_99_Nippostrongylus,Rattus rattus,Mandena,flooded_rice,3
2617,nc_99,Nippostrongylus,Nippostrongylus,TRUE,Nippostrongylus,0.96102378,1,NC,nc_99_Nippostrongylus,Rattus rattus,Mandena,flooded_rice,3
2618,nc_99,Nippostrongylus,Nippostrongylus,TRUE,Nippostrongylus,0.95411274,1,NC,nc_99_Nippostrongylus,Rattus rattus,Mandena,flooded_rice,3
2619,nc_95,NA,Heligmonellidae,FALSE,Heligmonellidae,0.9701940390000001,1,NC,nc_95_Heligmonellidae,Mus musculus,Mandena,flooded_rice,3
2620,nc_99,Nippostrongylus,Nippostrongylus,TRUE,Nippostrongylus,0.9405817269999999,1,NC,nc_99_Nippostrongylus,Rattus rattus,Mandena,flooded_rice,3
2621,nc_99,Nippostrongylus,Nippostrongylus,TRUE,Nippostrongylus,0.94008793,1,NC,nc_99_Nippostrongylus,Rattus rattus,Mandena,flooded_rice,3
2622,nc_99,Nippostrongylus,Nippostrongylus,TRUE,Nippostrongylus,0.9413616699999999,1,NC,nc_99_Nippostrongylus,Rattus rattus,Mandena,flooded_rice,3
2623,nc_99,Nippostrongylus,Nippostrongylus,TRUE,Nippostrongylus,0.93917101,1,NC,nc_99_Nippostrongylus,Rattus rattus,Mandena,flooded_rice,3
2624,nc_99,Nippostrongylus,Nippostrongylus,TRUE,Nippostrongylus,0.9530751070000001,1,NC,nc_99_Nippostrongylus,Rattus rattus,Mandena,flooded_rice,3
2625,nc_129,NA,Trichostrongylidae,FALSE,Trichostrongylidae_1,0.646802497,1,NC,nc_129_Trichostrongylidae_1,Microgale brevicaudata,Mandena,flooded_rice,3
2625,nc_131,NA,Trichostrongylidae,FALSE,Trichostrongylidae_2,0.294193852,1,NC,nc_131_Trichostrongylidae_2,Microgale brevicaudata,Mandena,flooded_rice,3
2626,nc_129,NA,Trichostrongylidae,FALSE,Trichostrongylidae_1,0.6131677019999999,1,NC,nc_129_Trichostrongylidae_1,Microgale brevicaudata,Mandena,flooded_rice,3
2626,nc_131,NA,Trichostrongylidae,FALSE,Trichostrongylidae_2,0.29159420199999997,1,NC,nc_131_Trichostrongylidae_2,Microgale brevicaudata,Mandena,flooded_rice,3
2626,nc_99,Nippostrongylus,Nippostrongylus,TRUE,Nippostrongylus,0.016645963,1,NC,nc_99_Nippostrongylus,Microgale brevicaudata,Mandena,flooded_rice,3
2627,nc_95,NA,Heligmonellidae,FALSE,Heligmonellidae,0.971830986,1,NC,nc_95_Heligmonellidae,Mus musculus,Mandena,flooded_rice,3
2627,nc_99,Nippostrongylus,Nippostrongylus,TRUE,Nippostrongylus,0.010469899,1,NC,nc_99_Nippostrongylus,Mus musculus,Mandena,flooded_rice,3
2629,nc_95,NA,Heligmonellidae,FALSE,Heligmonellidae,0.9690905839999999,1,NC,nc_95_Heligmonellidae,Mus musculus,Mandena,flooded_rice,3
2630,nc_99,Nippostrongylus,Nippostrongylus,TRUE,Nippostrongylus,0.9539303,1,NC,nc_99_Nippostrongylus,Rattus rattus,Mandena,flooded_rice,3
2631,nc_99,Nippostrongylus,Nippostrongylus,TRUE,Nippostrongylus,0.9478468999999999,1,NC,nc_99_Nippostrongylus,Rattus rattus,Mandena,flooded_rice,3
2632,nc_99,Nippostrongylus,Nippostrongylus,TRUE,Nippostrongylus,0.9520704199999999,1,NC,nc_99_Nippostrongylus,Rattus rattus,Mandena,flooded_rice,3
2633,nc_99,Nippostrongylus,Nippostrongylus,TRUE,Nippostrongylus,0.9673356950000002,1,NC,nc_99_Nippostrongylus,Rattus rattus,Mandena,flooded_rice,3
2634,nc_99,Nippostrongylus,Nippostrongylus,TRUE,Nippostrongylus,0.9470864299999999,1,NC,nc_99_Nippostrongylus,Rattus rattus,Mandena,flooded_rice,3
2635,nc_129,NA,Trichostrongylidae,FALSE,Trichostrongylidae_1,0.630061461,1,NC,nc_129_Trichostrongylidae_1,Microgale brevicaudata,Mandena,flooded_rice,3
2635,nc_131,NA,Trichostrongylidae,FALSE,Trichostrongylidae_2,0.271420824,1,NC,nc_131_Trichostrongylidae_2,Microgale brevicaudata,Mandena,flooded_rice,3
2635,nc_99,Nippostrongylus,Nippostrongylus,TRUE,Nippostrongylus,0.012563268,1,NC,nc_99_Nippostrongylus,Microgale brevicaudata,Mandena,flooded_rice,3
2636,nc_193,NA,Chromadorea,FALSE,Chromadorea_73,0.01020408,1,NC,nc_193_Chromadorea_73,Setifer setosus,Mandena,flooded_rice,3
2636,nc_224,NA,Rhabditida,FALSE,Rhabditida_33,0.02886297,1,NC,nc_224_Rhabditida_33,Setifer setosus,Mandena,flooded_rice,3
2636,nc_39,NA,Rhabditida,FALSE,Rhabditida_21,0.02827988,1,NC,nc_39_Rhabditida_21,Setifer setosus,Mandena,flooded_rice,3
2636,nc_9,NA,Strongylida,FALSE,Strongylida_4,0.6746355600000001,1,NC,nc_9_Strongylida_4,Setifer setosus,Mandena,flooded_rice,3
2636,nc_95,NA,Heligmonellidae,FALSE,Heligmonellidae,0.01836735,1,NC,nc_95_Heligmonellidae,Setifer setosus,Mandena,flooded_rice,3
2636,nc_99,Nippostrongylus,Nippostrongylus,TRUE,Nippostrongylus,0.18279885,1,NC,nc_99_Nippostrongylus,Setifer setosus,Mandena,flooded_rice,3
2637,nc_129,NA,Trichostrongylidae,FALSE,Trichostrongylidae_1,0.42967726500000003,1,NC,nc_129_Trichostrongylidae_1,Microgale brevicaudata,Mandena,flooded_rice,3
2637,nc_131,NA,Trichostrongylidae,FALSE,Trichostrongylidae_2,0.484816006,1,NC,nc_131_Trichostrongylidae_2,Microgale brevicaudata,Mandena,flooded_rice,3
2638,nc_95,NA,Heligmonellidae,FALSE,Heligmonellidae,0.9772011500000001,1,NC,nc_95_Heligmonellidae,Mus musculus,Mandena,flooded_rice,3
2639,nc_95,NA,Heligmonellidae,FALSE,Heligmonellidae,0.968167702,1,NC,nc_95_Heligmonellidae,Mus musculus,Mandena,flooded_rice,3
2639,nc_99,Nippostrongylus,Nippostrongylus,TRUE,Nippostrongylus,0.012325311,1,NC,nc_99_Nippostrongylus,Mus musculus,Mandena,flooded_rice,3
2640,nc_95,NA,Heligmonellidae,FALSE,Heligmonellidae,0.9817466,1,NC,nc_95_Heligmonellidae,Mus musculus,Mandena,flooded_rice,3
2641,nc_95,NA,Heligmonellidae,FALSE,Heligmonellidae,0.8956516000000001,1,NC,nc_95_Heligmonellidae,Mus musculus,Mandena,flooded_rice,3
2641,nc_99,Nippostrongylus,Nippostrongylus,TRUE,Nippostrongylus,0.06297912,1,NC,nc_99_Nippostrongylus,Mus musculus,Mandena,flooded_rice,3
2642,nc_99,Nippostrongylus,Nippostrongylus,TRUE,Nippostrongylus,0.9411852179999999,1,NC,nc_99_Nippostrongylus,Rattus rattus,Mandena,flooded_rice,3
2643,nc_99,Nippostrongylus,Nippostrongylus,TRUE,Nippostrongylus,0.9561087450000001,1,NC,nc_99_Nippostrongylus,Rattus rattus,Mandena,flooded_rice,3
2644,nc_99,Nippostrongylus,Nippostrongylus,TRUE,Nippostrongylus,0.938553516,1,NC,nc_99_Nippostrongylus,Rattus rattus,Mandena,flooded_rice,3
2645,nc_99,Nippostrongylus,Nippostrongylus,TRUE,Nippostrongylus,0.951407788,1,NC,nc_99_Nippostrongylus,Rattus rattus,Mandena,flooded_rice,3
2646,nc_99,Nippostrongylus,Nippostrongylus,TRUE,Nippostrongylus,0.069354839,1,NC,nc_99_Nippostrongylus,Rattus rattus,Mandena,flooded_rice,3
2648,nc_95,NA,Heligmonellidae,FALSE,Heligmonellidae,0.980055258,1,NC,nc_95_Heligmonellidae,Mus musculus,Mandena,flooded_rice,3
2649,nc_116,Heligmosomoidea,Heligmosomoidea,TRUE,Heligmosomoidea_1,0.151434854,1,NC,nc_116_Heligmosomoidea_1,Microgale brevicaudata,Mandena,secondary_forest,3
2649,nc_129,NA,Trichostrongylidae,FALSE,Trichostrongylidae_1,0.464001803,1,NC,nc_129_Trichostrongylidae_1,Microgale brevicaudata,Mandena,secondary_forest,3
2649,nc_131,NA,Trichostrongylidae,FALSE,Trichostrongylidae_2,0.197158482,1,NC,nc_131_Trichostrongylidae_2,Microgale brevicaudata,Mandena,secondary_forest,3
2651,nc_99,Nippostrongylus,Nippostrongylus,TRUE,Nippostrongylus,0.9856948850000001,1,NC,nc_99_Nippostrongylus,Rattus rattus,Mandena,secondary_forest,3
2654,nc_116,Heligmosomoidea,Heligmosomoidea,TRUE,Heligmosomoidea_1,0.211193241,1,NC,nc_116_Heligmosomoidea_1,Microgale brevicaudata,Mandena,secondary_forest,3
2654,nc_129,NA,Trichostrongylidae,FALSE,Trichostrongylidae_1,0.31810982,1,NC,nc_129_Trichostrongylidae_1,Microgale brevicaudata,Mandena,secondary_forest,3
2654,nc_131,NA,Trichostrongylidae,FALSE,Trichostrongylidae_2,0.265047519,1,NC,nc_131_Trichostrongylidae_2,Microgale brevicaudata,Mandena,secondary_forest,3
2654,nc_99,Nippostrongylus,Nippostrongylus,TRUE,Nippostrongylus,0.016367476,1,NC,nc_99_Nippostrongylus,Microgale brevicaudata,Mandena,secondary_forest,3
2655,nc_116,Heligmosomoidea,Heligmosomoidea,TRUE,Heligmosomoidea_1,0.172230576,1,NC,nc_116_Heligmosomoidea_1,Microgale brevicaudata,Mandena,secondary_forest,3
2655,nc_129,NA,Trichostrongylidae,FALSE,Trichostrongylidae_1,0.386365915,1,NC,nc_129_Trichostrongylidae_1,Microgale brevicaudata,Mandena,secondary_forest,3
2655,nc_131,NA,Trichostrongylidae,FALSE,Trichostrongylidae_2,0.24,1,NC,nc_131_Trichostrongylidae_2,Microgale brevicaudata,Mandena,secondary_forest,3
2655,nc_95,NA,Heligmonellidae,FALSE,Heligmonellidae,0.010125313,1,NC,nc_95_Heligmonellidae,Microgale brevicaudata,Mandena,secondary_forest,3
2655,nc_99,Nippostrongylus,Nippostrongylus,TRUE,Nippostrongylus,0.012431078,1,NC,nc_99_Nippostrongylus,Microgale brevicaudata,Mandena,secondary_forest,3
2656,nc_116,Heligmosomoidea,Heligmosomoidea,TRUE,Heligmosomoidea_1,0.33559013099999996,1,NC,nc_116_Heligmosomoidea_1,Microgale brevicaudata,Mandena,secondary_forest,3
2656,nc_129,NA,Trichostrongylidae,FALSE,Trichostrongylidae_1,0.28956448199999996,1,NC,nc_129_Trichostrongylidae_1,Microgale brevicaudata,Mandena,secondary_forest,3
2656,nc_131,NA,Trichostrongylidae,FALSE,Trichostrongylidae_2,0.166786017,1,NC,nc_131_Trichostrongylidae_2,Microgale brevicaudata,Mandena,secondary_forest,3
2656,nc_99,Nippostrongylus,Nippostrongylus,TRUE,Nippostrongylus,0.012043487,1,NC,nc_99_Nippostrongylus,Microgale brevicaudata,Mandena,secondary_forest,3
2661,nc_99,Nippostrongylus,Nippostrongylus,TRUE,Nippostrongylus,0.936887771,1,NC,nc_99_Nippostrongylus,Rattus rattus,Mandena,secondary_forest,3
2662,nc_99,Nippostrongylus,Nippostrongylus,TRUE,Nippostrongylus,0.941109263,1,NC,nc_99_Nippostrongylus,Rattus rattus,Mandena,secondary_forest,3
2663,nc_116,Heligmosomoidea,Heligmosomoidea,TRUE,Heligmosomoidea_1,0.33079268399999995,1,NC,nc_116_Heligmosomoidea_1,Microgale brevicaudata,Mandena,secondary_forest,3
2663,nc_129,NA,Trichostrongylidae,FALSE,Trichostrongylidae_1,0.23815133,1,NC,nc_129_Trichostrongylidae_1,Microgale brevicaudata,Mandena,secondary_forest,3
2663,nc_131,NA,Trichostrongylidae,FALSE,Trichostrongylidae_2,0.23981430099999998,1,NC,nc_131_Trichostrongylidae_2,Microgale brevicaudata,Mandena,secondary_forest,3
2663,nc_99,Nippostrongylus,Nippostrongylus,TRUE,Nippostrongylus,0.012472284,1,NC,nc_99_Nippostrongylus,Microgale brevicaudata,Mandena,secondary_forest,3
2664,nc_129,NA,Trichostrongylidae,FALSE,Trichostrongylidae_1,0.469383547,1,NC,nc_129_Trichostrongylidae_1,Microgale brevicaudata,Mandena,secondary_forest,3
2664,nc_131,NA,Trichostrongylidae,FALSE,Trichostrongylidae_2,0.412480241,1,NC,nc_131_Trichostrongylidae_2,Microgale brevicaudata,Mandena,secondary_forest,3
2664,nc_99,Nippostrongylus,Nippostrongylus,TRUE,Nippostrongylus,0.014363274,1,NC,nc_99_Nippostrongylus,Microgale brevicaudata,Mandena,secondary_forest,3
2666,nc_99,Nippostrongylus,Nippostrongylus,TRUE,Nippostrongylus,0.9276825009999999,1,NC,nc_99_Nippostrongylus,Rattus rattus,Mandena,secondary_forest,3
2667,nc_99,Nippostrongylus,Nippostrongylus,TRUE,Nippostrongylus,0.944211822,1,NC,nc_99_Nippostrongylus,Rattus rattus,Mandena,secondary_forest,3
2668,nc_99,Nippostrongylus,Nippostrongylus,TRUE,Nippostrongylus,0.9579245960000002,1,NC,nc_99_Nippostrongylus,Rattus rattus,Mandena,secondary_forest,3
2670,nc_99,Nippostrongylus,Nippostrongylus,TRUE,Nippostrongylus,0.9482851760000002,1,NC,nc_99_Nippostrongylus,Rattus rattus,Mandena,secondary_forest,3
2671,nc_99,Nippostrongylus,Nippostrongylus,TRUE,Nippostrongylus,0.9397049390000002,1,NC,nc_99_Nippostrongylus,Rattus rattus,Mandena,secondary_forest,3
2672,nc_99,Nippostrongylus,Nippostrongylus,TRUE,Nippostrongylus,0.9404098310000001,1,NC,nc_99_Nippostrongylus,Rattus rattus,Mandena,secondary_forest,3
2673,nc_99,Nippostrongylus,Nippostrongylus,TRUE,Nippostrongylus,0.958611238,1,NC,nc_99_Nippostrongylus,Rattus rattus,Mandena,secondary_forest,3
2675,nc_99,Nippostrongylus,Nippostrongylus,TRUE,Nippostrongylus,0.9624402950000001,1,NC,nc_99_Nippostrongylus,Rattus rattus,Mandena,secondary_forest,3
2676,nc_99,Nippostrongylus,Nippostrongylus,TRUE,Nippostrongylus,0.9596689429999999,1,NC,nc_99_Nippostrongylus,Rattus rattus,Mandena,secondary_forest,3
2677,nc_116,Heligmosomoidea,Heligmosomoidea,TRUE,Heligmosomoidea_1,0.166096107,1,NC,nc_116_Heligmosomoidea_1,Microgale brevicaudata,Mandena,semi-intact_forest,3
2677,nc_129,NA,Trichostrongylidae,FALSE,Trichostrongylidae_1,0.521934829,1,NC,nc_129_Trichostrongylidae_1,Microgale brevicaudata,Mandena,semi-intact_forest,3
2677,nc_131,NA,Trichostrongylidae,FALSE,Trichostrongylidae_2,0.15145175600000002,1,NC,nc_131_Trichostrongylidae_2,Microgale brevicaudata,Mandena,semi-intact_forest,3
2678,nc_116,Heligmosomoidea,Heligmosomoidea,TRUE,Heligmosomoidea_1,0.408047647,1,NC,nc_116_Heligmosomoidea_1,Microgale brevicaudata,Mandena,semi-intact_forest,3
2678,nc_129,NA,Trichostrongylidae,FALSE,Trichostrongylidae_1,0.229372458,1,NC,nc_129_Trichostrongylidae_1,Microgale brevicaudata,Mandena,semi-intact_forest,3
2678,nc_131,NA,Trichostrongylidae,FALSE,Trichostrongylidae_2,0.155432888,1,NC,nc_131_Trichostrongylidae_2,Microgale brevicaudata,Mandena,semi-intact_forest,3
2679,nc_94,NA,Strongylida,FALSE,Strongylida_1,0.9568420300000001,1,NC,nc_94_Strongylida_1,Eliurus cf. webbi,Mandena,semi-intact_forest,3
2679,nc_99,Nippostrongylus,Nippostrongylus,TRUE,Nippostrongylus,0.01127863,1,NC,nc_99_Nippostrongylus,Eliurus cf. webbi,Mandena,semi-intact_forest,3
2680,nc_94,NA,Strongylida,FALSE,Strongylida_1,0.9613541900000001,1,NC,nc_94_Strongylida_1,Eliurus cf. webbi,Mandena,semi-intact_forest,3
2680,nc_99,Nippostrongylus,Nippostrongylus,TRUE,Nippostrongylus,0.0109375,1,NC,nc_99_Nippostrongylus,Eliurus cf. webbi,Mandena,semi-intact_forest,3
2681,nc_116,Heligmosomoidea,Heligmosomoidea,TRUE,Heligmosomoidea_1,0.171461673,1,NC,nc_116_Heligmosomoidea_1,Microgale brevicaudata,Mandena,semi-intact_forest,3
2681,nc_129,NA,Trichostrongylidae,FALSE,Trichostrongylidae_1,0.161356761,1,NC,nc_129_Trichostrongylidae_1,Microgale brevicaudata,Mandena,semi-intact_forest,3
2681,nc_131,NA,Trichostrongylidae,FALSE,Trichostrongylidae_2,0.118684431,1,NC,nc_131_Trichostrongylidae_2,Microgale brevicaudata,Mandena,semi-intact_forest,3
2682,nc_116,Heligmosomoidea,Heligmosomoidea,TRUE,Heligmosomoidea_1,0.025913206,1,NC,nc_116_Heligmosomoidea_1,Microgale brevicaudata,Mandena,semi-intact_forest,3
2682,nc_129,NA,Trichostrongylidae,FALSE,Trichostrongylidae_1,0.528098657,1,NC,nc_129_Trichostrongylidae_1,Microgale brevicaudata,Mandena,semi-intact_forest,3
2682,nc_131,NA,Trichostrongylidae,FALSE,Trichostrongylidae_2,0.313612239,1,NC,nc_131_Trichostrongylidae_2,Microgale brevicaudata,Mandena,semi-intact_forest,3
2683,nc_99,Nippostrongylus,Nippostrongylus,TRUE,Nippostrongylus,0.927813162,1,NC,nc_99_Nippostrongylus,Rattus rattus,Mandena,semi-intact_forest,3
2684,nc_99,Nippostrongylus,Nippostrongylus,TRUE,Nippostrongylus,0.9377570080000001,1,NC,nc_99_Nippostrongylus,Rattus rattus,Mandena,semi-intact_forest,3
2685,nc_99,Nippostrongylus,Nippostrongylus,TRUE,Nippostrongylus,0.934440408,1,NC,nc_99_Nippostrongylus,Rattus rattus,Mandena,semi-intact_forest,3
2688,nc_116,Heligmosomoidea,Heligmosomoidea,TRUE,Heligmosomoidea_1,0.9491037140000002,1,NC,nc_116_Heligmosomoidea_1,Microgale brevicaudata,Mandena,semi-intact_forest,3
2689,nc_116,Heligmosomoidea,Heligmosomoidea,TRUE,Heligmosomoidea_1,0.560843409,1,NC,nc_116_Heligmosomoidea_1,Microgale brevicaudata,Mandena,semi-intact_forest,3
2689,nc_129,NA,Trichostrongylidae,FALSE,Trichostrongylidae_1,0.181904819,1,NC,nc_129_Trichostrongylidae_1,Microgale brevicaudata,Mandena,semi-intact_forest,3
2689,nc_131,NA,Trichostrongylidae,FALSE,Trichostrongylidae_2,0.105723986,1,NC,nc_131_Trichostrongylidae_2,Microgale brevicaudata,Mandena,semi-intact_forest,3
2690,nc_94,NA,Strongylida,FALSE,Strongylida_1,0.20724852000000002,1,NC,nc_94_Strongylida_1,Nesomys cf. audeberti,Mandena,semi-intact_forest,3
2690,nc_99,Nippostrongylus,Nippostrongylus,TRUE,Nippostrongylus,0.015088757,1,NC,nc_99_Nippostrongylus,Nesomys cf. audeberti,Mandena,semi-intact_forest,3
2693,nc_129,NA,Trichostrongylidae,FALSE,Trichostrongylidae_1,0.314659394,1,NC,nc_129_Trichostrongylidae_1,Microgale brevicaudata,Mandena,semi-intact_forest,3
2693,nc_131,NA,Trichostrongylidae,FALSE,Trichostrongylidae_2,0.5756049799999999,1,NC,nc_131_Trichostrongylidae_2,Microgale brevicaudata,Mandena,semi-intact_forest,3
2693,nc_99,Nippostrongylus,Nippostrongylus,TRUE,Nippostrongylus,0.010630857,1,NC,nc_99_Nippostrongylus,Microgale brevicaudata,Mandena,semi-intact_forest,3
2694,nc_99,Nippostrongylus,Nippostrongylus,TRUE,Nippostrongylus,0.022629824,1,NC,nc_99_Nippostrongylus,Rattus rattus,Mandena,agroforest,3
2697,nc_95,NA,Heligmonellidae,FALSE,Heligmonellidae,0.967419864,1,NC,nc_95_Heligmonellidae,Mus musculus,Mandena,agroforest,3
2700,nc_102,Globocephalus,Globocephalus,TRUE,Globocephalus,0.97293162,1,NC,nc_102_Globocephalus,Setifer setosus,Mandena,agroforest,3
2701,nc_95,NA,Heligmonellidae,FALSE,Heligmonellidae,0.978211164,1,NC,nc_95_Heligmonellidae,Mus musculus,Mandena,agroforest,3
2702,nc_95,NA,Heligmonellidae,FALSE,Heligmonellidae,0.9788725,1,NC,nc_95_Heligmonellidae,Mus musculus,Mandena,agroforest,3
2703,nc_99,Nippostrongylus,Nippostrongylus,TRUE,Nippostrongylus,0.983813661,1,NC,nc_99_Nippostrongylus,Rattus rattus,Mandena,agroforest,3
2704,nc_99,Nippostrongylus,Nippostrongylus,TRUE,Nippostrongylus,0.9510824659999999,1,NC,nc_99_Nippostrongylus,Rattus rattus,Mandena,agroforest,3
2705,nc_99,Nippostrongylus,Nippostrongylus,TRUE,Nippostrongylus,0.9459121470000001,1,NC,nc_99_Nippostrongylus,Rattus rattus,Mandena,agroforest,3
2706,nc_99,Nippostrongylus,Nippostrongylus,TRUE,Nippostrongylus,0.946973874,1,NC,nc_99_Nippostrongylus,Rattus rattus,Mandena,agroforest,3
2708,nc_99,Nippostrongylus,Nippostrongylus,TRUE,Nippostrongylus,0.95401231,1,NC,nc_99_Nippostrongylus,Rattus rattus,Mandena,agroforest,3
2709,nc_99,Nippostrongylus,Nippostrongylus,TRUE,Nippostrongylus,0.9413211969999999,1,NC,nc_99_Nippostrongylus,Rattus rattus,Mandena,agroforest,3
2710,nc_99,Nippostrongylus,Nippostrongylus,TRUE,Nippostrongylus,0.381540271,1,NC,nc_99_Nippostrongylus,Rattus rattus,Mandena,agroforest,3
2711,nc_99,Nippostrongylus,Nippostrongylus,TRUE,Nippostrongylus,0.32666825899999996,1,NC,nc_99_Nippostrongylus,Rattus rattus,Mandena,agroforest,3
2712,nc_99,Nippostrongylus,Nippostrongylus,TRUE,Nippostrongylus,0.9558797970000001,1,NC,nc_99_Nippostrongylus,Rattus rattus,Mandena,agroforest,3
2714,nc_102,Globocephalus,Globocephalus,TRUE,Globocephalus,0.9528302,1,NC,nc_102_Globocephalus,Setifer setosus,Mandena,agroforest,3
2714,nc_93,NA,Chromadorea,FALSE,Chromadorea_2,0.02254821,1,NC,nc_93_Chromadorea_2,Setifer setosus,Mandena,agroforest,3
2716,nc_95,NA,Heligmonellidae,FALSE,Heligmonellidae,0.9809561,1,NC,nc_95_Heligmonellidae,Mus musculus,Mandena,agroforest,3
2719,nc_99,Nippostrongylus,Nippostrongylus,TRUE,Nippostrongylus,0.9695509620000001,1,NC,nc_99_Nippostrongylus,Rattus rattus,Mandena,agroforest,3
2720,nc_99,Nippostrongylus,Nippostrongylus,TRUE,Nippostrongylus,0.963639898,1,NC,nc_99_Nippostrongylus,Rattus rattus,Mandena,agroforest,3
2721,nc_99,Nippostrongylus,Nippostrongylus,TRUE,Nippostrongylus,0.9414906540000002,1,NC,nc_99_Nippostrongylus,Rattus rattus,Mandena,agroforest,3
2723,nc_99,Nippostrongylus,Nippostrongylus,TRUE,Nippostrongylus,0.9595601930000001,1,NC,nc_99_Nippostrongylus,Rattus rattus,Mandena,agroforest,3
2724,nc_99,Nippostrongylus,Nippostrongylus,TRUE,Nippostrongylus,0.9565014039999999,1,NC,nc_99_Nippostrongylus,Rattus rattus,Mandena,agroforest,3
2729,nc_129,NA,Trichostrongylidae,FALSE,Trichostrongylidae_1,0.46834829,1,NC,nc_129_Trichostrongylidae_1,Microgale brevicaudata,Mandena,agroforest,3
2729,nc_131,NA,Trichostrongylidae,FALSE,Trichostrongylidae_2,0.45080443,1,NC,nc_131_Trichostrongylidae_2,Microgale brevicaudata,Mandena,agroforest,3
2735,nc_95,NA,Heligmonellidae,FALSE,Heligmonellidae,0.9763258,1,NC,nc_95_Heligmonellidae,Mus musculus,Mandena,agroforest,3
2736,nc_95,NA,Heligmonellidae,FALSE,Heligmonellidae,0.9546263340000001,1,NC,nc_95_Heligmonellidae,Rattus rattus,Mandena,village,3
2736,nc_99,Nippostrongylus,Nippostrongylus,TRUE,Nippostrongylus,0.024614472,1,NC,nc_99_Nippostrongylus,Rattus rattus,Mandena,village,3
2737,nc_99,Nippostrongylus,Nippostrongylus,TRUE,Nippostrongylus,0.01179634,1,NC,nc_99_Nippostrongylus,Rattus rattus,Mandena,village,3
2738,nc_99,Nippostrongylus,Nippostrongylus,TRUE,Nippostrongylus,0.9232139949999999,1,NC,nc_99_Nippostrongylus,Rattus rattus,Mandena,village,3
2739,nc_99,Nippostrongylus,Nippostrongylus,TRUE,Nippostrongylus,0.9155388299999998,1,NC,nc_99_Nippostrongylus,Rattus rattus,Mandena,village,3
2740,nc_99,Nippostrongylus,Nippostrongylus,TRUE,Nippostrongylus,0.9478433789999998,1,NC,nc_99_Nippostrongylus,Rattus rattus,Mandena,village,3
2742,nc_95,NA,Heligmonellidae,FALSE,Heligmonellidae,0.010387812,1,NC,nc_95_Heligmonellidae,Rattus rattus,Mandena,agroforest,3
2742,nc_99,Nippostrongylus,Nippostrongylus,TRUE,Nippostrongylus,0.9329639890000001,1,NC,nc_99_Nippostrongylus,Rattus rattus,Mandena,agroforest,3
2743,nc_99,Nippostrongylus,Nippostrongylus,TRUE,Nippostrongylus,0.9258139279999998,1,NC,nc_99_Nippostrongylus,Rattus rattus,Mandena,agroforest,3
2744,nc_99,Nippostrongylus,Nippostrongylus,TRUE,Nippostrongylus,0.955718382,1,NC,nc_99_Nippostrongylus,Rattus rattus,Mandena,agroforest,3
2745,nc_99,Nippostrongylus,Nippostrongylus,TRUE,Nippostrongylus,0.9354838700000001,1,NC,nc_99_Nippostrongylus,Rattus rattus,Mandena,agroforest,3
2746,nc_99,Nippostrongylus,Nippostrongylus,TRUE,Nippostrongylus,0.9330220459999998,1,NC,nc_99_Nippostrongylus,Rattus rattus,Mandena,agroforest,3
2747,nc_99,Nippostrongylus,Nippostrongylus,TRUE,Nippostrongylus,0.940199664,1,NC,nc_99_Nippostrongylus,Rattus rattus,Mandena,agroforest,3
2748,nc_99,Nippostrongylus,Nippostrongylus,TRUE,Nippostrongylus,0.9411149289999998,1,NC,nc_99_Nippostrongylus,Rattus rattus,Mandena,agroforest,3
2749,nc_99,Nippostrongylus,Nippostrongylus,TRUE,Nippostrongylus,0.948584545,1,NC,nc_99_Nippostrongylus,Rattus rattus,Mandena,agroforest,3
2751,nc_116,Heligmosomoidea,Heligmosomoidea,TRUE,Heligmosomoidea_1,0.054347826,1,NC,nc_116_Heligmosomoidea_1,Rattus rattus,Mandena,village,3
2751,nc_129,NA,Trichostrongylidae,FALSE,Trichostrongylidae_1,0.088768116,1,NC,nc_129_Trichostrongylidae_1,Rattus rattus,Mandena,village,3
2751,nc_131,NA,Trichostrongylidae,FALSE,Trichostrongylidae_2,0.05615942,1,NC,nc_131_Trichostrongylidae_2,Rattus rattus,Mandena,village,3
2751,nc_149,NA,Nematoda,FALSE,Nematoda_38,0.018115942,1,NC,nc_149_Nematoda_38,Rattus rattus,Mandena,village,3
2751,nc_17,NA,Nematoda,FALSE,Nematoda_3,0.047101449000000004,1,NC,nc_17_Nematoda_3,Rattus rattus,Mandena,village,3
2751,nc_30,NA,Chromadorea,FALSE,Chromadorea_20,0.079710145,1,NC,nc_30_Chromadorea_20,Rattus rattus,Mandena,village,3
2751,nc_95,NA,Heligmonellidae,FALSE,Heligmonellidae,0.197463769,1,NC,nc_95_Heligmonellidae,Rattus rattus,Mandena,village,3
2751,nc_99,Nippostrongylus,Nippostrongylus,TRUE,Nippostrongylus,0.36594202900000006,1,NC,nc_99_Nippostrongylus,Rattus rattus,Mandena,village,3
2753,nc_95,NA,Heligmonellidae,FALSE,Heligmonellidae,0.985466742,1,NC,nc_95_Heligmonellidae,Mus musculus,Mandena,village,3
2754,nc_99,Nippostrongylus,Nippostrongylus,TRUE,Nippostrongylus,0.568580396,1,NC,nc_99_Nippostrongylus,Rattus rattus,Mandena,agroforest,3
2755,nc_99,Nippostrongylus,Nippostrongylus,TRUE,Nippostrongylus,0.958821071,1,NC,nc_99_Nippostrongylus,Rattus rattus,Mandena,agroforest,3
2756,nc_99,Nippostrongylus,Nippostrongylus,TRUE,Nippostrongylus,0.9531881350000001,1,NC,nc_99_Nippostrongylus,Rattus rattus,Mandena,agroforest,3
2757,nc_99,Nippostrongylus,Nippostrongylus,TRUE,Nippostrongylus,0.9588708899999999,1,NC,nc_99_Nippostrongylus,Rattus rattus,Mandena,agroforest,3
2758,nc_99,Nippostrongylus,Nippostrongylus,TRUE,Nippostrongylus,0.941603467,1,NC,nc_99_Nippostrongylus,Rattus rattus,Mandena,agroforest,3
2759,nc_99,Nippostrongylus,Nippostrongylus,TRUE,Nippostrongylus,0.959556485,1,NC,nc_99_Nippostrongylus,Rattus rattus,Mandena,agroforest,3
2761,nc_129,NA,Trichostrongylidae,FALSE,Trichostrongylidae_1,0.521921854,1,NC,nc_129_Trichostrongylidae_1,Microgale brevicaudata,Mandena,agroforest,3
2761,nc_131,NA,Trichostrongylidae,FALSE,Trichostrongylidae_2,0.41129032200000004,1,NC,nc_131_Trichostrongylidae_2,Microgale brevicaudata,Mandena,agroforest,3
2763,nc_95,NA,Heligmonellidae,FALSE,Heligmonellidae,0.01241185,1,NC,nc_95_Heligmonellidae,Suncus murinus,Mandena,village,3
2763,nc_99,Nippostrongylus,Nippostrongylus,TRUE,Nippostrongylus,0.01833568,1,NC,nc_99_Nippostrongylus,Suncus murinus,Mandena,village,3
2764,nc_99,Nippostrongylus,Nippostrongylus,TRUE,Nippostrongylus,0.9097400740000001,1,NC,nc_99_Nippostrongylus,Rattus rattus,Mandena,village,3
2766,nc_99,Nippostrongylus,Nippostrongylus,TRUE,Nippostrongylus,0.9494392009999998,1,NC,nc_99_Nippostrongylus,Rattus rattus,Mandena,agroforest,3
2767,nc_129,NA,Trichostrongylidae,FALSE,Trichostrongylidae_1,0.574479167,1,NC,nc_129_Trichostrongylidae_1,Microgale brevicaudata,Mandena,agroforest,3
2767,nc_131,NA,Trichostrongylidae,FALSE,Trichostrongylidae_2,0.372395833,1,NC,nc_131_Trichostrongylidae_2,Microgale brevicaudata,Mandena,agroforest,3
2768,nc_99,Nippostrongylus,Nippostrongylus,TRUE,Nippostrongylus,0.02435801,1,NC,nc_99_Nippostrongylus,Suncus murinus,Mandena,agroforest,3
2769,nc_99,Nippostrongylus,Nippostrongylus,TRUE,Nippostrongylus,0.920367848,1,NC,nc_99_Nippostrongylus,Rattus rattus,Mandena,agroforest,3
2770,nc_99,Nippostrongylus,Nippostrongylus,TRUE,Nippostrongylus,0.940395518,1,NC,nc_99_Nippostrongylus,Rattus rattus,Mandena,agroforest,3
2771,nc_97,Angiostrongylus,Angiostrongylus,TRUE,Angiostrongylus,0.9807987719999999,1,NC,nc_97_Angiostrongylus,Rattus rattus,Sarahandrano,brushy_regrowth,1
2772,nc_97,Angiostrongylus,Angiostrongylus,TRUE,Angiostrongylus,0.36991990399999997,1,NC,nc_97_Angiostrongylus,Rattus rattus,Sarahandrano,brushy_regrowth,1
2772,nc_99,Nippostrongylus,Nippostrongylus,TRUE,Nippostrongylus,0.625927025,1,NC,nc_99_Nippostrongylus,Rattus rattus,Sarahandrano,brushy_regrowth,1
2774,nc_99,Nippostrongylus,Nippostrongylus,TRUE,Nippostrongylus,1,1,NC,nc_99_Nippostrongylus,Rattus rattus,Sarahandrano,brushy_regrowth,1
2776,nc_95,NA,Heligmonellidae,FALSE,Heligmonellidae,0.978718638,1,NC,nc_95_Heligmonellidae,Mus musculus,Sarahandrano,brushy_regrowth,1
2776,nc_99,Nippostrongylus,Nippostrongylus,TRUE,Nippostrongylus,0.015456989,1,NC,nc_99_Nippostrongylus,Mus musculus,Sarahandrano,brushy_regrowth,1
2779,nc_99,Nippostrongylus,Nippostrongylus,TRUE,Nippostrongylus,0.974368231,1,NC,nc_99_Nippostrongylus,Rattus rattus,Sarahandrano,brushy_regrowth,1
2786,nc_95,NA,Heligmonellidae,FALSE,Heligmonellidae,0.9656815999999999,1,NC,nc_95_Heligmonellidae,Mus musculus,Sarahandrano,brushy_regrowth,1
2786,nc_99,Nippostrongylus,Nippostrongylus,TRUE,Nippostrongylus,0.0343184,1,NC,nc_99_Nippostrongylus,Mus musculus,Sarahandrano,brushy_regrowth,1
2792,nc_99,Nippostrongylus,Nippostrongylus,TRUE,Nippostrongylus,0.9739603579999999,1,NC,nc_99_Nippostrongylus,Rattus rattus,Sarahandrano,brushy_regrowth,1
2794,nc_99,Nippostrongylus,Nippostrongylus,TRUE,Nippostrongylus,0.994176373,1,NC,nc_99_Nippostrongylus,Rattus rattus,Sarahandrano,brushy_regrowth,1
2795,nc_99,Nippostrongylus,Nippostrongylus,TRUE,Nippostrongylus,0.996760758,1,NC,nc_99_Nippostrongylus,Rattus rattus,Sarahandrano,brushy_regrowth,1
2797,nc_95,NA,Heligmonellidae,FALSE,Heligmonellidae,0.9841095,1,NC,nc_95_Heligmonellidae,Mus musculus,Sarahandrano,brushy_regrowth,1
2807,nc_99,Nippostrongylus,Nippostrongylus,TRUE,Nippostrongylus,1,1,NC,nc_99_Nippostrongylus,Rattus rattus,Sarahandrano,brushy_regrowth,1
2810,nc_99,Nippostrongylus,Nippostrongylus,TRUE,Nippostrongylus,0.988260736,1,NC,nc_99_Nippostrongylus,Rattus rattus,Sarahandrano,brushy_regrowth,1
2811,nc_99,Nippostrongylus,Nippostrongylus,TRUE,Nippostrongylus,0.9725373120000002,1,NC,nc_99_Nippostrongylus,Rattus rattus,Sarahandrano,brushy_regrowth,1
2812,nc_99,Nippostrongylus,Nippostrongylus,TRUE,Nippostrongylus,0.975560079,1,NC,nc_99_Nippostrongylus,Rattus rattus,Sarahandrano,brushy_regrowth,1
2816,nc_95,NA,Heligmonellidae,FALSE,Heligmonellidae,0.9960802,1,NC,nc_95_Heligmonellidae,Mus musculus,Sarahandrano,agriculture,1
2818,nc_95,NA,Heligmonellidae,FALSE,Heligmonellidae,0.986460644,1,NC,nc_95_Heligmonellidae,Mus musculus,Sarahandrano,agriculture,1
2818,nc_99,Nippostrongylus,Nippostrongylus,TRUE,Nippostrongylus,0.012850914,1,NC,nc_99_Nippostrongylus,Mus musculus,Sarahandrano,agriculture,1
2819,nc_99,Nippostrongylus,Nippostrongylus,TRUE,Nippostrongylus,0.9889049679999998,1,NC,nc_99_Nippostrongylus,Rattus rattus,Sarahandrano,agriculture,1
2820,nc_99,Nippostrongylus,Nippostrongylus,TRUE,Nippostrongylus,0.9877837970000002,1,NC,nc_99_Nippostrongylus,Rattus rattus,Sarahandrano,agriculture,1
2821,nc_99,Nippostrongylus,Nippostrongylus,TRUE,Nippostrongylus,0.971924553,1,NC,nc_99_Nippostrongylus,Rattus rattus,Sarahandrano,agriculture,1
2822,nc_99,Nippostrongylus,Nippostrongylus,TRUE,Nippostrongylus,0.9664652,1,NC,nc_99_Nippostrongylus,Rattus rattus,Sarahandrano,agriculture,1
2823,nc_95,NA,Heligmonellidae,FALSE,Heligmonellidae,0.988826816,1,NC,nc_95_Heligmonellidae,Mus musculus,Sarahandrano,agriculture,1
2824,nc_99,Nippostrongylus,Nippostrongylus,TRUE,Nippostrongylus,0.9792298089999999,1,NC,nc_99_Nippostrongylus,Rattus rattus,Sarahandrano,agriculture,1
2825,nc_95,NA,Heligmonellidae,FALSE,Heligmonellidae,0.9912862139999999,1,NC,nc_95_Heligmonellidae,Mus musculus,Sarahandrano,agriculture,1
2826,nc_99,Nippostrongylus,Nippostrongylus,TRUE,Nippostrongylus,0.9556851809999999,1,NC,nc_99_Nippostrongylus,Rattus rattus,Sarahandrano,agriculture,1
2827,nc_99,Nippostrongylus,Nippostrongylus,TRUE,Nippostrongylus,0.9868713400000001,1,NC,nc_99_Nippostrongylus,Rattus rattus,Sarahandrano,agriculture,1
2828,nc_99,Nippostrongylus,Nippostrongylus,TRUE,Nippostrongylus,0.960410349,1,NC,nc_99_Nippostrongylus,Rattus rattus,Sarahandrano,agriculture,1
2829,nc_99,Nippostrongylus,Nippostrongylus,TRUE,Nippostrongylus,0.986750485,1,NC,nc_99_Nippostrongylus,Rattus rattus,Sarahandrano,agriculture,1
2830,nc_99,Nippostrongylus,Nippostrongylus,TRUE,Nippostrongylus,0.967659325,1,NC,nc_99_Nippostrongylus,Rattus rattus,Sarahandrano,agriculture,1
2833,nc_95,NA,Heligmonellidae,FALSE,Heligmonellidae,0.993008474,1,NC,nc_95_Heligmonellidae,Mus musculus,Sarahandrano,agriculture,1
2834,nc_95,NA,Heligmonellidae,FALSE,Heligmonellidae,0.994920174,1,NC,nc_95_Heligmonellidae,Mus musculus,Sarahandrano,agriculture,1
2835,nc_95,NA,Heligmonellidae,FALSE,Heligmonellidae,0.992490402,1,NC,nc_95_Heligmonellidae,Mus musculus,Sarahandrano,agriculture,1
2836,nc_99,Nippostrongylus,Nippostrongylus,TRUE,Nippostrongylus,0.9880353500000001,1,NC,nc_99_Nippostrongylus,Rattus rattus,Sarahandrano,agriculture,1
2839,nc_99,Nippostrongylus,Nippostrongylus,TRUE,Nippostrongylus,0.9812955050000001,1,NC,nc_99_Nippostrongylus,Rattus rattus,Sarahandrano,agriculture,1
2840,nc_99,Nippostrongylus,Nippostrongylus,TRUE,Nippostrongylus,0.9747872679999999,1,NC,nc_99_Nippostrongylus,Rattus rattus,Sarahandrano,agriculture,1
2841,nc_99,Nippostrongylus,Nippostrongylus,TRUE,Nippostrongylus,0.9504731059999999,1,NC,nc_99_Nippostrongylus,Rattus rattus,Sarahandrano,agriculture,1
2842,nc_95,NA,Heligmonellidae,FALSE,Heligmonellidae,0.998145573,1,NC,nc_95_Heligmonellidae,Mus musculus,Sarahandrano,agriculture,1
2843,nc_95,NA,Heligmonellidae,FALSE,Heligmonellidae,0.993977528,1,NC,nc_95_Heligmonellidae,Mus musculus,Sarahandrano,agriculture,1
2845,nc_158,NA,Nematoda,FALSE,Nematoda_23,0.060957316,1,NC,nc_158_Nematoda_23,Rattus rattus,Sarahandrano,agriculture,1
2845,nc_99,Nippostrongylus,Nippostrongylus,TRUE,Nippostrongylus,0.927178507,1,NC,nc_99_Nippostrongylus,Rattus rattus,Sarahandrano,agriculture,1
2846,nc_99,Nippostrongylus,Nippostrongylus,TRUE,Nippostrongylus,0.951909553,1,NC,nc_99_Nippostrongylus,Rattus rattus,Sarahandrano,agriculture,1
2847,nc_99,Nippostrongylus,Nippostrongylus,TRUE,Nippostrongylus,1,1,NC,nc_99_Nippostrongylus,Rattus rattus,Sarahandrano,agriculture,1
2853,nc_91,NA,Chromadorea,FALSE,Chromadorea_8,0.9712460059999999,1,NC,nc_91_Chromadorea_8,Mus musculus,Sarahandrano,agriculture,1
2853,nc_95,NA,Heligmonellidae,FALSE,Heligmonellidae,0.028753994,1,NC,nc_95_Heligmonellidae,Mus musculus,Sarahandrano,agriculture,1
2854,nc_99,Nippostrongylus,Nippostrongylus,TRUE,Nippostrongylus,0.976614249,1,NC,nc_99_Nippostrongylus,Rattus rattus,Sarahandrano,agriculture,1
2857,nc_135,NA,Rhabditida,FALSE,Rhabditida_15,0.646942801,1,NC,nc_135_Rhabditida_15,Rattus rattus,Sarahandrano,agriculture,1
2857,nc_159,NA,Chromadorea,FALSE,Chromadorea_38,0.197238659,1,NC,nc_159_Chromadorea_38,Rattus rattus,Sarahandrano,agriculture,1
2857,nc_2,NA,Nematoda,FALSE,Nematoda_31,0.023668639000000002,1,NC,nc_2_Nematoda_31,Rattus rattus,Sarahandrano,agriculture,1
2857,nc_95,NA,Heligmonellidae,FALSE,Heligmonellidae,0.053254437,1,NC,nc_95_Heligmonellidae,Rattus rattus,Sarahandrano,agriculture,1
2857,nc_99,Nippostrongylus,Nippostrongylus,TRUE,Nippostrongylus,0.071005918,1,NC,nc_99_Nippostrongylus,Rattus rattus,Sarahandrano,agriculture,1
2859,nc_95,NA,Heligmonellidae,FALSE,Heligmonellidae,0.97725005,1,NC,nc_95_Heligmonellidae,Suncus murinus,Sarahandrano,agriculture,1
2859,nc_99,Nippostrongylus,Nippostrongylus,TRUE,Nippostrongylus,0.02274989,1,NC,nc_99_Nippostrongylus,Suncus murinus,Sarahandrano,agriculture,1
2864,nc_189,NA,Chromadorea,FALSE,Chromadorea_39,0.144724556,1,NC,nc_189_Chromadorea_39,Microgale prolixacaudata,Sarahandrano,agriculture,1
2864,nc_57,NA,Rhabditida,FALSE,Rhabditida_3,0.843137255,1,NC,nc_57_Rhabditida_3,Microgale prolixacaudata,Sarahandrano,agriculture,1
2872,nc_116,Heligmosomoidea,Heligmosomoidea,TRUE,Heligmosomoidea_1,0.617433574,1,NC,nc_116_Heligmosomoidea_1,Microgale brevicaudata,Sarahandrano,secondary_forest,1
2872,nc_129,NA,Trichostrongylidae,FALSE,Trichostrongylidae_1,0.190650596,1,NC,nc_129_Trichostrongylidae_1,Microgale brevicaudata,Sarahandrano,secondary_forest,1
2872,nc_131,NA,Trichostrongylidae,FALSE,Trichostrongylidae_2,0.056868881999999996,1,NC,nc_131_Trichostrongylidae_2,Microgale brevicaudata,Sarahandrano,secondary_forest,1
2873,nc_129,NA,Trichostrongylidae,FALSE,Trichostrongylidae_1,0.982337,1,NC,nc_129_Trichostrongylidae_1,Microgale brevicaudata,Sarahandrano,secondary_forest,1
2873,nc_99,Nippostrongylus,Nippostrongylus,TRUE,Nippostrongylus,0.01403986,1,NC,nc_99_Nippostrongylus,Microgale brevicaudata,Sarahandrano,secondary_forest,1
2878,nc_116,Heligmosomoidea,Heligmosomoidea,TRUE,Heligmosomoidea_1,0.443635259,1,NC,nc_116_Heligmosomoidea_1,Rattus rattus,Sarahandrano,secondary_forest,1
2878,nc_129,NA,Trichostrongylidae,FALSE,Trichostrongylidae_1,0.435973297,1,NC,nc_129_Trichostrongylidae_1,Rattus rattus,Sarahandrano,secondary_forest,1
2878,nc_131,NA,Trichostrongylidae,FALSE,Trichostrongylidae_2,0.090805644,1,NC,nc_131_Trichostrongylidae_2,Rattus rattus,Sarahandrano,secondary_forest,1
2880,nc_99,Nippostrongylus,Nippostrongylus,TRUE,Nippostrongylus,0.389105059,1,NC,nc_99_Nippostrongylus,Rattus rattus,Sarahandrano,secondary_forest,1
2888,nc_99,Nippostrongylus,Nippostrongylus,TRUE,Nippostrongylus,0.9584020050000002,1,NC,nc_99_Nippostrongylus,Rattus rattus,Sarahandrano,secondary_forest,1
2892,nc_99,Nippostrongylus,Nippostrongylus,TRUE,Nippostrongylus,0.939635879,1,NC,nc_99_Nippostrongylus,Rattus rattus,Sarahandrano,secondary_forest,1
2893,nc_99,Nippostrongylus,Nippostrongylus,TRUE,Nippostrongylus,0.9388591790000002,1,NC,nc_99_Nippostrongylus,Rattus rattus,Sarahandrano,secondary_forest,1
2894,nc_99,Nippostrongylus,Nippostrongylus,TRUE,Nippostrongylus,0.9683365869999999,1,NC,nc_99_Nippostrongylus,Rattus rattus,Sarahandrano,secondary_forest,1
2895,nc_237,NA,Rhabditida,FALSE,Rhabditida_37,0.016748233,1,NC,nc_237_Rhabditida_37,Rattus rattus,Sarahandrano,secondary_forest,1
2895,nc_99,Nippostrongylus,Nippostrongylus,TRUE,Nippostrongylus,0.923545405,1,NC,nc_99_Nippostrongylus,Rattus rattus,Sarahandrano,secondary_forest,1
2897,nc_116,Heligmosomoidea,Heligmosomoidea,TRUE,Heligmosomoidea_1,0.07639689499999999,1,NC,nc_116_Heligmosomoidea_1,Microgale brevicaudata,Sarahandrano,secondary_forest,1
2897,nc_129,NA,Trichostrongylidae,FALSE,Trichostrongylidae_1,0.578587349,1,NC,nc_129_Trichostrongylidae_1,Microgale brevicaudata,Sarahandrano,secondary_forest,1
2897,nc_131,NA,Trichostrongylidae,FALSE,Trichostrongylidae_2,0.236722773,1,NC,nc_131_Trichostrongylidae_2,Microgale brevicaudata,Sarahandrano,secondary_forest,1
2902,nc_116,Heligmosomoidea,Heligmosomoidea,TRUE,Heligmosomoidea_1,0.224393481,1,NC,nc_116_Heligmosomoidea_1,Microgale brevicaudata,Sarahandrano,secondary_forest,1
2902,nc_129,NA,Trichostrongylidae,FALSE,Trichostrongylidae_1,0.473932601,1,NC,nc_129_Trichostrongylidae_1,Microgale brevicaudata,Sarahandrano,secondary_forest,1
2902,nc_131,NA,Trichostrongylidae,FALSE,Trichostrongylidae_2,0.18339355499999999,1,NC,nc_131_Trichostrongylidae_2,Microgale brevicaudata,Sarahandrano,secondary_forest,1
2904,nc_116,Heligmosomoidea,Heligmosomoidea,TRUE,Heligmosomoidea_1,0.4743419590000001,1,NC,nc_116_Heligmosomoidea_1,Microgale brevicaudata,Sarahandrano,secondary_forest,1
2904,nc_129,NA,Trichostrongylidae,FALSE,Trichostrongylidae_1,0.25691218699999996,1,NC,nc_129_Trichostrongylidae_1,Microgale brevicaudata,Sarahandrano,secondary_forest,1
2904,nc_131,NA,Trichostrongylidae,FALSE,Trichostrongylidae_2,0.09101968599999999,1,NC,nc_131_Trichostrongylidae_2,Microgale brevicaudata,Sarahandrano,secondary_forest,1
2907,nc_116,Heligmosomoidea,Heligmosomoidea,TRUE,Heligmosomoidea_1,0.971698113,1,NC,nc_116_Heligmosomoidea_1,Microgale brevicaudata,Sarahandrano,secondary_forest,1
2907,nc_99,Nippostrongylus,Nippostrongylus,TRUE,Nippostrongylus,0.011320755,1,NC,nc_99_Nippostrongylus,Microgale brevicaudata,Sarahandrano,secondary_forest,1
2911,nc_102,Globocephalus,Globocephalus,TRUE,Globocephalus,0.945580232,1,NC,nc_102_Globocephalus,Setifer setosus,Sarahandrano,semi-intact_forest,1
2912,nc_118,Heligmosomoidea,Heligmosomoidea,TRUE,Heligmosomoidea_2,0.952976936,1,NC,nc_118_Heligmosomoidea_2,Microgale cf. talazaci,Sarahandrano,semi-intact_forest,1
2920,nc_164,NA,Chromadorea,FALSE,Chromadorea_54,0.044761273,1,NC,nc_164_Chromadorea_54,Microgale cf. prolixacaudata,Sarahandrano,agroforest,1
2920,nc_97,Angiostrongylus,Angiostrongylus,TRUE,Angiostrongylus,0.9379973469999999,1,NC,nc_97_Angiostrongylus,Microgale cf. prolixacaudata,Sarahandrano,agroforest,1
2920,nc_99,Nippostrongylus,Nippostrongylus,TRUE,Nippostrongylus,0.013262599,1,NC,nc_99_Nippostrongylus,Microgale cf. prolixacaudata,Sarahandrano,agroforest,1
2924,nc_99,Nippostrongylus,Nippostrongylus,TRUE,Nippostrongylus,0.980748433,1,NC,nc_99_Nippostrongylus,Rattus rattus,Sarahandrano,agroforest,1
2930,nc_99,Nippostrongylus,Nippostrongylus,TRUE,Nippostrongylus,0.986442263,1,NC,nc_99_Nippostrongylus,Rattus rattus,Sarahandrano,agroforest,1
2931,nc_174,NA,Chromadorea,FALSE,Chromadorea_35,0.297532656,1,NC,nc_174_Chromadorea_35,Suncus murinus,Sarahandrano,agroforest,1
2931,nc_210,NA,Rhabditida,FALSE,Rhabditida_17,0.631349782,1,NC,nc_210_Rhabditida_17,Suncus murinus,Sarahandrano,agroforest,1
2931,nc_95,NA,Heligmonellidae,FALSE,Heligmonellidae,0.015965167,1,NC,nc_95_Heligmonellidae,Suncus murinus,Sarahandrano,agroforest,1
2931,nc_99,Nippostrongylus,Nippostrongylus,TRUE,Nippostrongylus,0.05515239400000001,1,NC,nc_99_Nippostrongylus,Suncus murinus,Sarahandrano,agroforest,1
2933,nc_99,Nippostrongylus,Nippostrongylus,TRUE,Nippostrongylus,0.991460924,1,NC,nc_99_Nippostrongylus,Rattus rattus,Sarahandrano,agroforest,1
2934,nc_99,Nippostrongylus,Nippostrongylus,TRUE,Nippostrongylus,0.97674976,1,NC,nc_99_Nippostrongylus,Rattus rattus,Sarahandrano,agroforest,1
2936,nc_95,NA,Heligmonellidae,FALSE,Heligmonellidae,0.01686747,1,NC,nc_95_Heligmonellidae,Rattus rattus,Sarahandrano,agroforest,1
2936,nc_99,Nippostrongylus,Nippostrongylus,TRUE,Nippostrongylus,0.974698795,1,NC,nc_99_Nippostrongylus,Rattus rattus,Sarahandrano,agroforest,1
2942,nc_99,Nippostrongylus,Nippostrongylus,TRUE,Nippostrongylus,0.976472308,1,NC,nc_99_Nippostrongylus,Rattus rattus,Sarahandrano,agroforest,1
2944,nc_41,NA,Nematoda,FALSE,Nematoda_21,0.126382306,1,NC,nc_41_Nematoda_21,Rattus rattus,Sarahandrano,agroforest,1
2944,nc_99,Nippostrongylus,Nippostrongylus,TRUE,Nippostrongylus,0.8413902050000001,1,NC,nc_99_Nippostrongylus,Rattus rattus,Sarahandrano,agroforest,1
2945,nc_166,NA,Chromadorea,FALSE,Chromadorea_66,0.020715631,1,NC,nc_166_Chromadorea_66,Rattus rattus,Sarahandrano,agroforest,1
2945,nc_208,NA,Chromadorea,FALSE,Chromadorea_19,0.588512241,1,NC,nc_208_Chromadorea_19,Rattus rattus,Sarahandrano,agroforest,1
2945,nc_33,NA,Nematoda,FALSE,Nematoda_17,0.345574388,1,NC,nc_33_Nematoda_17,Rattus rattus,Sarahandrano,agroforest,1
2945,nc_99,Nippostrongylus,Nippostrongylus,TRUE,Nippostrongylus,0.038135593,1,NC,nc_99_Nippostrongylus,Rattus rattus,Sarahandrano,agroforest,1
2946,nc_99,Nippostrongylus,Nippostrongylus,TRUE,Nippostrongylus,0.9799803739999999,1,NC,nc_99_Nippostrongylus,Rattus rattus,Sarahandrano,agroforest,1
2948,nc_99,Nippostrongylus,Nippostrongylus,TRUE,Nippostrongylus,0.972940649,1,NC,nc_99_Nippostrongylus,Rattus rattus,Sarahandrano,agroforest,1
2956,nc_95,NA,Heligmonellidae,FALSE,Heligmonellidae,0.975350553,1,NC,nc_95_Heligmonellidae,Mus musculus,Sarahandrano,flooded_rice,1
2956,nc_99,Nippostrongylus,Nippostrongylus,TRUE,Nippostrongylus,0.01402214,1,NC,nc_99_Nippostrongylus,Mus musculus,Sarahandrano,flooded_rice,1
2958,nc_14,NA,Chromadorea,FALSE,Chromadorea_64,0.022814601,1,NC,nc_14_Chromadorea_64,Rattus rattus,Sarahandrano,flooded_rice,1
2958,nc_99,Nippostrongylus,Nippostrongylus,TRUE,Nippostrongylus,0.96950048,1,NC,nc_99_Nippostrongylus,Rattus rattus,Sarahandrano,flooded_rice,1
2970,nc_92,NA,Rhabditida,FALSE,Rhabditida_7,0.9670658669999999,1,NC,nc_92_Rhabditida_7,Mus musculus,Sarahandrano,flooded_rice,1
2970,nc_99,Nippostrongylus,Nippostrongylus,TRUE,Nippostrongylus,0.010778443,1,NC,nc_99_Nippostrongylus,Mus musculus,Sarahandrano,flooded_rice,1
2976,nc_99,Nippostrongylus,Nippostrongylus,TRUE,Nippostrongylus,0.9565752249999999,1,NC,nc_99_Nippostrongylus,Rattus rattus,Sarahandrano,village,1
2977,nc_99,Nippostrongylus,Nippostrongylus,TRUE,Nippostrongylus,0.99181322,1,NC,nc_99_Nippostrongylus,Rattus rattus,Sarahandrano,village,1
2980,nc_99,Nippostrongylus,Nippostrongylus,TRUE,Nippostrongylus,0.9790751190000001,1,NC,nc_99_Nippostrongylus,Rattus rattus,Sarahandrano,village,1
2981,nc_99,Nippostrongylus,Nippostrongylus,TRUE,Nippostrongylus,0.983870968,1,NC,nc_99_Nippostrongylus,Rattus rattus,Sarahandrano,village,1
2982,nc_99,Nippostrongylus,Nippostrongylus,TRUE,Nippostrongylus,0.9765584289999999,1,NC,nc_99_Nippostrongylus,Rattus rattus,Sarahandrano,village,1
2984,nc_97,Angiostrongylus,Angiostrongylus,TRUE,Angiostrongylus,0.967878787,1,NC,nc_97_Angiostrongylus,Rattus rattus,Sarahandrano,village,1
2984,nc_99,Nippostrongylus,Nippostrongylus,TRUE,Nippostrongylus,0.032121211999999996,1,NC,nc_99_Nippostrongylus,Rattus rattus,Sarahandrano,village,1
2989,nc_99,Nippostrongylus,Nippostrongylus,TRUE,Nippostrongylus,0.981420765,1,NC,nc_99_Nippostrongylus,Rattus rattus,Sarahandrano,brushy_regrowth,2
2992,nc_95,NA,Heligmonellidae,FALSE,Heligmonellidae,0.041369472,1,NC,nc_95_Heligmonellidae,Setifer setosus,Sarahandrano,brushy_regrowth,2
2992,nc_97,Angiostrongylus,Angiostrongylus,TRUE,Angiostrongylus,0.721825963,1,NC,nc_97_Angiostrongylus,Setifer setosus,Sarahandrano,brushy_regrowth,2
2992,nc_99,Nippostrongylus,Nippostrongylus,TRUE,Nippostrongylus,0.236804565,1,NC,nc_99_Nippostrongylus,Setifer setosus,Sarahandrano,brushy_regrowth,2
2997,nc_95,NA,Heligmonellidae,FALSE,Heligmonellidae,0.9801331980000001,1,NC,nc_95_Heligmonellidae,Mus musculus,Sarahandrano,brushy_regrowth,2
2997,nc_99,Nippostrongylus,Nippostrongylus,TRUE,Nippostrongylus,0.017044813,1,NC,nc_99_Nippostrongylus,Mus musculus,Sarahandrano,brushy_regrowth,2
3000,nc_99,Nippostrongylus,Nippostrongylus,TRUE,Nippostrongylus,0.981040462,1,NC,nc_99_Nippostrongylus,Rattus rattus,Sarahandrano,brushy_regrowth,2
3002,nc_99,Nippostrongylus,Nippostrongylus,TRUE,Nippostrongylus,0.975551296,1,NC,nc_99_Nippostrongylus,Rattus rattus,Sarahandrano,brushy_regrowth,2
3004,nc_95,NA,Heligmonellidae,FALSE,Heligmonellidae,0.990147783,1,NC,nc_95_Heligmonellidae,Mus musculus,Sarahandrano,brushy_regrowth,2
3005,nc_99,Nippostrongylus,Nippostrongylus,TRUE,Nippostrongylus,0.968132412,1,NC,nc_99_Nippostrongylus,Rattus rattus,Sarahandrano,brushy_regrowth,2
3007,nc_95,NA,Heligmonellidae,FALSE,Heligmonellidae,0.9846906230000001,1,NC,nc_95_Heligmonellidae,Mus musculus,Sarahandrano,brushy_regrowth,2
3008,nc_95,NA,Heligmonellidae,FALSE,Heligmonellidae,0.988398693,1,NC,nc_95_Heligmonellidae,Mus musculus,Sarahandrano,brushy_regrowth,2
3008,nc_99,Nippostrongylus,Nippostrongylus,TRUE,Nippostrongylus,0.011601307,1,NC,nc_99_Nippostrongylus,Mus musculus,Sarahandrano,brushy_regrowth,2
3009,nc_95,NA,Heligmonellidae,FALSE,Heligmonellidae,0.989722899,1,NC,nc_95_Heligmonellidae,Mus musculus,Sarahandrano,brushy_regrowth,2
3014,nc_95,NA,Heligmonellidae,FALSE,Heligmonellidae,0.989917595,1,NC,nc_95_Heligmonellidae,Mus musculus,Sarahandrano,brushy_regrowth,2
3015,nc_95,NA,Heligmonellidae,FALSE,Heligmonellidae,0.993626243,1,NC,nc_95_Heligmonellidae,Mus musculus,Sarahandrano,brushy_regrowth,2
3018,nc_103,NA,Strongylida,FALSE,Strongylida_2,0.518134715,1,NC,nc_103_Strongylida_2,Nesogale talazaci,Sarahandrano,agroforest,2
3018,nc_105,NA,Strongylida,FALSE,Strongylida_3,0.445595855,1,NC,nc_105_Strongylida_3,Nesogale talazaci,Sarahandrano,agroforest,2
3021,nc_99,Nippostrongylus,Nippostrongylus,TRUE,Nippostrongylus,0.965971009,1,NC,nc_99_Nippostrongylus,Rattus rattus,Sarahandrano,agroforest,2
3022,nc_99,Nippostrongylus,Nippostrongylus,TRUE,Nippostrongylus,0.9573987429999999,1,NC,nc_99_Nippostrongylus,Rattus rattus,Sarahandrano,agroforest,2
3023,nc_99,Nippostrongylus,Nippostrongylus,TRUE,Nippostrongylus,0.9950884090000001,1,NC,nc_99_Nippostrongylus,Rattus rattus,Sarahandrano,agroforest,2
3024,nc_99,Nippostrongylus,Nippostrongylus,TRUE,Nippostrongylus,0.990820735,1,NC,nc_99_Nippostrongylus,Rattus rattus,Sarahandrano,agroforest,2
3028,nc_95,NA,Heligmonellidae,FALSE,Heligmonellidae,0.9802383939999999,1,NC,nc_95_Heligmonellidae,Mus musculus,Sarahandrano,agroforest,2
3028,nc_99,Nippostrongylus,Nippostrongylus,TRUE,Nippostrongylus,0.013174404,1,NC,nc_99_Nippostrongylus,Mus musculus,Sarahandrano,agroforest,2
3031,nc_99,Nippostrongylus,Nippostrongylus,TRUE,Nippostrongylus,0.9666754129999999,1,NC,nc_99_Nippostrongylus,Rattus rattus,Sarahandrano,agroforest,2
3032,nc_82,NA,Nematoda,FALSE,Nematoda_7,0.843068876,1,NC,nc_82_Nematoda_7,Tenrec ecaudatus,Sarahandrano,agroforest,2
3032,nc_84,NA,Chromadorea,FALSE,Chromadorea_43,0.12423714,1,NC,nc_84_Chromadorea_43,Tenrec ecaudatus,Sarahandrano,agroforest,2
3032,nc_99,Nippostrongylus,Nippostrongylus,TRUE,Nippostrongylus,0.023539669,1,NC,nc_99_Nippostrongylus,Tenrec ecaudatus,Sarahandrano,agroforest,2
3035,nc_97,Angiostrongylus,Angiostrongylus,TRUE,Angiostrongylus,0.693886097,1,NC,nc_97_Angiostrongylus,Rattus rattus,Sarahandrano,agroforest,2
3035,nc_99,Nippostrongylus,Nippostrongylus,TRUE,Nippostrongylus,0.30569514200000003,1,NC,nc_99_Nippostrongylus,Rattus rattus,Sarahandrano,agroforest,2
3036,nc_99,Nippostrongylus,Nippostrongylus,TRUE,Nippostrongylus,0.983916746,1,NC,nc_99_Nippostrongylus,Rattus rattus,Sarahandrano,agroforest,2
3038,nc_99,Nippostrongylus,Nippostrongylus,TRUE,Nippostrongylus,0.950256411,1,NC,nc_99_Nippostrongylus,Rattus rattus,Sarahandrano,agroforest,2
3041,nc_97,Angiostrongylus,Angiostrongylus,TRUE,Angiostrongylus,0.984644914,1,NC,nc_97_Angiostrongylus,Rattus rattus,Sarahandrano,agroforest,2
3042,nc_97,Angiostrongylus,Angiostrongylus,TRUE,Angiostrongylus,0.9769192,1,NC,nc_97_Angiostrongylus,Rattus rattus,Sarahandrano,agroforest,2
3042,nc_99,Nippostrongylus,Nippostrongylus,TRUE,Nippostrongylus,0.01204215,1,NC,nc_99_Nippostrongylus,Rattus rattus,Sarahandrano,agroforest,2
3043,nc_99,Nippostrongylus,Nippostrongylus,TRUE,Nippostrongylus,0.9760068530000001,1,NC,nc_99_Nippostrongylus,Rattus rattus,Sarahandrano,secondary_forest,2
3044,nc_99,Nippostrongylus,Nippostrongylus,TRUE,Nippostrongylus,0.968349193,1,NC,nc_99_Nippostrongylus,Rattus rattus,Sarahandrano,secondary_forest,2
3046,nc_37,NA,Rhabditida,FALSE,Rhabditida_25,0.17733063100000002,1,NC,nc_37_Rhabditida_25,Microgale brevicaudata,Sarahandrano,secondary_forest,2
3046,nc_42,NA,Nematoda,FALSE,Nematoda_9,0.7165605099999999,1,NC,nc_42_Nematoda_9,Microgale brevicaudata,Sarahandrano,secondary_forest,2
3046,nc_65,NA,Rhabditida,FALSE,Rhabditida_1,0.026635785,1,NC,nc_65_Rhabditida_1,Microgale brevicaudata,Sarahandrano,secondary_forest,2
3047,nc_139,NA,Nematoda,FALSE,Nematoda_4,0.051871899,1,NC,nc_139_Nematoda_4,Microgale brevicaudata,Sarahandrano,secondary_forest,2
3047,nc_65,NA,Rhabditida,FALSE,Rhabditida_1,0.889039242,1,NC,nc_65_Rhabditida_1,Microgale brevicaudata,Sarahandrano,secondary_forest,2
3047,nc_66,NA,Chromadorea,FALSE,Chromadorea_4,0.0248083,1,NC,nc_66_Chromadorea_4,Microgale brevicaudata,Sarahandrano,secondary_forest,2
3047,nc_99,Nippostrongylus,Nippostrongylus,TRUE,Nippostrongylus,0.02345512,1,NC,nc_99_Nippostrongylus,Microgale brevicaudata,Sarahandrano,secondary_forest,2
3048,nc_95,NA,Heligmonellidae,FALSE,Heligmonellidae,0.010137923,1,NC,nc_95_Heligmonellidae,Microgale brevicaudata,Sarahandrano,secondary_forest,2
3051,nc_99,Nippostrongylus,Nippostrongylus,TRUE,Nippostrongylus,0.9823798400000001,1,NC,nc_99_Nippostrongylus,Rattus rattus,Sarahandrano,secondary_forest,2
3052,nc_99,Nippostrongylus,Nippostrongylus,TRUE,Nippostrongylus,0.9532760800000001,1,NC,nc_99_Nippostrongylus,Rattus rattus,Sarahandrano,secondary_forest,2
3054,nc_112,NA,Strongylida,FALSE,Strongylida_5,0.5400488130000001,1,NC,nc_112_Strongylida_5,Microgale parvula,Sarahandrano,secondary_forest,2
3054,nc_115,NA,Strongylida,FALSE,Strongylida_6,0.430219658,1,NC,nc_115_Strongylida_6,Microgale parvula,Sarahandrano,secondary_forest,2
3055,nc_129,NA,Trichostrongylidae,FALSE,Trichostrongylidae_1,0.764385754,1,NC,nc_129_Trichostrongylidae_1,Microgale brevicaudata,Sarahandrano,secondary_forest,2
3055,nc_131,NA,Trichostrongylidae,FALSE,Trichostrongylidae_2,0.161504602,1,NC,nc_131_Trichostrongylidae_2,Microgale brevicaudata,Sarahandrano,secondary_forest,2
3056,nc_157,NA,Chromadorea,FALSE,Chromadorea_52,0.050495517000000004,1,NC,nc_157_Chromadorea_52,Setifer setosus,Sarahandrano,secondary_forest,2
3056,nc_185,NA,Rhabditida,FALSE,Rhabditida_24,0.252005663,1,NC,nc_185_Rhabditida_24,Setifer setosus,Sarahandrano,secondary_forest,2
3056,nc_31,NA,Rhabditida,FALSE,Rhabditida_36,0.017461067,1,NC,nc_31_Rhabditida_36,Setifer setosus,Sarahandrano,secondary_forest,2
3056,nc_55,NA,Chromadorea,FALSE,Chromadorea_62,0.026899481,1,NC,nc_55_Chromadorea_62,Setifer setosus,Sarahandrano,secondary_forest,2
3056,nc_56,NA,Rhabditida,FALSE,Rhabditida_19,0.594620104,1,NC,nc_56_Rhabditida_19,Setifer setosus,Sarahandrano,secondary_forest,2
3056,nc_99,Nippostrongylus,Nippostrongylus,TRUE,Nippostrongylus,0.033506371,1,NC,nc_99_Nippostrongylus,Setifer setosus,Sarahandrano,secondary_forest,2
3058,nc_99,Nippostrongylus,Nippostrongylus,TRUE,Nippostrongylus,0.9858417709999999,1,NC,nc_99_Nippostrongylus,Rattus rattus,Sarahandrano,secondary_forest,2
3059,nc_189,NA,Chromadorea,FALSE,Chromadorea_39,0.047596717,1,NC,nc_189_Chromadorea_39,Setifer setosus,Sarahandrano,secondary_forest,2
3059,nc_57,NA,Rhabditida,FALSE,Rhabditida_3,0.9064478290000001,1,NC,nc_57_Rhabditida_3,Setifer setosus,Sarahandrano,secondary_forest,2
3059,nc_99,Nippostrongylus,Nippostrongylus,TRUE,Nippostrongylus,0.022039859,1,NC,nc_99_Nippostrongylus,Setifer setosus,Sarahandrano,secondary_forest,2
3060,nc_116,Heligmosomoidea,Heligmosomoidea,TRUE,Heligmosomoidea_1,0.11854103299999999,1,NC,nc_116_Heligmosomoidea_1,Microgale brevicaudata,Sarahandrano,secondary_forest,2
3060,nc_129,NA,Trichostrongylidae,FALSE,Trichostrongylidae_1,0.6160860420000001,1,NC,nc_129_Trichostrongylidae_1,Microgale brevicaudata,Sarahandrano,secondary_forest,2
3060,nc_131,NA,Trichostrongylidae,FALSE,Trichostrongylidae_2,0.19593172800000003,1,NC,nc_131_Trichostrongylidae_2,Microgale brevicaudata,Sarahandrano,secondary_forest,2
3061,nc_129,NA,Trichostrongylidae,FALSE,Trichostrongylidae_1,0.750510551,1,NC,nc_129_Trichostrongylidae_1,Microgale brevicaudata,Sarahandrano,secondary_forest,2
3061,nc_131,NA,Trichostrongylidae,FALSE,Trichostrongylidae_2,0.156160654,1,NC,nc_131_Trichostrongylidae_2,Microgale brevicaudata,Sarahandrano,secondary_forest,2
3062,nc_99,Nippostrongylus,Nippostrongylus,TRUE,Nippostrongylus,0.018310312,1,NC,nc_99_Nippostrongylus,Setifer setosus,Sarahandrano,secondary_forest,2
3063,nc_102,Globocephalus,Globocephalus,TRUE,Globocephalus,0.983518225,1,NC,nc_102_Globocephalus,Setifer setosus,Sarahandrano,secondary_forest,2
3063,nc_99,Nippostrongylus,Nippostrongylus,TRUE,Nippostrongylus,0.01405177,1,NC,nc_99_Nippostrongylus,Setifer setosus,Sarahandrano,secondary_forest,2
3064,nc_99,Nippostrongylus,Nippostrongylus,TRUE,Nippostrongylus,0.9826993340000001,1,NC,nc_99_Nippostrongylus,Rattus rattus,Sarahandrano,secondary_forest,2
3065,nc_116,Heligmosomoidea,Heligmosomoidea,TRUE,Heligmosomoidea_1,0.32836134400000005,1,NC,nc_116_Heligmosomoidea_1,Microgale brevicaudata,Sarahandrano,secondary_forest,2
3065,nc_129,NA,Trichostrongylidae,FALSE,Trichostrongylidae_1,0.376050421,1,NC,nc_129_Trichostrongylidae_1,Microgale brevicaudata,Sarahandrano,secondary_forest,2
3065,nc_131,NA,Trichostrongylidae,FALSE,Trichostrongylidae_2,0.21092437000000003,1,NC,nc_131_Trichostrongylidae_2,Microgale brevicaudata,Sarahandrano,secondary_forest,2
3066,nc_118,Heligmosomoidea,Heligmosomoidea,TRUE,Heligmosomoidea_2,0.9766155899999999,1,NC,nc_118_Heligmosomoidea_2,Nesogale talazaci,Sarahandrano,semi-intact_forest,2
3067,nc_118,Heligmosomoidea,Heligmosomoidea,TRUE,Heligmosomoidea_2,0.974068072,1,NC,nc_118_Heligmosomoidea_2,Nesogale talazaci,Sarahandrano,semi-intact_forest,2
3068,nc_94,NA,Strongylida,FALSE,Strongylida_1,0.9654856450000001,1,NC,nc_94_Strongylida_1,Eliurus minor,Sarahandrano,semi-intact_forest,2
3069,nc_94,NA,Strongylida,FALSE,Strongylida_1,0.9919373679999999,1,NC,nc_94_Strongylida_1,Nesomys audeberti,Sarahandrano,semi-intact_forest,2
3070,nc_138,NA,Rhabditida,FALSE,Rhabditida_6,0.026491803,1,NC,nc_138_Rhabditida_6,Nesomys audeberti,Sarahandrano,semi-intact_forest,2
3070,nc_94,NA,Strongylida,FALSE,Strongylida_1,0.954754097,1,NC,nc_94_Strongylida_1,Nesomys audeberti,Sarahandrano,semi-intact_forest,2
3071,nc_118,Heligmosomoidea,Heligmosomoidea,TRUE,Heligmosomoidea_2,0.209079963,1,NC,nc_118_Heligmosomoidea_2,Nesogale talazaci,Sarahandrano,semi-intact_forest,2
3072,nc_118,Heligmosomoidea,Heligmosomoidea,TRUE,Heligmosomoidea_2,0.9883557139999999,1,NC,nc_118_Heligmosomoidea_2,Nesogale talazaci,Sarahandrano,semi-intact_forest,2
3073,nc_94,NA,Strongylida,FALSE,Strongylida_1,0.983111955,1,NC,nc_94_Strongylida_1,Nesomys audeberti,Sarahandrano,semi-intact_forest,2
3078,nc_95,NA,Heligmonellidae,FALSE,Heligmonellidae,0.9956265999999999,1,NC,nc_95_Heligmonellidae,Mus musculus,Sarahandrano,flooded_rice,2
3081,nc_99,Nippostrongylus,Nippostrongylus,TRUE,Nippostrongylus,0.9821189699999998,1,NC,nc_99_Nippostrongylus,Rattus rattus,Sarahandrano,flooded_rice,2
3082,nc_95,NA,Heligmonellidae,FALSE,Heligmonellidae,0.9914228,1,NC,nc_95_Heligmonellidae,Mus musculus,Sarahandrano,village,2
3083,nc_95,NA,Heligmonellidae,FALSE,Heligmonellidae,0.9905868999999999,1,NC,nc_95_Heligmonellidae,Mus musculus,Sarahandrano,village,2
3087,nc_95,NA,Heligmonellidae,FALSE,Heligmonellidae,0.951760105,1,NC,nc_95_Heligmonellidae,Suncus etruscus,Sarahandrano,flooded_rice,2
3087,nc_99,Nippostrongylus,Nippostrongylus,TRUE,Nippostrongylus,0.023794003,1,NC,nc_99_Nippostrongylus,Suncus etruscus,Sarahandrano,flooded_rice,2
3088,nc_95,NA,Heligmonellidae,FALSE,Heligmonellidae,0.9823641999999999,1,NC,nc_95_Heligmonellidae,Mus musculus,Sarahandrano,flooded_rice,2
3088,nc_99,Nippostrongylus,Nippostrongylus,TRUE,Nippostrongylus,0.01197904,1,NC,nc_99_Nippostrongylus,Mus musculus,Sarahandrano,flooded_rice,2
3089,nc_95,NA,Heligmonellidae,FALSE,Heligmonellidae,0.996583387,1,NC,nc_95_Heligmonellidae,Mus musculus,Sarahandrano,flooded_rice,2
3090,nc_95,NA,Heligmonellidae,FALSE,Heligmonellidae,0.996555039,1,NC,nc_95_Heligmonellidae,Mus musculus,Sarahandrano,flooded_rice,2
3091,nc_95,NA,Heligmonellidae,FALSE,Heligmonellidae,0.9784647449999999,1,NC,nc_95_Heligmonellidae,Mus musculus,Sarahandrano,flooded_rice,2
3093,nc_95,NA,Heligmonellidae,FALSE,Heligmonellidae,0.9875,1,NC,nc_95_Heligmonellidae,Mus musculus,Sarahandrano,flooded_rice,2
3093,nc_99,Nippostrongylus,Nippostrongylus,TRUE,Nippostrongylus,0.0125,1,NC,nc_99_Nippostrongylus,Mus musculus,Sarahandrano,flooded_rice,2
3095,nc_95,NA,Heligmonellidae,FALSE,Heligmonellidae,1,1,NC,nc_95_Heligmonellidae,Mus musculus,Sarahandrano,flooded_rice,2
3097,nc_95,NA,Heligmonellidae,FALSE,Heligmonellidae,0.9837584,1,NC,nc_95_Heligmonellidae,Mus musculus,Sarahandrano,flooded_rice,2
3097,nc_99,Nippostrongylus,Nippostrongylus,TRUE,Nippostrongylus,0.01127517,1,NC,nc_99_Nippostrongylus,Mus musculus,Sarahandrano,flooded_rice,2
3102,nc_24,NA,Rhabditida,FALSE,Rhabditida_2,0.956309362,1,NC,nc_24_Rhabditida_2,Suncus etruscus,Sarahandrano,flooded_rice,2
3102,nc_99,Nippostrongylus,Nippostrongylus,TRUE,Nippostrongylus,0.03256445,1,NC,nc_99_Nippostrongylus,Suncus etruscus,Sarahandrano,flooded_rice,2
3103,nc_95,NA,Heligmonellidae,FALSE,Heligmonellidae,0.9910342000000001,1,NC,nc_95_Heligmonellidae,Mus musculus,Sarahandrano,village,2
3106,nc_95,NA,Heligmonellidae,FALSE,Heligmonellidae,0.9898477000000001,1,NC,nc_95_Heligmonellidae,Mus musculus,Sarahandrano,flooded_rice,2
3109,nc_95,NA,Heligmonellidae,FALSE,Heligmonellidae,0.9809471,1,NC,nc_95_Heligmonellidae,Mus musculus,Sarahandrano,flooded_rice,2
3109,nc_99,Nippostrongylus,Nippostrongylus,TRUE,Nippostrongylus,0.01905286,1,NC,nc_99_Nippostrongylus,Mus musculus,Sarahandrano,flooded_rice,2
3115,nc_99,Nippostrongylus,Nippostrongylus,TRUE,Nippostrongylus,0.9639862499999999,1,NC,nc_99_Nippostrongylus,Rattus rattus,Sarahandrano,village,2
3118,nc_99,Nippostrongylus,Nippostrongylus,TRUE,Nippostrongylus,0.988700978,1,NC,nc_99_Nippostrongylus,Rattus rattus,Sarahandrano,flooded_rice,2
3120,nc_99,Nippostrongylus,Nippostrongylus,TRUE,Nippostrongylus,0.99226038,1,NC,nc_99_Nippostrongylus,Rattus rattus,Sarahandrano,village,2
3121,nc_99,Nippostrongylus,Nippostrongylus,TRUE,Nippostrongylus,0.9844444459999999,1,NC,nc_99_Nippostrongylus,Rattus rattus,Sarahandrano,village,2
3126,nc_95,NA,Heligmonellidae,FALSE,Heligmonellidae,0.988904715,1,NC,nc_95_Heligmonellidae,Mus musculus,Sarahandrano,agriculture,2
3127,nc_99,Nippostrongylus,Nippostrongylus,TRUE,Nippostrongylus,0.9924776679999999,1,NC,nc_99_Nippostrongylus,Rattus rattus,Sarahandrano,agriculture,2
3128,nc_99,Nippostrongylus,Nippostrongylus,TRUE,Nippostrongylus,0.9875343400000002,1,NC,nc_99_Nippostrongylus,Rattus rattus,Sarahandrano,agriculture,2
3129,nc_99,Nippostrongylus,Nippostrongylus,TRUE,Nippostrongylus,0.9688048399999999,1,NC,nc_99_Nippostrongylus,Rattus rattus,Sarahandrano,agriculture,2
3130,nc_99,Nippostrongylus,Nippostrongylus,TRUE,Nippostrongylus,0.96804822,1,NC,nc_99_Nippostrongylus,Rattus rattus,Sarahandrano,agriculture,2
3135,nc_95,NA,Heligmonellidae,FALSE,Heligmonellidae,0.9960222000000001,1,NC,nc_95_Heligmonellidae,Mus musculus,Sarahandrano,agriculture,2
3136,nc_99,Nippostrongylus,Nippostrongylus,TRUE,Nippostrongylus,0.993376549,1,NC,nc_99_Nippostrongylus,Rattus rattus,Sarahandrano,agriculture,2
3138,nc_99,Nippostrongylus,Nippostrongylus,TRUE,Nippostrongylus,0.9959246599999999,1,NC,nc_99_Nippostrongylus,Rattus rattus,Sarahandrano,agriculture,2
3139,nc_99,Nippostrongylus,Nippostrongylus,TRUE,Nippostrongylus,0.9826839830000001,1,NC,nc_99_Nippostrongylus,Rattus rattus,Sarahandrano,agriculture,2
3142,nc_95,NA,Heligmonellidae,FALSE,Heligmonellidae,0.9992882000000001,1,NC,nc_95_Heligmonellidae,Mus musculus,Sarahandrano,agriculture,2
3149,nc_99,Nippostrongylus,Nippostrongylus,TRUE,Nippostrongylus,0.9831161600000002,1,NC,nc_99_Nippostrongylus,Rattus rattus,Sarahandrano,agriculture,2
3151,nc_99,Nippostrongylus,Nippostrongylus,TRUE,Nippostrongylus,0.01752801,1,NC,nc_99_Nippostrongylus,Suncus murinus,Sarahandrano,agriculture,2
3155,nc_99,Nippostrongylus,Nippostrongylus,TRUE,Nippostrongylus,0.9795793700000001,1,NC,nc_99_Nippostrongylus,Rattus rattus,Sarahandrano,agriculture,2
3156,nc_95,NA,Heligmonellidae,FALSE,Heligmonellidae,0.01807229,1,NC,nc_95_Heligmonellidae,Rattus rattus,Sarahandrano,agriculture,2
3158,nc_137,NA,Nematoda,FALSE,Nematoda_20,0.045127862,1,NC,nc_137_Nematoda_20,Microgale prolixacaudata,Sarahandrano,brushy_regrowth,3
3158,nc_209,NA,Chromadorea,FALSE,Chromadorea_68,0.016212602,1,NC,nc_209_Chromadorea_68,Microgale prolixacaudata,Sarahandrano,brushy_regrowth,3
3158,nc_217,NA,Nematoda,FALSE,Nematoda_11,0.179675748,1,NC,nc_217_Nematoda_11,Microgale prolixacaudata,Sarahandrano,brushy_regrowth,3
3158,nc_95,NA,Heligmonellidae,FALSE,Heligmonellidae,0.727227144,1,NC,nc_95_Heligmonellidae,Microgale prolixacaudata,Sarahandrano,brushy_regrowth,3
3161,nc_95,NA,Heligmonellidae,FALSE,Heligmonellidae,0.9837923000000001,1,NC,nc_95_Heligmonellidae,Mus musculus,Sarahandrano,brushy_regrowth,3
3161,nc_99,Nippostrongylus,Nippostrongylus,TRUE,Nippostrongylus,0.01620771,1,NC,nc_99_Nippostrongylus,Mus musculus,Sarahandrano,brushy_regrowth,3
3162,nc_95,NA,Heligmonellidae,FALSE,Heligmonellidae,0.9918953,1,NC,nc_95_Heligmonellidae,Mus musculus,Sarahandrano,brushy_regrowth,3
3164,nc_95,NA,Heligmonellidae,FALSE,Heligmonellidae,0.9936161,1,NC,nc_95_Heligmonellidae,Mus musculus,Sarahandrano,brushy_regrowth,3
3165,nc_95,NA,Heligmonellidae,FALSE,Heligmonellidae,0.9947167,1,NC,nc_95_Heligmonellidae,Mus musculus,Sarahandrano,brushy_regrowth,3
3167,nc_95,NA,Heligmonellidae,FALSE,Heligmonellidae,0.991782946,1,NC,nc_95_Heligmonellidae,Mus musculus,Sarahandrano,brushy_regrowth,3
3168,nc_95,NA,Heligmonellidae,FALSE,Heligmonellidae,0.9835026,1,NC,nc_95_Heligmonellidae,Mus musculus,Sarahandrano,brushy_regrowth,3
3168,nc_99,Nippostrongylus,Nippostrongylus,TRUE,Nippostrongylus,0.01332487,1,NC,nc_99_Nippostrongylus,Mus musculus,Sarahandrano,brushy_regrowth,3
3169,nc_95,NA,Heligmonellidae,FALSE,Heligmonellidae,0.9915004000000001,1,NC,nc_95_Heligmonellidae,Mus musculus,Sarahandrano,brushy_regrowth,3
3170,nc_95,NA,Heligmonellidae,FALSE,Heligmonellidae,0.988190184,1,NC,nc_95_Heligmonellidae,Mus musculus,Sarahandrano,brushy_regrowth,3
3171,nc_95,NA,Heligmonellidae,FALSE,Heligmonellidae,0.9894384,1,NC,nc_95_Heligmonellidae,Mus musculus,Sarahandrano,brushy_regrowth,3
3171,nc_99,Nippostrongylus,Nippostrongylus,TRUE,Nippostrongylus,0.01056161,1,NC,nc_99_Nippostrongylus,Mus musculus,Sarahandrano,brushy_regrowth,3
3172,nc_99,Nippostrongylus,Nippostrongylus,TRUE,Nippostrongylus,0.9872157480000001,1,NC,nc_99_Nippostrongylus,Rattus rattus,Sarahandrano,brushy_regrowth,3
3173,nc_99,Nippostrongylus,Nippostrongylus,TRUE,Nippostrongylus,0.981611035,1,NC,nc_99_Nippostrongylus,Rattus rattus,Sarahandrano,brushy_regrowth,3
3174,nc_95,NA,Heligmonellidae,FALSE,Heligmonellidae,0.012637101,1,NC,nc_95_Heligmonellidae,Rattus rattus,Sarahandrano,brushy_regrowth,3
3174,nc_99,Nippostrongylus,Nippostrongylus,TRUE,Nippostrongylus,0.9644730560000001,1,NC,nc_99_Nippostrongylus,Rattus rattus,Sarahandrano,brushy_regrowth,3
3175,nc_95,NA,Heligmonellidae,FALSE,Heligmonellidae,0.0584108,1,NC,nc_95_Heligmonellidae,Rattus rattus,Sarahandrano,brushy_regrowth,3
3175,nc_97,Angiostrongylus,Angiostrongylus,TRUE,Angiostrongylus,0.01534819,1,NC,nc_97_Angiostrongylus,Rattus rattus,Sarahandrano,brushy_regrowth,3
3175,nc_99,Nippostrongylus,Nippostrongylus,TRUE,Nippostrongylus,0.91027888,1,NC,nc_99_Nippostrongylus,Rattus rattus,Sarahandrano,brushy_regrowth,3
3176,nc_99,Nippostrongylus,Nippostrongylus,TRUE,Nippostrongylus,0.98816533,1,NC,nc_99_Nippostrongylus,Rattus rattus,Sarahandrano,brushy_regrowth,3
3177,nc_99,Nippostrongylus,Nippostrongylus,TRUE,Nippostrongylus,0.98686492,1,NC,nc_99_Nippostrongylus,Rattus rattus,Sarahandrano,brushy_regrowth,3
3178,nc_99,Nippostrongylus,Nippostrongylus,TRUE,Nippostrongylus,0.983319496,1,NC,nc_99_Nippostrongylus,Rattus rattus,Sarahandrano,brushy_regrowth,3
3179,nc_99,Nippostrongylus,Nippostrongylus,TRUE,Nippostrongylus,0.9866508060000001,1,NC,nc_99_Nippostrongylus,Rattus rattus,Sarahandrano,brushy_regrowth,3
3180,nc_99,Nippostrongylus,Nippostrongylus,TRUE,Nippostrongylus,0.9716214400000001,1,NC,nc_99_Nippostrongylus,Rattus rattus,Sarahandrano,brushy_regrowth,3
3181,nc_99,Nippostrongylus,Nippostrongylus,TRUE,Nippostrongylus,0.9741668299999999,1,NC,nc_99_Nippostrongylus,Rattus rattus,Sarahandrano,brushy_regrowth,3
3182,nc_99,Nippostrongylus,Nippostrongylus,TRUE,Nippostrongylus,0.9788918200000003,1,NC,nc_99_Nippostrongylus,Rattus rattus,Sarahandrano,brushy_regrowth,3
3183,nc_99,Nippostrongylus,Nippostrongylus,TRUE,Nippostrongylus,0.98355408,1,NC,nc_99_Nippostrongylus,Rattus rattus,Sarahandrano,brushy_regrowth,3
3184,nc_99,Nippostrongylus,Nippostrongylus,TRUE,Nippostrongylus,0.9844546000000002,1,NC,nc_99_Nippostrongylus,Rattus rattus,Sarahandrano,brushy_regrowth,3
3185,nc_99,Nippostrongylus,Nippostrongylus,TRUE,Nippostrongylus,0.9898362900000001,1,NC,nc_99_Nippostrongylus,Rattus rattus,Sarahandrano,brushy_regrowth,3
3186,nc_99,Nippostrongylus,Nippostrongylus,TRUE,Nippostrongylus,0.9887617490000001,1,NC,nc_99_Nippostrongylus,Rattus rattus,Sarahandrano,brushy_regrowth,3
3187,nc_99,Nippostrongylus,Nippostrongylus,TRUE,Nippostrongylus,0.9882628500000001,1,NC,nc_99_Nippostrongylus,Rattus rattus,Sarahandrano,brushy_regrowth,3
3188,nc_95,NA,Heligmonellidae,FALSE,Heligmonellidae,0.9913127,1,NC,nc_95_Heligmonellidae,Mus musculus,Sarahandrano,brushy_regrowth,3
3190,nc_95,NA,Heligmonellidae,FALSE,Heligmonellidae,0.9964405000000001,1,NC,nc_95_Heligmonellidae,Mus musculus,Sarahandrano,brushy_regrowth,3
3191,nc_95,NA,Heligmonellidae,FALSE,Heligmonellidae,0.9886585999999999,1,NC,nc_95_Heligmonellidae,Mus musculus,Sarahandrano,brushy_regrowth,3
3191,nc_99,Nippostrongylus,Nippostrongylus,TRUE,Nippostrongylus,0.01134142,1,NC,nc_99_Nippostrongylus,Mus musculus,Sarahandrano,brushy_regrowth,3
3193,nc_95,NA,Heligmonellidae,FALSE,Heligmonellidae,0.9872751,1,NC,nc_95_Heligmonellidae,Mus musculus,Sarahandrano,brushy_regrowth,3
3194,nc_95,NA,Heligmonellidae,FALSE,Heligmonellidae,0.9905781579999999,1,NC,nc_95_Heligmonellidae,Mus musculus,Sarahandrano,brushy_regrowth,3
3195,nc_95,NA,Heligmonellidae,FALSE,Heligmonellidae,0.9853129,1,NC,nc_95_Heligmonellidae,Mus musculus,Sarahandrano,brushy_regrowth,3
3195,nc_99,Nippostrongylus,Nippostrongylus,TRUE,Nippostrongylus,0.01468704,1,NC,nc_99_Nippostrongylus,Mus musculus,Sarahandrano,brushy_regrowth,3
3196,nc_95,NA,Heligmonellidae,FALSE,Heligmonellidae,0.987606778,1,NC,nc_95_Heligmonellidae,Mus musculus,Sarahandrano,brushy_regrowth,3
3196,nc_99,Nippostrongylus,Nippostrongylus,TRUE,Nippostrongylus,0.011903095,1,NC,nc_99_Nippostrongylus,Mus musculus,Sarahandrano,brushy_regrowth,3
3197,nc_95,NA,Heligmonellidae,FALSE,Heligmonellidae,0.994115276,1,NC,nc_95_Heligmonellidae,Mus musculus,Sarahandrano,brushy_regrowth,3
3198,nc_95,NA,Heligmonellidae,FALSE,Heligmonellidae,0.9962466,1,NC,nc_95_Heligmonellidae,Mus musculus,Sarahandrano,brushy_regrowth,3
3199,nc_95,NA,Heligmonellidae,FALSE,Heligmonellidae,0.9865522999999999,1,NC,nc_95_Heligmonellidae,Mus musculus,Sarahandrano,brushy_regrowth,3
3199,nc_99,Nippostrongylus,Nippostrongylus,TRUE,Nippostrongylus,0.01344772,1,NC,nc_99_Nippostrongylus,Mus musculus,Sarahandrano,brushy_regrowth,3
3201,nc_95,NA,Heligmonellidae,FALSE,Heligmonellidae,0.9921082999999999,1,NC,nc_95_Heligmonellidae,Mus musculus,Sarahandrano,brushy_regrowth,3
3202,nc_95,NA,Heligmonellidae,FALSE,Heligmonellidae,0.9951255999999999,1,NC,nc_95_Heligmonellidae,Mus musculus,Sarahandrano,brushy_regrowth,3
3203,nc_95,NA,Heligmonellidae,FALSE,Heligmonellidae,0.9994837379999999,1,NC,nc_95_Heligmonellidae,Mus musculus,Sarahandrano,brushy_regrowth,3
3204,nc_95,NA,Heligmonellidae,FALSE,Heligmonellidae,0.9971218,1,NC,nc_95_Heligmonellidae,Mus musculus,Sarahandrano,brushy_regrowth,3
3205,nc_95,NA,Heligmonellidae,FALSE,Heligmonellidae,0.9970207999999999,1,NC,nc_95_Heligmonellidae,Mus musculus,Sarahandrano,brushy_regrowth,3
3206,nc_95,NA,Heligmonellidae,FALSE,Heligmonellidae,0.993580313,1,NC,nc_95_Heligmonellidae,Mus musculus,Sarahandrano,brushy_regrowth,3
3208,nc_95,NA,Heligmonellidae,FALSE,Heligmonellidae,0.989418,1,NC,nc_95_Heligmonellidae,Mus musculus,Sarahandrano,brushy_regrowth,3
3208,nc_99,Nippostrongylus,Nippostrongylus,TRUE,Nippostrongylus,0.01058201,1,NC,nc_99_Nippostrongylus,Mus musculus,Sarahandrano,brushy_regrowth,3
3209,nc_95,NA,Heligmonellidae,FALSE,Heligmonellidae,0.99528549,1,NC,nc_95_Heligmonellidae,Mus musculus,Sarahandrano,brushy_regrowth,3
3210,nc_95,NA,Heligmonellidae,FALSE,Heligmonellidae,0.9970671,1,NC,nc_95_Heligmonellidae,Mus musculus,Sarahandrano,brushy_regrowth,3
3212,nc_95,NA,Heligmonellidae,FALSE,Heligmonellidae,0.998421468,1,NC,nc_95_Heligmonellidae,Mus musculus,Sarahandrano,brushy_regrowth,3
3214,nc_99,Nippostrongylus,Nippostrongylus,TRUE,Nippostrongylus,0.986676184,1,NC,nc_99_Nippostrongylus,Rattus rattus,Sarahandrano,brushy_regrowth,3
3216,nc_99,Nippostrongylus,Nippostrongylus,TRUE,Nippostrongylus,0.9898737100000001,1,NC,nc_99_Nippostrongylus,Rattus rattus,Sarahandrano,brushy_regrowth,3
3217,nc_95,NA,Heligmonellidae,FALSE,Heligmonellidae,0.08896062,1,NC,nc_95_Heligmonellidae,Rattus rattus,Sarahandrano,brushy_regrowth,3
3217,nc_99,Nippostrongylus,Nippostrongylus,TRUE,Nippostrongylus,0.89025177,1,NC,nc_99_Nippostrongylus,Rattus rattus,Sarahandrano,brushy_regrowth,3
3218,nc_99,Nippostrongylus,Nippostrongylus,TRUE,Nippostrongylus,0.9859042,1,NC,nc_99_Nippostrongylus,Rattus rattus,Sarahandrano,brushy_regrowth,3
3219,nc_95,NA,Heligmonellidae,FALSE,Heligmonellidae,0.015209125,1,NC,nc_95_Heligmonellidae,Rattus rattus,Sarahandrano,brushy_regrowth,3
3219,nc_99,Nippostrongylus,Nippostrongylus,TRUE,Nippostrongylus,0.963041824,1,NC,nc_99_Nippostrongylus,Rattus rattus,Sarahandrano,brushy_regrowth,3
3220,nc_95,NA,Heligmonellidae,FALSE,Heligmonellidae,0.22153438,1,NC,nc_95_Heligmonellidae,Rattus rattus,Sarahandrano,brushy_regrowth,3
3220,nc_99,Nippostrongylus,Nippostrongylus,TRUE,Nippostrongylus,0.755693125,1,NC,nc_99_Nippostrongylus,Rattus rattus,Sarahandrano,brushy_regrowth,3
3221,nc_95,NA,Heligmonellidae,FALSE,Heligmonellidae,0.997921862,1,NC,nc_95_Heligmonellidae,Mus musculus,Sarahandrano,brushy_regrowth,3
3223,nc_95,NA,Heligmonellidae,FALSE,Heligmonellidae,0.992049366,1,NC,nc_95_Heligmonellidae,Mus musculus,Sarahandrano,brushy_regrowth,3
3224,nc_95,NA,Heligmonellidae,FALSE,Heligmonellidae,0.998837016,1,NC,nc_95_Heligmonellidae,Mus musculus,Sarahandrano,brushy_regrowth,3
3227,nc_95,NA,Heligmonellidae,FALSE,Heligmonellidae,0.995381624,1,NC,nc_95_Heligmonellidae,Mus musculus,Sarahandrano,brushy_regrowth,3
3228,nc_95,NA,Heligmonellidae,FALSE,Heligmonellidae,0.995120853,1,NC,nc_95_Heligmonellidae,Mus musculus,Sarahandrano,brushy_regrowth,3
3229,nc_95,NA,Heligmonellidae,FALSE,Heligmonellidae,0.9985232230000001,1,NC,nc_95_Heligmonellidae,Mus musculus,Sarahandrano,brushy_regrowth,3
3230,nc_95,NA,Heligmonellidae,FALSE,Heligmonellidae,1,1,NC,nc_95_Heligmonellidae,Mus musculus,Sarahandrano,brushy_regrowth,3
3232,nc_99,Nippostrongylus,Nippostrongylus,TRUE,Nippostrongylus,0.9893712799999999,1,NC,nc_99_Nippostrongylus,Rattus rattus,Sarahandrano,brushy_regrowth,3
3233,nc_99,Nippostrongylus,Nippostrongylus,TRUE,Nippostrongylus,0.972838316,1,NC,nc_99_Nippostrongylus,Rattus rattus,Sarahandrano,brushy_regrowth,3
3234,nc_95,NA,Heligmonellidae,FALSE,Heligmonellidae,0.998347381,1,NC,nc_95_Heligmonellidae,Mus musculus,Sarahandrano,brushy_regrowth,3
3235,nc_95,NA,Heligmonellidae,FALSE,Heligmonellidae,0.992581758,1,NC,nc_95_Heligmonellidae,Mus musculus,Sarahandrano,brushy_regrowth,3
3237,nc_95,NA,Heligmonellidae,FALSE,Heligmonellidae,0.997250081,1,NC,nc_95_Heligmonellidae,Mus musculus,Sarahandrano,brushy_regrowth,3
3238,nc_99,Nippostrongylus,Nippostrongylus,TRUE,Nippostrongylus,0.961990703,1,NC,nc_99_Nippostrongylus,Rattus rattus,Sarahandrano,brushy_regrowth,3
3239,nc_99,Nippostrongylus,Nippostrongylus,TRUE,Nippostrongylus,0.9696284000000001,1,NC,nc_99_Nippostrongylus,Rattus rattus,Sarahandrano,brushy_regrowth,3
3240,nc_95,NA,Heligmonellidae,FALSE,Heligmonellidae,1,1,NC,nc_95_Heligmonellidae,Mus musculus,Sarahandrano,agriculture,3
3241,nc_95,NA,Heligmonellidae,FALSE,Heligmonellidae,0.998267232,1,NC,nc_95_Heligmonellidae,Mus musculus,Sarahandrano,agriculture,3
3242,nc_95,NA,Heligmonellidae,FALSE,Heligmonellidae,0.99661462,1,NC,nc_95_Heligmonellidae,Mus musculus,Sarahandrano,agriculture,3
3243,nc_99,Nippostrongylus,Nippostrongylus,TRUE,Nippostrongylus,0.97507792,1,NC,nc_99_Nippostrongylus,Rattus rattus,Sarahandrano,agriculture,3
3244,nc_99,Nippostrongylus,Nippostrongylus,TRUE,Nippostrongylus,0.98060528,1,NC,nc_99_Nippostrongylus,Rattus rattus,Sarahandrano,agriculture,3
3246,nc_99,Nippostrongylus,Nippostrongylus,TRUE,Nippostrongylus,0.970961889,1,NC,nc_99_Nippostrongylus,Rattus rattus,Sarahandrano,agriculture,3
3247,nc_95,NA,Heligmonellidae,FALSE,Heligmonellidae,0.9918718630000001,1,NC,nc_95_Heligmonellidae,Rattus rattus,Sarahandrano,agriculture,3
3248,nc_95,NA,Heligmonellidae,FALSE,Heligmonellidae,0.09833922,1,NC,nc_95_Heligmonellidae,Rattus rattus,Sarahandrano,agriculture,3
3248,nc_99,Nippostrongylus,Nippostrongylus,TRUE,Nippostrongylus,0.8821760400000002,1,NC,nc_99_Nippostrongylus,Rattus rattus,Sarahandrano,agriculture,3
3250,nc_99,Nippostrongylus,Nippostrongylus,TRUE,Nippostrongylus,0.9822153490000001,1,NC,nc_99_Nippostrongylus,Rattus rattus,Sarahandrano,agriculture,3
3251,nc_99,Nippostrongylus,Nippostrongylus,TRUE,Nippostrongylus,0.9869764160000001,1,NC,nc_99_Nippostrongylus,Rattus rattus,Sarahandrano,agriculture,3
3252,nc_178,NA,Chromadorea,FALSE,Chromadorea_37,0.25902918199999997,1,NC,nc_178_Chromadorea_37,Setifer setosus,Sarahandrano,agriculture,3
3252,nc_60,NA,Chromadorea,FALSE,Chromadorea_33,0.306703265,1,NC,nc_60_Chromadorea_33,Setifer setosus,Sarahandrano,agriculture,3
3253,nc_32,NA,Nematoda,FALSE,Nematoda_8,0.021478728,1,NC,nc_32_Nematoda_8,Suncus murinus,Sarahandrano,agriculture,3
3253,nc_95,NA,Heligmonellidae,FALSE,Heligmonellidae,0.945477075,1,NC,nc_95_Heligmonellidae,Suncus murinus,Sarahandrano,agriculture,3
3253,nc_99,Nippostrongylus,Nippostrongylus,TRUE,Nippostrongylus,0.033044196,1,NC,nc_99_Nippostrongylus,Suncus murinus,Sarahandrano,agriculture,3
3254,nc_95,NA,Heligmonellidae,FALSE,Heligmonellidae,0.9730928999999999,1,NC,nc_95_Heligmonellidae,Suncus murinus,Sarahandrano,agriculture,3
3254,nc_99,Nippostrongylus,Nippostrongylus,TRUE,Nippostrongylus,0.01803667,1,NC,nc_99_Nippostrongylus,Suncus murinus,Sarahandrano,agriculture,3
3255,nc_95,NA,Heligmonellidae,FALSE,Heligmonellidae,0.972972973,1,NC,nc_95_Heligmonellidae,Suncus murinus,Sarahandrano,agriculture,3
3255,nc_99,Nippostrongylus,Nippostrongylus,TRUE,Nippostrongylus,0.020113136,1,NC,nc_99_Nippostrongylus,Suncus murinus,Sarahandrano,agriculture,3
3256,nc_95,NA,Heligmonellidae,FALSE,Heligmonellidae,0.9862538999999999,1,NC,nc_95_Heligmonellidae,Suncus murinus,Sarahandrano,agriculture,3
3256,nc_99,Nippostrongylus,Nippostrongylus,TRUE,Nippostrongylus,0.01016987,1,NC,nc_99_Nippostrongylus,Suncus murinus,Sarahandrano,agriculture,3
3257,nc_95,NA,Heligmonellidae,FALSE,Heligmonellidae,0.999309657,1,NC,nc_95_Heligmonellidae,Mus musculus,Sarahandrano,agriculture,3
3258,nc_95,NA,Heligmonellidae,FALSE,Heligmonellidae,1,1,NC,nc_95_Heligmonellidae,Mus musculus,Sarahandrano,agriculture,3
3262,nc_99,Nippostrongylus,Nippostrongylus,TRUE,Nippostrongylus,0.9764789700000001,1,NC,nc_99_Nippostrongylus,Rattus rattus,Sarahandrano,agriculture,3
3263,nc_99,Nippostrongylus,Nippostrongylus,TRUE,Nippostrongylus,0.97212786,1,NC,nc_99_Nippostrongylus,Rattus rattus,Sarahandrano,agriculture,3
3264,nc_95,NA,Heligmonellidae,FALSE,Heligmonellidae,1,1,NC,nc_95_Heligmonellidae,Mus musculus,Sarahandrano,agriculture,3
3265,nc_95,NA,Heligmonellidae,FALSE,Heligmonellidae,0.998033002,1,NC,nc_95_Heligmonellidae,Mus musculus,Sarahandrano,agriculture,3
3266,nc_95,NA,Heligmonellidae,FALSE,Heligmonellidae,0.996549296,1,NC,nc_95_Heligmonellidae,Mus musculus,Sarahandrano,agriculture,3
3267,nc_95,NA,Heligmonellidae,FALSE,Heligmonellidae,0.9986277450000001,1,NC,nc_95_Heligmonellidae,Suncus murinus,Sarahandrano,agriculture,3
3268,nc_95,NA,Heligmonellidae,FALSE,Heligmonellidae,0.8130615999999999,1,NC,nc_95_Heligmonellidae,Rattus rattus,Sarahandrano,agriculture,3
3268,nc_99,Nippostrongylus,Nippostrongylus,TRUE,Nippostrongylus,0.16918689,1,NC,nc_99_Nippostrongylus,Rattus rattus,Sarahandrano,agriculture,3
3269,nc_99,Nippostrongylus,Nippostrongylus,TRUE,Nippostrongylus,0.985150376,1,NC,nc_99_Nippostrongylus,Rattus rattus,Sarahandrano,agriculture,3
3271,nc_99,Nippostrongylus,Nippostrongylus,TRUE,Nippostrongylus,0.992725879,1,NC,nc_99_Nippostrongylus,Rattus rattus,Sarahandrano,agriculture,3
3272,nc_99,Nippostrongylus,Nippostrongylus,TRUE,Nippostrongylus,0.98055438,1,NC,nc_99_Nippostrongylus,Rattus rattus,Sarahandrano,agriculture,3
3273,nc_99,Nippostrongylus,Nippostrongylus,TRUE,Nippostrongylus,0.9877840919999998,1,NC,nc_99_Nippostrongylus,Rattus rattus,Sarahandrano,agriculture,3
3275,nc_95,NA,Heligmonellidae,FALSE,Heligmonellidae,0.999045194,1,NC,nc_95_Heligmonellidae,Mus musculus,Sarahandrano,agriculture,3
3276,nc_95,NA,Heligmonellidae,FALSE,Heligmonellidae,0.997663005,1,NC,nc_95_Heligmonellidae,Mus musculus,Sarahandrano,agriculture,3
3277,nc_53,NA,Chromadorea,FALSE,Chromadorea_12,0.9394881,1,NC,nc_53_Chromadorea_12,Suncus murinus,Sarahandrano,agriculture,3
3279,nc_95,NA,Heligmonellidae,FALSE,Heligmonellidae,0.981761006,1,NC,nc_95_Heligmonellidae,Rattus rattus,Sarahandrano,agriculture,3
3281,nc_95,NA,Heligmonellidae,FALSE,Heligmonellidae,0.7460609,1,NC,nc_95_Heligmonellidae,Rattus rattus,Sarahandrano,agriculture,3
3281,nc_99,Nippostrongylus,Nippostrongylus,TRUE,Nippostrongylus,0.01072982,1,NC,nc_99_Nippostrongylus,Rattus rattus,Sarahandrano,agriculture,3
3282,nc_95,NA,Heligmonellidae,FALSE,Heligmonellidae,0.9913885,1,NC,nc_95_Heligmonellidae,Rattus rattus,Sarahandrano,agriculture,3
3284,nc_99,Nippostrongylus,Nippostrongylus,TRUE,Nippostrongylus,0.9821519700000001,1,NC,nc_99_Nippostrongylus,Rattus rattus,Sarahandrano,agriculture,3
3285,nc_99,Nippostrongylus,Nippostrongylus,TRUE,Nippostrongylus,0.9823297140000001,1,NC,nc_99_Nippostrongylus,Rattus rattus,Sarahandrano,agriculture,3
3286,nc_95,NA,Heligmonellidae,FALSE,Heligmonellidae,0.9940579350000001,1,NC,nc_95_Heligmonellidae,Rattus rattus,Sarahandrano,agriculture,3
3288,nc_99,Nippostrongylus,Nippostrongylus,TRUE,Nippostrongylus,0.97864732,1,NC,nc_99_Nippostrongylus,Rattus rattus,Sarahandrano,agriculture,3
3289,nc_99,Nippostrongylus,Nippostrongylus,TRUE,Nippostrongylus,0.975041598,1,NC,nc_99_Nippostrongylus,Rattus rattus,Sarahandrano,agriculture,3
3291,nc_95,NA,Heligmonellidae,FALSE,Heligmonellidae,0.9970026230000001,1,NC,nc_95_Heligmonellidae,Mus musculus,Sarahandrano,agriculture,3
3292,nc_95,NA,Heligmonellidae,FALSE,Heligmonellidae,0.998793728,1,NC,nc_95_Heligmonellidae,Mus musculus,Sarahandrano,agriculture,3
3293,nc_95,NA,Heligmonellidae,FALSE,Heligmonellidae,0.985217843,1,NC,nc_95_Heligmonellidae,Mus musculus,Sarahandrano,agriculture,3
3293,nc_99,Nippostrongylus,Nippostrongylus,TRUE,Nippostrongylus,0.014782158,1,NC,nc_99_Nippostrongylus,Mus musculus,Sarahandrano,agriculture,3
3294,nc_95,NA,Heligmonellidae,FALSE,Heligmonellidae,0.982985619,1,NC,nc_95_Heligmonellidae,Mus musculus,Sarahandrano,agriculture,3
3294,nc_99,Nippostrongylus,Nippostrongylus,TRUE,Nippostrongylus,0.01265951,1,NC,nc_99_Nippostrongylus,Mus musculus,Sarahandrano,agriculture,3
3295,nc_95,NA,Heligmonellidae,FALSE,Heligmonellidae,0.963768116,1,NC,nc_95_Heligmonellidae,Rattus rattus,Sarahandrano,agriculture,3
3295,nc_99,Nippostrongylus,Nippostrongylus,TRUE,Nippostrongylus,0.036231884,1,NC,nc_99_Nippostrongylus,Rattus rattus,Sarahandrano,agriculture,3
3296,nc_99,Nippostrongylus,Nippostrongylus,TRUE,Nippostrongylus,0.97418582,1,NC,nc_99_Nippostrongylus,Rattus rattus,Sarahandrano,agriculture,3
3299,nc_95,NA,Heligmonellidae,FALSE,Heligmonellidae,0.06584037,1,NC,nc_95_Heligmonellidae,Rattus rattus,Sarahandrano,agriculture,3
3299,nc_99,Nippostrongylus,Nippostrongylus,TRUE,Nippostrongylus,0.90076578,1,NC,nc_99_Nippostrongylus,Rattus rattus,Sarahandrano,agriculture,3
3300,nc_95,NA,Heligmonellidae,FALSE,Heligmonellidae,0.046701634,1,NC,nc_95_Heligmonellidae,Rattus rattus,Sarahandrano,agriculture,3
3300,nc_99,Nippostrongylus,Nippostrongylus,TRUE,Nippostrongylus,0.9442202940000001,1,NC,nc_99_Nippostrongylus,Rattus rattus,Sarahandrano,agriculture,3
3302,nc_95,NA,Heligmonellidae,FALSE,Heligmonellidae,0.49003431999999997,1,NC,nc_95_Heligmonellidae,Rattus rattus,Sarahandrano,agriculture,3
3302,nc_99,Nippostrongylus,Nippostrongylus,TRUE,Nippostrongylus,0.47945022,1,NC,nc_99_Nippostrongylus,Rattus rattus,Sarahandrano,agriculture,3
3303,nc_32,NA,Nematoda,FALSE,Nematoda_8,0.778135048,1,NC,nc_32_Nematoda_8,Suncus murinus,Sarahandrano,agriculture,3
3303,nc_95,NA,Heligmonellidae,FALSE,Heligmonellidae,0.014469453,1,NC,nc_95_Heligmonellidae,Suncus murinus,Sarahandrano,agriculture,3
3303,nc_99,Nippostrongylus,Nippostrongylus,TRUE,Nippostrongylus,0.207395498,1,NC,nc_99_Nippostrongylus,Suncus murinus,Sarahandrano,agriculture,3
3304,nc_95,NA,Heligmonellidae,FALSE,Heligmonellidae,0.01262192,1,NC,nc_95_Heligmonellidae,Suncus murinus,Sarahandrano,agriculture,3
3304,nc_99,Nippostrongylus,Nippostrongylus,TRUE,Nippostrongylus,0.9816408,1,NC,nc_99_Nippostrongylus,Suncus murinus,Sarahandrano,agriculture,3
3305,nc_89,NA,Nematoda,FALSE,Nematoda_1,0.9618357479999999,1,NC,nc_89_Nematoda_1,Suncus murinus,Sarahandrano,agriculture,3
3305,nc_95,NA,Heligmonellidae,FALSE,Heligmonellidae,0.016425121,1,NC,nc_95_Heligmonellidae,Suncus murinus,Sarahandrano,agriculture,3
3305,nc_99,Nippostrongylus,Nippostrongylus,TRUE,Nippostrongylus,0.010144928,1,NC,nc_99_Nippostrongylus,Suncus murinus,Sarahandrano,agriculture,3
3306,nc_95,NA,Heligmonellidae,FALSE,Heligmonellidae,0.990274401,1,NC,nc_95_Heligmonellidae,Mus musculus,Sarahandrano,agriculture,3
3307,nc_95,NA,Heligmonellidae,FALSE,Heligmonellidae,0.986162612,1,NC,nc_95_Heligmonellidae,Mus musculus,Sarahandrano,agriculture,3
3307,nc_99,Nippostrongylus,Nippostrongylus,TRUE,Nippostrongylus,0.012842543,1,NC,nc_99_Nippostrongylus,Mus musculus,Sarahandrano,agriculture,3
3308,nc_95,NA,Heligmonellidae,FALSE,Heligmonellidae,0.988983654,1,NC,nc_95_Heligmonellidae,Mus musculus,Sarahandrano,agriculture,3
3309,nc_95,NA,Heligmonellidae,FALSE,Heligmonellidae,0.984099178,1,NC,nc_95_Heligmonellidae,Mus musculus,Sarahandrano,agriculture,3
3310,nc_99,Nippostrongylus,Nippostrongylus,TRUE,Nippostrongylus,0.9842771100000001,1,NC,nc_99_Nippostrongylus,Rattus rattus,Sarahandrano,agriculture,3
3312,nc_99,Nippostrongylus,Nippostrongylus,TRUE,Nippostrongylus,0.9878778350000001,1,NC,nc_99_Nippostrongylus,Rattus rattus,Sarahandrano,agriculture,3
3315,nc_99,Nippostrongylus,Nippostrongylus,TRUE,Nippostrongylus,0.90735637,1,NC,nc_99_Nippostrongylus,Rattus rattus,Sarahandrano,agriculture,3
3317,nc_173,NA,Nematoda,FALSE,Nematoda_19,0.25895767999999997,1,NC,nc_173_Nematoda_19,Rattus rattus,Sarahandrano,secondary_forest,3
3317,nc_183,NA,Nematoda,FALSE,Nematoda_24,0.06026059,1,NC,nc_183_Nematoda_24,Rattus rattus,Sarahandrano,secondary_forest,3
3317,nc_197,NA,Rhabditida,FALSE,Rhabditida_16,0.6465798,1,NC,nc_197_Rhabditida_16,Rattus rattus,Sarahandrano,secondary_forest,3
3317,nc_99,Nippostrongylus,Nippostrongylus,TRUE,Nippostrongylus,0.02605863,1,NC,nc_99_Nippostrongylus,Rattus rattus,Sarahandrano,secondary_forest,3
3318,nc_99,Nippostrongylus,Nippostrongylus,TRUE,Nippostrongylus,0.9786135,1,NC,nc_99_Nippostrongylus,Rattus rattus,Sarahandrano,secondary_forest,3
3319,nc_99,Nippostrongylus,Nippostrongylus,TRUE,Nippostrongylus,0.9764980270000001,1,NC,nc_99_Nippostrongylus,Rattus rattus,Sarahandrano,secondary_forest,3
3320,nc_99,Nippostrongylus,Nippostrongylus,TRUE,Nippostrongylus,0.9850407969999999,1,NC,nc_99_Nippostrongylus,Rattus rattus,Sarahandrano,secondary_forest,3
3321,nc_99,Nippostrongylus,Nippostrongylus,TRUE,Nippostrongylus,0.9719407000000001,1,NC,nc_99_Nippostrongylus,Rattus rattus,Sarahandrano,secondary_forest,3
3322,nc_99,Nippostrongylus,Nippostrongylus,TRUE,Nippostrongylus,0.9806223900000001,1,NC,nc_99_Nippostrongylus,Rattus rattus,Sarahandrano,secondary_forest,3
3323,nc_99,Nippostrongylus,Nippostrongylus,TRUE,Nippostrongylus,0.9792051699999998,1,NC,nc_99_Nippostrongylus,Rattus rattus,Sarahandrano,secondary_forest,3
3325,nc_137,NA,Nematoda,FALSE,Nematoda_20,0.089761571,1,NC,nc_137_Nematoda_20,Microgale prolixacaudata,Sarahandrano,secondary_forest,3
3325,nc_199,NA,Nematoda,FALSE,Nematoda_33,0.022440393,1,NC,nc_199_Nematoda_33,Microgale prolixacaudata,Sarahandrano,secondary_forest,3
3325,nc_29,NA,Nematoda,FALSE,Nematoda_10,0.6058906030000001,1,NC,nc_29_Nematoda_10,Microgale prolixacaudata,Sarahandrano,secondary_forest,3
3325,nc_99,Nippostrongylus,Nippostrongylus,TRUE,Nippostrongylus,0.27489481,1,NC,nc_99_Nippostrongylus,Microgale prolixacaudata,Sarahandrano,secondary_forest,3
3326,nc_116,Heligmosomoidea,Heligmosomoidea,TRUE,Heligmosomoidea_1,0.9549191959999999,1,NC,nc_116_Heligmosomoidea_1,Microgale brevicaudata,Sarahandrano,secondary_forest,3
3326,nc_99,Nippostrongylus,Nippostrongylus,TRUE,Nippostrongylus,0.015310462,1,NC,nc_99_Nippostrongylus,Microgale brevicaudata,Sarahandrano,secondary_forest,3
3327,nc_129,NA,Trichostrongylidae,FALSE,Trichostrongylidae_1,0.60698825,1,NC,nc_129_Trichostrongylidae_1,Microgale brevicaudata,Sarahandrano,secondary_forest,3
3327,nc_131,NA,Trichostrongylidae,FALSE,Trichostrongylidae_2,0.303571429,1,NC,nc_131_Trichostrongylidae_2,Microgale brevicaudata,Sarahandrano,secondary_forest,3
3327,nc_99,Nippostrongylus,Nippostrongylus,TRUE,Nippostrongylus,0.01461039,1,NC,nc_99_Nippostrongylus,Microgale brevicaudata,Sarahandrano,secondary_forest,3
3328,nc_99,Nippostrongylus,Nippostrongylus,TRUE,Nippostrongylus,0.980347812,1,NC,nc_99_Nippostrongylus,Rattus rattus,Sarahandrano,secondary_forest,3
3329,nc_99,Nippostrongylus,Nippostrongylus,TRUE,Nippostrongylus,0.9768645300000002,1,NC,nc_99_Nippostrongylus,Rattus rattus,Sarahandrano,secondary_forest,3
3330,nc_99,Nippostrongylus,Nippostrongylus,TRUE,Nippostrongylus,0.9810375299999999,1,NC,nc_99_Nippostrongylus,Rattus rattus,Sarahandrano,secondary_forest,3
3331,nc_99,Nippostrongylus,Nippostrongylus,TRUE,Nippostrongylus,0.96653555,1,NC,nc_99_Nippostrongylus,Rattus rattus,Sarahandrano,secondary_forest,3
3333,nc_99,Nippostrongylus,Nippostrongylus,TRUE,Nippostrongylus,0.9753340200000001,1,NC,nc_99_Nippostrongylus,Rattus rattus,Sarahandrano,secondary_forest,3
3334,nc_99,Nippostrongylus,Nippostrongylus,TRUE,Nippostrongylus,0.969746525,1,NC,nc_99_Nippostrongylus,Rattus rattus,Sarahandrano,secondary_forest,3
3335,nc_99,Nippostrongylus,Nippostrongylus,TRUE,Nippostrongylus,0.9716989499999998,1,NC,nc_99_Nippostrongylus,Rattus rattus,Sarahandrano,secondary_forest,3
3337,nc_99,Nippostrongylus,Nippostrongylus,TRUE,Nippostrongylus,0.9734016699999999,1,NC,nc_99_Nippostrongylus,Rattus rattus,Sarahandrano,secondary_forest,3
3338,nc_99,Nippostrongylus,Nippostrongylus,TRUE,Nippostrongylus,0.98569765,1,NC,nc_99_Nippostrongylus,Rattus rattus,Sarahandrano,secondary_forest,3
3339,nc_99,Nippostrongylus,Nippostrongylus,TRUE,Nippostrongylus,0.952545141,1,NC,nc_99_Nippostrongylus,Rattus rattus,Sarahandrano,secondary_forest,3
3340,nc_99,Nippostrongylus,Nippostrongylus,TRUE,Nippostrongylus,0.9710293400000001,1,NC,nc_99_Nippostrongylus,Rattus rattus,Sarahandrano,secondary_forest,3
3341,nc_99,Nippostrongylus,Nippostrongylus,TRUE,Nippostrongylus,0.9869339099999999,1,NC,nc_99_Nippostrongylus,Rattus rattus,Sarahandrano,secondary_forest,3
3342,nc_99,Nippostrongylus,Nippostrongylus,TRUE,Nippostrongylus,0.9827735999999999,1,NC,nc_99_Nippostrongylus,Rattus rattus,Sarahandrano,secondary_forest,3
3344,nc_99,Nippostrongylus,Nippostrongylus,TRUE,Nippostrongylus,0.9882562950000002,1,NC,nc_99_Nippostrongylus,Rattus rattus,Sarahandrano,secondary_forest,3
3345,nc_99,Nippostrongylus,Nippostrongylus,TRUE,Nippostrongylus,0.9618343,1,NC,nc_99_Nippostrongylus,Rattus rattus,Sarahandrano,secondary_forest,3
3346,nc_99,Nippostrongylus,Nippostrongylus,TRUE,Nippostrongylus,0.97694832,1,NC,nc_99_Nippostrongylus,Rattus rattus,Sarahandrano,secondary_forest,3
3347,nc_99,Nippostrongylus,Nippostrongylus,TRUE,Nippostrongylus,0.9740801399999999,1,NC,nc_99_Nippostrongylus,Rattus rattus,Sarahandrano,secondary_forest,3
3348,nc_99,Nippostrongylus,Nippostrongylus,TRUE,Nippostrongylus,0.98769286,1,NC,nc_99_Nippostrongylus,Rattus rattus,Sarahandrano,secondary_forest,3
3349,nc_99,Nippostrongylus,Nippostrongylus,TRUE,Nippostrongylus,0.9828592600000001,1,NC,nc_99_Nippostrongylus,Rattus rattus,Sarahandrano,secondary_forest,3
3350,nc_99,Nippostrongylus,Nippostrongylus,TRUE,Nippostrongylus,0.9677183899999999,1,NC,nc_99_Nippostrongylus,Rattus rattus,Sarahandrano,secondary_forest,3
3351,nc_99,Nippostrongylus,Nippostrongylus,TRUE,Nippostrongylus,0.96740051,1,NC,nc_99_Nippostrongylus,Rattus rattus,Sarahandrano,secondary_forest,3
3354,nc_99,Nippostrongylus,Nippostrongylus,TRUE,Nippostrongylus,0.98445693,1,NC,nc_99_Nippostrongylus,Rattus rattus,Sarahandrano,secondary_forest,3
3355,nc_116,Heligmosomoidea,Heligmosomoidea,TRUE,Heligmosomoidea_1,0.090373281,1,NC,nc_116_Heligmosomoidea_1,Microgale brevicaudata,Sarahandrano,secondary_forest,3
3355,nc_129,NA,Trichostrongylidae,FALSE,Trichostrongylidae_1,0.628192534,1,NC,nc_129_Trichostrongylidae_1,Microgale brevicaudata,Sarahandrano,secondary_forest,3
3355,nc_131,NA,Trichostrongylidae,FALSE,Trichostrongylidae_2,0.220039291,1,NC,nc_131_Trichostrongylidae_2,Microgale brevicaudata,Sarahandrano,secondary_forest,3
3356,nc_99,Nippostrongylus,Nippostrongylus,TRUE,Nippostrongylus,0.9778180660000002,1,NC,nc_99_Nippostrongylus,Rattus rattus,Sarahandrano,secondary_forest,3
3357,nc_99,Nippostrongylus,Nippostrongylus,TRUE,Nippostrongylus,0.98126665,1,NC,nc_99_Nippostrongylus,Rattus rattus,Sarahandrano,secondary_forest,3
3358,nc_99,Nippostrongylus,Nippostrongylus,TRUE,Nippostrongylus,0.93474971,1,NC,nc_99_Nippostrongylus,Rattus rattus,Sarahandrano,secondary_forest,3
3360,nc_99,Nippostrongylus,Nippostrongylus,TRUE,Nippostrongylus,0.98976953,1,NC,nc_99_Nippostrongylus,Rattus rattus,Sarahandrano,secondary_forest,3
3362,nc_99,Nippostrongylus,Nippostrongylus,TRUE,Nippostrongylus,0.9846010669999999,1,NC,nc_99_Nippostrongylus,Rattus rattus,Sarahandrano,secondary_forest,3
3363,nc_118,Heligmosomoidea,Heligmosomoidea,TRUE,Heligmosomoidea_2,0.9758071050000001,1,NC,nc_118_Heligmosomoidea_2,Nesogale talazaci,Sarahandrano,semi-intact_forest,3
3364,nc_118,Heligmosomoidea,Heligmosomoidea,TRUE,Heligmosomoidea_2,0.9878372400000001,1,NC,nc_118_Heligmosomoidea_2,Nesogale talazaci,Sarahandrano,semi-intact_forest,3
3365,nc_118,Heligmosomoidea,Heligmosomoidea,TRUE,Heligmosomoidea_2,0.858842744,1,NC,nc_118_Heligmosomoidea_2,Nesogale talazaci,Sarahandrano,semi-intact_forest,3
3365,nc_20,NA,Rhabditida,FALSE,Rhabditida_27,0.12914139,1,NC,nc_20_Rhabditida_27,Nesogale talazaci,Sarahandrano,semi-intact_forest,3
3366,nc_118,Heligmosomoidea,Heligmosomoidea,TRUE,Heligmosomoidea_2,0.990320428,1,NC,nc_118_Heligmosomoidea_2,Nesogale talazaci,Sarahandrano,semi-intact_forest,3
3367,nc_118,Heligmosomoidea,Heligmosomoidea,TRUE,Heligmosomoidea_2,0.9901266370000001,1,NC,nc_118_Heligmosomoidea_2,Nesogale talazaci,Sarahandrano,semi-intact_forest,3
3368,nc_94,NA,Strongylida,FALSE,Strongylida_1,0.980120325,1,NC,nc_94_Strongylida_1,Nesomys audeberti,Sarahandrano,semi-intact_forest,3
3370,nc_95,NA,Heligmonellidae,FALSE,Heligmonellidae,0.991657159,1,NC,nc_95_Heligmonellidae,Mus musculus,Sarahandrano,agroforest,3
3371,nc_95,NA,Heligmonellidae,FALSE,Heligmonellidae,0.984813084,1,NC,nc_95_Heligmonellidae,Mus musculus,Sarahandrano,agroforest,3
3371,nc_99,Nippostrongylus,Nippostrongylus,TRUE,Nippostrongylus,0.01435247,1,NC,nc_99_Nippostrongylus,Mus musculus,Sarahandrano,agroforest,3
3375,nc_99,Nippostrongylus,Nippostrongylus,TRUE,Nippostrongylus,0.9911390600000001,1,NC,nc_99_Nippostrongylus,Rattus rattus,Sarahandrano,agroforest,3
3377,nc_99,Nippostrongylus,Nippostrongylus,TRUE,Nippostrongylus,0.98298049,1,NC,nc_99_Nippostrongylus,Rattus rattus,Sarahandrano,agroforest,3
3378,nc_97,Angiostrongylus,Angiostrongylus,TRUE,Angiostrongylus,0.038951311,1,NC,nc_97_Angiostrongylus,Rattus rattus,Sarahandrano,agroforest,3
3378,nc_99,Nippostrongylus,Nippostrongylus,TRUE,Nippostrongylus,0.9455680389999999,1,NC,nc_99_Nippostrongylus,Rattus rattus,Sarahandrano,agroforest,3
3380,nc_97,Angiostrongylus,Angiostrongylus,TRUE,Angiostrongylus,0.9768650000000001,1,NC,nc_97_Angiostrongylus,Rattus rattus,Sarahandrano,agroforest,3
3380,nc_99,Nippostrongylus,Nippostrongylus,TRUE,Nippostrongylus,0.01038716,1,NC,nc_99_Nippostrongylus,Rattus rattus,Sarahandrano,agroforest,3
3382,nc_99,Nippostrongylus,Nippostrongylus,TRUE,Nippostrongylus,0.98622487,1,NC,nc_99_Nippostrongylus,Rattus rattus,Sarahandrano,agroforest,3
3385,nc_99,Nippostrongylus,Nippostrongylus,TRUE,Nippostrongylus,0.97871594,1,NC,nc_99_Nippostrongylus,Rattus rattus,Sarahandrano,agroforest,3
3386,nc_99,Nippostrongylus,Nippostrongylus,TRUE,Nippostrongylus,0.98349409,1,NC,nc_99_Nippostrongylus,Rattus rattus,Sarahandrano,agroforest,3
3388,nc_95,NA,Heligmonellidae,FALSE,Heligmonellidae,0.988330269,1,NC,nc_95_Heligmonellidae,Mus musculus,Sarahandrano,agroforest,3
3389,nc_95,NA,Heligmonellidae,FALSE,Heligmonellidae,0.981056595,1,NC,nc_95_Heligmonellidae,Mus musculus,Sarahandrano,agroforest,3
3389,nc_99,Nippostrongylus,Nippostrongylus,TRUE,Nippostrongylus,0.018943405,1,NC,nc_99_Nippostrongylus,Mus musculus,Sarahandrano,agroforest,3
3390,nc_99,Nippostrongylus,Nippostrongylus,TRUE,Nippostrongylus,0.9686556700000002,1,NC,nc_99_Nippostrongylus,Rattus rattus,Sarahandrano,agroforest,3
3391,nc_99,Nippostrongylus,Nippostrongylus,TRUE,Nippostrongylus,0.9783025639999999,1,NC,nc_99_Nippostrongylus,Rattus rattus,Sarahandrano,agroforest,3
3392,nc_99,Nippostrongylus,Nippostrongylus,TRUE,Nippostrongylus,0.9722160900000001,1,NC,nc_99_Nippostrongylus,Rattus rattus,Sarahandrano,agroforest,3
3393,nc_99,Nippostrongylus,Nippostrongylus,TRUE,Nippostrongylus,0.9821653379999999,1,NC,nc_99_Nippostrongylus,Rattus rattus,Sarahandrano,agroforest,3
3394,nc_99,Nippostrongylus,Nippostrongylus,TRUE,Nippostrongylus,0.9666261600000001,1,NC,nc_99_Nippostrongylus,Rattus rattus,Sarahandrano,agroforest,3
3395,nc_97,Angiostrongylus,Angiostrongylus,TRUE,Angiostrongylus,0.11725902,1,NC,nc_97_Angiostrongylus,Rattus rattus,Sarahandrano,agroforest,3
3395,nc_99,Nippostrongylus,Nippostrongylus,TRUE,Nippostrongylus,0.8682014,1,NC,nc_99_Nippostrongylus,Rattus rattus,Sarahandrano,agroforest,3
3396,nc_99,Nippostrongylus,Nippostrongylus,TRUE,Nippostrongylus,0.982045829,1,NC,nc_99_Nippostrongylus,Rattus rattus,Sarahandrano,agroforest,3
3397,nc_99,Nippostrongylus,Nippostrongylus,TRUE,Nippostrongylus,0.9760472200000001,1,NC,nc_99_Nippostrongylus,Rattus rattus,Sarahandrano,agroforest,3
3399,nc_99,Nippostrongylus,Nippostrongylus,TRUE,Nippostrongylus,0.98344761,1,NC,nc_99_Nippostrongylus,Rattus rattus,Sarahandrano,agroforest,3
3400,nc_99,Nippostrongylus,Nippostrongylus,TRUE,Nippostrongylus,0.986860992,1,NC,nc_99_Nippostrongylus,Rattus rattus,Sarahandrano,agroforest,3
3401,nc_95,NA,Heligmonellidae,FALSE,Heligmonellidae,0.9884213500000001,1,NC,nc_95_Heligmonellidae,Mus musculus,Sarahandrano,agroforest,3
3401,nc_99,Nippostrongylus,Nippostrongylus,TRUE,Nippostrongylus,0.01157865,1,NC,nc_99_Nippostrongylus,Mus musculus,Sarahandrano,agroforest,3
3402,nc_95,NA,Heligmonellidae,FALSE,Heligmonellidae,0.990769443,1,NC,nc_95_Heligmonellidae,Mus musculus,Sarahandrano,agroforest,3
3403,nc_95,NA,Heligmonellidae,FALSE,Heligmonellidae,0.9847560980000001,1,NC,nc_95_Heligmonellidae,Mus musculus,Sarahandrano,agroforest,3
3403,nc_99,Nippostrongylus,Nippostrongylus,TRUE,Nippostrongylus,0.015243902,1,NC,nc_99_Nippostrongylus,Mus musculus,Sarahandrano,agroforest,3
3404,nc_95,NA,Heligmonellidae,FALSE,Heligmonellidae,0.987588313,1,NC,nc_95_Heligmonellidae,Mus musculus,Sarahandrano,agroforest,3
3404,nc_99,Nippostrongylus,Nippostrongylus,TRUE,Nippostrongylus,0.012411686,1,NC,nc_99_Nippostrongylus,Mus musculus,Sarahandrano,agroforest,3
3405,nc_99,Nippostrongylus,Nippostrongylus,TRUE,Nippostrongylus,0.9804233790000001,1,NC,nc_99_Nippostrongylus,Rattus rattus,Sarahandrano,agroforest,3
3407,nc_97,Angiostrongylus,Angiostrongylus,TRUE,Angiostrongylus,0.217140732,1,NC,nc_97_Angiostrongylus,Rattus rattus,Sarahandrano,agroforest,3
3407,nc_99,Nippostrongylus,Nippostrongylus,TRUE,Nippostrongylus,0.7642684510000001,1,NC,nc_99_Nippostrongylus,Rattus rattus,Sarahandrano,agroforest,3
3408,nc_99,Nippostrongylus,Nippostrongylus,TRUE,Nippostrongylus,0.9647676149999999,1,NC,nc_99_Nippostrongylus,Rattus rattus,Sarahandrano,agroforest,3
3410,nc_99,Nippostrongylus,Nippostrongylus,TRUE,Nippostrongylus,0.98013817,1,NC,nc_99_Nippostrongylus,Rattus rattus,Sarahandrano,agroforest,3
3411,nc_95,NA,Heligmonellidae,FALSE,Heligmonellidae,0.9854658709999999,1,NC,nc_95_Heligmonellidae,Mus musculus,Sarahandrano,agroforest,3
3412,nc_95,NA,Heligmonellidae,FALSE,Heligmonellidae,0.993388224,1,NC,nc_95_Heligmonellidae,Mus musculus,Sarahandrano,agroforest,3
3413,nc_95,NA,Heligmonellidae,FALSE,Heligmonellidae,0.995444191,1,NC,nc_95_Heligmonellidae,Mus musculus,Sarahandrano,agroforest,3
3414,nc_97,Angiostrongylus,Angiostrongylus,TRUE,Angiostrongylus,0.9859980460000001,1,NC,nc_97_Angiostrongylus,Rattus rattus,Sarahandrano,agroforest,3
3415,nc_99,Nippostrongylus,Nippostrongylus,TRUE,Nippostrongylus,0.9656527689999999,1,NC,nc_99_Nippostrongylus,Rattus rattus,Sarahandrano,agroforest,3
3417,nc_99,Nippostrongylus,Nippostrongylus,TRUE,Nippostrongylus,0.983228841,1,NC,nc_99_Nippostrongylus,Rattus rattus,Sarahandrano,agroforest,3
3418,nc_99,Nippostrongylus,Nippostrongylus,TRUE,Nippostrongylus,0.9829928080000001,1,NC,nc_99_Nippostrongylus,Rattus rattus,Sarahandrano,agroforest,3
3419,nc_99,Nippostrongylus,Nippostrongylus,TRUE,Nippostrongylus,0.9757606160000001,1,NC,nc_99_Nippostrongylus,Rattus rattus,Sarahandrano,agroforest,3
3421,nc_99,Nippostrongylus,Nippostrongylus,TRUE,Nippostrongylus,0.9885177439999998,1,NC,nc_99_Nippostrongylus,Rattus rattus,Sarahandrano,agroforest,3
3422,nc_103,NA,Strongylida,FALSE,Strongylida_2,0.6071240689999999,1,NC,nc_103_Strongylida_2,Microgale brevicaudata,Sarahandrano,agroforest,3
3422,nc_105,NA,Strongylida,FALSE,Strongylida_3,0.2906740809999999,1,NC,nc_105_Strongylida_3,Microgale brevicaudata,Sarahandrano,agroforest,3
3423,nc_95,NA,Heligmonellidae,FALSE,Heligmonellidae,0.9910342910000001,1,NC,nc_95_Heligmonellidae,Mus musculus,Sarahandrano,agroforest,3
3425,nc_97,Angiostrongylus,Angiostrongylus,TRUE,Angiostrongylus,0.996931469,1,NC,nc_97_Angiostrongylus,Rattus rattus,Sarahandrano,agroforest,3
3426,nc_99,Nippostrongylus,Nippostrongylus,TRUE,Nippostrongylus,0.9897472790000001,1,NC,nc_99_Nippostrongylus,Rattus rattus,Sarahandrano,agroforest,3
3428,nc_97,Angiostrongylus,Angiostrongylus,TRUE,Angiostrongylus,0.274715202,1,NC,nc_97_Angiostrongylus,Rattus rattus,Sarahandrano,agroforest,3
3428,nc_99,Nippostrongylus,Nippostrongylus,TRUE,Nippostrongylus,0.6764436300000001,1,NC,nc_99_Nippostrongylus,Rattus rattus,Sarahandrano,agroforest,3
3429,nc_99,Nippostrongylus,Nippostrongylus,TRUE,Nippostrongylus,0.963130309,1,NC,nc_99_Nippostrongylus,Rattus rattus,Sarahandrano,agroforest,3
3430,nc_99,Nippostrongylus,Nippostrongylus,TRUE,Nippostrongylus,0.9874446090000001,1,NC,nc_99_Nippostrongylus,Rattus rattus,Sarahandrano,agroforest,3
3432,nc_99,Nippostrongylus,Nippostrongylus,TRUE,Nippostrongylus,0.985021951,1,NC,nc_99_Nippostrongylus,Rattus rattus,Sarahandrano,agroforest,3
3433,nc_99,Nippostrongylus,Nippostrongylus,TRUE,Nippostrongylus,0.987328998,1,NC,nc_99_Nippostrongylus,Rattus rattus,Sarahandrano,agroforest,3
3439,nc_99,Nippostrongylus,Nippostrongylus,TRUE,Nippostrongylus,0.9820315359999999,1,NC,nc_99_Nippostrongylus,Rattus rattus,Sarahandrano,village,3
3441,nc_95,NA,Heligmonellidae,FALSE,Heligmonellidae,0.9913369910000001,1,NC,nc_95_Heligmonellidae,Mus musculus,Sarahandrano,village,3
3443,nc_95,NA,Heligmonellidae,FALSE,Heligmonellidae,0.99595896800000006,1,NC,nc_95_Heligmonellidae,Mus musculus,Sarahandrano,flooded_rice,3
3446,nc_99,Nippostrongylus,Nippostrongylus,TRUE,Nippostrongylus,0.9792119130000001,1,NC,nc_99_Nippostrongylus,Rattus rattus,Sarahandrano,flooded_rice,3
3447,nc_95,NA,Heligmonellidae,FALSE,Heligmonellidae,0.9932912,1,NC,nc_95_Heligmonellidae,Suncus murinus,Sarahandrano,village,3
3448,nc_99,Nippostrongylus,Nippostrongylus,TRUE,Nippostrongylus,0.9861502930000001,1,NC,nc_99_Nippostrongylus,Rattus rattus,Sarahandrano,village,3
3449,nc_97,Angiostrongylus,Angiostrongylus,TRUE,Angiostrongylus,0.056753689,1,NC,nc_97_Angiostrongylus,Rattus rattus,Sarahandrano,village,3
3449,nc_99,Nippostrongylus,Nippostrongylus,TRUE,Nippostrongylus,0.923098751,1,NC,nc_99_Nippostrongylus,Rattus rattus,Sarahandrano,village,3
3451,nc_99,Nippostrongylus,Nippostrongylus,TRUE,Nippostrongylus,0.977312935,1,NC,nc_99_Nippostrongylus,Rattus rattus,Sarahandrano,village,3
3452,nc_160,NA,Chromadorea,FALSE,Chromadorea_24,0.460952381,1,NC,nc_160_Chromadorea_24,Rattus rattus,Sarahandrano,village,3
3452,nc_17,NA,Nematoda,FALSE,Nematoda_3,0.337142857,1,NC,nc_17_Nematoda_3,Rattus rattus,Sarahandrano,village,3
3452,nc_95,NA,Heligmonellidae,FALSE,Heligmonellidae,0.028571429,1,NC,nc_95_Heligmonellidae,Rattus rattus,Sarahandrano,village,3
3452,nc_99,Nippostrongylus,Nippostrongylus,TRUE,Nippostrongylus,0.173333333,1,NC,nc_99_Nippostrongylus,Rattus rattus,Sarahandrano,village,3
3453,nc_99,Nippostrongylus,Nippostrongylus,TRUE,Nippostrongylus,0.9856663870000001,1,NC,nc_99_Nippostrongylus,Rattus rattus,Sarahandrano,village,3
3455,nc_89,NA,Nematoda,FALSE,Nematoda_1,0.9867143589999999,1,NC,nc_89_Nematoda_1,Suncus murinus,Sarahandrano,flooded_rice,3
3456,nc_95,NA,Heligmonellidae,FALSE,Heligmonellidae,0.991931146,1,NC,nc_95_Heligmonellidae,Mus musculus,Sarahandrano,flooded_rice,3
3457,nc_95,NA,Heligmonellidae,FALSE,Heligmonellidae,0.992556359,1,NC,nc_95_Heligmonellidae,Mus musculus,Sarahandrano,flooded_rice,3
3458,nc_99,Nippostrongylus,Nippostrongylus,TRUE,Nippostrongylus,0.9812313380000001,1,NC,nc_99_Nippostrongylus,Suncus murinus,Sarahandrano,flooded_rice,3
3459,nc_97,Angiostrongylus,Angiostrongylus,TRUE,Angiostrongylus,0.161784587,1,NC,nc_97_Angiostrongylus,Rattus rattus,Sarahandrano,flooded_rice,3
3459,nc_99,Nippostrongylus,Nippostrongylus,TRUE,Nippostrongylus,0.807871413,1,NC,nc_99_Nippostrongylus,Rattus rattus,Sarahandrano,flooded_rice,3
3460,nc_216,NA,Chromadorea,FALSE,Chromadorea_7,0.9836272040000001,1,NC,nc_216_Chromadorea_7,Rattus rattus,Sarahandrano,flooded_rice,3
3460,nc_4,NA,Chromadorea,FALSE,Chromadorea_71,0.010915197,1,NC,nc_4_Chromadorea_71,Rattus rattus,Sarahandrano,flooded_rice,3
3461,nc_99,Nippostrongylus,Nippostrongylus,TRUE,Nippostrongylus,0.9877612199999999,1,NC,nc_99_Nippostrongylus,Rattus rattus,Sarahandrano,village,3
3462,nc_95,NA,Heligmonellidae,FALSE,Heligmonellidae,0.9963341990000001,1,NC,nc_95_Heligmonellidae,Mus musculus,Sarahandrano,village,3
3463,nc_99,Nippostrongylus,Nippostrongylus,TRUE,Nippostrongylus,0.9740796399999999,1,NC,nc_99_Nippostrongylus,Rattus rattus,Sarahandrano,village,3
3465,nc_95,NA,Heligmonellidae,FALSE,Heligmonellidae,0.991862862,1,NC,nc_95_Heligmonellidae,Mus musculus,Sarahandrano,flooded_rice,3
3467,nc_95,NA,Heligmonellidae,FALSE,Heligmonellidae,0.987424764,1,NC,nc_95_Heligmonellidae,Mus musculus,Sarahandrano,village,3
3470,nc_99,Nippostrongylus,Nippostrongylus,TRUE,Nippostrongylus,0.9797530870000001,1,NC,nc_99_Nippostrongylus,Rattus rattus,Sarahandrano,village,3
3471,nc_99,Nippostrongylus,Nippostrongylus,TRUE,Nippostrongylus,0.9754768399999998,1,NC,nc_99_Nippostrongylus,Rattus rattus,Sarahandrano,village,3
3472,nc_24,NA,Rhabditida,FALSE,Rhabditida_2,0.9137254899999999,1,NC,nc_24_Rhabditida_2,Suncus etruscus,Sarahandrano,flooded_rice,3
3472,nc_99,Nippostrongylus,Nippostrongylus,TRUE,Nippostrongylus,0.086274509,1,NC,nc_99_Nippostrongylus,Suncus etruscus,Sarahandrano,flooded_rice,3
3473,nc_95,NA,Heligmonellidae,FALSE,Heligmonellidae,0.9845541090000001,1,NC,nc_95_Heligmonellidae,Mus musculus,Sarahandrano,flooded_rice,3
3473,nc_99,Nippostrongylus,Nippostrongylus,TRUE,Nippostrongylus,0.015445891,1,NC,nc_99_Nippostrongylus,Mus musculus,Sarahandrano,flooded_rice,3
3474,nc_95,NA,Heligmonellidae,FALSE,Heligmonellidae,0.990762125,1,NC,nc_95_Heligmonellidae,Mus musculus,Sarahandrano,flooded_rice,3
3475,nc_67,NA,Rhabditidae,FALSE,Rhabditidae,0.068546427,1,NC,nc_67_Rhabditidae,Mus musculus,Sarahandrano,flooded_rice,3
3475,nc_95,NA,Heligmonellidae,FALSE,Heligmonellidae,0.925457786,1,NC,nc_95_Heligmonellidae,Mus musculus,Sarahandrano,flooded_rice,3
3476,nc_67,NA,Rhabditidae,FALSE,Rhabditidae,0.9952932800000001,1,NC,nc_67_Rhabditidae,Suncus murinus,Sarahandrano,flooded_rice,3
3478,nc_95,NA,Heligmonellidae,FALSE,Heligmonellidae,0.992211838,1,NC,nc_95_Heligmonellidae,Mus musculus,Sarahandrano,village,3
3482,nc_95,NA,Heligmonellidae,FALSE,Heligmonellidae,0.98253801,1,NC,nc_95_Heligmonellidae,Mus musculus,Sarahandrano,flooded_rice,3
3482,nc_99,Nippostrongylus,Nippostrongylus,TRUE,Nippostrongylus,0.012494355,1,NC,nc_99_Nippostrongylus,Mus musculus,Sarahandrano,flooded_rice,3
3484,nc_95,NA,Heligmonellidae,FALSE,Heligmonellidae,0.986894678,1,NC,nc_95_Heligmonellidae,Mus musculus,Sarahandrano,village,3
3486,nc_95,NA,Heligmonellidae,FALSE,Heligmonellidae,0.985096626,1,NC,nc_95_Heligmonellidae,Mus musculus,Sarahandrano,village,3
3486,nc_99,Nippostrongylus,Nippostrongylus,TRUE,Nippostrongylus,0.014903374,1,NC,nc_99_Nippostrongylus,Mus musculus,Sarahandrano,village,3
3487,nc_95,NA,Heligmonellidae,FALSE,Heligmonellidae,0.992581301,1,NC,nc_95_Heligmonellidae,Mus musculus,Sarahandrano,village,3
3488,nc_99,Nippostrongylus,Nippostrongylus,TRUE,Nippostrongylus,0.9867418909999999,1,NC,nc_99_Nippostrongylus,Rattus rattus,Sarahandrano,village,3
3491,nc_99,Nippostrongylus,Nippostrongylus,TRUE,Nippostrongylus,0.975889008,1,NC,nc_99_Nippostrongylus,Rattus rattus,Sarahandrano,village,3
3494,nc_129,NA,Trichostrongylidae,FALSE,Trichostrongylidae_1,0.692168477,1,NC,nc_129_Trichostrongylidae_1,Microgale brevicaudata,Andatsakala,brushy_regrowth,1
3494,nc_131,NA,Trichostrongylidae,FALSE,Trichostrongylidae_2,0.267357684,1,NC,nc_131_Trichostrongylidae_2,Microgale brevicaudata,Andatsakala,brushy_regrowth,1
3496,nc_95,NA,Heligmonellidae,FALSE,Heligmonellidae,0.9752165549999999,1,NC,nc_95_Heligmonellidae,Mus musculus,Andatsakala,brushy_regrowth,1
3497,nc_95,NA,Heligmonellidae,FALSE,Heligmonellidae,0.984917605,1,NC,nc_95_Heligmonellidae,Mus musculus,Andatsakala,brushy_regrowth,1
3498,nc_95,NA,Heligmonellidae,FALSE,Heligmonellidae,0.98412905,1,NC,nc_95_Heligmonellidae,Mus musculus,Andatsakala,brushy_regrowth,1
3500,nc_99,Nippostrongylus,Nippostrongylus,TRUE,Nippostrongylus,0.9877408049999999,1,NC,nc_99_Nippostrongylus,Rattus rattus,Andatsakala,brushy_regrowth,1
3501,nc_99,Nippostrongylus,Nippostrongylus,TRUE,Nippostrongylus,0.9888183449999999,1,NC,nc_99_Nippostrongylus,Rattus rattus,Andatsakala,brushy_regrowth,1
3502,nc_99,Nippostrongylus,Nippostrongylus,TRUE,Nippostrongylus,0.9733046289999999,1,NC,nc_99_Nippostrongylus,Rattus rattus,Andatsakala,brushy_regrowth,1
3503,nc_99,Nippostrongylus,Nippostrongylus,TRUE,Nippostrongylus,0.984265735,1,NC,nc_99_Nippostrongylus,Rattus rattus,Andatsakala,brushy_regrowth,1
3505,nc_95,NA,Heligmonellidae,FALSE,Heligmonellidae,0.990154712,1,NC,nc_95_Heligmonellidae,Mus musculus,Andatsakala,brushy_regrowth,1
3506,nc_95,NA,Heligmonellidae,FALSE,Heligmonellidae,0.983535417,1,NC,nc_95_Heligmonellidae,Mus musculus,Andatsakala,brushy_regrowth,1
3507,nc_95,NA,Heligmonellidae,FALSE,Heligmonellidae,0.99702768,1,NC,nc_95_Heligmonellidae,Mus musculus,Andatsakala,brushy_regrowth,1
3508,nc_95,NA,Heligmonellidae,FALSE,Heligmonellidae,0.97578559,1,NC,nc_95_Heligmonellidae,Mus musculus,Andatsakala,brushy_regrowth,1
3511,nc_95,NA,Heligmonellidae,FALSE,Heligmonellidae,0.9843588400000001,1,NC,nc_95_Heligmonellidae,Mus musculus,Andatsakala,brushy_regrowth,1
3512,nc_95,NA,Heligmonellidae,FALSE,Heligmonellidae,0.9857963000000001,1,NC,nc_95_Heligmonellidae,Mus musculus,Andatsakala,brushy_regrowth,1
3513,nc_95,NA,Heligmonellidae,FALSE,Heligmonellidae,0.983211234,1,NC,nc_95_Heligmonellidae,Mus musculus,Andatsakala,brushy_regrowth,1
3514,nc_95,NA,Heligmonellidae,FALSE,Heligmonellidae,0.9842352939999999,1,NC,nc_95_Heligmonellidae,Mus musculus,Andatsakala,brushy_regrowth,1
3516,nc_99,Nippostrongylus,Nippostrongylus,TRUE,Nippostrongylus,0.9850107079999999,1,NC,nc_99_Nippostrongylus,Rattus rattus,Andatsakala,brushy_regrowth,1
3517,nc_129,NA,Trichostrongylidae,FALSE,Trichostrongylidae_1,0.503385449,1,NC,nc_129_Trichostrongylidae_1,Microgale brevicaudata,Andatsakala,brushy_regrowth,1
3517,nc_131,NA,Trichostrongylidae,FALSE,Trichostrongylidae_2,0.457712668,1,NC,nc_131_Trichostrongylidae_2,Microgale brevicaudata,Andatsakala,brushy_regrowth,1
3518,nc_95,NA,Heligmonellidae,FALSE,Heligmonellidae,0.985937724,1,NC,nc_95_Heligmonellidae,Mus musculus,Andatsakala,brushy_regrowth,1
3519,nc_95,NA,Heligmonellidae,FALSE,Heligmonellidae,1,1,NC,nc_95_Heligmonellidae,Mus musculus,Andatsakala,brushy_regrowth,1
3520,nc_99,Nippostrongylus,Nippostrongylus,TRUE,Nippostrongylus,0.9842699340000001,1,NC,nc_99_Nippostrongylus,Rattus rattus,Andatsakala,brushy_regrowth,1
3523,nc_68,NA,Chromadorea,FALSE,Chromadorea_42,0.170418006,1,NC,nc_68_Chromadorea_42,Microgale brevicaudata,Andatsakala,brushy_regrowth,1
3523,nc_80,NA,Rhabditida,FALSE,Rhabditida_13,0.7427652750000001,1,NC,nc_80_Rhabditida_13,Microgale brevicaudata,Andatsakala,brushy_regrowth,1
3523,nc_99,Nippostrongylus,Nippostrongylus,TRUE,Nippostrongylus,0.057877814,1,NC,nc_99_Nippostrongylus,Microgale brevicaudata,Andatsakala,brushy_regrowth,1
3525,nc_95,NA,Heligmonellidae,FALSE,Heligmonellidae,0.9921449,1,NC,nc_95_Heligmonellidae,Mus musculus,Andatsakala,brushy_regrowth,1
3526,nc_95,NA,Heligmonellidae,FALSE,Heligmonellidae,0.9844653000000001,1,NC,nc_95_Heligmonellidae,Mus musculus,Andatsakala,brushy_regrowth,1
3527,nc_116,Heligmosomoidea,Heligmosomoidea,TRUE,Heligmosomoidea_1,0.058714881999999996,1,NC,nc_116_Heligmosomoidea_1,Rattus rattus,Andatsakala,brushy_regrowth,1
3527,nc_129,NA,Trichostrongylidae,FALSE,Trichostrongylidae_1,0.011470788,1,NC,nc_129_Trichostrongylidae_1,Rattus rattus,Andatsakala,brushy_regrowth,1
3527,nc_99,Nippostrongylus,Nippostrongylus,TRUE,Nippostrongylus,0.9045397100000001,1,NC,nc_99_Nippostrongylus,Rattus rattus,Andatsakala,brushy_regrowth,1
3528,nc_99,Nippostrongylus,Nippostrongylus,TRUE,Nippostrongylus,0.9699425370000001,1,NC,nc_99_Nippostrongylus,Rattus rattus,Andatsakala,brushy_regrowth,1
3530,nc_129,NA,Trichostrongylidae,FALSE,Trichostrongylidae_1,0.259245,1,NC,nc_129_Trichostrongylidae_1,Microgale brevicaudata,Andatsakala,agriculture,1
3530,nc_131,NA,Trichostrongylidae,FALSE,Trichostrongylidae_2,0.7298784,1,NC,nc_131_Trichostrongylidae_2,Microgale brevicaudata,Andatsakala,agriculture,1
3531,nc_129,NA,Trichostrongylidae,FALSE,Trichostrongylidae_1,0.591586002,1,NC,nc_129_Trichostrongylidae_1,Microgale brevicaudata,Andatsakala,agriculture,1
3531,nc_131,NA,Trichostrongylidae,FALSE,Trichostrongylidae_2,0.360014892,1,NC,nc_131_Trichostrongylidae_2,Microgale brevicaudata,Andatsakala,agriculture,1
3532,nc_182,NA,Rhabditida,FALSE,Rhabditida_20,0.5535808,1,NC,nc_182_Rhabditida_20,Microgale parvula,Andatsakala,agriculture,1
3532,nc_220,NA,Nematoda,FALSE,Nematoda_22,0.06377418,1,NC,nc_220_Nematoda_22,Microgale parvula,Andatsakala,agriculture,1
3532,nc_28,NA,Rhabditida,FALSE,Rhabditida_30,0.05593309,1,NC,nc_28_Rhabditida_30,Microgale parvula,Andatsakala,agriculture,1
3532,nc_39,NA,Rhabditida,FALSE,Rhabditida_21,0.3078934,1,NC,nc_39_Rhabditida_21,Microgale parvula,Andatsakala,agriculture,1
3532,nc_99,Nippostrongylus,Nippostrongylus,TRUE,Nippostrongylus,0.01045478,1,NC,nc_99_Nippostrongylus,Microgale parvula,Andatsakala,agriculture,1
3533,nc_95,NA,Heligmonellidae,FALSE,Heligmonellidae,0.9830806209999999,1,NC,nc_95_Heligmonellidae,Mus musculus,Andatsakala,agriculture,1
3534,nc_99,Nippostrongylus,Nippostrongylus,TRUE,Nippostrongylus,0.968546529,1,NC,nc_99_Nippostrongylus,Rattus rattus,Andatsakala,agriculture,1
3535,nc_95,NA,Heligmonellidae,FALSE,Heligmonellidae,0.481331716,1,NC,nc_95_Heligmonellidae,Rattus rattus,Andatsakala,agriculture,1
3535,nc_99,Nippostrongylus,Nippostrongylus,TRUE,Nippostrongylus,0.5100417850000001,1,NC,nc_99_Nippostrongylus,Rattus rattus,Andatsakala,agriculture,1
3536,nc_129,NA,Trichostrongylidae,FALSE,Trichostrongylidae_1,0.6792183559999999,1,NC,nc_129_Trichostrongylidae_1,Microgale brevicaudata,Andatsakala,agriculture,1
3536,nc_131,NA,Trichostrongylidae,FALSE,Trichostrongylidae_2,0.290591723,1,NC,nc_131_Trichostrongylidae_2,Microgale brevicaudata,Andatsakala,agriculture,1
3538,nc_116,Heligmosomoidea,Heligmosomoidea,TRUE,Heligmosomoidea_1,0.049288786,1,NC,nc_116_Heligmosomoidea_1,Microgale brevicaudata,Andatsakala,agriculture,1
3538,nc_129,NA,Trichostrongylidae,FALSE,Trichostrongylidae_1,0.5372146870000001,1,NC,nc_129_Trichostrongylidae_1,Microgale brevicaudata,Andatsakala,agriculture,1
3538,nc_131,NA,Trichostrongylidae,FALSE,Trichostrongylidae_2,0.36553093,1,NC,nc_131_Trichostrongylidae_2,Microgale brevicaudata,Andatsakala,agriculture,1
3543,nc_99,Nippostrongylus,Nippostrongylus,TRUE,Nippostrongylus,0.968960653,1,NC,nc_99_Nippostrongylus,Rattus rattus,Andatsakala,agriculture,1
3546,nc_118,Heligmosomoidea,Heligmosomoidea,TRUE,Heligmosomoidea_2,0.9749666220000002,1,NC,nc_118_Heligmosomoidea_2,Nesogale talazaci,Andatsakala,secondary_forest,1
3546,nc_99,Nippostrongylus,Nippostrongylus,TRUE,Nippostrongylus,0.011014686,1,NC,nc_99_Nippostrongylus,Nesogale talazaci,Andatsakala,secondary_forest,1
3548,nc_233,Trichostrongylus,Trichostrongylus,TRUE,Trichostrongylus_2,0.012641084,1,NC,nc_233_Trichostrongylus_2,Rattus rattus,Andatsakala,secondary_forest,1
3548,nc_99,Nippostrongylus,Nippostrongylus,TRUE,Nippostrongylus,0.953047404,1,NC,nc_99_Nippostrongylus,Rattus rattus,Andatsakala,secondary_forest,1
3549,nc_95,NA,Heligmonellidae,FALSE,Heligmonellidae,0.996483002,1,NC,nc_95_Heligmonellidae,Suncus etruscus,Andatsakala,secondary_forest,1
3550,nc_95,NA,Heligmonellidae,FALSE,Heligmonellidae,0.98512611,1,NC,nc_95_Heligmonellidae,Mus musculus,Andatsakala,secondary_forest,1
3551,nc_95,NA,Heligmonellidae,FALSE,Heligmonellidae,0.992815,1,NC,nc_95_Heligmonellidae,Mus musculus,Andatsakala,secondary_forest,1
3553,nc_99,Nippostrongylus,Nippostrongylus,TRUE,Nippostrongylus,0.9893871689999998,1,NC,nc_99_Nippostrongylus,Rattus rattus,Andatsakala,secondary_forest,1
3554,nc_118,Heligmosomoidea,Heligmosomoidea,TRUE,Heligmosomoidea_2,0.9749114510000001,1,NC,nc_118_Heligmosomoidea_2,Nesogale cf. talazaci,Andatsakala,secondary_forest,1
3555,nc_116,Heligmosomoidea,Heligmosomoidea,TRUE,Heligmosomoidea_1,0.776072984,1,NC,nc_116_Heligmosomoidea_1,Microgale brevicaudata,Andatsakala,secondary_forest,1
3555,nc_129,NA,Trichostrongylidae,FALSE,Trichostrongylidae_1,0.103669915,1,NC,nc_129_Trichostrongylidae_1,Microgale brevicaudata,Andatsakala,secondary_forest,1
3555,nc_131,NA,Trichostrongylidae,FALSE,Trichostrongylidae_2,0.050590919000000005,1,NC,nc_131_Trichostrongylidae_2,Microgale brevicaudata,Andatsakala,secondary_forest,1
3556,nc_116,Heligmosomoidea,Heligmosomoidea,TRUE,Heligmosomoidea_1,0.74284905,1,NC,nc_116_Heligmosomoidea_1,Microgale brevicaudata,Andatsakala,secondary_forest,1
3556,nc_129,NA,Trichostrongylidae,FALSE,Trichostrongylidae_1,0.05654874,1,NC,nc_129_Trichostrongylidae_1,Microgale brevicaudata,Andatsakala,secondary_forest,1
3556,nc_131,NA,Trichostrongylidae,FALSE,Trichostrongylidae_2,0.02277004,1,NC,nc_131_Trichostrongylidae_2,Microgale brevicaudata,Andatsakala,secondary_forest,1
3559,nc_99,Nippostrongylus,Nippostrongylus,TRUE,Nippostrongylus,0.9786725510000001,1,NC,nc_99_Nippostrongylus,Rattus rattus,Andatsakala,secondary_forest,1
3561,nc_116,Heligmosomoidea,Heligmosomoidea,TRUE,Heligmosomoidea_1,0.42246353,1,NC,nc_116_Heligmosomoidea_1,Microgale brevicaudata,Andatsakala,secondary_forest,1
3561,nc_129,NA,Trichostrongylidae,FALSE,Trichostrongylidae_1,0.2907326,1,NC,nc_129_Trichostrongylidae_1,Microgale brevicaudata,Andatsakala,secondary_forest,1
3561,nc_131,NA,Trichostrongylidae,FALSE,Trichostrongylidae_2,0.22093827,1,NC,nc_131_Trichostrongylidae_2,Microgale brevicaudata,Andatsakala,secondary_forest,1
3563,nc_99,Nippostrongylus,Nippostrongylus,TRUE,Nippostrongylus,0.9802922999999999,1,NC,nc_99_Nippostrongylus,Rattus rattus,Andatsakala,secondary_forest,1
3564,nc_99,Nippostrongylus,Nippostrongylus,TRUE,Nippostrongylus,0.97398387,1,NC,nc_99_Nippostrongylus,Rattus rattus,Andatsakala,secondary_forest,1
3565,nc_95,NA,Heligmonellidae,FALSE,Heligmonellidae,0.9941914000000001,1,NC,nc_95_Heligmonellidae,Mus musculus,Andatsakala,secondary_forest,1
3566,nc_116,Heligmosomoidea,Heligmosomoidea,TRUE,Heligmosomoidea_1,0.58848388,1,NC,nc_116_Heligmosomoidea_1,Microgale brevicaudata,Andatsakala,secondary_forest,1
3566,nc_129,NA,Trichostrongylidae,FALSE,Trichostrongylidae_1,0.13597466,1,NC,nc_129_Trichostrongylidae_1,Microgale brevicaudata,Andatsakala,secondary_forest,1
3566,nc_131,NA,Trichostrongylidae,FALSE,Trichostrongylidae_2,0.12002113000000002,1,NC,nc_131_Trichostrongylidae_2,Microgale brevicaudata,Andatsakala,secondary_forest,1
3567,nc_99,Nippostrongylus,Nippostrongylus,TRUE,Nippostrongylus,0.970629222,1,NC,nc_99_Nippostrongylus,Rattus rattus,Andatsakala,secondary_forest,1
3569,nc_99,Nippostrongylus,Nippostrongylus,TRUE,Nippostrongylus,0.9873657899999999,1,NC,nc_99_Nippostrongylus,Rattus rattus,Andatsakala,secondary_forest,1
3570,nc_116,Heligmosomoidea,Heligmosomoidea,TRUE,Heligmosomoidea_1,0.613846348,1,NC,nc_116_Heligmosomoidea_1,Microgale brevicaudata,Andatsakala,secondary_forest,1
3570,nc_129,NA,Trichostrongylidae,FALSE,Trichostrongylidae_1,0.145930895,1,NC,nc_129_Trichostrongylidae_1,Microgale brevicaudata,Andatsakala,secondary_forest,1
3570,nc_131,NA,Trichostrongylidae,FALSE,Trichostrongylidae_2,0.123022402,1,NC,nc_131_Trichostrongylidae_2,Microgale brevicaudata,Andatsakala,secondary_forest,1
3572,nc_116,Heligmosomoidea,Heligmosomoidea,TRUE,Heligmosomoidea_1,0.931137725,1,NC,nc_116_Heligmosomoidea_1,Microgale brevicaudata,Andatsakala,semi-intact_forest,1
3572,nc_129,NA,Trichostrongylidae,FALSE,Trichostrongylidae_1,0.031701303,1,NC,nc_129_Trichostrongylidae_1,Microgale brevicaudata,Andatsakala,semi-intact_forest,1
3572,nc_131,NA,Trichostrongylidae,FALSE,Trichostrongylidae_2,0.014441705,1,NC,nc_131_Trichostrongylidae_2,Microgale brevicaudata,Andatsakala,semi-intact_forest,1
3577,nc_99,Nippostrongylus,Nippostrongylus,TRUE,Nippostrongylus,0.9829059839999998,1,NC,nc_99_Nippostrongylus,Rattus rattus,Andatsakala,semi-intact_forest,1
3578,nc_99,Nippostrongylus,Nippostrongylus,TRUE,Nippostrongylus,0.9707730899999998,1,NC,nc_99_Nippostrongylus,Rattus rattus,Andatsakala,semi-intact_forest,1
3579,nc_94,NA,Strongylida,FALSE,Strongylida_1,0.9849526040000001,1,NC,nc_94_Strongylida_1,Nesomys rufus,Andatsakala,semi-intact_forest,1
3581,nc_99,Nippostrongylus,Nippostrongylus,TRUE,Nippostrongylus,0.98350791,1,NC,nc_99_Nippostrongylus,Rattus rattus,Andatsakala,semi-intact_forest,1
3582,nc_116,Heligmosomoidea,Heligmosomoidea,TRUE,Heligmosomoidea_1,0.8486327100000001,1,NC,nc_116_Heligmosomoidea_1,Microgale brevicaudata,Andatsakala,semi-intact_forest,1
3582,nc_129,NA,Trichostrongylidae,FALSE,Trichostrongylidae_1,0.05387821,1,NC,nc_129_Trichostrongylidae_1,Microgale brevicaudata,Andatsakala,semi-intact_forest,1
3582,nc_131,NA,Trichostrongylidae,FALSE,Trichostrongylidae_2,0.01758666,1,NC,nc_131_Trichostrongylidae_2,Microgale brevicaudata,Andatsakala,semi-intact_forest,1
3584,nc_95,NA,Heligmonellidae,FALSE,Heligmonellidae,0.9920407,1,NC,nc_95_Heligmonellidae,Mus musculus,Andatsakala,agroforest,1
3585,nc_95,NA,Heligmonellidae,FALSE,Heligmonellidae,0.9854036799999999,1,NC,nc_95_Heligmonellidae,Mus musculus,Andatsakala,agroforest,1
3586,nc_95,NA,Heligmonellidae,FALSE,Heligmonellidae,0.9868371099999999,1,NC,nc_95_Heligmonellidae,Mus musculus,Andatsakala,agroforest,1
3587,nc_95,NA,Heligmonellidae,FALSE,Heligmonellidae,0.98990564,1,NC,nc_95_Heligmonellidae,Mus musculus,Andatsakala,agroforest,1
3588,nc_95,NA,Heligmonellidae,FALSE,Heligmonellidae,0.98619452,1,NC,nc_95_Heligmonellidae,Mus musculus,Andatsakala,agroforest,1
3589,nc_95,NA,Heligmonellidae,FALSE,Heligmonellidae,0.9848975179999999,1,NC,nc_95_Heligmonellidae,Mus musculus,Andatsakala,agroforest,1
3590,nc_95,NA,Heligmonellidae,FALSE,Heligmonellidae,0.9840337099999998,1,NC,nc_95_Heligmonellidae,Mus musculus,Andatsakala,agroforest,1
3591,nc_17,NA,Nematoda,FALSE,Nematoda_3,0.29063366,1,NC,nc_17_Nematoda_3,Rattus rattus,Andatsakala,agroforest,1
3591,nc_229,NA,Chromadorea,FALSE,Chromadorea_28,0.2396694,1,NC,nc_229_Chromadorea_28,Rattus rattus,Andatsakala,agroforest,1
3591,nc_230,NA,Chromadorea,FALSE,Chromadorea_13,0.09090909,1,NC,nc_230_Chromadorea_13,Rattus rattus,Andatsakala,agroforest,1
3591,nc_43,NA,Chromadorea,FALSE,Chromadorea_26,0.37190079000000004,1,NC,nc_43_Chromadorea_26,Rattus rattus,Andatsakala,agroforest,1
3593,nc_99,Nippostrongylus,Nippostrongylus,TRUE,Nippostrongylus,0.9871672000000002,1,NC,nc_99_Nippostrongylus,Rattus rattus,Andatsakala,agroforest,1
3594,nc_95,NA,Heligmonellidae,FALSE,Heligmonellidae,0.98506018,1,NC,nc_95_Heligmonellidae,Mus musculus,Andatsakala,agroforest,1
3596,nc_95,NA,Heligmonellidae,FALSE,Heligmonellidae,0.97614427,1,NC,nc_95_Heligmonellidae,Mus musculus,Andatsakala,agroforest,1
3597,nc_95,NA,Heligmonellidae,FALSE,Heligmonellidae,0.9870578080000001,1,NC,nc_95_Heligmonellidae,Mus musculus,Andatsakala,agroforest,1
3598,nc_99,Nippostrongylus,Nippostrongylus,TRUE,Nippostrongylus,0.9766297660000001,1,NC,nc_99_Nippostrongylus,Rattus rattus,Andatsakala,agroforest,1
3599,nc_97,Angiostrongylus,Angiostrongylus,TRUE,Angiostrongylus,0.9894118500000001,1,NC,nc_97_Angiostrongylus,Rattus rattus,Andatsakala,agroforest,1
3603,nc_95,NA,Heligmonellidae,FALSE,Heligmonellidae,0.990968681,1,NC,nc_95_Heligmonellidae,Mus musculus,Andatsakala,agroforest,1
3604,nc_95,NA,Heligmonellidae,FALSE,Heligmonellidae,0.9847591499999999,1,NC,nc_95_Heligmonellidae,Mus musculus,Andatsakala,agroforest,1
3605,nc_99,Nippostrongylus,Nippostrongylus,TRUE,Nippostrongylus,0.9661237789999998,1,NC,nc_99_Nippostrongylus,Rattus rattus,Andatsakala,agroforest,1
3606,nc_129,NA,Trichostrongylidae,FALSE,Trichostrongylidae_1,0.6544947600000001,1,NC,nc_129_Trichostrongylidae_1,Microgale brevicaudata,Andatsakala,agroforest,1
3606,nc_131,NA,Trichostrongylidae,FALSE,Trichostrongylidae_2,0.3148125299999999,1,NC,nc_131_Trichostrongylidae_2,Microgale brevicaudata,Andatsakala,agroforest,1
3608,nc_169,NA,Chromadorea,FALSE,Chromadorea_63,0.02515091,1,NC,nc_169_Chromadorea_63,Rattus rattus,Andatsakala,agroforest,1
3608,nc_184,NA,Chromadorea,FALSE,Chromadorea_3,0.9647887,1,NC,nc_184_Chromadorea_3,Rattus rattus,Andatsakala,agroforest,1
3609,nc_129,NA,Trichostrongylidae,FALSE,Trichostrongylidae_1,0.47955555600000005,1,NC,nc_129_Trichostrongylidae_1,Microgale brevicaudata,Andatsakala,agroforest,1
3609,nc_131,NA,Trichostrongylidae,FALSE,Trichostrongylidae_2,0.501481482,1,NC,nc_131_Trichostrongylidae_2,Microgale brevicaudata,Andatsakala,agroforest,1
3611,nc_99,Nippostrongylus,Nippostrongylus,TRUE,Nippostrongylus,0.959888062,1,NC,nc_99_Nippostrongylus,Rattus rattus,Andatsakala,agroforest,1
3612,nc_99,Nippostrongylus,Nippostrongylus,TRUE,Nippostrongylus,0.9694032950000001,1,NC,nc_99_Nippostrongylus,Rattus rattus,Andatsakala,agroforest,1
3613,nc_99,Nippostrongylus,Nippostrongylus,TRUE,Nippostrongylus,0.9828970300000001,1,NC,nc_99_Nippostrongylus,Rattus rattus,Andatsakala,agroforest,1
3614,nc_99,Nippostrongylus,Nippostrongylus,TRUE,Nippostrongylus,0.9772817099999999,1,NC,nc_99_Nippostrongylus,Rattus rattus,Andatsakala,agroforest,1
3617,nc_155,NA,Nematoda,FALSE,Nematoda_26,0.05018083,1,NC,nc_155_Nematoda_26,Mus musculus,Andatsakala,agroforest,1
3617,nc_205,NA,Chromadorea,FALSE,Chromadorea_18,0.5983273,1,NC,nc_205_Chromadorea_18,Mus musculus,Andatsakala,agroforest,1
3617,nc_43,NA,Chromadorea,FALSE,Chromadorea_26,0.03594033,1,NC,nc_43_Chromadorea_26,Mus musculus,Andatsakala,agroforest,1
3617,nc_44,NA,Chromadorea,FALSE,Chromadorea_25,0.3004069,1,NC,nc_44_Chromadorea_25,Mus musculus,Andatsakala,agroforest,1
3619,nc_129,NA,Trichostrongylidae,FALSE,Trichostrongylidae_1,0.5778201,1,NC,nc_129_Trichostrongylidae_1,Microgale brevicaudata,Andatsakala,agroforest,1
3619,nc_131,NA,Trichostrongylidae,FALSE,Trichostrongylidae_2,0.37267966,1,NC,nc_131_Trichostrongylidae_2,Microgale brevicaudata,Andatsakala,agroforest,1
3620,nc_99,Nippostrongylus,Nippostrongylus,TRUE,Nippostrongylus,0.977356878,1,NC,nc_99_Nippostrongylus,Rattus rattus,Andatsakala,agroforest,1
3622,nc_99,Nippostrongylus,Nippostrongylus,TRUE,Nippostrongylus,0.9879171499999999,1,NC,nc_99_Nippostrongylus,Rattus rattus,Andatsakala,agroforest,1
3623,nc_99,Nippostrongylus,Nippostrongylus,TRUE,Nippostrongylus,0.996612,1,NC,nc_99_Nippostrongylus,Rattus rattus,Andatsakala,agroforest,1
3624,nc_95,NA,Heligmonellidae,FALSE,Heligmonellidae,0.98494679,1,NC,nc_95_Heligmonellidae,Mus musculus,Andatsakala,flooded_rice,1
3625,nc_95,NA,Heligmonellidae,FALSE,Heligmonellidae,0.98398378,1,NC,nc_95_Heligmonellidae,Mus musculus,Andatsakala,flooded_rice,1
3626,nc_95,NA,Heligmonellidae,FALSE,Heligmonellidae,0.98281553,1,NC,nc_95_Heligmonellidae,Mus musculus,Andatsakala,flooded_rice,1
3627,nc_95,NA,Heligmonellidae,FALSE,Heligmonellidae,0.985671192,1,NC,nc_95_Heligmonellidae,Mus musculus,Andatsakala,flooded_rice,1
3628,nc_95,NA,Heligmonellidae,FALSE,Heligmonellidae,0.9846135060000001,1,NC,nc_95_Heligmonellidae,Mus musculus,Andatsakala,village,1
3632,nc_95,NA,Heligmonellidae,FALSE,Heligmonellidae,0.9844389100000001,1,NC,nc_95_Heligmonellidae,Mus musculus,Andatsakala,flooded_rice,1
3633,nc_95,NA,Heligmonellidae,FALSE,Heligmonellidae,0.9847616600000001,1,NC,nc_95_Heligmonellidae,Mus musculus,Andatsakala,flooded_rice,1
3638,nc_161,NA,Chromadorea,FALSE,Chromadorea_27,0.39177102,1,NC,nc_161_Chromadorea_27,Rattus rattus,Andatsakala,village,1
3638,nc_228,NA,Chromadorea,FALSE,Chromadorea_55,0.04293381,1,NC,nc_228_Chromadorea_55,Rattus rattus,Andatsakala,village,1
3638,nc_240,NA,Nematoda,FALSE,Nematoda_2,0.56529517,1,NC,nc_240_Nematoda_2,Rattus rattus,Andatsakala,village,1
3640,nc_95,NA,Heligmonellidae,FALSE,Heligmonellidae,0.98206018,1,NC,nc_95_Heligmonellidae,Mus musculus,Andatsakala,flooded_rice,1
3645,nc_99,Nippostrongylus,Nippostrongylus,TRUE,Nippostrongylus,0.9634120630000002,1,NC,nc_99_Nippostrongylus,Rattus rattus,Andatsakala,village,1
3649,nc_240,NA,Nematoda,FALSE,Nematoda_2,0.9949917,1,NC,nc_240_Nematoda_2,Rattus rattus,Andatsakala,village,1
3650,nc_99,Nippostrongylus,Nippostrongylus,TRUE,Nippostrongylus,0.9870343399999999,1,NC,nc_99_Nippostrongylus,Rattus rattus,Andatsakala,village,1
3652,nc_95,NA,Heligmonellidae,FALSE,Heligmonellidae,0.9840567800000001,1,NC,nc_95_Heligmonellidae,Mus musculus,Andatsakala,flooded_rice,1
3655,nc_184,NA,Chromadorea,FALSE,Chromadorea_3,1,1,NC,nc_184_Chromadorea_3,Rattus rattus,Andatsakala,village,1
3658,nc_144,NA,Nematoda,FALSE,Nematoda_40,0.01613816,1,NC,nc_144_Nematoda_40,Rattus rattus,Andatsakala,village,1
3658,nc_15,NA,Nematoda,FALSE,Nematoda_27,0.03822197,1,NC,nc_15_Nematoda_27,Rattus rattus,Andatsakala,village,1
3658,nc_184,NA,Chromadorea,FALSE,Chromadorea_3,0.93374855,1,NC,nc_184_Chromadorea_3,Rattus rattus,Andatsakala,village,1
3658,nc_7,NA,Rhabditida,FALSE,Rhabditida_8,0.01019252,1,NC,nc_7_Rhabditida_8,Rattus rattus,Andatsakala,village,1
3662,nc_99,Nippostrongylus,Nippostrongylus,TRUE,Nippostrongylus,0.97649439,1,NC,nc_99_Nippostrongylus,Rattus rattus,Andatsakala,brushy_regrowth,2
3664,nc_95,NA,Heligmonellidae,FALSE,Heligmonellidae,0.9833802819999999,1,NC,nc_95_Heligmonellidae,Mus musculus,Andatsakala,brushy_regrowth,2
3665,nc_102,Globocephalus,Globocephalus,TRUE,Globocephalus,0.996967622,1,NC,nc_102_Globocephalus,Setifer setosus,Andatsakala,brushy_regrowth,2
3667,nc_129,NA,Trichostrongylidae,FALSE,Trichostrongylidae_1,0.5954423999999999,1,NC,nc_129_Trichostrongylidae_1,Microgale brevicaudata,Andatsakala,brushy_regrowth,2
3667,nc_131,NA,Trichostrongylidae,FALSE,Trichostrongylidae_2,0.35134045999999997,1,NC,nc_131_Trichostrongylidae_2,Microgale brevicaudata,Andatsakala,brushy_regrowth,2
3668,nc_66,NA,Chromadorea,FALSE,Chromadorea_4,0.236386139,1,NC,nc_66_Chromadorea_4,Microgale brevicaudata,Andatsakala,brushy_regrowth,2
3668,nc_69,NA,Chromadorea,FALSE,Chromadorea_34,0.303217823,1,NC,nc_69_Chromadorea_34,Microgale brevicaudata,Andatsakala,brushy_regrowth,2
3668,nc_70,NA,Chromadorea,FALSE,Chromadorea_51,0.050742574,1,NC,nc_70_Chromadorea_51,Microgale brevicaudata,Andatsakala,brushy_regrowth,2
3668,nc_78,NA,Chromadorea,FALSE,Chromadorea_46,0.061881188,1,NC,nc_78_Chromadorea_46,Microgale brevicaudata,Andatsakala,brushy_regrowth,2
3668,nc_83,NA,Rhabditida,FALSE,Rhabditida_23,0.273514851,1,NC,nc_83_Rhabditida_23,Microgale brevicaudata,Andatsakala,brushy_regrowth,2
3668,nc_99,Nippostrongylus,Nippostrongylus,TRUE,Nippostrongylus,0.044554455,1,NC,nc_99_Nippostrongylus,Microgale brevicaudata,Andatsakala,brushy_regrowth,2
3669,nc_23,NA,Chromadorea,FALSE,Chromadorea_5,0.010518934,1,NC,nc_23_Chromadorea_5,Rattus rattus,Andatsakala,brushy_regrowth,2
3669,nc_99,Nippostrongylus,Nippostrongylus,TRUE,Nippostrongylus,0.9852734930000001,1,NC,nc_99_Nippostrongylus,Rattus rattus,Andatsakala,brushy_regrowth,2
3671,nc_129,NA,Trichostrongylidae,FALSE,Trichostrongylidae_1,0.08590708,1,NC,nc_129_Trichostrongylidae_1,Microgale brevicaudata,Andatsakala,brushy_regrowth,2
3671,nc_131,NA,Trichostrongylidae,FALSE,Trichostrongylidae_2,0.04684661,1,NC,nc_131_Trichostrongylidae_2,Microgale brevicaudata,Andatsakala,brushy_regrowth,2
3672,nc_129,NA,Trichostrongylidae,FALSE,Trichostrongylidae_1,0.5394152489999999,1,NC,nc_129_Trichostrongylidae_1,Microgale brevicaudata,Andatsakala,brushy_regrowth,2
3672,nc_131,NA,Trichostrongylidae,FALSE,Trichostrongylidae_2,0.44189489200000004,1,NC,nc_131_Trichostrongylidae_2,Microgale brevicaudata,Andatsakala,brushy_regrowth,2
3673,nc_151,NA,Rhabditida,FALSE,Rhabditida_34,0.02108158,1,NC,nc_151_Rhabditida_34,Rattus rattus,Andatsakala,brushy_regrowth,2
3673,nc_156,NA,Chromadorea,FALSE,Chromadorea_29,0.3620532,1,NC,nc_156_Chromadorea_29,Rattus rattus,Andatsakala,brushy_regrowth,2
3673,nc_163,NA,Chromadorea,FALSE,Chromadorea_17,0.3409716,1,NC,nc_163_Chromadorea_17,Rattus rattus,Andatsakala,brushy_regrowth,2
3673,nc_3,NA,Rhabditida,FALSE,Rhabditida_35,0.0192484,1,NC,nc_3_Rhabditida_35,Rattus rattus,Andatsakala,brushy_regrowth,2
3673,nc_44,NA,Chromadorea,FALSE,Chromadorea_25,0.14298808000000002,1,NC,nc_44_Chromadorea_25,Rattus rattus,Andatsakala,brushy_regrowth,2
3673,nc_5,NA,Nematoda,FALSE,Nematoda_18,0.1090742,1,NC,nc_5_Nematoda_18,Rattus rattus,Andatsakala,brushy_regrowth,2
3675,nc_95,NA,Heligmonellidae,FALSE,Heligmonellidae,0.9831311380000001,1,NC,nc_95_Heligmonellidae,Mus musculus,Andatsakala,brushy_regrowth,2
3676,nc_27,NA,Rhabditida,FALSE,Rhabditida_10,0.9065502000000002,1,NC,nc_27_Rhabditida_10,Suncus murinus,Andatsakala,brushy_regrowth,2
3676,nc_90,NA,Rhabditida,FALSE,Rhabditida_28,0.06899564,1,NC,nc_90_Rhabditida_28,Suncus murinus,Andatsakala,brushy_regrowth,2
3677,nc_129,NA,Trichostrongylidae,FALSE,Trichostrongylidae_1,0.44600939,1,NC,nc_129_Trichostrongylidae_1,Microgale brevicaudata,Andatsakala,brushy_regrowth,2
3677,nc_131,NA,Trichostrongylidae,FALSE,Trichostrongylidae_2,0.5274405059999999,1,NC,nc_131_Trichostrongylidae_2,Microgale brevicaudata,Andatsakala,brushy_regrowth,2
3678,nc_116,Heligmosomoidea,Heligmosomoidea,TRUE,Heligmosomoidea_1,0.09212344,1,NC,nc_116_Heligmosomoidea_1,Microgale brevicaudata,Andatsakala,brushy_regrowth,2
3678,nc_129,NA,Trichostrongylidae,FALSE,Trichostrongylidae_1,0.48318751,1,NC,nc_129_Trichostrongylidae_1,Microgale brevicaudata,Andatsakala,brushy_regrowth,2
3678,nc_131,NA,Trichostrongylidae,FALSE,Trichostrongylidae_2,0.31745739000000006,1,NC,nc_131_Trichostrongylidae_2,Microgale brevicaudata,Andatsakala,brushy_regrowth,2
3679,nc_17,NA,Nematoda,FALSE,Nematoda_3,0.2852564,1,NC,nc_17_Nematoda_3,Rattus rattus,Andatsakala,brushy_regrowth,2
3679,nc_188,NA,Chromadorea,FALSE,Chromadorea_21,0.5544872,1,NC,nc_188_Chromadorea_21,Rattus rattus,Andatsakala,brushy_regrowth,2
3679,nc_229,NA,Chromadorea,FALSE,Chromadorea_28,0.1346154,1,NC,nc_229_Chromadorea_28,Rattus rattus,Andatsakala,brushy_regrowth,2
3679,nc_99,Nippostrongylus,Nippostrongylus,TRUE,Nippostrongylus,0.02564103,1,NC,nc_99_Nippostrongylus,Rattus rattus,Andatsakala,brushy_regrowth,2
3680,nc_99,Nippostrongylus,Nippostrongylus,TRUE,Nippostrongylus,0.9776916999999999,1,NC,nc_99_Nippostrongylus,Rattus rattus,Andatsakala,brushy_regrowth,2
3681,nc_95,NA,Heligmonellidae,FALSE,Heligmonellidae,1,1,NC,nc_95_Heligmonellidae,Mus musculus,Andatsakala,brushy_regrowth,2
3683,nc_213,NA,Chromadorea,FALSE,Chromadorea_11,0.9448052,1,NC,nc_213_Chromadorea_11,Microgale brevicaudata,Andatsakala,brushy_regrowth,2
3683,nc_79,NA,Nematoda,FALSE,Nematoda_28,0.03181818,1,NC,nc_79_Nematoda_28,Microgale brevicaudata,Andatsakala,brushy_regrowth,2
3684,nc_116,Heligmosomoidea,Heligmosomoidea,TRUE,Heligmosomoidea_1,0.33825057199999997,1,NC,nc_116_Heligmosomoidea_1,Microgale brevicaudata,Andatsakala,agriculture,2
3684,nc_129,NA,Trichostrongylidae,FALSE,Trichostrongylidae_1,0.33741948899999996,1,NC,nc_129_Trichostrongylidae_1,Microgale brevicaudata,Andatsakala,agriculture,2
3684,nc_131,NA,Trichostrongylidae,FALSE,Trichostrongylidae_2,0.249324745,1,NC,nc_131_Trichostrongylidae_2,Microgale brevicaudata,Andatsakala,agriculture,2
3685,nc_116,Heligmosomoidea,Heligmosomoidea,TRUE,Heligmosomoidea_1,0.74880451,1,NC,nc_116_Heligmosomoidea_1,Microgale brevicaudata,Andatsakala,agriculture,2
3685,nc_129,NA,Trichostrongylidae,FALSE,Trichostrongylidae_1,0.08393529,1,NC,nc_129_Trichostrongylidae_1,Microgale brevicaudata,Andatsakala,agriculture,2
3685,nc_131,NA,Trichostrongylidae,FALSE,Trichostrongylidae_2,0.07732221,1,NC,nc_131_Trichostrongylidae_2,Microgale brevicaudata,Andatsakala,agriculture,2
3686,nc_116,Heligmosomoidea,Heligmosomoidea,TRUE,Heligmosomoidea_1,0.24698461800000002,1,NC,nc_116_Heligmosomoidea_1,Microgale brevicaudata,Andatsakala,agriculture,2
3686,nc_129,NA,Trichostrongylidae,FALSE,Trichostrongylidae_1,0.39360407199999997,1,NC,nc_129_Trichostrongylidae_1,Microgale brevicaudata,Andatsakala,agriculture,2
3686,nc_131,NA,Trichostrongylidae,FALSE,Trichostrongylidae_2,0.234480469,1,NC,nc_131_Trichostrongylidae_2,Microgale brevicaudata,Andatsakala,agriculture,2
3690,nc_95,NA,Heligmonellidae,FALSE,Heligmonellidae,0.982535802,1,NC,nc_95_Heligmonellidae,Mus musculus,Andatsakala,agriculture,2
3691,nc_171,NA,Chromadorea,FALSE,Chromadorea_53,0.04731458,1,NC,nc_171_Chromadorea_53,Microgale brevicaudata,Andatsakala,agriculture,2
3691,nc_176,NA,Nematoda,FALSE,Nematoda_6,0.9424552,1,NC,nc_176_Nematoda_6,Microgale brevicaudata,Andatsakala,agriculture,2
3691,nc_99,Nippostrongylus,Nippostrongylus,TRUE,Nippostrongylus,0.01023018,1,NC,nc_99_Nippostrongylus,Microgale brevicaudata,Andatsakala,agriculture,2
3693,nc_116,Heligmosomoidea,Heligmosomoidea,TRUE,Heligmosomoidea_1,0.9783460510000002,1,NC,nc_116_Heligmosomoidea_1,Microgale brevicaudata,Andatsakala,agriculture,2
3695,nc_116,Heligmosomoidea,Heligmosomoidea,TRUE,Heligmosomoidea_1,0.12241395,1,NC,nc_116_Heligmosomoidea_1,Microgale brevicaudata,Andatsakala,agriculture,2
3695,nc_129,NA,Trichostrongylidae,FALSE,Trichostrongylidae_1,0.46982574000000005,1,NC,nc_129_Trichostrongylidae_1,Microgale brevicaudata,Andatsakala,agriculture,2
3695,nc_131,NA,Trichostrongylidae,FALSE,Trichostrongylidae_2,0.27822125999999997,1,NC,nc_131_Trichostrongylidae_2,Microgale brevicaudata,Andatsakala,agriculture,2
3696,nc_192,NA,Chromadorea,FALSE,Chromadorea_70,0.014584804,1,NC,nc_192_Chromadorea_70,Tenrec ecaudatus,Andatsakala,agriculture,2
3697,nc_116,Heligmosomoidea,Heligmosomoidea,TRUE,Heligmosomoidea_1,0.494640942,1,NC,nc_116_Heligmosomoidea_1,Microgale brevicaudata,Andatsakala,agriculture,2
3697,nc_129,NA,Trichostrongylidae,FALSE,Trichostrongylidae_1,0.258038585,1,NC,nc_129_Trichostrongylidae_1,Microgale brevicaudata,Andatsakala,agriculture,2
3697,nc_131,NA,Trichostrongylidae,FALSE,Trichostrongylidae_2,0.16907824200000002,1,NC,nc_131_Trichostrongylidae_2,Microgale brevicaudata,Andatsakala,agriculture,2
3698,nc_116,Heligmosomoidea,Heligmosomoidea,TRUE,Heligmosomoidea_1,0.51148831,1,NC,nc_116_Heligmosomoidea_1,Microgale brevicaudata,Andatsakala,agriculture,2
3698,nc_129,NA,Trichostrongylidae,FALSE,Trichostrongylidae_1,0.2307956,1,NC,nc_129_Trichostrongylidae_1,Microgale brevicaudata,Andatsakala,agriculture,2
3698,nc_131,NA,Trichostrongylidae,FALSE,Trichostrongylidae_2,0.17318248,1,NC,nc_131_Trichostrongylidae_2,Microgale brevicaudata,Andatsakala,agriculture,2
3699,nc_99,Nippostrongylus,Nippostrongylus,TRUE,Nippostrongylus,0.9725743539999999,1,NC,nc_99_Nippostrongylus,Rattus rattus,Andatsakala,agriculture,2
3700,nc_116,Heligmosomoidea,Heligmosomoidea,TRUE,Heligmosomoidea_1,0.985873971,1,NC,nc_116_Heligmosomoidea_1,Microgale brevicaudata,Andatsakala,agriculture,2
3702,nc_116,Heligmosomoidea,Heligmosomoidea,TRUE,Heligmosomoidea_1,0.11590741,1,NC,nc_116_Heligmosomoidea_1,Microgale brevicaudata,Andatsakala,agriculture,2
3702,nc_129,NA,Trichostrongylidae,FALSE,Trichostrongylidae_1,0.37589589,1,NC,nc_129_Trichostrongylidae_1,Microgale brevicaudata,Andatsakala,agriculture,2
3702,nc_131,NA,Trichostrongylidae,FALSE,Trichostrongylidae_2,0.16706485000000001,1,NC,nc_131_Trichostrongylidae_2,Microgale brevicaudata,Andatsakala,agriculture,2
3707,nc_116,Heligmosomoidea,Heligmosomoidea,TRUE,Heligmosomoidea_1,0.5070708500000001,1,NC,nc_116_Heligmosomoidea_1,Microgale brevicaudata,Andatsakala,agriculture,2
3707,nc_129,NA,Trichostrongylidae,FALSE,Trichostrongylidae_1,0.24907195,1,NC,nc_129_Trichostrongylidae_1,Microgale brevicaudata,Andatsakala,agriculture,2
3707,nc_131,NA,Trichostrongylidae,FALSE,Trichostrongylidae_2,0.14451123,1,NC,nc_131_Trichostrongylidae_2,Microgale brevicaudata,Andatsakala,agriculture,2
3708,nc_99,Nippostrongylus,Nippostrongylus,TRUE,Nippostrongylus,0.99006985,1,NC,nc_99_Nippostrongylus,Rattus rattus,Andatsakala,agriculture,2
3709,nc_116,Heligmosomoidea,Heligmosomoidea,TRUE,Heligmosomoidea_1,0.9446737500000002,1,NC,nc_116_Heligmosomoidea_1,Microgale brevicaudata,Andatsakala,secondary_forest,2
3710,nc_116,Heligmosomoidea,Heligmosomoidea,TRUE,Heligmosomoidea_1,0.06070288,1,NC,nc_116_Heligmosomoidea_1,Microgale brevicaudata,Andatsakala,secondary_forest,2
3710,nc_129,NA,Trichostrongylidae,FALSE,Trichostrongylidae_1,0.41533541999999996,1,NC,nc_129_Trichostrongylidae_1,Microgale brevicaudata,Andatsakala,secondary_forest,2
3710,nc_131,NA,Trichostrongylidae,FALSE,Trichostrongylidae_2,0.45860343,1,NC,nc_131_Trichostrongylidae_2,Microgale brevicaudata,Andatsakala,secondary_forest,2
3711,nc_116,Heligmosomoidea,Heligmosomoidea,TRUE,Heligmosomoidea_1,0.46157073899999995,1,NC,nc_116_Heligmosomoidea_1,Microgale brevicaudata,Andatsakala,secondary_forest,2
3711,nc_129,NA,Trichostrongylidae,FALSE,Trichostrongylidae_1,0.179173368,1,NC,nc_129_Trichostrongylidae_1,Microgale brevicaudata,Andatsakala,secondary_forest,2
3711,nc_131,NA,Trichostrongylidae,FALSE,Trichostrongylidae_2,0.211483321,1,NC,nc_131_Trichostrongylidae_2,Microgale brevicaudata,Andatsakala,secondary_forest,2
3712,nc_129,NA,Trichostrongylidae,FALSE,Trichostrongylidae_1,0.594564615,1,NC,nc_129_Trichostrongylidae_1,Rattus rattus,Andatsakala,secondary_forest,2
3712,nc_131,NA,Trichostrongylidae,FALSE,Trichostrongylidae_2,0.397115918,1,NC,nc_131_Trichostrongylidae_2,Rattus rattus,Andatsakala,secondary_forest,2
3713,nc_99,Nippostrongylus,Nippostrongylus,TRUE,Nippostrongylus,0.9889189180000001,1,NC,nc_99_Nippostrongylus,Rattus rattus,Andatsakala,secondary_forest,2
3714,nc_99,Nippostrongylus,Nippostrongylus,TRUE,Nippostrongylus,0.9917197900000001,1,NC,nc_99_Nippostrongylus,Rattus rattus,Andatsakala,secondary_forest,2
3716,nc_118,Heligmosomoidea,Heligmosomoidea,TRUE,Heligmosomoidea_2,0.960731144,1,NC,nc_118_Heligmosomoidea_2,Nesogale talazaci,Andatsakala,secondary_forest,2
3717,nc_95,NA,Heligmonellidae,FALSE,Heligmonellidae,0.981858949,1,NC,nc_95_Heligmonellidae,Mus musculus,Andatsakala,secondary_forest,2
3718,nc_95,NA,Heligmonellidae,FALSE,Heligmonellidae,0.985132744,1,NC,nc_95_Heligmonellidae,Mus musculus,Andatsakala,secondary_forest,2
3719,nc_99,Nippostrongylus,Nippostrongylus,TRUE,Nippostrongylus,0.9086184900000001,1,NC,nc_99_Nippostrongylus,Rattus rattus,Andatsakala,secondary_forest,2
3722,nc_116,Heligmosomoidea,Heligmosomoidea,TRUE,Heligmosomoidea_1,0.9908339799999999,1,NC,nc_116_Heligmosomoidea_1,Microgale brevicaudata,Andatsakala,secondary_forest,2
3723,nc_116,Heligmosomoidea,Heligmosomoidea,TRUE,Heligmosomoidea_1,0.9408923,1,NC,nc_116_Heligmosomoidea_1,Microgale brevicaudata,Andatsakala,secondary_forest,2
3724,nc_116,Heligmosomoidea,Heligmosomoidea,TRUE,Heligmosomoidea_1,0.96836059,1,NC,nc_116_Heligmosomoidea_1,Microgale brevicaudata,Andatsakala,secondary_forest,2
3726,nc_99,Nippostrongylus,Nippostrongylus,TRUE,Nippostrongylus,0.98750918,1,NC,nc_99_Nippostrongylus,Rattus rattus,Andatsakala,secondary_forest,2
3727,nc_99,Nippostrongylus,Nippostrongylus,TRUE,Nippostrongylus,0.983885867,1,NC,nc_99_Nippostrongylus,Rattus rattus,Andatsakala,semi-intact_forest,2
3728,nc_99,Nippostrongylus,Nippostrongylus,TRUE,Nippostrongylus,0.982279048,1,NC,nc_99_Nippostrongylus,Rattus rattus,Andatsakala,semi-intact_forest,2
3729,nc_116,Heligmosomoidea,Heligmosomoidea,TRUE,Heligmosomoidea_1,0.33971882,1,NC,nc_116_Heligmosomoidea_1,Microgale brevicaudata,Andatsakala,semi-intact_forest,2
3729,nc_129,NA,Trichostrongylidae,FALSE,Trichostrongylidae_1,0.33075847999999997,1,NC,nc_129_Trichostrongylidae_1,Microgale brevicaudata,Andatsakala,semi-intact_forest,2
3729,nc_131,NA,Trichostrongylidae,FALSE,Trichostrongylidae_2,0.12266337,1,NC,nc_131_Trichostrongylidae_2,Microgale brevicaudata,Andatsakala,semi-intact_forest,2
3730,nc_116,Heligmosomoidea,Heligmosomoidea,TRUE,Heligmosomoidea_1,0.6392050999999999,1,NC,nc_116_Heligmosomoidea_1,Microgale brevicaudata,Andatsakala,semi-intact_forest,2
3730,nc_129,NA,Trichostrongylidae,FALSE,Trichostrongylidae_1,0.13451164,1,NC,nc_129_Trichostrongylidae_1,Microgale brevicaudata,Andatsakala,semi-intact_forest,2
3730,nc_131,NA,Trichostrongylidae,FALSE,Trichostrongylidae_2,0.11993208999999999,1,NC,nc_131_Trichostrongylidae_2,Microgale brevicaudata,Andatsakala,semi-intact_forest,2
3732,nc_138,NA,Rhabditida,FALSE,Rhabditida_6,0.9936553399999999,1,NC,nc_138_Rhabditida_6,Nesomys audeberti,Andatsakala,semi-intact_forest,2
3733,nc_94,NA,Strongylida,FALSE,Strongylida_1,0.97426913,1,NC,nc_94_Strongylida_1,Nesomys audeberti,Andatsakala,semi-intact_forest,2
3734,nc_116,Heligmosomoidea,Heligmosomoidea,TRUE,Heligmosomoidea_1,0.424024786,1,NC,nc_116_Heligmosomoidea_1,Microgale brevicaudata,Andatsakala,semi-intact_forest,2
3734,nc_129,NA,Trichostrongylidae,FALSE,Trichostrongylidae_1,0.356147021,1,NC,nc_129_Trichostrongylidae_1,Microgale brevicaudata,Andatsakala,semi-intact_forest,2
3734,nc_131,NA,Trichostrongylidae,FALSE,Trichostrongylidae_2,0.126320236,1,NC,nc_131_Trichostrongylidae_2,Microgale brevicaudata,Andatsakala,semi-intact_forest,2
3735,nc_99,Nippostrongylus,Nippostrongylus,TRUE,Nippostrongylus,0.9669607199999998,1,NC,nc_99_Nippostrongylus,Rattus rattus,Andatsakala,semi-intact_forest,2
3736,nc_129,NA,Trichostrongylidae,FALSE,Trichostrongylidae_1,0.67290596,1,NC,nc_129_Trichostrongylidae_1,Microgale brevicaudata,Andatsakala,agroforest,2
3736,nc_131,NA,Trichostrongylidae,FALSE,Trichostrongylidae_2,0.30755731999999997,1,NC,nc_131_Trichostrongylidae_2,Microgale brevicaudata,Andatsakala,agroforest,2
3738,nc_95,NA,Heligmonellidae,FALSE,Heligmonellidae,0.9856363109999999,1,NC,nc_95_Heligmonellidae,Mus musculus,Andatsakala,agroforest,2
3739,nc_95,NA,Heligmonellidae,FALSE,Heligmonellidae,0.991268191,1,NC,nc_95_Heligmonellidae,Mus musculus,Andatsakala,agroforest,2
3741,nc_99,Nippostrongylus,Nippostrongylus,TRUE,Nippostrongylus,0.9808124,1,NC,nc_99_Nippostrongylus,Rattus rattus,Andatsakala,agroforest,2
3742,nc_154,NA,Nematoda,FALSE,Nematoda_34,0.022282242,1,NC,nc_154_Nematoda_34,Rattus rattus,Andatsakala,agroforest,2
3742,nc_163,NA,Chromadorea,FALSE,Chromadorea_17,0.267049291,1,NC,nc_163_Chromadorea_17,Rattus rattus,Andatsakala,agroforest,2
3742,nc_225,NA,Chromadorea,FALSE,Chromadorea_40,0.151586766,1,NC,nc_225_Chromadorea_40,Rattus rattus,Andatsakala,agroforest,2
3742,nc_49,NA,Nematoda,FALSE,Nematoda_12,0.557731263,1,NC,nc_49_Nematoda_12,Rattus rattus,Andatsakala,agroforest,2
3743,nc_227,NA,Chromadorea,FALSE,Chromadorea_49,0.07017851,1,NC,nc_227_Chromadorea_49,Setifer setosus,Andatsakala,agroforest,2
3743,nc_64,NA,Chromadorea,FALSE,Chromadorea_15,0.68673436,1,NC,nc_64_Chromadorea_15,Setifer setosus,Andatsakala,agroforest,2
3749,nc_99,Nippostrongylus,Nippostrongylus,TRUE,Nippostrongylus,0.980138567,1,NC,nc_99_Nippostrongylus,Rattus rattus,Andatsakala,agroforest,2
3753,nc_26,NA,Rhabditida,FALSE,Rhabditida_4,0.255346727,1,NC,nc_26_Rhabditida_4,Suncus etruscus,Andatsakala,agroforest,2
3753,nc_39,NA,Rhabditida,FALSE,Rhabditida_21,0.120544394,1,NC,nc_39_Rhabditida_21,Suncus etruscus,Andatsakala,agroforest,2
3753,nc_88,NA,Chromadorea,FALSE,Chromadorea_16,0.622164615,1,NC,nc_88_Chromadorea_16,Suncus etruscus,Andatsakala,agroforest,2
3754,nc_95,NA,Heligmonellidae,FALSE,Heligmonellidae,0.975951262,1,NC,nc_95_Heligmonellidae,Mus musculus,Andatsakala,agroforest,2
3757,nc_165,NA,Chromadorea,FALSE,Chromadorea_30,0.337016575,1,NC,nc_165_Chromadorea_30,Suncus etruscus,Andatsakala,agroforest,2
3757,nc_194,NA,Chromadorea,FALSE,Chromadorea_41,0.17771639,1,NC,nc_194_Chromadorea_41,Suncus etruscus,Andatsakala,agroforest,2
3757,nc_26,NA,Rhabditida,FALSE,Rhabditida_4,0.485267035,1,NC,nc_26_Rhabditida_4,Suncus etruscus,Andatsakala,agroforest,2
3760,nc_95,NA,Heligmonellidae,FALSE,Heligmonellidae,0.985920104,1,NC,nc_95_Heligmonellidae,Mus musculus,Andatsakala,agroforest,2
3761,nc_97,Angiostrongylus,Angiostrongylus,TRUE,Angiostrongylus,0.97007771,1,NC,nc_97_Angiostrongylus,Rattus rattus,Andatsakala,agroforest,2
3761,nc_99,Nippostrongylus,Nippostrongylus,TRUE,Nippostrongylus,0.0203471,1,NC,nc_99_Nippostrongylus,Rattus rattus,Andatsakala,agroforest,2
3766,nc_214,NA,Chromadorea,FALSE,Chromadorea_60,0.031413613,1,NC,nc_214_Chromadorea_60,Microgale brevicaudata,Andatsakala,agroforest,2
3766,nc_236,NA,Nematoda,FALSE,Nematoda_13,0.488656195,1,NC,nc_236_Nematoda_13,Microgale brevicaudata,Andatsakala,agroforest,2
3766,nc_65,NA,Rhabditida,FALSE,Rhabditida_1,0.452006981,1,NC,nc_65_Rhabditida_1,Microgale brevicaudata,Andatsakala,agroforest,2
3766,nc_99,Nippostrongylus,Nippostrongylus,TRUE,Nippostrongylus,0.013961606,1,NC,nc_99_Nippostrongylus,Microgale brevicaudata,Andatsakala,agroforest,2
3769,nc_129,NA,Trichostrongylidae,FALSE,Trichostrongylidae_1,0.127859477,1,NC,nc_129_Trichostrongylidae_1,Microgale brevicaudata,Andatsakala,agroforest,2
3769,nc_131,NA,Trichostrongylidae,FALSE,Trichostrongylidae_2,0.082761438,1,NC,nc_131_Trichostrongylidae_2,Microgale brevicaudata,Andatsakala,agroforest,2
3770,nc_6,NA,Chromadorea,FALSE,Chromadorea_10,0.959160522,1,NC,nc_6_Chromadorea_10,Setifer setosus,Andatsakala,agroforest,2
3770,nc_99,Nippostrongylus,Nippostrongylus,TRUE,Nippostrongylus,0.027226318,1,NC,nc_99_Nippostrongylus,Setifer setosus,Andatsakala,agroforest,2
3771,nc_97,Angiostrongylus,Angiostrongylus,TRUE,Angiostrongylus,0.9648876000000001,1,NC,nc_97_Angiostrongylus,Setifer setosus,Andatsakala,agroforest,2
3771,nc_99,Nippostrongylus,Nippostrongylus,TRUE,Nippostrongylus,0.028089879999999998,1,NC,nc_99_Nippostrongylus,Setifer setosus,Andatsakala,agroforest,2
3772,nc_99,Nippostrongylus,Nippostrongylus,TRUE,Nippostrongylus,0.9828401400000001,1,NC,nc_99_Nippostrongylus,Rattus rattus,Andatsakala,agroforest,2
3773,nc_99,Nippostrongylus,Nippostrongylus,TRUE,Nippostrongylus,0.946843435,1,NC,nc_99_Nippostrongylus,Rattus rattus,Andatsakala,agroforest,2
3774,nc_97,Angiostrongylus,Angiostrongylus,TRUE,Angiostrongylus,0.1695832,1,NC,nc_97_Angiostrongylus,Rattus rattus,Andatsakala,agroforest,2
3774,nc_99,Nippostrongylus,Nippostrongylus,TRUE,Nippostrongylus,0.812440343,1,NC,nc_99_Nippostrongylus,Rattus rattus,Andatsakala,agroforest,2
3775,nc_129,NA,Trichostrongylidae,FALSE,Trichostrongylidae_1,0.28620838800000004,1,NC,nc_129_Trichostrongylidae_1,Microgale brevicaudata,Andatsakala,agroforest,2
3775,nc_131,NA,Trichostrongylidae,FALSE,Trichostrongylidae_2,0.5183744050000001,1,NC,nc_131_Trichostrongylidae_2,Microgale brevicaudata,Andatsakala,agroforest,2
3778,nc_99,Nippostrongylus,Nippostrongylus,TRUE,Nippostrongylus,0.9951691799999999,1,NC,nc_99_Nippostrongylus,Rattus rattus,Andatsakala,flooded_rice,2
3779,nc_99,Nippostrongylus,Nippostrongylus,TRUE,Nippostrongylus,0.9706021080000002,1,NC,nc_99_Nippostrongylus,Rattus rattus,Andatsakala,flooded_rice,2
3780,nc_99,Nippostrongylus,Nippostrongylus,TRUE,Nippostrongylus,0.82559653,1,NC,nc_99_Nippostrongylus,Rattus rattus,Andatsakala,flooded_rice,2
3781,nc_99,Nippostrongylus,Nippostrongylus,TRUE,Nippostrongylus,0.9416509599999998,1,NC,nc_99_Nippostrongylus,Rattus rattus,Andatsakala,flooded_rice,2
3783,nc_95,NA,Heligmonellidae,FALSE,Heligmonellidae,0.985185185,1,NC,nc_95_Heligmonellidae,Mus musculus,Andatsakala,flooded_rice,2
3784,nc_95,NA,Heligmonellidae,FALSE,Heligmonellidae,0.9981884050000001,1,NC,nc_95_Heligmonellidae,Mus musculus,Andatsakala,flooded_rice,2
3785,nc_95,NA,Heligmonellidae,FALSE,Heligmonellidae,0.981201937,1,NC,nc_95_Heligmonellidae,Mus musculus,Andatsakala,flooded_rice,2
3789,nc_99,Nippostrongylus,Nippostrongylus,TRUE,Nippostrongylus,0.9919190050000003,1,NC,nc_99_Nippostrongylus,Rattus rattus,Andatsakala,village,2
3790,nc_230,NA,Chromadorea,FALSE,Chromadorea_13,0.680357143,1,NC,nc_230_Chromadorea_13,Rattus rattus,Andatsakala,village,2
3790,nc_240,NA,Nematoda,FALSE,Nematoda_2,0.257142857,1,NC,nc_240_Nematoda_2,Rattus rattus,Andatsakala,village,2
3790,nc_99,Nippostrongylus,Nippostrongylus,TRUE,Nippostrongylus,0.055357143,1,NC,nc_99_Nippostrongylus,Rattus rattus,Andatsakala,village,2
3796,nc_95,NA,Heligmonellidae,FALSE,Heligmonellidae,0.978323238,1,NC,nc_95_Heligmonellidae,Mus musculus,Andatsakala,village,2
3797,nc_99,Nippostrongylus,Nippostrongylus,TRUE,Nippostrongylus,0.9868682860000001,1,NC,nc_99_Nippostrongylus,Rattus rattus,Andatsakala,village,2
3799,nc_200,NA,Chromadorea,FALSE,Chromadorea_72,0.01068376,1,NC,nc_200_Chromadorea_72,Rattus rattus,Andatsakala,village,2
3799,nc_34,NA,Rhabditida,FALSE,Rhabditida_5,0.9615385000000001,1,NC,nc_34_Rhabditida_5,Rattus rattus,Andatsakala,village,2
3799,nc_99,Nippostrongylus,Nippostrongylus,TRUE,Nippostrongylus,0.02136752,1,NC,nc_99_Nippostrongylus,Rattus rattus,Andatsakala,village,2
3802,nc_1,NA,Nematoda,FALSE,Nematoda_36,0.02040816,1,NC,nc_1_Nematoda_36,Rattus rattus,Andatsakala,village,2
3802,nc_17,NA,Nematoda,FALSE,Nematoda_3,0.5187074,1,NC,nc_17_Nematoda_3,Rattus rattus,Andatsakala,village,2
3802,nc_175,NA,Nematoda,FALSE,Nematoda_14,0.04421769,1,NC,nc_175_Nematoda_14,Rattus rattus,Andatsakala,village,2
3802,nc_240,NA,Nematoda,FALSE,Nematoda_2,0.04251701,1,NC,nc_240_Nematoda_2,Rattus rattus,Andatsakala,village,2
3802,nc_34,NA,Rhabditida,FALSE,Rhabditida_5,0.3571428,1,NC,nc_34_Rhabditida_5,Rattus rattus,Andatsakala,village,2
3802,nc_95,NA,Heligmonellidae,FALSE,Heligmonellidae,0.01020408,1,NC,nc_95_Heligmonellidae,Rattus rattus,Andatsakala,village,2
3803,nc_95,NA,Heligmonellidae,FALSE,Heligmonellidae,0.998170174,1,NC,nc_95_Heligmonellidae,Mus musculus,Andatsakala,flooded_rice,2
3804,nc_95,NA,Heligmonellidae,FALSE,Heligmonellidae,0.9747001670000001,1,NC,nc_95_Heligmonellidae,Mus musculus,Andatsakala,flooded_rice,2
3806,nc_99,Nippostrongylus,Nippostrongylus,TRUE,Nippostrongylus,0.96927966,1,NC,nc_99_Nippostrongylus,Rattus rattus,Andatsakala,flooded_rice,2
3807,nc_99,Nippostrongylus,Nippostrongylus,TRUE,Nippostrongylus,0.978753831,1,NC,nc_99_Nippostrongylus,Rattus rattus,Andatsakala,flooded_rice,2
3809,nc_95,NA,Heligmonellidae,FALSE,Heligmonellidae,0.9777516310000001,1,NC,nc_95_Heligmonellidae,Mus musculus,Andatsakala,flooded_rice,2
3810,nc_23,NA,Chromadorea,FALSE,Chromadorea_5,0.059146994999999994,1,NC,nc_23_Chromadorea_5,Suncus murinus,Andatsakala,flooded_rice,2
3810,nc_99,Nippostrongylus,Nippostrongylus,TRUE,Nippostrongylus,0.91429721,1,NC,nc_99_Nippostrongylus,Suncus murinus,Andatsakala,flooded_rice,2
3811,nc_99,Nippostrongylus,Nippostrongylus,TRUE,Nippostrongylus,0.9811615499999999,1,NC,nc_99_Nippostrongylus,Rattus rattus,Andatsakala,flooded_rice,2
3814,nc_198,NA,Chromadorea,FALSE,Chromadorea_65,0.022337326,1,NC,nc_198_Chromadorea_65,Suncus murinus,Andatsakala,flooded_rice,2
3814,nc_231,NA,Rhabditida,FALSE,Rhabditida_9,0.9140498539999999,1,NC,nc_231_Rhabditida_9,Suncus murinus,Andatsakala,flooded_rice,2
3820,nc_23,NA,Chromadorea,FALSE,Chromadorea_5,0.9385005,1,NC,nc_23_Chromadorea_5,Rattus rattus,Andatsakala,village,2
3820,nc_30,NA,Chromadorea,FALSE,Chromadorea_20,0.01600674,1,NC,nc_30_Chromadorea_20,Rattus rattus,Andatsakala,village,2
3820,nc_99,Nippostrongylus,Nippostrongylus,TRUE,Nippostrongylus,0.04549284,1,NC,nc_99_Nippostrongylus,Rattus rattus,Andatsakala,village,2
3821,nc_99,Nippostrongylus,Nippostrongylus,TRUE,Nippostrongylus,0.9761648900000002,1,NC,nc_99_Nippostrongylus,Rattus rattus,Andatsakala,village,2
3822,nc_23,NA,Chromadorea,FALSE,Chromadorea_5,0.041297935,1,NC,nc_23_Chromadorea_5,Rattus rattus,Andatsakala,flooded_rice,2
3822,nc_99,Nippostrongylus,Nippostrongylus,TRUE,Nippostrongylus,0.9572271400000001,1,NC,nc_99_Nippostrongylus,Rattus rattus,Andatsakala,flooded_rice,2
3825,nc_23,NA,Chromadorea,FALSE,Chromadorea_5,0.25185795,1,NC,nc_23_Chromadorea_5,Rattus rattus,Andatsakala,flooded_rice,2
3825,nc_35,NA,Chromadorea,FALSE,Chromadorea_14,0.7427746,1,NC,nc_35_Chromadorea_14,Rattus rattus,Andatsakala,flooded_rice,2
3829,nc_95,NA,Heligmonellidae,FALSE,Heligmonellidae,0.9808713070000001,1,NC,nc_95_Heligmonellidae,Mus musculus,Andatsakala,brushy_regrowth,3
3830,nc_99,Nippostrongylus,Nippostrongylus,TRUE,Nippostrongylus,0.9732117899999999,1,NC,nc_99_Nippostrongylus,Rattus rattus,Andatsakala,brushy_regrowth,3
3831,nc_99,Nippostrongylus,Nippostrongylus,TRUE,Nippostrongylus,0.9731850599999999,1,NC,nc_99_Nippostrongylus,Rattus rattus,Andatsakala,brushy_regrowth,3
3832,nc_12,NA,Rhabditida,FALSE,Rhabditida_32,0.040956651,1,NC,nc_12_Rhabditida_32,Rattus rattus,Andatsakala,brushy_regrowth,3
3832,nc_153,NA,Chromadorea,FALSE,Chromadorea_57,0.035874439,1,NC,nc_153_Chromadorea_57,Rattus rattus,Andatsakala,brushy_regrowth,3
3832,nc_219,NA,Chromadorea,FALSE,Chromadorea_22,0.535426009,1,NC,nc_219_Chromadorea_22,Rattus rattus,Andatsakala,brushy_regrowth,3
3832,nc_45,NA,Nematoda,FALSE,Nematoda_16,0.379970105,1,NC,nc_45_Nematoda_16,Rattus rattus,Andatsakala,brushy_regrowth,3
3833,nc_95,NA,Heligmonellidae,FALSE,Heligmonellidae,0.4490948,1,NC,nc_95_Heligmonellidae,Rattus rattus,Andatsakala,brushy_regrowth,3
3833,nc_99,Nippostrongylus,Nippostrongylus,TRUE,Nippostrongylus,0.52867897,1,NC,nc_99_Nippostrongylus,Rattus rattus,Andatsakala,brushy_regrowth,3
3834,nc_99,Nippostrongylus,Nippostrongylus,TRUE,Nippostrongylus,0.9627298799999999,1,NC,nc_99_Nippostrongylus,Rattus rattus,Andatsakala,brushy_regrowth,3
3835,nc_95,NA,Heligmonellidae,FALSE,Heligmonellidae,0.9983686789999999,1,NC,nc_95_Heligmonellidae,Mus musculus,Andatsakala,brushy_regrowth,3
3836,nc_147,NA,Rhabditida,FALSE,Rhabditida_14,0.707610147,1,NC,nc_147_Rhabditida_14,Microgale brevicaudata,Andatsakala,brushy_regrowth,3
3836,nc_65,NA,Rhabditida,FALSE,Rhabditida_1,0.292389854,1,NC,nc_65_Rhabditida_1,Microgale brevicaudata,Andatsakala,brushy_regrowth,3
3838,nc_99,Nippostrongylus,Nippostrongylus,TRUE,Nippostrongylus,0.96499481,1,NC,nc_99_Nippostrongylus,Rattus rattus,Andatsakala,brushy_regrowth,3
3840,nc_99,Nippostrongylus,Nippostrongylus,TRUE,Nippostrongylus,0.96530797,1,NC,nc_99_Nippostrongylus,Rattus rattus,Andatsakala,brushy_regrowth,3
3841,nc_99,Nippostrongylus,Nippostrongylus,TRUE,Nippostrongylus,0.95728751,1,NC,nc_99_Nippostrongylus,Rattus rattus,Andatsakala,brushy_regrowth,3
3844,nc_99,Nippostrongylus,Nippostrongylus,TRUE,Nippostrongylus,0.9809174199999998,1,NC,nc_99_Nippostrongylus,Rattus rattus,Andatsakala,brushy_regrowth,3
3845,nc_99,Nippostrongylus,Nippostrongylus,TRUE,Nippostrongylus,0.95972382,1,NC,nc_99_Nippostrongylus,Rattus rattus,Andatsakala,brushy_regrowth,3
3846,nc_95,NA,Heligmonellidae,FALSE,Heligmonellidae,0.9929404039999999,1,NC,nc_95_Heligmonellidae,Mus musculus,Andatsakala,brushy_regrowth,3
3847,nc_95,NA,Heligmonellidae,FALSE,Heligmonellidae,0.9839622640000001,1,NC,nc_95_Heligmonellidae,Mus musculus,Andatsakala,brushy_regrowth,3
3848,nc_95,NA,Heligmonellidae,FALSE,Heligmonellidae,0.998667733,1,NC,nc_95_Heligmonellidae,Mus musculus,Andatsakala,brushy_regrowth,3
3849,nc_65,NA,Rhabditida,FALSE,Rhabditida_1,0.103067485,1,NC,nc_65_Rhabditida_1,Microgale brevicaudata,Andatsakala,brushy_regrowth,3
3849,nc_99,Nippostrongylus,Nippostrongylus,TRUE,Nippostrongylus,0.026993865,1,NC,nc_99_Nippostrongylus,Microgale brevicaudata,Andatsakala,brushy_regrowth,3
3851,nc_99,Nippostrongylus,Nippostrongylus,TRUE,Nippostrongylus,0.99038769,1,NC,nc_99_Nippostrongylus,Rattus rattus,Andatsakala,brushy_regrowth,3
3852,nc_99,Nippostrongylus,Nippostrongylus,TRUE,Nippostrongylus,0.9884466299999999,1,NC,nc_99_Nippostrongylus,Rattus rattus,Andatsakala,brushy_regrowth,3
3853,nc_116,Heligmosomoidea,Heligmosomoidea,TRUE,Heligmosomoidea_1,0.45922245000000006,1,NC,nc_116_Heligmosomoidea_1,Microgale brevicaudata,Andatsakala,agriculture,3
3853,nc_129,NA,Trichostrongylidae,FALSE,Trichostrongylidae_1,0.236967749,1,NC,nc_129_Trichostrongylidae_1,Microgale brevicaudata,Andatsakala,agriculture,3
3853,nc_131,NA,Trichostrongylidae,FALSE,Trichostrongylidae_2,0.148299718,1,NC,nc_131_Trichostrongylidae_2,Microgale brevicaudata,Andatsakala,agriculture,3
3854,nc_116,Heligmosomoidea,Heligmosomoidea,TRUE,Heligmosomoidea_1,0.587687901,1,NC,nc_116_Heligmosomoidea_1,Microgale brevicaudata,Andatsakala,agriculture,3
3854,nc_129,NA,Trichostrongylidae,FALSE,Trichostrongylidae_1,0.09341445999999999,1,NC,nc_129_Trichostrongylidae_1,Microgale brevicaudata,Andatsakala,agriculture,3
3854,nc_131,NA,Trichostrongylidae,FALSE,Trichostrongylidae_2,0.161632069,1,NC,nc_131_Trichostrongylidae_2,Microgale brevicaudata,Andatsakala,agriculture,3
3858,nc_116,Heligmosomoidea,Heligmosomoidea,TRUE,Heligmosomoidea_1,0.37185103999999997,1,NC,nc_116_Heligmosomoidea_1,Microgale brevicaudata,Andatsakala,agriculture,3
3858,nc_129,NA,Trichostrongylidae,FALSE,Trichostrongylidae_1,0.307594013,1,NC,nc_129_Trichostrongylidae_1,Microgale brevicaudata,Andatsakala,agriculture,3
3858,nc_131,NA,Trichostrongylidae,FALSE,Trichostrongylidae_2,0.22435195400000002,1,NC,nc_131_Trichostrongylidae_2,Microgale brevicaudata,Andatsakala,agriculture,3
3859,nc_116,Heligmosomoidea,Heligmosomoidea,TRUE,Heligmosomoidea_1,0.7621456529999999,1,NC,nc_116_Heligmosomoidea_1,Microgale brevicaudata,Andatsakala,agriculture,3
3859,nc_129,NA,Trichostrongylidae,FALSE,Trichostrongylidae_1,0.067099361,1,NC,nc_129_Trichostrongylidae_1,Microgale brevicaudata,Andatsakala,agriculture,3
3859,nc_131,NA,Trichostrongylidae,FALSE,Trichostrongylidae_2,0.049155293,1,NC,nc_131_Trichostrongylidae_2,Microgale brevicaudata,Andatsakala,agriculture,3
3860,nc_116,Heligmosomoidea,Heligmosomoidea,TRUE,Heligmosomoidea_1,0.08762208199999999,1,NC,nc_116_Heligmosomoidea_1,Microgale brevicaudata,Andatsakala,agriculture,3
3860,nc_129,NA,Trichostrongylidae,FALSE,Trichostrongylidae_1,0.457851355,1,NC,nc_129_Trichostrongylidae_1,Microgale brevicaudata,Andatsakala,agriculture,3
3860,nc_131,NA,Trichostrongylidae,FALSE,Trichostrongylidae_2,0.184387338,1,NC,nc_131_Trichostrongylidae_2,Microgale brevicaudata,Andatsakala,agriculture,3
3862,nc_129,NA,Trichostrongylidae,FALSE,Trichostrongylidae_1,0.6851104709999999,1,NC,nc_129_Trichostrongylidae_1,Microgale brevicaudata,Andatsakala,agriculture,3
3862,nc_131,NA,Trichostrongylidae,FALSE,Trichostrongylidae_2,0.296445725,1,NC,nc_131_Trichostrongylidae_2,Microgale brevicaudata,Andatsakala,agriculture,3
3863,nc_116,Heligmosomoidea,Heligmosomoidea,TRUE,Heligmosomoidea_1,0.23987903700000002,1,NC,nc_116_Heligmosomoidea_1,Microgale brevicaudata,Andatsakala,agriculture,3
3863,nc_129,NA,Trichostrongylidae,FALSE,Trichostrongylidae_1,0.03609404,1,NC,nc_129_Trichostrongylidae_1,Microgale brevicaudata,Andatsakala,agriculture,3
3863,nc_131,NA,Trichostrongylidae,FALSE,Trichostrongylidae_2,0.030240952,1,NC,nc_131_Trichostrongylidae_2,Microgale brevicaudata,Andatsakala,agriculture,3
3864,nc_222,NA,Chromadorea,FALSE,Chromadorea_36,0.268431807,1,NC,nc_222_Chromadorea_36,Rattus rattus,Andatsakala,agriculture,3
3864,nc_99,Nippostrongylus,Nippostrongylus,TRUE,Nippostrongylus,0.7044100109999999,1,NC,nc_99_Nippostrongylus,Rattus rattus,Andatsakala,agriculture,3
3865,nc_116,Heligmosomoidea,Heligmosomoidea,TRUE,Heligmosomoidea_1,0.014012897,1,NC,nc_116_Heligmosomoidea_1,Microgale brevicaudata,Andatsakala,agriculture,3
3865,nc_129,NA,Trichostrongylidae,FALSE,Trichostrongylidae_1,0.6640624999999999,1,NC,nc_129_Trichostrongylidae_1,Microgale brevicaudata,Andatsakala,agriculture,3
3865,nc_131,NA,Trichostrongylidae,FALSE,Trichostrongylidae_2,0.290674603,1,NC,nc_131_Trichostrongylidae_2,Microgale brevicaudata,Andatsakala,agriculture,3
3866,nc_116,Heligmosomoidea,Heligmosomoidea,TRUE,Heligmosomoidea_1,0.33744156300000006,1,NC,nc_116_Heligmosomoidea_1,Microgale brevicaudata,Andatsakala,agriculture,3
3866,nc_129,NA,Trichostrongylidae,FALSE,Trichostrongylidae_1,0.34679133100000004,1,NC,nc_129_Trichostrongylidae_1,Microgale brevicaudata,Andatsakala,agriculture,3
3866,nc_131,NA,Trichostrongylidae,FALSE,Trichostrongylidae_2,0.193936818,1,NC,nc_131_Trichostrongylidae_2,Microgale brevicaudata,Andatsakala,agriculture,3
3867,nc_116,Heligmosomoidea,Heligmosomoidea,TRUE,Heligmosomoidea_1,0.5446676629999999,1,NC,nc_116_Heligmosomoidea_1,Microgale brevicaudata,Andatsakala,agriculture,3
3867,nc_129,NA,Trichostrongylidae,FALSE,Trichostrongylidae_1,0.26437272900000003,1,NC,nc_129_Trichostrongylidae_1,Microgale brevicaudata,Andatsakala,agriculture,3
3867,nc_131,NA,Trichostrongylidae,FALSE,Trichostrongylidae_2,0.115195555,1,NC,nc_131_Trichostrongylidae_2,Microgale brevicaudata,Andatsakala,agriculture,3
3868,nc_162,NA,Chromadorea,FALSE,Chromadorea_50,0.0685413,1,NC,nc_162_Chromadorea_50,Rattus rattus,Andatsakala,agriculture,3
3868,nc_167,NA,Rhabditida,FALSE,Rhabditida_31,0.04393673,1,NC,nc_167_Rhabditida_31,Rattus rattus,Andatsakala,agriculture,3
3868,nc_225,NA,Chromadorea,FALSE,Chromadorea_40,0.02636204,1,NC,nc_225_Chromadorea_40,Rattus rattus,Andatsakala,agriculture,3
3868,nc_240,NA,Nematoda,FALSE,Nematoda_2,0.5606327,1,NC,nc_240_Nematoda_2,Rattus rattus,Andatsakala,agriculture,3
3868,nc_5,NA,Nematoda,FALSE,Nematoda_18,0.19156410999999998,1,NC,nc_5_Nematoda_18,Rattus rattus,Andatsakala,agriculture,3
3868,nc_99,Nippostrongylus,Nippostrongylus,TRUE,Nippostrongylus,0.1089631,1,NC,nc_99_Nippostrongylus,Rattus rattus,Andatsakala,agriculture,3
3870,nc_129,NA,Trichostrongylidae,FALSE,Trichostrongylidae_1,0.209576358,1,NC,nc_129_Trichostrongylidae_1,Microgale brevicaudata,Andatsakala,agriculture,3
3870,nc_131,NA,Trichostrongylidae,FALSE,Trichostrongylidae_2,0.746002057,1,NC,nc_131_Trichostrongylidae_2,Microgale brevicaudata,Andatsakala,agriculture,3
3872,nc_99,Nippostrongylus,Nippostrongylus,TRUE,Nippostrongylus,0.9620422899999999,1,NC,nc_99_Nippostrongylus,Rattus rattus,Andatsakala,agriculture,3
3873,nc_97,Angiostrongylus,Angiostrongylus,TRUE,Angiostrongylus,0.5288021940000001,1,NC,nc_97_Angiostrongylus,Rattus rattus,Andatsakala,agriculture,3
3873,nc_99,Nippostrongylus,Nippostrongylus,TRUE,Nippostrongylus,0.46327339199999995,1,NC,nc_99_Nippostrongylus,Rattus rattus,Andatsakala,agriculture,3
3874,nc_99,Nippostrongylus,Nippostrongylus,TRUE,Nippostrongylus,0.9888875800000001,1,NC,nc_99_Nippostrongylus,Rattus rattus,Andatsakala,agriculture,3
3875,nc_99,Nippostrongylus,Nippostrongylus,TRUE,Nippostrongylus,0.98656762,1,NC,nc_99_Nippostrongylus,Rattus rattus,Andatsakala,agriculture,3
3876,nc_99,Nippostrongylus,Nippostrongylus,TRUE,Nippostrongylus,0.9581744600000001,1,NC,nc_99_Nippostrongylus,Rattus rattus,Andatsakala,agriculture,3
3877,nc_99,Nippostrongylus,Nippostrongylus,TRUE,Nippostrongylus,0.9881942099999999,1,NC,nc_99_Nippostrongylus,Rattus rattus,Andatsakala,agriculture,3
3878,nc_99,Nippostrongylus,Nippostrongylus,TRUE,Nippostrongylus,0.98324869,1,NC,nc_99_Nippostrongylus,Rattus rattus,Andatsakala,agriculture,3
3879,nc_116,Heligmosomoidea,Heligmosomoidea,TRUE,Heligmosomoidea_1,0.41414276199999994,1,NC,nc_116_Heligmosomoidea_1,Microgale brevicaudata,Andatsakala,agriculture,3
3879,nc_129,NA,Trichostrongylidae,FALSE,Trichostrongylidae_1,0.285523682,1,NC,nc_129_Trichostrongylidae_1,Microgale brevicaudata,Andatsakala,agriculture,3
3879,nc_131,NA,Trichostrongylidae,FALSE,Trichostrongylidae_2,0.20066711299999998,1,NC,nc_131_Trichostrongylidae_2,Microgale brevicaudata,Andatsakala,agriculture,3
3881,nc_116,Heligmosomoidea,Heligmosomoidea,TRUE,Heligmosomoidea_1,0.196804722,1,NC,nc_116_Heligmosomoidea_1,Microgale brevicaudata,Andatsakala,agriculture,3
3881,nc_129,NA,Trichostrongylidae,FALSE,Trichostrongylidae_1,0.47654421599999996,1,NC,nc_129_Trichostrongylidae_1,Microgale brevicaudata,Andatsakala,agriculture,3
3881,nc_131,NA,Trichostrongylidae,FALSE,Trichostrongylidae_2,0.20860893499999997,1,NC,nc_131_Trichostrongylidae_2,Microgale brevicaudata,Andatsakala,agriculture,3
3883,nc_116,Heligmosomoidea,Heligmosomoidea,TRUE,Heligmosomoidea_1,0.240953046,1,NC,nc_116_Heligmosomoidea_1,Microgale brevicaudata,Andatsakala,agriculture,3
3883,nc_129,NA,Trichostrongylidae,FALSE,Trichostrongylidae_1,0.47582494200000003,1,NC,nc_129_Trichostrongylidae_1,Microgale brevicaudata,Andatsakala,agriculture,3
3883,nc_131,NA,Trichostrongylidae,FALSE,Trichostrongylidae_2,0.18512610899999998,1,NC,nc_131_Trichostrongylidae_2,Microgale brevicaudata,Andatsakala,agriculture,3
3884,nc_86,NA,Rhabditida,FALSE,Rhabditida_12,0.8122707,1,NC,nc_86_Rhabditida_12,Nesogale talazaci,Andatsakala,agriculture,3
3885,nc_99,Nippostrongylus,Nippostrongylus,TRUE,Nippostrongylus,0.9789560700000001,1,NC,nc_99_Nippostrongylus,Rattus rattus,Andatsakala,agriculture,3
3886,nc_99,Nippostrongylus,Nippostrongylus,TRUE,Nippostrongylus,0.983050848,1,NC,nc_99_Nippostrongylus,Rattus rattus,Andatsakala,agriculture,3
3887,nc_99,Nippostrongylus,Nippostrongylus,TRUE,Nippostrongylus,0.9697635400000001,1,NC,nc_99_Nippostrongylus,Rattus rattus,Andatsakala,agriculture,3
3888,nc_99,Nippostrongylus,Nippostrongylus,TRUE,Nippostrongylus,0.97467885,1,NC,nc_99_Nippostrongylus,Rattus rattus,Andatsakala,agriculture,3
3889,nc_99,Nippostrongylus,Nippostrongylus,TRUE,Nippostrongylus,0.9759851700000002,1,NC,nc_99_Nippostrongylus,Rattus rattus,Andatsakala,agriculture,3
3890,nc_95,NA,Heligmonellidae,FALSE,Heligmonellidae,0.985230547,1,NC,nc_95_Heligmonellidae,Mus musculus,Andatsakala,agriculture,3
3891,nc_116,Heligmosomoidea,Heligmosomoidea,TRUE,Heligmosomoidea_1,0.265935498,1,NC,nc_116_Heligmosomoidea_1,Microgale brevicaudata,Andatsakala,secondary_forest,3
3891,nc_129,NA,Trichostrongylidae,FALSE,Trichostrongylidae_1,0.478553589,1,NC,nc_129_Trichostrongylidae_1,Microgale brevicaudata,Andatsakala,secondary_forest,3
3891,nc_131,NA,Trichostrongylidae,FALSE,Trichostrongylidae_2,0.165381692,1,NC,nc_131_Trichostrongylidae_2,Microgale brevicaudata,Andatsakala,secondary_forest,3
3892,nc_74,NA,Chromadorea,FALSE,Chromadorea_1,0.980327869,1,NC,nc_74_Chromadorea_1,Microgale brevicaudata,Andatsakala,secondary_forest,3
3892,nc_99,Nippostrongylus,Nippostrongylus,TRUE,Nippostrongylus,0.019672131,1,NC,nc_99_Nippostrongylus,Microgale brevicaudata,Andatsakala,secondary_forest,3
3893,nc_99,Nippostrongylus,Nippostrongylus,TRUE,Nippostrongylus,0.963947677,1,NC,nc_99_Nippostrongylus,Rattus rattus,Andatsakala,secondary_forest,3
3894,nc_99,Nippostrongylus,Nippostrongylus,TRUE,Nippostrongylus,0.59646473,1,NC,nc_99_Nippostrongylus,Rattus rattus,Andatsakala,secondary_forest,3
3896,nc_99,Nippostrongylus,Nippostrongylus,TRUE,Nippostrongylus,0.9762721719999998,1,NC,nc_99_Nippostrongylus,Rattus rattus,Andatsakala,secondary_forest,3
3898,nc_99,Nippostrongylus,Nippostrongylus,TRUE,Nippostrongylus,0.97910313,1,NC,nc_99_Nippostrongylus,Rattus rattus,Andatsakala,secondary_forest,3
3899,nc_99,Nippostrongylus,Nippostrongylus,TRUE,Nippostrongylus,0.977516778,1,NC,nc_99_Nippostrongylus,Rattus rattus,Andatsakala,secondary_forest,3
3900,nc_99,Nippostrongylus,Nippostrongylus,TRUE,Nippostrongylus,0.9812228430000001,1,NC,nc_99_Nippostrongylus,Rattus rattus,Andatsakala,secondary_forest,3
3901,nc_116,Heligmosomoidea,Heligmosomoidea,TRUE,Heligmosomoidea_1,0.568660806,1,NC,nc_116_Heligmosomoidea_1,Microgale brevicaudata,Andatsakala,secondary_forest,3
3901,nc_129,NA,Trichostrongylidae,FALSE,Trichostrongylidae_1,0.238162745,1,NC,nc_129_Trichostrongylidae_1,Microgale brevicaudata,Andatsakala,secondary_forest,3
3901,nc_131,NA,Trichostrongylidae,FALSE,Trichostrongylidae_2,0.100368585,1,NC,nc_131_Trichostrongylidae_2,Microgale brevicaudata,Andatsakala,secondary_forest,3
3902,nc_116,Heligmosomoidea,Heligmosomoidea,TRUE,Heligmosomoidea_1,0.5101418679999999,1,NC,nc_116_Heligmosomoidea_1,Microgale brevicaudata,Andatsakala,secondary_forest,3
3902,nc_129,NA,Trichostrongylidae,FALSE,Trichostrongylidae_1,0.217727752,1,NC,nc_129_Trichostrongylidae_1,Microgale brevicaudata,Andatsakala,secondary_forest,3
3902,nc_131,NA,Trichostrongylidae,FALSE,Trichostrongylidae_2,0.14890374,1,NC,nc_131_Trichostrongylidae_2,Microgale brevicaudata,Andatsakala,secondary_forest,3
3903,nc_99,Nippostrongylus,Nippostrongylus,TRUE,Nippostrongylus,0.973666131,1,NC,nc_99_Nippostrongylus,Rattus rattus,Andatsakala,secondary_forest,3
3904,nc_99,Nippostrongylus,Nippostrongylus,TRUE,Nippostrongylus,0.981220657,1,NC,nc_99_Nippostrongylus,Rattus rattus,Andatsakala,secondary_forest,3
3905,nc_99,Nippostrongylus,Nippostrongylus,TRUE,Nippostrongylus,0.9853670959999999,1,NC,nc_99_Nippostrongylus,Rattus rattus,Andatsakala,secondary_forest,3
3906,nc_19,NA,Nematoda,FALSE,Nematoda_5,0.9776679030000001,1,NC,nc_19_Nematoda_5,Rattus rattus,Andatsakala,secondary_forest,3
3907,nc_19,NA,Nematoda,FALSE,Nematoda_5,0.228114397,1,NC,nc_19_Nematoda_5,Rattus rattus,Andatsakala,secondary_forest,3
3908,nc_95,NA,Heligmonellidae,FALSE,Heligmonellidae,0.019615297,1,NC,nc_95_Heligmonellidae,Rattus rattus,Andatsakala,secondary_forest,3
3908,nc_99,Nippostrongylus,Nippostrongylus,TRUE,Nippostrongylus,0.937580781,1,NC,nc_99_Nippostrongylus,Rattus rattus,Andatsakala,secondary_forest,3
3910,nc_99,Nippostrongylus,Nippostrongylus,TRUE,Nippostrongylus,0.981987021,1,NC,nc_99_Nippostrongylus,Rattus rattus,Andatsakala,secondary_forest,3
3911,nc_99,Nippostrongylus,Nippostrongylus,TRUE,Nippostrongylus,0.978787879,1,NC,nc_99_Nippostrongylus,Rattus rattus,Andatsakala,secondary_forest,3
3912,nc_99,Nippostrongylus,Nippostrongylus,TRUE,Nippostrongylus,0.9823774940000001,1,NC,nc_99_Nippostrongylus,Rattus rattus,Andatsakala,secondary_forest,3
3913,nc_99,Nippostrongylus,Nippostrongylus,TRUE,Nippostrongylus,0.9708341840000001,1,NC,nc_99_Nippostrongylus,Rattus rattus,Andatsakala,secondary_forest,3
3914,nc_99,Nippostrongylus,Nippostrongylus,TRUE,Nippostrongylus,0.9607502979999999,1,NC,nc_99_Nippostrongylus,Rattus rattus,Andatsakala,secondary_forest,3
3915,nc_152,NA,Nematoda,FALSE,Nematoda_37,0.018427052,1,NC,nc_152_Nematoda_37,Rattus rattus,Andatsakala,secondary_forest,3
3915,nc_226,NA,Chromadorea,FALSE,Chromadorea_9,0.9694148939999999,1,NC,nc_226_Chromadorea_9,Rattus rattus,Andatsakala,secondary_forest,3
3918,nc_99,Nippostrongylus,Nippostrongylus,TRUE,Nippostrongylus,0.9619758650000001,1,NC,nc_99_Nippostrongylus,Rattus rattus,Andatsakala,secondary_forest,3
3920,nc_99,Nippostrongylus,Nippostrongylus,TRUE,Nippostrongylus,0.8465829850000001,1,NC,nc_99_Nippostrongylus,Rattus rattus,Andatsakala,secondary_forest,3
3922,nc_116,Heligmosomoidea,Heligmosomoidea,TRUE,Heligmosomoidea_1,0.260377359,1,NC,nc_116_Heligmosomoidea_1,Microgale brevicaudata,Andatsakala,secondary_forest,3
3922,nc_129,NA,Trichostrongylidae,FALSE,Trichostrongylidae_1,0.439622642,1,NC,nc_129_Trichostrongylidae_1,Microgale brevicaudata,Andatsakala,secondary_forest,3
3922,nc_131,NA,Trichostrongylidae,FALSE,Trichostrongylidae_2,0.26630727699999995,1,NC,nc_131_Trichostrongylidae_2,Microgale brevicaudata,Andatsakala,secondary_forest,3
3923,nc_116,Heligmosomoidea,Heligmosomoidea,TRUE,Heligmosomoidea_1,0.8770020560000003,1,NC,nc_116_Heligmosomoidea_1,Microgale brevicaudata,Andatsakala,secondary_forest,3
3923,nc_129,NA,Trichostrongylidae,FALSE,Trichostrongylidae_1,0.043531828,1,NC,nc_129_Trichostrongylidae_1,Microgale brevicaudata,Andatsakala,secondary_forest,3
3923,nc_131,NA,Trichostrongylidae,FALSE,Trichostrongylidae_2,0.044147843,1,NC,nc_131_Trichostrongylidae_2,Microgale brevicaudata,Andatsakala,secondary_forest,3
3924,nc_13,NA,Rhabditida,FALSE,Rhabditida_11,0.87619049,1,NC,nc_13_Rhabditida_11,Nesogale talazaci,Andatsakala,secondary_forest,3
3924,nc_181,NA,Chromadorea,FALSE,Chromadorea_48,0.07047619,1,NC,nc_181_Chromadorea_48,Nesogale talazaci,Andatsakala,secondary_forest,3
3924,nc_95,NA,Heligmonellidae,FALSE,Heligmonellidae,0.02380952,1,NC,nc_95_Heligmonellidae,Nesogale talazaci,Andatsakala,secondary_forest,3
3924,nc_99,Nippostrongylus,Nippostrongylus,TRUE,Nippostrongylus,0.01904762,1,NC,nc_99_Nippostrongylus,Nesogale talazaci,Andatsakala,secondary_forest,3
3926,nc_116,Heligmosomoidea,Heligmosomoidea,TRUE,Heligmosomoidea_1,0.231481481,1,NC,nc_116_Heligmosomoidea_1,Microgale brevicaudata,Andatsakala,secondary_forest,3
3926,nc_129,NA,Trichostrongylidae,FALSE,Trichostrongylidae_1,0.4198053970000001,1,NC,nc_129_Trichostrongylidae_1,Microgale brevicaudata,Andatsakala,secondary_forest,3
3926,nc_131,NA,Trichostrongylidae,FALSE,Trichostrongylidae_2,0.290332705,1,NC,nc_131_Trichostrongylidae_2,Microgale brevicaudata,Andatsakala,secondary_forest,3
3929,nc_99,Nippostrongylus,Nippostrongylus,TRUE,Nippostrongylus,0.9951547799999999,1,NC,nc_99_Nippostrongylus,Rattus rattus,Andatsakala,secondary_forest,3
3930,nc_94,NA,Strongylida,FALSE,Strongylida_1,0.8961393910000002,1,NC,nc_94_Strongylida_1,Eliurus webbi,Andatsakala,semi-intact_forest,3
3931,nc_94,NA,Strongylida,FALSE,Strongylida_1,0.9833497949999999,1,NC,nc_94_Strongylida_1,Nesomys audeberti,Andatsakala,semi-intact_forest,3
3932,nc_94,NA,Strongylida,FALSE,Strongylida_1,0.070035461,1,NC,nc_94_Strongylida_1,Eliurus webbi,Andatsakala,semi-intact_forest,3
3933,nc_94,NA,Strongylida,FALSE,Strongylida_1,0.976179973,1,NC,nc_94_Strongylida_1,Eliurus webbi,Andatsakala,semi-intact_forest,3
3934,nc_94,NA,Strongylida,FALSE,Strongylida_1,0.033139185,1,NC,nc_94_Strongylida_1,Eliurus webbi,Andatsakala,semi-intact_forest,3
3935,nc_94,NA,Strongylida,FALSE,Strongylida_1,0.612218441,1,NC,nc_94_Strongylida_1,Eliurus webbi,Andatsakala,semi-intact_forest,3
3937,nc_94,NA,Strongylida,FALSE,Strongylida_1,0.19551728499999999,1,NC,nc_94_Strongylida_1,Rattus rattus,Andatsakala,semi-intact_forest,3
3937,nc_99,Nippostrongylus,Nippostrongylus,TRUE,Nippostrongylus,0.7970115249999999,1,NC,nc_99_Nippostrongylus,Rattus rattus,Andatsakala,semi-intact_forest,3
3938,nc_94,NA,Strongylida,FALSE,Strongylida_1,0.9003602930000001,1,NC,nc_94_Strongylida_1,Eliurus webbi,Andatsakala,semi-intact_forest,3
3939,nc_116,Heligmosomoidea,Heligmosomoidea,TRUE,Heligmosomoidea_1,0.5223902500000001,1,NC,nc_116_Heligmosomoidea_1,Microgale brevicaudata,Andatsakala,semi-intact_forest,3
3939,nc_129,NA,Trichostrongylidae,FALSE,Trichostrongylidae_1,0.21817647899999998,1,NC,nc_129_Trichostrongylidae_1,Microgale brevicaudata,Andatsakala,semi-intact_forest,3
3939,nc_131,NA,Trichostrongylidae,FALSE,Trichostrongylidae_2,0.14153575000000002,1,NC,nc_131_Trichostrongylidae_2,Microgale brevicaudata,Andatsakala,semi-intact_forest,3
3940,nc_116,Heligmosomoidea,Heligmosomoidea,TRUE,Heligmosomoidea_1,0.0748965,1,NC,nc_116_Heligmosomoidea_1,Microgale brevicaudata,Andatsakala,semi-intact_forest,3
3940,nc_129,NA,Trichostrongylidae,FALSE,Trichostrongylidae_1,0.04704554,1,NC,nc_129_Trichostrongylidae_1,Microgale brevicaudata,Andatsakala,semi-intact_forest,3
3940,nc_131,NA,Trichostrongylidae,FALSE,Trichostrongylidae_2,0.03989462,1,NC,nc_131_Trichostrongylidae_2,Microgale brevicaudata,Andatsakala,semi-intact_forest,3
3941,nc_94,NA,Strongylida,FALSE,Strongylida_1,0.686059777,1,NC,nc_94_Strongylida_1,Eliurus webbi,Andatsakala,semi-intact_forest,3
3942,nc_94,NA,Strongylida,FALSE,Strongylida_1,0.98030725,1,NC,nc_94_Strongylida_1,Eliurus webbi,Andatsakala,semi-intact_forest,3
3943,nc_95,NA,Heligmonellidae,FALSE,Heligmonellidae,0.982664234,1,NC,nc_95_Heligmonellidae,Mus musculus,Andatsakala,flooded_rice,3
3945,nc_99,Nippostrongylus,Nippostrongylus,TRUE,Nippostrongylus,0.9774665040000001,1,NC,nc_99_Nippostrongylus,Rattus rattus,Andatsakala,flooded_rice,3
3948,nc_99,Nippostrongylus,Nippostrongylus,TRUE,Nippostrongylus,0.990388082,1,NC,nc_99_Nippostrongylus,Rattus rattus,Andatsakala,flooded_rice,3
3950,nc_95,NA,Heligmonellidae,FALSE,Heligmonellidae,0.97636248,1,NC,nc_95_Heligmonellidae,Mus musculus,Andatsakala,village,3
3952,nc_99,Nippostrongylus,Nippostrongylus,TRUE,Nippostrongylus,0.9832214770000002,1,NC,nc_99_Nippostrongylus,Rattus rattus,Andatsakala,village,3
3956,nc_95,NA,Heligmonellidae,FALSE,Heligmonellidae,0.986654961,1,NC,nc_95_Heligmonellidae,Mus musculus,Andatsakala,flooded_rice,3
3957,nc_175,NA,Nematoda,FALSE,Nematoda_14,0.443910256,1,NC,nc_175_Nematoda_14,Rattus rattus,Andatsakala,flooded_rice,3
3957,nc_190,NA,Chromadorea,FALSE,Chromadorea_69,0.016025641,1,NC,nc_190_Chromadorea_69,Rattus rattus,Andatsakala,flooded_rice,3
3957,nc_215,NA,Nematoda,FALSE,Nematoda_35,0.020833333,1,NC,nc_215_Nematoda_35,Rattus rattus,Andatsakala,flooded_rice,3
3957,nc_7,NA,Rhabditida,FALSE,Rhabditida_8,0.508012821,1,NC,nc_7_Rhabditida_8,Rattus rattus,Andatsakala,flooded_rice,3
3957,nc_99,Nippostrongylus,Nippostrongylus,TRUE,Nippostrongylus,0.011217949,1,NC,nc_99_Nippostrongylus,Rattus rattus,Andatsakala,flooded_rice,3
3958,nc_95,NA,Heligmonellidae,FALSE,Heligmonellidae,0.9814619600000001,1,NC,nc_95_Heligmonellidae,Mus musculus,Andatsakala,village,3
3963,nc_99,Nippostrongylus,Nippostrongylus,TRUE,Nippostrongylus,0.9603079539999999,1,NC,nc_99_Nippostrongylus,Rattus rattus,Andatsakala,village,3
3965,nc_95,NA,Heligmonellidae,FALSE,Heligmonellidae,0.98621599,1,NC,nc_95_Heligmonellidae,Mus musculus,Andatsakala,flooded_rice,3
3966,nc_99,Nippostrongylus,Nippostrongylus,TRUE,Nippostrongylus,0.97596372,1,NC,nc_99_Nippostrongylus,Rattus rattus,Andatsakala,flooded_rice,3
3967,nc_95,NA,Heligmonellidae,FALSE,Heligmonellidae,0.9784356260000001,1,NC,nc_95_Heligmonellidae,Suncus murinus,Andatsakala,flooded_rice,3
3969,nc_99,Nippostrongylus,Nippostrongylus,TRUE,Nippostrongylus,0.986534373,1,NC,nc_99_Nippostrongylus,Rattus rattus,Andatsakala,village,3
3977,nc_95,NA,Heligmonellidae,FALSE,Heligmonellidae,0.35661928,1,NC,nc_95_Heligmonellidae,Suncus murinus,Andatsakala,flooded_rice,3
3979,nc_95,NA,Heligmonellidae,FALSE,Heligmonellidae,0.9811676080000001,1,NC,nc_95_Heligmonellidae,Mus musculus,Andatsakala,village,3
3982,nc_99,Nippostrongylus,Nippostrongylus,TRUE,Nippostrongylus,0.980765457,1,NC,nc_99_Nippostrongylus,Rattus rattus,Andatsakala,village,3
3983,nc_26,NA,Rhabditida,FALSE,Rhabditida_4,0.9697640109999999,1,NC,nc_26_Rhabditida_4,Suncus etruscus,Andatsakala,flooded_rice,3
3987,nc_99,Nippostrongylus,Nippostrongylus,TRUE,Nippostrongylus,0.9703801950000002,1,NC,nc_99_Nippostrongylus,Rattus rattus,Andatsakala,village,3
3988,nc_99,Nippostrongylus,Nippostrongylus,TRUE,Nippostrongylus,0.9821488349999999,1,NC,nc_99_Nippostrongylus,Rattus rattus,Andatsakala,village,3
3989,nc_95,NA,Heligmonellidae,FALSE,Heligmonellidae,0.9970064999999999,1,NC,nc_95_Heligmonellidae,Mus musculus,Andatsakala,village,3
3990,nc_99,Nippostrongylus,Nippostrongylus,TRUE,Nippostrongylus,0.9670595590000001,1,NC,nc_99_Nippostrongylus,Rattus rattus,Andatsakala,flooded_rice,3
3992,nc_206,NA,Chromadorea,FALSE,Chromadorea_32,0.33320476,1,NC,nc_206_Chromadorea_32,Microgale brevicaudata,Andatsakala,agroforest,3
3992,nc_22,NA,Rhabditida,FALSE,Rhabditida_18,0.6302865699999999,1,NC,nc_22_Rhabditida_18,Microgale brevicaudata,Andatsakala,agroforest,3
3993,nc_95,NA,Heligmonellidae,FALSE,Heligmonellidae,0.9970680000000001,1,NC,nc_95_Heligmonellidae,Mus musculus,Andatsakala,agroforest,3
3994,nc_95,NA,Heligmonellidae,FALSE,Heligmonellidae,0.97159452,1,NC,nc_95_Heligmonellidae,Mus musculus,Andatsakala,agroforest,3
3995,nc_99,Nippostrongylus,Nippostrongylus,TRUE,Nippostrongylus,0.9780027929999999,1,NC,nc_99_Nippostrongylus,Rattus rattus,Andatsakala,agroforest,3
3996,nc_99,Nippostrongylus,Nippostrongylus,TRUE,Nippostrongylus,0.95333088,1,NC,nc_99_Nippostrongylus,Rattus rattus,Andatsakala,agroforest,3
3997,nc_99,Nippostrongylus,Nippostrongylus,TRUE,Nippostrongylus,0.9813684129999999,1,NC,nc_99_Nippostrongylus,Rattus rattus,Andatsakala,agroforest,3
3998,nc_99,Nippostrongylus,Nippostrongylus,TRUE,Nippostrongylus,0.9834334239999999,1,NC,nc_99_Nippostrongylus,Rattus rattus,Andatsakala,agroforest,3
3999,nc_99,Nippostrongylus,Nippostrongylus,TRUE,Nippostrongylus,0.9766990299999999,1,NC,nc_99_Nippostrongylus,Rattus rattus,Andatsakala,agroforest,3
4000,nc_95,NA,Heligmonellidae,FALSE,Heligmonellidae,0.9826163800000001,1,NC,nc_95_Heligmonellidae,Mus musculus,Andatsakala,agroforest,3
4002,nc_99,Nippostrongylus,Nippostrongylus,TRUE,Nippostrongylus,0.9741775300000001,1,NC,nc_99_Nippostrongylus,Rattus rattus,Andatsakala,village,3
4005,nc_95,NA,Heligmonellidae,FALSE,Heligmonellidae,0.196404009,1,NC,nc_95_Heligmonellidae,Rattus rattus,Andatsakala,agroforest,3
4005,nc_99,Nippostrongylus,Nippostrongylus,TRUE,Nippostrongylus,0.7531931619999999,1,NC,nc_99_Nippostrongylus,Rattus rattus,Andatsakala,agroforest,3
4006,nc_99,Nippostrongylus,Nippostrongylus,TRUE,Nippostrongylus,0.9785840929999999,1,NC,nc_99_Nippostrongylus,Rattus rattus,Andatsakala,agroforest,3
4007,nc_99,Nippostrongylus,Nippostrongylus,TRUE,Nippostrongylus,0.960258035,1,NC,nc_99_Nippostrongylus,Rattus rattus,Andatsakala,agroforest,3
4008,nc_99,Nippostrongylus,Nippostrongylus,TRUE,Nippostrongylus,0.9421789399999999,1,NC,nc_99_Nippostrongylus,Rattus rattus,Andatsakala,agroforest,3
4009,nc_95,NA,Heligmonellidae,FALSE,Heligmonellidae,0.9845371970000001,1,NC,nc_95_Heligmonellidae,Mus musculus,Andatsakala,agroforest,3
4010,nc_95,NA,Heligmonellidae,FALSE,Heligmonellidae,0.9945415,1,NC,nc_95_Heligmonellidae,Mus musculus,Andatsakala,agroforest,3
4021,nc_95,NA,Heligmonellidae,FALSE,Heligmonellidae,0.9764465400000001,1,NC,nc_95_Heligmonellidae,Mus musculus,Andatsakala,agroforest,3
4022,nc_99,Nippostrongylus,Nippostrongylus,TRUE,Nippostrongylus,0.984279333,1,NC,nc_99_Nippostrongylus,Rattus rattus,Andatsakala,agroforest,3
4025,nc_99,Nippostrongylus,Nippostrongylus,TRUE,Nippostrongylus,0.9914143160000001,1,NC,nc_99_Nippostrongylus,Rattus rattus,Andatsakala,village,3
4026,nc_99,Nippostrongylus,Nippostrongylus,TRUE,Nippostrongylus,0.955753463,1,NC,nc_99_Nippostrongylus,Rattus rattus,Andatsakala,village,3
4036,nc_99,Nippostrongylus,Nippostrongylus,TRUE,Nippostrongylus,0.990406522,1,NC,nc_99_Nippostrongylus,Rattus rattus,Andatsakala,agroforest,3
2007,NA,NA,NA,NA,NA,NA,0,NC,NA,Microgale brevicaudata,Mandena,brushy_regrowth,1
2011,NA,NA,NA,NA,NA,NA,0,NC,NA,Rattus rattus,Mandena,brushy_regrowth,1
2015,NA,NA,NA,NA,NA,NA,0,NC,NA,Rattus rattus,Mandena,brushy_regrowth,1
2019,NA,NA,NA,NA,NA,NA,0,NC,NA,Rattus rattus,Mandena,brushy_regrowth,1
2021,NA,NA,NA,NA,NA,NA,0,NC,NA,Microgale brevicaudata,Mandena,brushy_regrowth,1
2023,NA,NA,NA,NA,NA,NA,0,NC,NA,Rattus rattus,Mandena,brushy_regrowth,1
2024,NA,NA,NA,NA,NA,NA,0,NC,NA,Rattus rattus,Mandena,brushy_regrowth,1
2027,NA,NA,NA,NA,NA,NA,0,NC,NA,Microgale brevicaudata,Mandena,brushy_regrowth,1
2028,NA,NA,NA,NA,NA,NA,0,NC,NA,Microgale brevicaudata,Mandena,brushy_regrowth,1
2030,NA,NA,NA,NA,NA,NA,0,NC,NA,Rattus rattus,Mandena,brushy_regrowth,1
2034,NA,NA,NA,NA,NA,NA,0,NC,NA,Microgale brevicaudata,Mandena,brushy_regrowth,1
2040,NA,NA,NA,NA,NA,NA,0,NC,NA,Rattus rattus,Mandena,brushy_regrowth,1
2043,NA,NA,NA,NA,NA,NA,0,NC,NA,Microgale brevicaudata,Mandena,agriculture,1
2048,NA,NA,NA,NA,NA,NA,0,NC,NA,Suncus etruscus,Mandena,agriculture,1
2058,NA,NA,NA,NA,NA,NA,0,NC,NA,Microgale brevicaudata,Mandena,agriculture,1
2062,NA,NA,NA,NA,NA,NA,0,NC,NA,Rattus rattus,Mandena,agriculture,1
2080,NA,NA,NA,NA,NA,NA,0,NC,NA,Microgale longicaudata,Mandena,agriculture,1
2081,NA,NA,NA,NA,NA,NA,0,NC,NA,Microgale brevicaudata,Mandena,agriculture,1
2082,NA,NA,NA,NA,NA,NA,0,NC,NA,Microgale brevicaudata,Mandena,agriculture,1
2085,NA,NA,NA,NA,NA,NA,0,NC,NA,Rattus rattus,Mandena,agriculture,1
2090,NA,NA,NA,NA,NA,NA,0,NC,NA,Mus musculus,Mandena,agriculture,1
2096,NA,NA,NA,NA,NA,NA,0,NC,NA,Rattus rattus,Mandena,agriculture,1
2098,NA,NA,NA,NA,NA,NA,0,NC,NA,Microgale brevicaudata,Mandena,agriculture,1
2109,NA,NA,NA,NA,NA,NA,0,NC,NA,Microgale brevicaudata,Mandena,secondary_forest,1
2112,NA,NA,NA,NA,NA,NA,0,NC,NA,Rattus rattus,Mandena,secondary_forest,1
2114,NA,NA,NA,NA,NA,NA,0,NC,NA,Microgale brevicaudata,Mandena,secondary_forest,1
2116,NA,NA,NA,NA,NA,NA,0,NC,NA,Microgale brevicaudata,Mandena,secondary_forest,1
2117,NA,NA,NA,NA,NA,NA,0,NC,NA,Microgale brevicaudata,Mandena,secondary_forest,1
2124,NA,NA,NA,NA,NA,NA,0,NC,NA,Microgale brevicaudata,Mandena,secondary_forest,1
2137,NA,NA,NA,NA,NA,NA,0,NC,NA,Microgale brevicaudata,Mandena,semi-intact_forest,1
2138,NA,NA,NA,NA,NA,NA,0,NC,NA,Rattus rattus,Mandena,semi-intact_forest,1
2139,NA,NA,NA,NA,NA,NA,0,NC,NA,Eliurus minor,Mandena,semi-intact_forest,1
2140,NA,NA,NA,NA,NA,NA,0,NC,NA,Rattus rattus,Mandena,semi-intact_forest,1
2149,NA,NA,NA,NA,NA,NA,0,NC,NA,Suncus murinus,Mandena,flooded_rice,1
2150,NA,NA,NA,NA,NA,NA,0,NC,NA,Microgale brevicaudata,Mandena,flooded_rice,1
2154,NA,NA,NA,NA,NA,NA,0,NC,NA,Rattus rattus,Mandena,flooded_rice,1
2157,NA,NA,NA,NA,NA,NA,0,NC,NA,Microgale brevicaudata,Mandena,flooded_rice,1
2158,NA,NA,NA,NA,NA,NA,0,NC,NA,Suncus etruscus,Mandena,flooded_rice,1
2163,NA,NA,NA,NA,NA,NA,0,NC,NA,Microgale brevicaudata,Mandena,flooded_rice,1
2165,NA,NA,NA,NA,NA,NA,0,NC,NA,Microgale brevicaudata,Mandena,flooded_rice,1
2169,NA,NA,NA,NA,NA,NA,0,NC,NA,Rattus rattus,Mandena,flooded_rice,1
2171,NA,NA,NA,NA,NA,NA,0,NC,NA,Microgale brevicaudata,Mandena,flooded_rice,1
2172,NA,NA,NA,NA,NA,NA,0,NC,NA,Microgale brevicaudata,Mandena,flooded_rice,1
2175,NA,NA,NA,NA,NA,NA,0,NC,NA,Rattus rattus,Mandena,flooded_rice,1
2176,NA,NA,NA,NA,NA,NA,0,NC,NA,Rattus rattus,Mandena,flooded_rice,1
2178,NA,NA,NA,NA,NA,NA,0,NC,NA,Rattus rattus,Mandena,flooded_rice,1
2184,NA,NA,NA,NA,NA,NA,0,NC,NA,Suncus murinus,Mandena,flooded_rice,1
2185,NA,NA,NA,NA,NA,NA,0,NC,NA,Microgale brevicaudata,Mandena,flooded_rice,1
2186,NA,NA,NA,NA,NA,NA,0,NC,NA,Rattus rattus,Mandena,flooded_rice,1
2190,NA,NA,NA,NA,NA,NA,0,NC,NA,Suncus murinus,Mandena,agroforest,1
2191,NA,NA,NA,NA,NA,NA,0,NC,NA,Suncus murinus,Mandena,agroforest,1
2192,NA,NA,NA,NA,NA,NA,0,NC,NA,Suncus murinus,Mandena,agroforest,1
2193,NA,NA,NA,NA,NA,NA,0,NC,NA,Suncus murinus,Mandena,village,1
2198,NA,NA,NA,NA,NA,NA,0,NC,NA,Mus musculus,Mandena,village,1
2200,NA,NA,NA,NA,NA,NA,0,NC,NA,Rattus rattus,Mandena,village,1
2202,NA,NA,NA,NA,NA,NA,0,NC,NA,Suncus murinus,Mandena,village,1
2205,NA,NA,NA,NA,NA,NA,0,NC,NA,Rattus rattus,Mandena,village,1
2206,NA,NA,NA,NA,NA,NA,0,NC,NA,Rattus rattus,Mandena,village,1
2208,NA,NA,NA,NA,NA,NA,0,NC,NA,Rattus rattus,Mandena,agroforest,1
2211,NA,NA,NA,NA,NA,NA,0,NC,NA,Suncus murinus,Mandena,agroforest,1
2220,NA,NA,NA,NA,NA,NA,0,NC,NA,Rattus rattus,Mandena,village,1
2223,NA,NA,NA,NA,NA,NA,0,NC,NA,Rattus rattus,Mandena,village,1
2224,NA,NA,NA,NA,NA,NA,0,NC,NA,Suncus murinus,Mandena,agroforest,1
2225,NA,NA,NA,NA,NA,NA,0,NC,NA,Setifer setosus,Mandena,agroforest,1
2227,NA,NA,NA,NA,NA,NA,0,NC,NA,Rattus rattus,Mandena,village,1
2230,NA,NA,NA,NA,NA,NA,0,NC,NA,Mus musculus,Mandena,agroforest,1
2234,NA,NA,NA,NA,NA,NA,0,NC,NA,Microgale brevicaudata,Mandena,agroforest,1
2236,NA,NA,NA,NA,NA,NA,0,NC,NA,Rattus rattus,Mandena,village,1
2244,NA,NA,NA,NA,NA,NA,0,NC,NA,Microgale brevicaudata,Mandena,agroforest,1
2245,NA,NA,NA,NA,NA,NA,0,NC,NA,Microgale brevicaudata,Mandena,agroforest,1
2247,NA,NA,NA,NA,NA,NA,0,NC,NA,Suncus murinus,Mandena,agroforest,1
2254,NA,NA,NA,NA,NA,NA,0,NC,NA,Microgale brevicaudata,Mandena,brushy_regrowth,2
2258,NA,NA,NA,NA,NA,NA,0,NC,NA,Suncus murinus,Mandena,brushy_regrowth,2
2264,NA,NA,NA,NA,NA,NA,0,NC,NA,Microgale brevicaudata,Mandena,brushy_regrowth,2
2265,NA,NA,NA,NA,NA,NA,0,NC,NA,Microgale brevicaudata,Mandena,brushy_regrowth,2
2266,NA,NA,NA,NA,NA,NA,0,NC,NA,Microgale brevicaudata,Mandena,brushy_regrowth,2
2268,NA,NA,NA,NA,NA,NA,0,NC,NA,Suncus etruscus,Mandena,brushy_regrowth,2
2272,NA,NA,NA,NA,NA,NA,0,NC,NA,Microgale brevicaudata,Mandena,brushy_regrowth,2
2273,NA,NA,NA,NA,NA,NA,0,NC,NA,Microgale brevicaudata,Mandena,brushy_regrowth,2
2275,NA,NA,NA,NA,NA,NA,0,NC,NA,Microgale brevicaudata,Mandena,brushy_regrowth,2
2285,NA,NA,NA,NA,NA,NA,0,NC,NA,Microgale brevicaudata,Mandena,brushy_regrowth,2
2288,NA,NA,NA,NA,NA,NA,0,NC,NA,Suncus etruscus,Mandena,brushy_regrowth,2
2289,NA,NA,NA,NA,NA,NA,0,NC,NA,Microgale brevicaudata,Mandena,brushy_regrowth,2
2296,NA,NA,NA,NA,NA,NA,0,NC,NA,Microgale brevicaudata,Mandena,agriculture,2
2303,NA,NA,NA,NA,NA,NA,0,NC,NA,Rattus rattus,Mandena,agriculture,2
2308,NA,NA,NA,NA,NA,NA,0,NC,NA,Microgale brevicaudata,Mandena,agriculture,2
2317,NA,NA,NA,NA,NA,NA,0,NC,NA,Tenrec ecaudatus,Mandena,agriculture,2
2320,NA,NA,NA,NA,NA,NA,0,NC,NA,Suncus murinus,Mandena,agriculture,2
2323,NA,NA,NA,NA,NA,NA,0,NC,NA,Mus musculus,Mandena,agriculture,2
2332,NA,NA,NA,NA,NA,NA,0,NC,NA,Tenrec ecaudatus,Mandena,agriculture,2
2334,NA,NA,NA,NA,NA,NA,0,NC,NA,Microgale brevicaudata,Mandena,agriculture,2
2335,NA,NA,NA,NA,NA,NA,0,NC,NA,Mus musculus,Mandena,agriculture,2
2336,NA,NA,NA,NA,NA,NA,0,NC,NA,Suncus murinus,Mandena,agriculture,2
2338,NA,NA,NA,NA,NA,NA,0,NC,NA,Microgale brevicaudata,Mandena,agriculture,2
2339,NA,NA,NA,NA,NA,NA,0,NC,NA,Microgale brevicaudata,Mandena,agriculture,2
2340,NA,NA,NA,NA,NA,NA,0,NC,NA,Suncus murinus,Mandena,agriculture,2
2343,NA,NA,NA,NA,NA,NA,0,NC,NA,Rattus rattus,Mandena,agriculture,2
2347,NA,NA,NA,NA,NA,NA,0,NC,NA,Microgale brevicaudata,Mandena,secondary_forest,2
2352,NA,NA,NA,NA,NA,NA,0,NC,NA,Microgale brevicaudata,Mandena,secondary_forest,2
2353,NA,NA,NA,NA,NA,NA,0,NC,NA,Rattus rattus,Mandena,secondary_forest,2
2357,NA,NA,NA,NA,NA,NA,0,NC,NA,Rattus rattus,Mandena,secondary_forest,2
2358,NA,NA,NA,NA,NA,NA,0,NC,NA,Eliurus webbi,Mandena,secondary_forest,2
2362,NA,NA,NA,NA,NA,NA,0,NC,NA,Eliurus webbi,Mandena,secondary_forest,2
2363,NA,NA,NA,NA,NA,NA,0,NC,NA,Microgale brevicaudata,Mandena,secondary_forest,2
2367,NA,NA,NA,NA,NA,NA,0,NC,NA,Rattus rattus,Mandena,secondary_forest,2
2379,NA,NA,NA,NA,NA,NA,0,NC,NA,Eliurus cf. tanala,Mandena,semi-intact_forest,2
2381,NA,NA,NA,NA,NA,NA,0,NC,NA,Rattus rattus,Mandena,semi-intact_forest,2
2384,NA,NA,NA,NA,NA,NA,0,NC,NA,Eliurus webbi,Mandena,semi-intact_forest,2
2386,NA,NA,NA,NA,NA,NA,0,NC,NA,Microgale brevicaudata,Mandena,flooded_rice,2
2387,NA,NA,NA,NA,NA,NA,0,NC,NA,Microgale brevicaudata,Mandena,flooded_rice,2
2388,NA,NA,NA,NA,NA,NA,0,NC,NA,Microgale brevicaudata,Mandena,flooded_rice,2
2390,NA,NA,NA,NA,NA,NA,0,NC,NA,Microgale brevicaudata,Mandena,flooded_rice,2
2391,NA,NA,NA,NA,NA,NA,0,NC,NA,Microgale brevicaudata,Mandena,flooded_rice,2
2399,NA,NA,NA,NA,NA,NA,0,NC,NA,Rattus rattus,Mandena,flooded_rice,2
2400,NA,NA,NA,NA,NA,NA,0,NC,NA,Rattus rattus,Mandena,flooded_rice,2
2404,NA,NA,NA,NA,NA,NA,0,NC,NA,Suncus murinus,Mandena,flooded_rice,2
2405,NA,NA,NA,NA,NA,NA,0,NC,NA,Microgale brevicaudata,Mandena,flooded_rice,2
2412,NA,NA,NA,NA,NA,NA,0,NC,NA,Microgale brevicaudata,Mandena,flooded_rice,2
2418,NA,NA,NA,NA,NA,NA,0,NC,NA,Rattus rattus,Mandena,flooded_rice,2
2421,NA,NA,NA,NA,NA,NA,0,NC,NA,Microgale brevicaudata,Mandena,flooded_rice,2
2424,NA,NA,NA,NA,NA,NA,0,NC,NA,Microgale brevicaudata,Mandena,flooded_rice,2
2429,NA,NA,NA,NA,NA,NA,0,NC,NA,Rattus rattus,Mandena,flooded_rice,2
2430,NA,NA,NA,NA,NA,NA,0,NC,NA,Microgale brevicaudata,Mandena,flooded_rice,2
2431,NA,NA,NA,NA,NA,NA,0,NC,NA,Suncus murinus,Mandena,flooded_rice,2
2439,NA,NA,NA,NA,NA,NA,0,NC,NA,Tenrec ecaudatus,Mandena,flooded_rice,2
2441,NA,NA,NA,NA,NA,NA,0,NC,NA,Microgale brevicaudata,Mandena,agroforest,2
2442,NA,NA,NA,NA,NA,NA,0,NC,NA,Mus musculus,Mandena,agroforest,2
2443,NA,NA,NA,NA,NA,NA,0,NC,NA,Setifer setosus,Mandena,agroforest,2
2446,NA,NA,NA,NA,NA,NA,0,NC,NA,Suncus murinus,Mandena,agroforest,2
2447,NA,NA,NA,NA,NA,NA,0,NC,NA,Suncus murinus,Mandena,agroforest,2
2450,NA,NA,NA,NA,NA,NA,0,NC,NA,Suncus murinus,Mandena,village,2
2451,NA,NA,NA,NA,NA,NA,0,NC,NA,Rattus rattus,Mandena,village,2
2453,NA,NA,NA,NA,NA,NA,0,NC,NA,Rattus rattus,Mandena,village,2
2458,NA,NA,NA,NA,NA,NA,0,NC,NA,Rattus rattus,Mandena,village,2
2459,NA,NA,NA,NA,NA,NA,0,NC,NA,Rattus rattus,Mandena,village,2
2460,NA,NA,NA,NA,NA,NA,0,NC,NA,Rattus rattus,Mandena,village,2
2465,NA,NA,NA,NA,NA,NA,0,NC,NA,Suncus etruscus,Mandena,agroforest,2
2466,NA,NA,NA,NA,NA,NA,0,NC,NA,Mus musculus,Mandena,village,2
2468,NA,NA,NA,NA,NA,NA,0,NC,NA,Rattus rattus,Mandena,village,2
2469,NA,NA,NA,NA,NA,NA,0,NC,NA,Rattus rattus,Mandena,village,2
2470,NA,NA,NA,NA,NA,NA,0,NC,NA,Rattus rattus,Mandena,village,2
2471,NA,NA,NA,NA,NA,NA,0,NC,NA,Rattus rattus,Mandena,village,2
2477,NA,NA,NA,NA,NA,NA,0,NC,NA,Suncus murinus,Mandena,village,2
2478,NA,NA,NA,NA,NA,NA,0,NC,NA,Rattus rattus,Mandena,village,2
2479,NA,NA,NA,NA,NA,NA,0,NC,NA,Rattus rattus,Mandena,village,2
2482,NA,NA,NA,NA,NA,NA,0,NC,NA,Suncus murinus,Mandena,agroforest,2
2483,NA,NA,NA,NA,NA,NA,0,NC,NA,Suncus murinus,Mandena,agroforest,2
2485,NA,NA,NA,NA,NA,NA,0,NC,NA,Suncus murinus,Mandena,agroforest,2
2486,NA,NA,NA,NA,NA,NA,0,NC,NA,Rattus rattus,Mandena,village,2
2487,NA,NA,NA,NA,NA,NA,0,NC,NA,Rattus rattus,Mandena,village,2
2488,NA,NA,NA,NA,NA,NA,0,NC,NA,Suncus murinus,Mandena,village,2
2492,NA,NA,NA,NA,NA,NA,0,NC,NA,Suncus murinus,Mandena,agroforest,2
2495,NA,NA,NA,NA,NA,NA,0,NC,NA,Rattus rattus,Mandena,agroforest,2
2503,NA,NA,NA,NA,NA,NA,0,NC,NA,Rattus rattus,Mandena,brushy_regrowth,3
2525,NA,NA,NA,NA,NA,NA,0,NC,NA,Microgale brevicaudata,Mandena,brushy_regrowth,3
2533,NA,NA,NA,NA,NA,NA,0,NC,NA,Mus musculus,Mandena,brushy_regrowth,3
2535,NA,NA,NA,NA,NA,NA,0,NC,NA,Rattus rattus,Mandena,brushy_regrowth,3
2542,NA,NA,NA,NA,NA,NA,0,NC,NA,Microgale prolixacaudata,Mandena,agriculture,3
2544,NA,NA,NA,NA,NA,NA,0,NC,NA,Microgale brevicaudata,Mandena,agriculture,3
2559,NA,NA,NA,NA,NA,NA,0,NC,NA,Suncus murinus,Mandena,agriculture,3
2560,NA,NA,NA,NA,NA,NA,0,NC,NA,Suncus murinus,Mandena,agriculture,3
2562,NA,NA,NA,NA,NA,NA,0,NC,NA,Suncus murinus,Mandena,agriculture,3
2569,NA,NA,NA,NA,NA,NA,0,NC,NA,Rattus rattus,Mandena,agriculture,3
2650,NA,NA,NA,NA,NA,NA,0,NC,NA,Rattus rattus,Mandena,secondary_forest,3
2652,NA,NA,NA,NA,NA,NA,0,NC,NA,Rattus rattus,Mandena,secondary_forest,3
2657,NA,NA,NA,NA,NA,NA,0,NC,NA,Eliurus cf. webbi,Mandena,secondary_forest,3
2659,NA,NA,NA,NA,NA,NA,0,NC,NA,Rattus rattus,Mandena,secondary_forest,3
2660,NA,NA,NA,NA,NA,NA,0,NC,NA,Rattus rattus,Mandena,secondary_forest,3
2669,NA,NA,NA,NA,NA,NA,0,NC,NA,Suncus etruscus,Mandena,secondary_forest,3
2674,NA,NA,NA,NA,NA,NA,0,NC,NA,Rattus rattus,Mandena,secondary_forest,3
2686,NA,NA,NA,NA,NA,NA,0,NC,NA,Eliurus cf. webbi,Mandena,semi-intact_forest,3
2687,NA,NA,NA,NA,NA,NA,0,NC,NA,Eliurus cf. webbi,Mandena,semi-intact_forest,3
2691,NA,NA,NA,NA,NA,NA,0,NC,NA,Rattus rattus,Mandena,semi-intact_forest,3
2692,NA,NA,NA,NA,NA,NA,0,NC,NA,Eliurus cf. webbi,Mandena,semi-intact_forest,3
2695,NA,NA,NA,NA,NA,NA,0,NC,NA,Rattus rattus,Mandena,agroforest,3
2696,NA,NA,NA,NA,NA,NA,0,NC,NA,Rattus rattus,Mandena,agroforest,3
2698,NA,NA,NA,NA,NA,NA,0,NC,NA,Suncus murinus,Mandena,agroforest,3
2699,NA,NA,NA,NA,NA,NA,0,NC,NA,Suncus murinus,Mandena,agroforest,3
2707,NA,NA,NA,NA,NA,NA,0,NC,NA,Rattus rattus,Mandena,agroforest,3
2713,NA,NA,NA,NA,NA,NA,0,NC,NA,Setifer setosus,Mandena,agroforest,3
2715,NA,NA,NA,NA,NA,NA,0,NC,NA,Suncus murinus,Mandena,agroforest,3
2717,NA,NA,NA,NA,NA,NA,0,NC,NA,Rattus rattus,Mandena,agroforest,3
2718,NA,NA,NA,NA,NA,NA,0,NC,NA,Rattus rattus,Mandena,agroforest,3
2722,NA,NA,NA,NA,NA,NA,0,NC,NA,Rattus rattus,Mandena,agroforest,3
2725,NA,NA,NA,NA,NA,NA,0,NC,NA,Rattus rattus,Mandena,agroforest,3
2726,NA,NA,NA,NA,NA,NA,0,NC,NA,Rattus rattus,Mandena,agroforest,3
2727,NA,NA,NA,NA,NA,NA,0,NC,NA,Microgale brevicaudata,Mandena,agroforest,3
2730,NA,NA,NA,NA,NA,NA,0,NC,NA,Suncus murinus,Mandena,agroforest,3
2731,NA,NA,NA,NA,NA,NA,0,NC,NA,Suncus murinus,Mandena,agroforest,3
2732,NA,NA,NA,NA,NA,NA,0,NC,NA,Mus musculus,Mandena,agroforest,3
2733,NA,NA,NA,NA,NA,NA,0,NC,NA,Rattus rattus,Mandena,agroforest,3
2734,NA,NA,NA,NA,NA,NA,0,NC,NA,Suncus murinus,Mandena,agroforest,3
2741,NA,NA,NA,NA,NA,NA,0,NC,NA,Rattus rattus,Mandena,village,3
2750,NA,NA,NA,NA,NA,NA,0,NC,NA,Suncus etruscus,Mandena,agroforest,3
2752,NA,NA,NA,NA,NA,NA,0,NC,NA,Mus musculus,Mandena,village,3
2760,NA,NA,NA,NA,NA,NA,0,NC,NA,Microgale cf. prolixacaudata,Mandena,agroforest,3
2762,NA,NA,NA,NA,NA,NA,0,NC,NA,Rattus rattus,Mandena,village,3
2765,NA,NA,NA,NA,NA,NA,0,NC,NA,Rattus rattus,Mandena,agroforest,3
2773,NA,NA,NA,NA,NA,NA,0,NC,NA,Rattus rattus,Sarahandrano,brushy_regrowth,1
2775,NA,NA,NA,NA,NA,NA,0,NC,NA,Mus musculus,Sarahandrano,brushy_regrowth,1
2777,NA,NA,NA,NA,NA,NA,0,NC,NA,Mus musculus,Sarahandrano,brushy_regrowth,1
2778,NA,NA,NA,NA,NA,NA,0,NC,NA,Suncus murinus,Sarahandrano,brushy_regrowth,1
2780,NA,NA,NA,NA,NA,NA,0,NC,NA,Rattus rattus,Sarahandrano,brushy_regrowth,1
2782,NA,NA,NA,NA,NA,NA,0,NC,NA,Rattus rattus,Sarahandrano,brushy_regrowth,1
2783,NA,NA,NA,NA,NA,NA,0,NC,NA,Mus musculus,Sarahandrano,brushy_regrowth,1
2785,NA,NA,NA,NA,NA,NA,0,NC,NA,Mus musculus,Sarahandrano,brushy_regrowth,1
2793,NA,NA,NA,NA,NA,NA,0,NC,NA,Rattus rattus,Sarahandrano,brushy_regrowth,1
2796,NA,NA,NA,NA,NA,NA,0,NC,NA,Suncus murinus,Sarahandrano,brushy_regrowth,1
2798,NA,NA,NA,NA,NA,NA,0,NC,NA,Rattus rattus,Sarahandrano,brushy_regrowth,1
2799,NA,NA,NA,NA,NA,NA,0,NC,NA,Rattus rattus,Sarahandrano,brushy_regrowth,1
2801,NA,NA,NA,NA,NA,NA,0,NC,NA,Rattus rattus,Sarahandrano,brushy_regrowth,1
2802,NA,NA,NA,NA,NA,NA,0,NC,NA,Rattus rattus,Sarahandrano,brushy_regrowth,1
2803,NA,NA,NA,NA,NA,NA,0,NC,NA,Mus musculus,Sarahandrano,brushy_regrowth,1
2804,NA,NA,NA,NA,NA,NA,0,NC,NA,Mus musculus,Sarahandrano,brushy_regrowth,1
2805,NA,NA,NA,NA,NA,NA,0,NC,NA,Mus musculus,Sarahandrano,brushy_regrowth,1
2806,NA,NA,NA,NA,NA,NA,0,NC,NA,Mus musculus,Sarahandrano,brushy_regrowth,1
2808,NA,NA,NA,NA,NA,NA,0,NC,NA,Mus musculus,Sarahandrano,brushy_regrowth,1
2809,NA,NA,NA,NA,NA,NA,0,NC,NA,Rattus rattus,Sarahandrano,brushy_regrowth,1
2813,NA,NA,NA,NA,NA,NA,0,NC,NA,Microgale prolixacaudata,Sarahandrano,agriculture,1
2814,NA,NA,NA,NA,NA,NA,0,NC,NA,Suncus murinus,Sarahandrano,agriculture,1
2815,NA,NA,NA,NA,NA,NA,0,NC,NA,Mus musculus,Sarahandrano,agriculture,1
2817,NA,NA,NA,NA,NA,NA,0,NC,NA,Suncus murinus,Sarahandrano,agriculture,1
2831,NA,NA,NA,NA,NA,NA,0,NC,NA,Rattus rattus,Sarahandrano,agriculture,1
2832,NA,NA,NA,NA,NA,NA,0,NC,NA,Rattus rattus,Sarahandrano,agriculture,1
2844,NA,NA,NA,NA,NA,NA,0,NC,NA,Rattus rattus,Sarahandrano,agriculture,1
2849,NA,NA,NA,NA,NA,NA,0,NC,NA,Tenrec ecaudatus,Sarahandrano,agriculture,1
2850,NA,NA,NA,NA,NA,NA,0,NC,NA,Microgale prolixacaudata,Sarahandrano,agriculture,1
2852,NA,NA,NA,NA,NA,NA,0,NC,NA,Rattus rattus,Sarahandrano,agriculture,1
2855,NA,NA,NA,NA,NA,NA,0,NC,NA,Rattus rattus,Sarahandrano,agriculture,1
2856,NA,NA,NA,NA,NA,NA,0,NC,NA,Rattus rattus,Sarahandrano,agriculture,1
2858,NA,NA,NA,NA,NA,NA,0,NC,NA,Mus musculus,Sarahandrano,agriculture,1
2860,NA,NA,NA,NA,NA,NA,0,NC,NA,Rattus rattus,Sarahandrano,agriculture,1
2861,NA,NA,NA,NA,NA,NA,0,NC,NA,Suncus murinus,Sarahandrano,agriculture,1
2862,NA,NA,NA,NA,NA,NA,0,NC,NA,Rattus rattus,Sarahandrano,agriculture,1
2865,NA,NA,NA,NA,NA,NA,0,NC,NA,Mus musculus,Sarahandrano,agriculture,1
2867,NA,NA,NA,NA,NA,NA,0,NC,NA,Suncus murinus,Sarahandrano,agriculture,1
2868,NA,NA,NA,NA,NA,NA,0,NC,NA,Rattus rattus,Sarahandrano,agriculture,1
2869,NA,NA,NA,NA,NA,NA,0,NC,NA,Rattus rattus,Sarahandrano,agriculture,1
2871,NA,NA,NA,NA,NA,NA,0,NC,NA,Microgale brevicaudata,Sarahandrano,secondary_forest,1
2874,NA,NA,NA,NA,NA,NA,0,NC,NA,Microgale brevicaudata,Sarahandrano,secondary_forest,1
2875,NA,NA,NA,NA,NA,NA,0,NC,NA,Microgale brevicaudata,Sarahandrano,secondary_forest,1
2876,NA,NA,NA,NA,NA,NA,0,NC,NA,Rattus rattus,Sarahandrano,secondary_forest,1
2877,NA,NA,NA,NA,NA,NA,0,NC,NA,Rattus rattus,Sarahandrano,secondary_forest,1
2879,NA,NA,NA,NA,NA,NA,0,NC,NA,Rattus rattus,Sarahandrano,secondary_forest,1
2881,NA,NA,NA,NA,NA,NA,0,NC,NA,Rattus rattus,Sarahandrano,secondary_forest,1
2882,NA,NA,NA,NA,NA,NA,0,NC,NA,Microgale brevicaudata,Sarahandrano,secondary_forest,1
2884,NA,NA,NA,NA,NA,NA,0,NC,NA,Microgale brevicaudata,Sarahandrano,secondary_forest,1
2885,NA,NA,NA,NA,NA,NA,0,NC,NA,Nesomys cf. audeberti,Sarahandrano,secondary_forest,1
2886,NA,NA,NA,NA,NA,NA,0,NC,NA,Eliurus cf. tanala,Sarahandrano,secondary_forest,1
2887,NA,NA,NA,NA,NA,NA,0,NC,NA,Rattus rattus,Sarahandrano,secondary_forest,1
2889,NA,NA,NA,NA,NA,NA,0,NC,NA,Setifer setosus,Sarahandrano,secondary_forest,1
2890,NA,NA,NA,NA,NA,NA,0,NC,NA,Microgale brevicaudata,Sarahandrano,secondary_forest,1
2900,NA,NA,NA,NA,NA,NA,0,NC,NA,Rattus rattus,Sarahandrano,secondary_forest,1
2901,NA,NA,NA,NA,NA,NA,0,NC,NA,Rattus rattus,Sarahandrano,secondary_forest,1
2905,NA,NA,NA,NA,NA,NA,0,NC,NA,Microgale brevicaudata,Sarahandrano,secondary_forest,1
2908,NA,NA,NA,NA,NA,NA,0,NC,NA,Eliurus cf. webbi,Sarahandrano,secondary_forest,1
2909,NA,NA,NA,NA,NA,NA,0,NC,NA,Microgale parvula,Sarahandrano,semi-intact_forest,1
2913,NA,NA,NA,NA,NA,NA,0,NC,NA,Microgale cf. talazaci,Sarahandrano,semi-intact_forest,1
2914,NA,NA,NA,NA,NA,NA,0,NC,NA,Eliurus cf. webbi,Sarahandrano,semi-intact_forest,1
2915,NA,NA,NA,NA,NA,NA,0,NC,NA,Eliurus cf. webbi,Sarahandrano,semi-intact_forest,1
2918,NA,NA,NA,NA,NA,NA,0,NC,NA,Suncus murinus,Sarahandrano,agroforest,1
2919,NA,NA,NA,NA,NA,NA,0,NC,NA,Microgale cf. talazaci,Sarahandrano,agroforest,1
2921,NA,NA,NA,NA,NA,NA,0,NC,NA,Suncus murinus,Sarahandrano,agroforest,1
2925,NA,NA,NA,NA,NA,NA,0,NC,NA,Rattus rattus,Sarahandrano,agroforest,1
2926,NA,NA,NA,NA,NA,NA,0,NC,NA,Rattus rattus,Sarahandrano,agroforest,1
2927,NA,NA,NA,NA,NA,NA,0,NC,NA,Rattus rattus,Sarahandrano,agroforest,1
2928,NA,NA,NA,NA,NA,NA,0,NC,NA,Rattus rattus,Sarahandrano,agroforest,1
2935,NA,NA,NA,NA,NA,NA,0,NC,NA,Rattus rattus,Sarahandrano,agroforest,1
2937,NA,NA,NA,NA,NA,NA,0,NC,NA,Rattus rattus,Sarahandrano,agroforest,1
2938,NA,NA,NA,NA,NA,NA,0,NC,NA,Rattus rattus,Sarahandrano,agroforest,1
2941,NA,NA,NA,NA,NA,NA,0,NC,NA,Rattus rattus,Sarahandrano,agroforest,1
2943,NA,NA,NA,NA,NA,NA,0,NC,NA,Rattus rattus,Sarahandrano,agroforest,1
2947,NA,NA,NA,NA,NA,NA,0,NC,NA,Suncus murinus,Sarahandrano,agroforest,1
2949,NA,NA,NA,NA,NA,NA,0,NC,NA,Suncus murinus,Sarahandrano,agroforest,1
2950,NA,NA,NA,NA,NA,NA,0,NC,NA,Rattus rattus,Sarahandrano,agroforest,1
2951,NA,NA,NA,NA,NA,NA,0,NC,NA,Suncus murinus,Sarahandrano,flooded_rice,1
2952,NA,NA,NA,NA,NA,NA,0,NC,NA,Suncus murinus,Sarahandrano,flooded_rice,1
2953,NA,NA,NA,NA,NA,NA,0,NC,NA,Suncus murinus,Sarahandrano,flooded_rice,1
2954,NA,NA,NA,NA,NA,NA,0,NC,NA,Suncus murinus,Sarahandrano,flooded_rice,1
2955,NA,NA,NA,NA,NA,NA,0,NC,NA,Mus musculus,Sarahandrano,flooded_rice,1
2957,NA,NA,NA,NA,NA,NA,0,NC,NA,Mus musculus,Sarahandrano,flooded_rice,1
2959,NA,NA,NA,NA,NA,NA,0,NC,NA,Rattus rattus,Sarahandrano,village,1
2961,NA,NA,NA,NA,NA,NA,0,NC,NA,Suncus murinus,Sarahandrano,flooded_rice,1
2962,NA,NA,NA,NA,NA,NA,0,NC,NA,Suncus murinus,Sarahandrano,flooded_rice,1
2963,NA,NA,NA,NA,NA,NA,0,NC,NA,Suncus murinus,Sarahandrano,flooded_rice,1
2964,NA,NA,NA,NA,NA,NA,0,NC,NA,Mus musculus,Sarahandrano,flooded_rice,1
2966,NA,NA,NA,NA,NA,NA,0,NC,NA,Mus musculus,Sarahandrano,flooded_rice,1
2967,NA,NA,NA,NA,NA,NA,0,NC,NA,Mus musculus,Sarahandrano,village,1
2968,NA,NA,NA,NA,NA,NA,0,NC,NA,Mus musculus,Sarahandrano,village,1
2969,NA,NA,NA,NA,NA,NA,0,NC,NA,Mus musculus,Sarahandrano,flooded_rice,1
2971,NA,NA,NA,NA,NA,NA,0,NC,NA,Suncus murinus,Sarahandrano,flooded_rice,1
2972,NA,NA,NA,NA,NA,NA,0,NC,NA,Suncus murinus,Sarahandrano,flooded_rice,1
2973,NA,NA,NA,NA,NA,NA,0,NC,NA,Mus musculus,Sarahandrano,flooded_rice,1
2974,NA,NA,NA,NA,NA,NA,0,NC,NA,Suncus murinus,Sarahandrano,flooded_rice,1
2975,NA,NA,NA,NA,NA,NA,0,NC,NA,Suncus murinus,Sarahandrano,flooded_rice,1
2978,NA,NA,NA,NA,NA,NA,0,NC,NA,Rattus rattus,Sarahandrano,village,1
2979,NA,NA,NA,NA,NA,NA,0,NC,NA,Rattus rattus,Sarahandrano,village,1
2983,NA,NA,NA,NA,NA,NA,0,NC,NA,Mus musculus,Sarahandrano,flooded_rice,1
2985,NA,NA,NA,NA,NA,NA,0,NC,NA,Microgale prolixacaudata,Sarahandrano,brushy_regrowth,2
2986,NA,NA,NA,NA,NA,NA,0,NC,NA,Microgale prolixacaudata,Sarahandrano,brushy_regrowth,2
2987,NA,NA,NA,NA,NA,NA,0,NC,NA,Microgale prolixacaudata,Sarahandrano,brushy_regrowth,2
2988,NA,NA,NA,NA,NA,NA,0,NC,NA,Mus musculus,Sarahandrano,brushy_regrowth,2
2990,NA,NA,NA,NA,NA,NA,0,NC,NA,Rattus rattus,Sarahandrano,brushy_regrowth,2
2991,NA,NA,NA,NA,NA,NA,0,NC,NA,Rattus rattus,Sarahandrano,brushy_regrowth,2
2994,NA,NA,NA,NA,NA,NA,0,NC,NA,Microgale prolixacaudata,Sarahandrano,brushy_regrowth,2
2995,NA,NA,NA,NA,NA,NA,0,NC,NA,Mus musculus,Sarahandrano,brushy_regrowth,2
2996,NA,NA,NA,NA,NA,NA,0,NC,NA,Mus musculus,Sarahandrano,brushy_regrowth,2
2998,NA,NA,NA,NA,NA,NA,0,NC,NA,Mus musculus,Sarahandrano,brushy_regrowth,2
2999,NA,NA,NA,NA,NA,NA,0,NC,NA,Mus musculus,Sarahandrano,brushy_regrowth,2
3001,NA,NA,NA,NA,NA,NA,0,NC,NA,Rattus rattus,Sarahandrano,brushy_regrowth,2
3003,NA,NA,NA,NA,NA,NA,0,NC,NA,Mus musculus,Sarahandrano,brushy_regrowth,2
3006,NA,NA,NA,NA,NA,NA,0,NC,NA,Suncus murinus,Sarahandrano,brushy_regrowth,2
3010,NA,NA,NA,NA,NA,NA,0,NC,NA,Suncus murinus,Sarahandrano,brushy_regrowth,2
3011,NA,NA,NA,NA,NA,NA,0,NC,NA,Rattus rattus,Sarahandrano,brushy_regrowth,2
3012,NA,NA,NA,NA,NA,NA,0,NC,NA,Microgale prolixacaudata,Sarahandrano,brushy_regrowth,2
3013,NA,NA,NA,NA,NA,NA,0,NC,NA,Microgale prolixacaudata,Sarahandrano,brushy_regrowth,2
3016,NA,NA,NA,NA,NA,NA,0,NC,NA,Suncus murinus,Sarahandrano,brushy_regrowth,2
3017,NA,NA,NA,NA,NA,NA,0,NC,NA,Suncus etruscus,Sarahandrano,agroforest,2
3019,NA,NA,NA,NA,NA,NA,0,NC,NA,Suncus murinus,Sarahandrano,agroforest,2
3020,NA,NA,NA,NA,NA,NA,0,NC,NA,Rattus rattus,Sarahandrano,agroforest,2
3025,NA,NA,NA,NA,NA,NA,0,NC,NA,Suncus murinus,Sarahandrano,agroforest,2
3026,NA,NA,NA,NA,NA,NA,0,NC,NA,Suncus murinus,Sarahandrano,agroforest,2
3027,NA,NA,NA,NA,NA,NA,0,NC,NA,Suncus murinus,Sarahandrano,agroforest,2
3030,NA,NA,NA,NA,NA,NA,0,NC,NA,Rattus rattus,Sarahandrano,agroforest,2
3033,NA,NA,NA,NA,NA,NA,0,NC,NA,Suncus murinus,Sarahandrano,agroforest,2
3034,NA,NA,NA,NA,NA,NA,0,NC,NA,Suncus murinus,Sarahandrano,agroforest,2
3037,NA,NA,NA,NA,NA,NA,0,NC,NA,Rattus rattus,Sarahandrano,agroforest,2
3039,NA,NA,NA,NA,NA,NA,0,NC,NA,Rattus rattus,Sarahandrano,agroforest,2
3040,NA,NA,NA,NA,NA,NA,0,NC,NA,Rattus rattus,Sarahandrano,agroforest,2
3045,NA,NA,NA,NA,NA,NA,0,NC,NA,Rattus rattus,Sarahandrano,secondary_forest,2
3053,NA,NA,NA,NA,NA,NA,0,NC,NA,Nesogale talazaci,Sarahandrano,secondary_forest,2
3057,NA,NA,NA,NA,NA,NA,0,NC,NA,Suncus murinus,Sarahandrano,secondary_forest,2
3074,NA,NA,NA,NA,NA,NA,0,NC,NA,Suncus murinus,Sarahandrano,flooded_rice,2
3075,NA,NA,NA,NA,NA,NA,0,NC,NA,Suncus murinus,Sarahandrano,flooded_rice,2
3076,NA,NA,NA,NA,NA,NA,0,NC,NA,Suncus murinus,Sarahandrano,flooded_rice,2
3077,NA,NA,NA,NA,NA,NA,0,NC,NA,Suncus etruscus,Sarahandrano,flooded_rice,2
3079,NA,NA,NA,NA,NA,NA,0,NC,NA,Suncus murinus,Sarahandrano,flooded_rice,2
3080,NA,NA,NA,NA,NA,NA,0,NC,NA,Suncus murinus,Sarahandrano,flooded_rice,2
3084,NA,NA,NA,NA,NA,NA,0,NC,NA,Mus musculus,Sarahandrano,village,2
3085,NA,NA,NA,NA,NA,NA,0,NC,NA,Suncus murinus,Sarahandrano,flooded_rice,2
3086,NA,NA,NA,NA,NA,NA,0,NC,NA,Suncus murinus,Sarahandrano,flooded_rice,2
3092,NA,NA,NA,NA,NA,NA,0,NC,NA,Mus musculus,Sarahandrano,flooded_rice,2
3094,NA,NA,NA,NA,NA,NA,0,NC,NA,Rattus rattus,Sarahandrano,flooded_rice,2
3096,NA,NA,NA,NA,NA,NA,0,NC,NA,Mus musculus,Sarahandrano,flooded_rice,2
3098,NA,NA,NA,NA,NA,NA,0,NC,NA,Suncus murinus,Sarahandrano,flooded_rice,2
3099,NA,NA,NA,NA,NA,NA,0,NC,NA,Suncus murinus,Sarahandrano,flooded_rice,2
3100,NA,NA,NA,NA,NA,NA,0,NC,NA,Suncus murinus,Sarahandrano,flooded_rice,2
3104,NA,NA,NA,NA,NA,NA,0,NC,NA,Rattus rattus,Sarahandrano,village,2
3105,NA,NA,NA,NA,NA,NA,0,NC,NA,Rattus rattus,Sarahandrano,village,2
3107,NA,NA,NA,NA,NA,NA,0,NC,NA,Suncus murinus,Sarahandrano,flooded_rice,2
3108,NA,NA,NA,NA,NA,NA,0,NC,NA,Suncus murinus,Sarahandrano,flooded_rice,2
3110,NA,NA,NA,NA,NA,NA,0,NC,NA,Suncus murinus,Sarahandrano,flooded_rice,2
3111,NA,NA,NA,NA,NA,NA,0,NC,NA,Suncus murinus,Sarahandrano,flooded_rice,2
3112,NA,NA,NA,NA,NA,NA,0,NC,NA,Suncus murinus,Sarahandrano,village,2
3113,NA,NA,NA,NA,NA,NA,0,NC,NA,Mus musculus,Sarahandrano,village,2
3114,NA,NA,NA,NA,NA,NA,0,NC,NA,Rattus rattus,Sarahandrano,village,2
3116,NA,NA,NA,NA,NA,NA,0,NC,NA,Suncus etruscus,Sarahandrano,flooded_rice,2
3117,NA,NA,NA,NA,NA,NA,0,NC,NA,Suncus murinus,Sarahandrano,flooded_rice,2
3119,NA,NA,NA,NA,NA,NA,0,NC,NA,Rattus rattus,Sarahandrano,village,2
3122,NA,NA,NA,NA,NA,NA,0,NC,NA,Suncus murinus,Sarahandrano,agriculture,2
3123,NA,NA,NA,NA,NA,NA,0,NC,NA,Microgale prolixacaudata,Sarahandrano,agriculture,2
3124,NA,NA,NA,NA,NA,NA,0,NC,NA,Suncus murinus,Sarahandrano,agriculture,2
3125,NA,NA,NA,NA,NA,NA,0,NC,NA,Suncus murinus,Sarahandrano,agriculture,2
3131,NA,NA,NA,NA,NA,NA,0,NC,NA,Suncus murinus,Sarahandrano,agriculture,2
3132,NA,NA,NA,NA,NA,NA,0,NC,NA,Microgale prolixacaudata,Sarahandrano,agriculture,2
3134,NA,NA,NA,NA,NA,NA,0,NC,NA,Suncus murinus,Sarahandrano,agriculture,2
3137,NA,NA,NA,NA,NA,NA,0,NC,NA,Rattus rattus,Sarahandrano,agriculture,2
3140,NA,NA,NA,NA,NA,NA,0,NC,NA,Rattus rattus,Sarahandrano,agriculture,2
3141,NA,NA,NA,NA,NA,NA,0,NC,NA,Suncus murinus,Sarahandrano,agriculture,2
3150,NA,NA,NA,NA,NA,NA,0,NC,NA,Rattus rattus,Sarahandrano,agriculture,2
3152,NA,NA,NA,NA,NA,NA,0,NC,NA,Suncus murinus,Sarahandrano,agriculture,2
3154,NA,NA,NA,NA,NA,NA,0,NC,NA,Rattus rattus,Sarahandrano,agriculture,2
3157,NA,NA,NA,NA,NA,NA,0,NC,NA,Microgale prolixacaudata,Sarahandrano,brushy_regrowth,3
3159,NA,NA,NA,NA,NA,NA,0,NC,NA,Suncus murinus,Sarahandrano,brushy_regrowth,3
3160,NA,NA,NA,NA,NA,NA,0,NC,NA,Suncus murinus,Sarahandrano,brushy_regrowth,3
3200,NA,NA,NA,NA,NA,NA,0,NC,NA,Microgale prolixacaudata,Sarahandrano,brushy_regrowth,3
3213,NA,NA,NA,NA,NA,NA,0,NC,NA,Rattus rattus,Sarahandrano,brushy_regrowth,3
3225,NA,NA,NA,NA,NA,NA,0,NC,NA,Mus musculus,Sarahandrano,brushy_regrowth,3
3278,NA,NA,NA,NA,NA,NA,0,NC,NA,Suncus murinus,Sarahandrano,agriculture,3
3290,NA,NA,NA,NA,NA,NA,0,NC,NA,Suncus murinus,Sarahandrano,agriculture,3
3298,NA,NA,NA,NA,NA,NA,0,NC,NA,Rattus rattus,Sarahandrano,agriculture,3
3314,NA,NA,NA,NA,NA,NA,0,NC,NA,Rattus rattus,Sarahandrano,agriculture,3
3316,NA,NA,NA,NA,NA,NA,0,NC,NA,Nesogale talazaci,Sarahandrano,secondary_forest,3
3324,NA,NA,NA,NA,NA,NA,0,NC,NA,Microgale prolixacaudata,Sarahandrano,secondary_forest,3
3332,NA,NA,NA,NA,NA,NA,0,NC,NA,Suncus murinus,Sarahandrano,secondary_forest,3
3352,NA,NA,NA,NA,NA,NA,0,NC,NA,Suncus murinus,Sarahandrano,secondary_forest,3
3359,NA,NA,NA,NA,NA,NA,0,NC,NA,Suncus murinus,Sarahandrano,secondary_forest,3
3369,NA,NA,NA,NA,NA,NA,0,NC,NA,Nesogale talazaci,Sarahandrano,semi-intact_forest,3
3373,NA,NA,NA,NA,NA,NA,0,NC,NA,Rattus rattus,Sarahandrano,agroforest,3
3381,NA,NA,NA,NA,NA,NA,0,NC,NA,Rattus rattus,Sarahandrano,agroforest,3
3383,NA,NA,NA,NA,NA,NA,0,NC,NA,Rattus rattus,Sarahandrano,agroforest,3
3384,NA,NA,NA,NA,NA,NA,0,NC,NA,Rattus rattus,Sarahandrano,agroforest,3
3435,NA,NA,NA,NA,NA,NA,0,NC,NA,Suncus murinus,Sarahandrano,flooded_rice,3
3436,NA,NA,NA,NA,NA,NA,0,NC,NA,Suncus murinus,Sarahandrano,flooded_rice,3
3437,NA,NA,NA,NA,NA,NA,0,NC,NA,Suncus murinus,Sarahandrano,flooded_rice,3
3438,NA,NA,NA,NA,NA,NA,0,NC,NA,Rattus rattus,Sarahandrano,village,3
3440,NA,NA,NA,NA,NA,NA,0,NC,NA,Mus musculus,Sarahandrano,village,3
3442,NA,NA,NA,NA,NA,NA,0,NC,NA,Rattus rattus,Sarahandrano,village,3
3444,NA,NA,NA,NA,NA,NA,0,NC,NA,Suncus murinus,Sarahandrano,flooded_rice,3
3445,NA,NA,NA,NA,NA,NA,0,NC,NA,Suncus murinus,Sarahandrano,flooded_rice,3
3450,NA,NA,NA,NA,NA,NA,0,NC,NA,Suncus murinus,Sarahandrano,village,3
3454,NA,NA,NA,NA,NA,NA,0,NC,NA,Suncus etruscus,Sarahandrano,flooded_rice,3
3464,NA,NA,NA,NA,NA,NA,0,NC,NA,Suncus etruscus,Sarahandrano,flooded_rice,3
3466,NA,NA,NA,NA,NA,NA,0,NC,NA,Suncus murinus,Sarahandrano,flooded_rice,3
3468,NA,NA,NA,NA,NA,NA,0,NC,NA,Suncus murinus,Sarahandrano,village,3
3469,NA,NA,NA,NA,NA,NA,0,NC,NA,Rattus rattus,Sarahandrano,village,3
3477,NA,NA,NA,NA,NA,NA,0,NC,NA,Rattus rattus,Sarahandrano,village,3
3479,NA,NA,NA,NA,NA,NA,0,NC,NA,Suncus murinus,Sarahandrano,village,3
3480,NA,NA,NA,NA,NA,NA,0,NC,NA,Rattus rattus,Sarahandrano,village,3
3481,NA,NA,NA,NA,NA,NA,0,NC,NA,Rattus rattus,Sarahandrano,village,3
3483,NA,NA,NA,NA,NA,NA,0,NC,NA,Suncus murinus,Sarahandrano,flooded_rice,3
3485,NA,NA,NA,NA,NA,NA,0,NC,NA,Mus musculus,Sarahandrano,village,3
3489,NA,NA,NA,NA,NA,NA,0,NC,NA,Rattus rattus,Sarahandrano,village,3
3490,NA,NA,NA,NA,NA,NA,0,NC,NA,Rattus rattus,Sarahandrano,village,3
3492,NA,NA,NA,NA,NA,NA,0,NC,NA,Microgale brevicaudata,Andatsakala,brushy_regrowth,1
3493,NA,NA,NA,NA,NA,NA,0,NC,NA,Microgale brevicaudata,Andatsakala,brushy_regrowth,1
3495,NA,NA,NA,NA,NA,NA,0,NC,NA,Microgale prolixacaudata,Andatsakala,brushy_regrowth,1
3499,NA,NA,NA,NA,NA,NA,0,NC,NA,Rattus rattus,Andatsakala,brushy_regrowth,1
3509,NA,NA,NA,NA,NA,NA,0,NC,NA,Rattus rattus,Andatsakala,brushy_regrowth,1
3510,NA,NA,NA,NA,NA,NA,0,NC,NA,Microgale brevicaudata,Andatsakala,brushy_regrowth,1
3515,NA,NA,NA,NA,NA,NA,0,NC,NA,Suncus etruscus,Andatsakala,brushy_regrowth,1
3521,NA,NA,NA,NA,NA,NA,0,NC,NA,Microgale prolixacaudata,Andatsakala,brushy_regrowth,1
3522,NA,NA,NA,NA,NA,NA,0,NC,NA,Suncus etruscus,Andatsakala,brushy_regrowth,1
3524,NA,NA,NA,NA,NA,NA,0,NC,NA,Suncus murinus,Andatsakala,brushy_regrowth,1
3529,NA,NA,NA,NA,NA,NA,0,NC,NA,Microgale brevicaudata,Andatsakala,agriculture,1
3537,NA,NA,NA,NA,NA,NA,0,NC,NA,Microgale brevicaudata,Andatsakala,agriculture,1
3539,NA,NA,NA,NA,NA,NA,0,NC,NA,Microgale brevicaudata,Andatsakala,agriculture,1
3540,NA,NA,NA,NA,NA,NA,0,NC,NA,Suncus etruscus,Andatsakala,agriculture,1
3541,NA,NA,NA,NA,NA,NA,0,NC,NA,Microgale brevicaudata,Andatsakala,agriculture,1
3542,NA,NA,NA,NA,NA,NA,0,NC,NA,Suncus etruscus,Andatsakala,agriculture,1
3544,NA,NA,NA,NA,NA,NA,0,NC,NA,Suncus etruscus,Andatsakala,agriculture,1
3545,NA,NA,NA,NA,NA,NA,0,NC,NA,Microgale brevicaudata,Andatsakala,agriculture,1
3557,NA,NA,NA,NA,NA,NA,0,NC,NA,Rattus rattus,Andatsakala,secondary_forest,1
3558,NA,NA,NA,NA,NA,NA,0,NC,NA,Rattus rattus,Andatsakala,secondary_forest,1
3562,NA,NA,NA,NA,NA,NA,0,NC,NA,Microgale brevicaudata,Andatsakala,secondary_forest,1
3568,NA,NA,NA,NA,NA,NA,0,NC,NA,Rattus rattus,Andatsakala,secondary_forest,1
3574,NA,NA,NA,NA,NA,NA,0,NC,NA,Rattus rattus,Andatsakala,semi-intact_forest,1
3576,NA,NA,NA,NA,NA,NA,0,NC,NA,Setifer setosus,Andatsakala,semi-intact_forest,1
3580,NA,NA,NA,NA,NA,NA,0,NC,NA,Eliurus minor,Andatsakala,semi-intact_forest,1
3583,NA,NA,NA,NA,NA,NA,0,NC,NA,Microgale brevicaudata,Andatsakala,agroforest,1
3592,NA,NA,NA,NA,NA,NA,0,NC,NA,Rattus rattus,Andatsakala,agroforest,1
3595,NA,NA,NA,NA,NA,NA,0,NC,NA,Mus musculus,Andatsakala,agroforest,1
3600,NA,NA,NA,NA,NA,NA,0,NC,NA,Rattus rattus,Andatsakala,agroforest,1
3601,NA,NA,NA,NA,NA,NA,0,NC,NA,Microgale brevicaudata,Andatsakala,agroforest,1
3602,NA,NA,NA,NA,NA,NA,0,NC,NA,Suncus murinus,Andatsakala,agroforest,1
3607,NA,NA,NA,NA,NA,NA,0,NC,NA,Rattus rattus,Andatsakala,agroforest,1
3610,NA,NA,NA,NA,NA,NA,0,NC,NA,Rattus rattus,Andatsakala,agroforest,1
3615,NA,NA,NA,NA,NA,NA,0,NC,NA,Microgale brevicaudata,Andatsakala,agroforest,1
3618,NA,NA,NA,NA,NA,NA,0,NC,NA,Suncus etruscus,Andatsakala,agroforest,1
3621,NA,NA,NA,NA,NA,NA,0,NC,NA,Rattus rattus,Andatsakala,agroforest,1
3629,NA,NA,NA,NA,NA,NA,0,NC,NA,Mus musculus,Andatsakala,village,1
3631,NA,NA,NA,NA,NA,NA,0,NC,NA,Suncus murinus,Andatsakala,flooded_rice,1
3634,NA,NA,NA,NA,NA,NA,0,NC,NA,Rattus rattus,Andatsakala,village,1
3635,NA,NA,NA,NA,NA,NA,0,NC,NA,Rattus rattus,Andatsakala,village,1
3636,NA,NA,NA,NA,NA,NA,0,NC,NA,Rattus rattus,Andatsakala,village,1
3639,NA,NA,NA,NA,NA,NA,0,NC,NA,Rattus rattus,Andatsakala,village,1
3641,NA,NA,NA,NA,NA,NA,0,NC,NA,Rattus rattus,Andatsakala,village,1
3642,NA,NA,NA,NA,NA,NA,0,NC,NA,Rattus rattus,Andatsakala,village,1
3643,NA,NA,NA,NA,NA,NA,0,NC,NA,Rattus rattus,Andatsakala,village,1
3646,NA,NA,NA,NA,NA,NA,0,NC,NA,Rattus rattus,Andatsakala,village,1
3647,NA,NA,NA,NA,NA,NA,0,NC,NA,Suncus etruscus,Andatsakala,flooded_rice,1
3648,NA,NA,NA,NA,NA,NA,0,NC,NA,Suncus etruscus,Andatsakala,flooded_rice,1
3653,NA,NA,NA,NA,NA,NA,0,NC,NA,Rattus rattus,Andatsakala,village,1
3654,NA,NA,NA,NA,NA,NA,0,NC,NA,Rattus rattus,Andatsakala,village,1
3657,NA,NA,NA,NA,NA,NA,0,NC,NA,Rattus rattus,Andatsakala,flooded_rice,1
3659,NA,NA,NA,NA,NA,NA,0,NC,NA,Rattus rattus,Andatsakala,village,1
3660,NA,NA,NA,NA,NA,NA,0,NC,NA,Rattus rattus,Andatsakala,village,1
3661,NA,NA,NA,NA,NA,NA,0,NC,NA,Rattus rattus,Andatsakala,brushy_regrowth,2
3663,NA,NA,NA,NA,NA,NA,0,NC,NA,Rattus rattus,Andatsakala,brushy_regrowth,2
3666,NA,NA,NA,NA,NA,NA,0,NC,NA,Microgale longicaudata,Andatsakala,brushy_regrowth,2
3674,NA,NA,NA,NA,NA,NA,0,NC,NA,Mus musculus,Andatsakala,brushy_regrowth,2
3682,NA,NA,NA,NA,NA,NA,0,NC,NA,Microgale brevicaudata,Andatsakala,brushy_regrowth,2
3687,NA,NA,NA,NA,NA,NA,0,NC,NA,Microgale brevicaudata,Andatsakala,agriculture,2
3688,NA,NA,NA,NA,NA,NA,0,NC,NA,Nesogale cf. talazaci,Andatsakala,agriculture,2
3689,NA,NA,NA,NA,NA,NA,0,NC,NA,Rattus rattus,Andatsakala,agriculture,2
3694,NA,NA,NA,NA,NA,NA,0,NC,NA,Suncus etruscus,Andatsakala,agriculture,2
3703,NA,NA,NA,NA,NA,NA,0,NC,NA,Microgale brevicaudata,Andatsakala,agriculture,2
3704,NA,NA,NA,NA,NA,NA,0,NC,NA,Suncus etruscus,Andatsakala,agriculture,2
3705,NA,NA,NA,NA,NA,NA,0,NC,NA,Microgale brevicaudata,Andatsakala,agriculture,2
3706,NA,NA,NA,NA,NA,NA,0,NC,NA,Suncus murinus,Andatsakala,agriculture,2
3720,NA,NA,NA,NA,NA,NA,0,NC,NA,Microgale brevicaudata,Andatsakala,secondary_forest,2
3740,NA,NA,NA,NA,NA,NA,0,NC,NA,Mus musculus,Andatsakala,agroforest,2
3744,NA,NA,NA,NA,NA,NA,0,NC,NA,Microgale brevicaudata,Andatsakala,agroforest,2
3745,NA,NA,NA,NA,NA,NA,0,NC,NA,Microgale brevicaudata,Andatsakala,agroforest,2
3747,NA,NA,NA,NA,NA,NA,0,NC,NA,Microgale brevicaudata,Andatsakala,agroforest,2
3748,NA,NA,NA,NA,NA,NA,0,NC,NA,Suncus murinus,Andatsakala,agroforest,2
3755,NA,NA,NA,NA,NA,NA,0,NC,NA,Microgale brevicaudata,Andatsakala,agroforest,2
3758,NA,NA,NA,NA,NA,NA,0,NC,NA,Microgale brevicaudata,Andatsakala,agroforest,2
3759,NA,NA,NA,NA,NA,NA,0,NC,NA,Microgale brevicaudata,Andatsakala,agroforest,2
3762,NA,NA,NA,NA,NA,NA,0,NC,NA,Microgale brevicaudata,Andatsakala,agroforest,2
3763,NA,NA,NA,NA,NA,NA,0,NC,NA,Microgale brevicaudata,Andatsakala,agroforest,2
3764,NA,NA,NA,NA,NA,NA,0,NC,NA,Microgale brevicaudata,Andatsakala,agroforest,2
3765,NA,NA,NA,NA,NA,NA,0,NC,NA,Microgale brevicaudata,Andatsakala,agroforest,2
3767,NA,NA,NA,NA,NA,NA,0,NC,NA,Rattus rattus,Andatsakala,agroforest,2
3768,NA,NA,NA,NA,NA,NA,0,NC,NA,Suncus etruscus,Andatsakala,agroforest,2
3776,NA,NA,NA,NA,NA,NA,0,NC,NA,Microgale brevicaudata,Andatsakala,agroforest,2
3782,NA,NA,NA,NA,NA,NA,0,NC,NA,Rattus rattus,Andatsakala,flooded_rice,2
3786,NA,NA,NA,NA,NA,NA,0,NC,NA,Suncus murinus,Andatsakala,flooded_rice,2
3787,NA,NA,NA,NA,NA,NA,0,NC,NA,Suncus murinus,Andatsakala,flooded_rice,2
3788,NA,NA,NA,NA,NA,NA,0,NC,NA,Suncus murinus,Andatsakala,flooded_rice,2
3791,NA,NA,NA,NA,NA,NA,0,NC,NA,Rattus rattus,Andatsakala,village,2
3792,NA,NA,NA,NA,NA,NA,0,NC,NA,Rattus rattus,Andatsakala,village,2
3793,NA,NA,NA,NA,NA,NA,0,NC,NA,Mus musculus,Andatsakala,village,2
3794,NA,NA,NA,NA,NA,NA,0,NC,NA,Suncus murinus,Andatsakala,village,2
3795,NA,NA,NA,NA,NA,NA,0,NC,NA,Mus musculus,Andatsakala,village,2
3798,NA,NA,NA,NA,NA,NA,0,NC,NA,Rattus rattus,Andatsakala,village,2
3800,NA,NA,NA,NA,NA,NA,0,NC,NA,Rattus rattus,Andatsakala,village,2
3801,NA,NA,NA,NA,NA,NA,0,NC,NA,Rattus rattus,Andatsakala,village,2
3805,NA,NA,NA,NA,NA,NA,0,NC,NA,Suncus murinus,Andatsakala,flooded_rice,2
3808,NA,NA,NA,NA,NA,NA,0,NC,NA,Rattus rattus,Andatsakala,flooded_rice,2
3812,NA,NA,NA,NA,NA,NA,0,NC,NA,Rattus rattus,Andatsakala,flooded_rice,2
3815,NA,NA,NA,NA,NA,NA,0,NC,NA,Rattus rattus,Andatsakala,village,2
3816,NA,NA,NA,NA,NA,NA,0,NC,NA,Rattus rattus,Andatsakala,village,2
3817,NA,NA,NA,NA,NA,NA,0,NC,NA,Rattus rattus,Andatsakala,village,2
3818,NA,NA,NA,NA,NA,NA,0,NC,NA,Suncus murinus,Andatsakala,flooded_rice,2
3819,NA,NA,NA,NA,NA,NA,0,NC,NA,Suncus murinus,Andatsakala,village,2
3824,NA,NA,NA,NA,NA,NA,0,NC,NA,Suncus etruscus,Andatsakala,flooded_rice,2
3826,NA,NA,NA,NA,NA,NA,0,NC,NA,Suncus murinus,Andatsakala,flooded_rice,2
3827,NA,NA,NA,NA,NA,NA,0,NC,NA,Microgale brevicaudata,Andatsakala,brushy_regrowth,3
3828,NA,NA,NA,NA,NA,NA,0,NC,NA,Microgale brevicaudata,Andatsakala,brushy_regrowth,3
3837,NA,NA,NA,NA,NA,NA,0,NC,NA,Suncus etruscus,Andatsakala,brushy_regrowth,3
3839,NA,NA,NA,NA,NA,NA,0,NC,NA,Rattus rattus,Andatsakala,brushy_regrowth,3
3842,NA,NA,NA,NA,NA,NA,0,NC,NA,Microgale brevicaudata,Andatsakala,brushy_regrowth,3
3843,NA,NA,NA,NA,NA,NA,0,NC,NA,Microgale longicaudata,Andatsakala,brushy_regrowth,3
3850,NA,NA,NA,NA,NA,NA,0,NC,NA,Rattus rattus,Andatsakala,brushy_regrowth,3
3855,NA,NA,NA,NA,NA,NA,0,NC,NA,Microgale brevicaudata,Andatsakala,agriculture,3
3856,NA,NA,NA,NA,NA,NA,0,NC,NA,Microgale brevicaudata,Andatsakala,agriculture,3
3861,NA,NA,NA,NA,NA,NA,0,NC,NA,Microgale brevicaudata,Andatsakala,agriculture,3
3869,NA,NA,NA,NA,NA,NA,0,NC,NA,Rattus rattus,Andatsakala,agriculture,3
3871,NA,NA,NA,NA,NA,NA,0,NC,NA,Microgale brevicaudata,Andatsakala,agriculture,3
3880,NA,NA,NA,NA,NA,NA,0,NC,NA,Microgale brevicaudata,Andatsakala,agriculture,3
3882,NA,NA,NA,NA,NA,NA,0,NC,NA,Nesogale talazaci,Andatsakala,agriculture,3
3895,NA,NA,NA,NA,NA,NA,0,NC,NA,Rattus rattus,Andatsakala,secondary_forest,3
3897,NA,NA,NA,NA,NA,NA,0,NC,NA,Rattus rattus,Andatsakala,secondary_forest,3
3909,NA,NA,NA,NA,NA,NA,0,NC,NA,Rattus rattus,Andatsakala,secondary_forest,3
3916,NA,NA,NA,NA,NA,NA,0,NC,NA,Rattus rattus,Andatsakala,secondary_forest,3
3917,NA,NA,NA,NA,NA,NA,0,NC,NA,Rattus rattus,Andatsakala,secondary_forest,3
3919,NA,NA,NA,NA,NA,NA,0,NC,NA,Rattus rattus,Andatsakala,secondary_forest,3
3925,NA,NA,NA,NA,NA,NA,0,NC,NA,Nesogale talazaci,Andatsakala,secondary_forest,3
3927,NA,NA,NA,NA,NA,NA,0,NC,NA,Suncus etruscus,Andatsakala,secondary_forest,3
3928,NA,NA,NA,NA,NA,NA,0,NC,NA,Rattus rattus,Andatsakala,secondary_forest,3
3936,NA,NA,NA,NA,NA,NA,0,NC,NA,Rattus rattus,Andatsakala,semi-intact_forest,3
3944,NA,NA,NA,NA,NA,NA,0,NC,NA,Suncus murinus,Andatsakala,flooded_rice,3
3946,NA,NA,NA,NA,NA,NA,0,NC,NA,Suncus murinus,Andatsakala,flooded_rice,3
3947,NA,NA,NA,NA,NA,NA,0,NC,NA,Suncus murinus,Andatsakala,flooded_rice,3
3949,NA,NA,NA,NA,NA,NA,0,NC,NA,Suncus murinus,Andatsakala,flooded_rice,3
3951,NA,NA,NA,NA,NA,NA,0,NC,NA,Suncus murinus,Andatsakala,village,3
3953,NA,NA,NA,NA,NA,NA,0,NC,NA,Suncus etruscus,Andatsakala,flooded_rice,3
3954,NA,NA,NA,NA,NA,NA,0,NC,NA,Suncus etruscus,Andatsakala,flooded_rice,3
3955,NA,NA,NA,NA,NA,NA,0,NC,NA,Suncus murinus,Andatsakala,flooded_rice,3
3959,NA,NA,NA,NA,NA,NA,0,NC,NA,Rattus rattus,Andatsakala,village,3
3960,NA,NA,NA,NA,NA,NA,0,NC,NA,Rattus rattus,Andatsakala,village,3
3961,NA,NA,NA,NA,NA,NA,0,NC,NA,Rattus rattus,Andatsakala,village,3
3962,NA,NA,NA,NA,NA,NA,0,NC,NA,Rattus rattus,Andatsakala,village,3
3964,NA,NA,NA,NA,NA,NA,0,NC,NA,Suncus murinus,Andatsakala,flooded_rice,3
3968,NA,NA,NA,NA,NA,NA,0,NC,NA,Rattus rattus,Andatsakala,village,3
3970,NA,NA,NA,NA,NA,NA,0,NC,NA,Rattus rattus,Andatsakala,village,3
3971,NA,NA,NA,NA,NA,NA,0,NC,NA,Rattus rattus,Andatsakala,village,3
3973,NA,NA,NA,NA,NA,NA,0,NC,NA,Rattus rattus,Andatsakala,village,3
3974,NA,NA,NA,NA,NA,NA,0,NC,NA,Rattus rattus,Andatsakala,village,3
3975,NA,NA,NA,NA,NA,NA,0,NC,NA,Rattus rattus,Andatsakala,village,3
3976,NA,NA,NA,NA,NA,NA,0,NC,NA,Suncus murinus,Andatsakala,village,3
3980,NA,NA,NA,NA,NA,NA,0,NC,NA,Rattus rattus,Andatsakala,village,3
3981,NA,NA,NA,NA,NA,NA,0,NC,NA,Rattus rattus,Andatsakala,village,3
3986,NA,NA,NA,NA,NA,NA,0,NC,NA,Rattus rattus,Andatsakala,village,3
3991,NA,NA,NA,NA,NA,NA,0,NC,NA,Suncus etruscus,Andatsakala,agroforest,3
4004,NA,NA,NA,NA,NA,NA,0,NC,NA,Rattus rattus,Andatsakala,village,3
4011,NA,NA,NA,NA,NA,NA,0,NC,NA,Suncus etruscus,Andatsakala,agroforest,3
4012,NA,NA,NA,NA,NA,NA,0,NC,NA,Rattus rattus,Andatsakala,village,3
4013,NA,NA,NA,NA,NA,NA,0,NC,NA,Rattus rattus,Andatsakala,village,3
4014,NA,NA,NA,NA,NA,NA,0,NC,NA,Rattus rattus,Andatsakala,village,3
4015,NA,NA,NA,NA,NA,NA,0,NC,NA,Rattus rattus,Andatsakala,village,3
4017,NA,NA,NA,NA,NA,NA,0,NC,NA,Rattus rattus,Andatsakala,village,3
4018,NA,NA,NA,NA,NA,NA,0,NC,NA,Rattus rattus,Andatsakala,village,3
4019,NA,NA,NA,NA,NA,NA,0,NC,NA,Rattus rattus,Andatsakala,village,3
4020,NA,NA,NA,NA,NA,NA,0,NC,NA,Suncus murinus,Andatsakala,agroforest,3
4023,NA,NA,NA,NA,NA,NA,0,NC,NA,Rattus rattus,Andatsakala,village,3
4024,NA,NA,NA,NA,NA,NA,0,NC,NA,Rattus rattus,Andatsakala,village,3
4033,NA,NA,NA,NA,NA,NA,0,NC,NA,Rattus rattus,Andatsakala,village,3
4034,NA,NA,NA,NA,NA,NA,0,NC,NA,Rattus rattus,Andatsakala,village,3
4035,NA,NA,NA,NA,NA,NA,0,NC,NA,Rattus rattus,Andatsakala,village,3
4037,NA,NA,NA,NA,NA,NA,0,NC,NA,Rattus rattus,Andatsakala,village,3
