host_ID,host_species,village,grid,final_id,link,type
2006,Microgale brevicaudata,Mandena,brushy_regrowth,Blastocystis,1,Protozoa
2006,Microgale brevicaudata,Mandena,brushy_regrowth,Entamoeba,1,Protozoa
2006,Microgale brevicaudata,Mandena,brushy_regrowth,Heligmosomoidea,1,Nematode
2006,Microgale brevicaudata,Mandena,brushy_regrowth,Nippostrongylus,1,Nematode
2006,Microgale brevicaudata,Mandena,brushy_regrowth,Trichostrongylidae,1,Nematode
2006,Microgale brevicaudata,Mandena,brushy_regrowth,Hypotrichomonas,0,Protozoa
2006,Microgale brevicaudata,Mandena,brushy_regrowth,Tritrichomonas,0,Protozoa
2006,Microgale brevicaudata,Mandena,brushy_regrowth,Eimeria,0,Protozoa
2006,Microgale brevicaudata,Mandena,brushy_regrowth,Heligmonellidae,0,Nematode
2006,Microgale brevicaudata,Mandena,brushy_regrowth,Hexamastix,0,Protozoa
2006,Microgale brevicaudata,Mandena,brushy_regrowth,Tetratrichomonas,0,Protozoa
2007,Microgale brevicaudata,Mandena,brushy_regrowth,Blastocystis,1,Protozoa
2007,Microgale brevicaudata,Mandena,brushy_regrowth,Entamoeba,1,Protozoa
2007,Microgale brevicaudata,Mandena,brushy_regrowth,Heligmosomoidea,0,Nematode
2007,Microgale brevicaudata,Mandena,brushy_regrowth,Nippostrongylus,0,Nematode
2007,Microgale brevicaudata,Mandena,brushy_regrowth,Trichostrongylidae,0,Nematode
2007,Microgale brevicaudata,Mandena,brushy_regrowth,Hypotrichomonas,0,Protozoa
2007,Microgale brevicaudata,Mandena,brushy_regrowth,Tritrichomonas,0,Protozoa
2007,Microgale brevicaudata,Mandena,brushy_regrowth,Eimeria,0,Protozoa
2007,Microgale brevicaudata,Mandena,brushy_regrowth,Heligmonellidae,0,Nematode
2007,Microgale brevicaudata,Mandena,brushy_regrowth,Hexamastix,0,Protozoa
2007,Microgale brevicaudata,Mandena,brushy_regrowth,Tetratrichomonas,0,Protozoa
2010,Rattus rattus,Mandena,brushy_regrowth,Blastocystis,0,Protozoa
2010,Rattus rattus,Mandena,brushy_regrowth,Entamoeba,1,Protozoa
2010,Rattus rattus,Mandena,brushy_regrowth,Heligmosomoidea,0,Nematode
2010,Rattus rattus,Mandena,brushy_regrowth,Nippostrongylus,1,Nematode
2010,Rattus rattus,Mandena,brushy_regrowth,Trichostrongylidae,0,Nematode
2010,Rattus rattus,Mandena,brushy_regrowth,Hypotrichomonas,1,Protozoa
2010,Rattus rattus,Mandena,brushy_regrowth,Tritrichomonas,0,Protozoa
2010,Rattus rattus,Mandena,brushy_regrowth,Eimeria,0,Protozoa
2010,Rattus rattus,Mandena,brushy_regrowth,Heligmonellidae,0,Nematode
2010,Rattus rattus,Mandena,brushy_regrowth,Hexamastix,0,Protozoa
2010,Rattus rattus,Mandena,brushy_regrowth,Tetratrichomonas,0,Protozoa
2011,Rattus rattus,Mandena,brushy_regrowth,Blastocystis,1,Protozoa
2011,Rattus rattus,Mandena,brushy_regrowth,Entamoeba,1,Protozoa
2011,Rattus rattus,Mandena,brushy_regrowth,Heligmosomoidea,0,Nematode
2011,Rattus rattus,Mandena,brushy_regrowth,Nippostrongylus,0,Nematode
2011,Rattus rattus,Mandena,brushy_regrowth,Trichostrongylidae,0,Nematode
2011,Rattus rattus,Mandena,brushy_regrowth,Hypotrichomonas,1,Protozoa
2011,Rattus rattus,Mandena,brushy_regrowth,Tritrichomonas,1,Protozoa
2011,Rattus rattus,Mandena,brushy_regrowth,Eimeria,0,Protozoa
2011,Rattus rattus,Mandena,brushy_regrowth,Heligmonellidae,0,Nematode
2011,Rattus rattus,Mandena,brushy_regrowth,Hexamastix,0,Protozoa
2011,Rattus rattus,Mandena,brushy_regrowth,Tetratrichomonas,0,Protozoa
2013,Rattus rattus,Mandena,brushy_regrowth,Blastocystis,1,Protozoa
2013,Rattus rattus,Mandena,brushy_regrowth,Entamoeba,1,Protozoa
2013,Rattus rattus,Mandena,brushy_regrowth,Heligmosomoidea,0,Nematode
2013,Rattus rattus,Mandena,brushy_regrowth,Nippostrongylus,1,Nematode
2013,Rattus rattus,Mandena,brushy_regrowth,Trichostrongylidae,0,Nematode
2013,Rattus rattus,Mandena,brushy_regrowth,Hypotrichomonas,0,Protozoa
2013,Rattus rattus,Mandena,brushy_regrowth,Tritrichomonas,0,Protozoa
2013,Rattus rattus,Mandena,brushy_regrowth,Eimeria,0,Protozoa
2013,Rattus rattus,Mandena,brushy_regrowth,Heligmonellidae,0,Nematode
2013,Rattus rattus,Mandena,brushy_regrowth,Hexamastix,0,Protozoa
2013,Rattus rattus,Mandena,brushy_regrowth,Tetratrichomonas,0,Protozoa
2014,Rattus rattus,Mandena,brushy_regrowth,Blastocystis,1,Protozoa
2014,Rattus rattus,Mandena,brushy_regrowth,Entamoeba,0,Protozoa
2014,Rattus rattus,Mandena,brushy_regrowth,Heligmosomoidea,0,Nematode
2014,Rattus rattus,Mandena,brushy_regrowth,Nippostrongylus,1,Nematode
2014,Rattus rattus,Mandena,brushy_regrowth,Trichostrongylidae,0,Nematode
2014,Rattus rattus,Mandena,brushy_regrowth,Hypotrichomonas,0,Protozoa
2014,Rattus rattus,Mandena,brushy_regrowth,Tritrichomonas,0,Protozoa
2014,Rattus rattus,Mandena,brushy_regrowth,Eimeria,0,Protozoa
2014,Rattus rattus,Mandena,brushy_regrowth,Heligmonellidae,0,Nematode
2014,Rattus rattus,Mandena,brushy_regrowth,Hexamastix,0,Protozoa
2014,Rattus rattus,Mandena,brushy_regrowth,Tetratrichomonas,0,Protozoa
2015,Rattus rattus,Mandena,brushy_regrowth,Blastocystis,1,Protozoa
2015,Rattus rattus,Mandena,brushy_regrowth,Entamoeba,1,Protozoa
2015,Rattus rattus,Mandena,brushy_regrowth,Heligmosomoidea,0,Nematode
2015,Rattus rattus,Mandena,brushy_regrowth,Nippostrongylus,0,Nematode
2015,Rattus rattus,Mandena,brushy_regrowth,Trichostrongylidae,0,Nematode
2015,Rattus rattus,Mandena,brushy_regrowth,Hypotrichomonas,1,Protozoa
2015,Rattus rattus,Mandena,brushy_regrowth,Tritrichomonas,0,Protozoa
2015,Rattus rattus,Mandena,brushy_regrowth,Eimeria,0,Protozoa
2015,Rattus rattus,Mandena,brushy_regrowth,Heligmonellidae,0,Nematode
2015,Rattus rattus,Mandena,brushy_regrowth,Hexamastix,0,Protozoa
2015,Rattus rattus,Mandena,brushy_regrowth,Tetratrichomonas,0,Protozoa
2016,Rattus rattus,Mandena,brushy_regrowth,Blastocystis,1,Protozoa
2016,Rattus rattus,Mandena,brushy_regrowth,Entamoeba,1,Protozoa
2016,Rattus rattus,Mandena,brushy_regrowth,Heligmosomoidea,0,Nematode
2016,Rattus rattus,Mandena,brushy_regrowth,Nippostrongylus,1,Nematode
2016,Rattus rattus,Mandena,brushy_regrowth,Trichostrongylidae,0,Nematode
2016,Rattus rattus,Mandena,brushy_regrowth,Hypotrichomonas,0,Protozoa
2016,Rattus rattus,Mandena,brushy_regrowth,Tritrichomonas,0,Protozoa
2016,Rattus rattus,Mandena,brushy_regrowth,Eimeria,0,Protozoa
2016,Rattus rattus,Mandena,brushy_regrowth,Heligmonellidae,0,Nematode
2016,Rattus rattus,Mandena,brushy_regrowth,Hexamastix,0,Protozoa
2016,Rattus rattus,Mandena,brushy_regrowth,Tetratrichomonas,0,Protozoa
2018,Rattus rattus,Mandena,brushy_regrowth,Blastocystis,1,Protozoa
2018,Rattus rattus,Mandena,brushy_regrowth,Entamoeba,1,Protozoa
2018,Rattus rattus,Mandena,brushy_regrowth,Heligmosomoidea,0,Nematode
2018,Rattus rattus,Mandena,brushy_regrowth,Nippostrongylus,1,Nematode
2018,Rattus rattus,Mandena,brushy_regrowth,Trichostrongylidae,0,Nematode
2018,Rattus rattus,Mandena,brushy_regrowth,Hypotrichomonas,0,Protozoa
2018,Rattus rattus,Mandena,brushy_regrowth,Tritrichomonas,0,Protozoa
2018,Rattus rattus,Mandena,brushy_regrowth,Eimeria,0,Protozoa
2018,Rattus rattus,Mandena,brushy_regrowth,Heligmonellidae,0,Nematode
2018,Rattus rattus,Mandena,brushy_regrowth,Hexamastix,0,Protozoa
2018,Rattus rattus,Mandena,brushy_regrowth,Tetratrichomonas,0,Protozoa
2019,Rattus rattus,Mandena,brushy_regrowth,Blastocystis,1,Protozoa
2019,Rattus rattus,Mandena,brushy_regrowth,Entamoeba,1,Protozoa
2019,Rattus rattus,Mandena,brushy_regrowth,Heligmosomoidea,0,Nematode
2019,Rattus rattus,Mandena,brushy_regrowth,Nippostrongylus,0,Nematode
2019,Rattus rattus,Mandena,brushy_regrowth,Trichostrongylidae,0,Nematode
2019,Rattus rattus,Mandena,brushy_regrowth,Hypotrichomonas,0,Protozoa
2019,Rattus rattus,Mandena,brushy_regrowth,Tritrichomonas,1,Protozoa
2019,Rattus rattus,Mandena,brushy_regrowth,Eimeria,0,Protozoa
2019,Rattus rattus,Mandena,brushy_regrowth,Heligmonellidae,0,Nematode
2019,Rattus rattus,Mandena,brushy_regrowth,Hexamastix,0,Protozoa
2019,Rattus rattus,Mandena,brushy_regrowth,Tetratrichomonas,0,Protozoa
2021,Microgale brevicaudata,Mandena,brushy_regrowth,Blastocystis,1,Protozoa
2021,Microgale brevicaudata,Mandena,brushy_regrowth,Entamoeba,1,Protozoa
2021,Microgale brevicaudata,Mandena,brushy_regrowth,Heligmosomoidea,0,Nematode
2021,Microgale brevicaudata,Mandena,brushy_regrowth,Nippostrongylus,0,Nematode
2021,Microgale brevicaudata,Mandena,brushy_regrowth,Trichostrongylidae,0,Nematode
2021,Microgale brevicaudata,Mandena,brushy_regrowth,Hypotrichomonas,0,Protozoa
2021,Microgale brevicaudata,Mandena,brushy_regrowth,Tritrichomonas,0,Protozoa
2021,Microgale brevicaudata,Mandena,brushy_regrowth,Eimeria,1,Protozoa
2021,Microgale brevicaudata,Mandena,brushy_regrowth,Heligmonellidae,0,Nematode
2021,Microgale brevicaudata,Mandena,brushy_regrowth,Hexamastix,0,Protozoa
2021,Microgale brevicaudata,Mandena,brushy_regrowth,Tetratrichomonas,0,Protozoa
2023,Rattus rattus,Mandena,brushy_regrowth,Blastocystis,1,Protozoa
2023,Rattus rattus,Mandena,brushy_regrowth,Entamoeba,0,Protozoa
2023,Rattus rattus,Mandena,brushy_regrowth,Heligmosomoidea,0,Nematode
2023,Rattus rattus,Mandena,brushy_regrowth,Nippostrongylus,0,Nematode
2023,Rattus rattus,Mandena,brushy_regrowth,Trichostrongylidae,0,Nematode
2023,Rattus rattus,Mandena,brushy_regrowth,Hypotrichomonas,0,Protozoa
2023,Rattus rattus,Mandena,brushy_regrowth,Tritrichomonas,0,Protozoa
2023,Rattus rattus,Mandena,brushy_regrowth,Eimeria,0,Protozoa
2023,Rattus rattus,Mandena,brushy_regrowth,Heligmonellidae,0,Nematode
2023,Rattus rattus,Mandena,brushy_regrowth,Hexamastix,0,Protozoa
2023,Rattus rattus,Mandena,brushy_regrowth,Tetratrichomonas,0,Protozoa
2024,Rattus rattus,Mandena,brushy_regrowth,Blastocystis,0,Protozoa
2024,Rattus rattus,Mandena,brushy_regrowth,Entamoeba,1,Protozoa
2024,Rattus rattus,Mandena,brushy_regrowth,Heligmosomoidea,0,Nematode
2024,Rattus rattus,Mandena,brushy_regrowth,Nippostrongylus,0,Nematode
2024,Rattus rattus,Mandena,brushy_regrowth,Trichostrongylidae,0,Nematode
2024,Rattus rattus,Mandena,brushy_regrowth,Hypotrichomonas,0,Protozoa
2024,Rattus rattus,Mandena,brushy_regrowth,Tritrichomonas,1,Protozoa
2024,Rattus rattus,Mandena,brushy_regrowth,Eimeria,0,Protozoa
2024,Rattus rattus,Mandena,brushy_regrowth,Heligmonellidae,0,Nematode
2024,Rattus rattus,Mandena,brushy_regrowth,Hexamastix,0,Protozoa
2024,Rattus rattus,Mandena,brushy_regrowth,Tetratrichomonas,0,Protozoa
2025,Rattus rattus,Mandena,brushy_regrowth,Blastocystis,1,Protozoa
2025,Rattus rattus,Mandena,brushy_regrowth,Entamoeba,1,Protozoa
2025,Rattus rattus,Mandena,brushy_regrowth,Heligmosomoidea,0,Nematode
2025,Rattus rattus,Mandena,brushy_regrowth,Nippostrongylus,1,Nematode
2025,Rattus rattus,Mandena,brushy_regrowth,Trichostrongylidae,0,Nematode
2025,Rattus rattus,Mandena,brushy_regrowth,Hypotrichomonas,0,Protozoa
2025,Rattus rattus,Mandena,brushy_regrowth,Tritrichomonas,1,Protozoa
2025,Rattus rattus,Mandena,brushy_regrowth,Eimeria,0,Protozoa
2025,Rattus rattus,Mandena,brushy_regrowth,Heligmonellidae,0,Nematode
2025,Rattus rattus,Mandena,brushy_regrowth,Hexamastix,0,Protozoa
2025,Rattus rattus,Mandena,brushy_regrowth,Tetratrichomonas,0,Protozoa
2026,Microgale brevicaudata,Mandena,brushy_regrowth,Blastocystis,1,Protozoa
2026,Microgale brevicaudata,Mandena,brushy_regrowth,Entamoeba,0,Protozoa
2026,Microgale brevicaudata,Mandena,brushy_regrowth,Heligmosomoidea,0,Nematode
2026,Microgale brevicaudata,Mandena,brushy_regrowth,Nippostrongylus,1,Nematode
2026,Microgale brevicaudata,Mandena,brushy_regrowth,Trichostrongylidae,1,Nematode
2026,Microgale brevicaudata,Mandena,brushy_regrowth,Hypotrichomonas,0,Protozoa
2026,Microgale brevicaudata,Mandena,brushy_regrowth,Tritrichomonas,0,Protozoa
2026,Microgale brevicaudata,Mandena,brushy_regrowth,Eimeria,0,Protozoa
2026,Microgale brevicaudata,Mandena,brushy_regrowth,Heligmonellidae,0,Nematode
2026,Microgale brevicaudata,Mandena,brushy_regrowth,Hexamastix,0,Protozoa
2026,Microgale brevicaudata,Mandena,brushy_regrowth,Tetratrichomonas,0,Protozoa
2027,Microgale brevicaudata,Mandena,brushy_regrowth,Blastocystis,1,Protozoa
2027,Microgale brevicaudata,Mandena,brushy_regrowth,Entamoeba,0,Protozoa
2027,Microgale brevicaudata,Mandena,brushy_regrowth,Heligmosomoidea,0,Nematode
2027,Microgale brevicaudata,Mandena,brushy_regrowth,Nippostrongylus,0,Nematode
2027,Microgale brevicaudata,Mandena,brushy_regrowth,Trichostrongylidae,0,Nematode
2027,Microgale brevicaudata,Mandena,brushy_regrowth,Hypotrichomonas,0,Protozoa
2027,Microgale brevicaudata,Mandena,brushy_regrowth,Tritrichomonas,0,Protozoa
2027,Microgale brevicaudata,Mandena,brushy_regrowth,Eimeria,0,Protozoa
2027,Microgale brevicaudata,Mandena,brushy_regrowth,Heligmonellidae,0,Nematode
2027,Microgale brevicaudata,Mandena,brushy_regrowth,Hexamastix,0,Protozoa
2027,Microgale brevicaudata,Mandena,brushy_regrowth,Tetratrichomonas,0,Protozoa
2028,Microgale brevicaudata,Mandena,brushy_regrowth,Blastocystis,0,Protozoa
2028,Microgale brevicaudata,Mandena,brushy_regrowth,Entamoeba,0,Protozoa
2028,Microgale brevicaudata,Mandena,brushy_regrowth,Heligmosomoidea,0,Nematode
2028,Microgale brevicaudata,Mandena,brushy_regrowth,Nippostrongylus,0,Nematode
2028,Microgale brevicaudata,Mandena,brushy_regrowth,Trichostrongylidae,0,Nematode
2028,Microgale brevicaudata,Mandena,brushy_regrowth,Hypotrichomonas,0,Protozoa
2028,Microgale brevicaudata,Mandena,brushy_regrowth,Tritrichomonas,0,Protozoa
2028,Microgale brevicaudata,Mandena,brushy_regrowth,Eimeria,1,Protozoa
2028,Microgale brevicaudata,Mandena,brushy_regrowth,Heligmonellidae,0,Nematode
2028,Microgale brevicaudata,Mandena,brushy_regrowth,Hexamastix,0,Protozoa
2028,Microgale brevicaudata,Mandena,brushy_regrowth,Tetratrichomonas,0,Protozoa
2029,Rattus rattus,Mandena,brushy_regrowth,Blastocystis,1,Protozoa
2029,Rattus rattus,Mandena,brushy_regrowth,Entamoeba,1,Protozoa
2029,Rattus rattus,Mandena,brushy_regrowth,Heligmosomoidea,0,Nematode
2029,Rattus rattus,Mandena,brushy_regrowth,Nippostrongylus,1,Nematode
2029,Rattus rattus,Mandena,brushy_regrowth,Trichostrongylidae,0,Nematode
2029,Rattus rattus,Mandena,brushy_regrowth,Hypotrichomonas,0,Protozoa
2029,Rattus rattus,Mandena,brushy_regrowth,Tritrichomonas,1,Protozoa
2029,Rattus rattus,Mandena,brushy_regrowth,Eimeria,0,Protozoa
2029,Rattus rattus,Mandena,brushy_regrowth,Heligmonellidae,0,Nematode
2029,Rattus rattus,Mandena,brushy_regrowth,Hexamastix,0,Protozoa
2029,Rattus rattus,Mandena,brushy_regrowth,Tetratrichomonas,0,Protozoa
2030,Rattus rattus,Mandena,brushy_regrowth,Blastocystis,1,Protozoa
2030,Rattus rattus,Mandena,brushy_regrowth,Entamoeba,1,Protozoa
2030,Rattus rattus,Mandena,brushy_regrowth,Heligmosomoidea,0,Nematode
2030,Rattus rattus,Mandena,brushy_regrowth,Nippostrongylus,0,Nematode
2030,Rattus rattus,Mandena,brushy_regrowth,Trichostrongylidae,0,Nematode
2030,Rattus rattus,Mandena,brushy_regrowth,Hypotrichomonas,0,Protozoa
2030,Rattus rattus,Mandena,brushy_regrowth,Tritrichomonas,0,Protozoa
2030,Rattus rattus,Mandena,brushy_regrowth,Eimeria,0,Protozoa
2030,Rattus rattus,Mandena,brushy_regrowth,Heligmonellidae,0,Nematode
2030,Rattus rattus,Mandena,brushy_regrowth,Hexamastix,0,Protozoa
2030,Rattus rattus,Mandena,brushy_regrowth,Tetratrichomonas,0,Protozoa
2031,Rattus rattus,Mandena,brushy_regrowth,Blastocystis,1,Protozoa
2031,Rattus rattus,Mandena,brushy_regrowth,Entamoeba,0,Protozoa
2031,Rattus rattus,Mandena,brushy_regrowth,Heligmosomoidea,0,Nematode
2031,Rattus rattus,Mandena,brushy_regrowth,Nippostrongylus,1,Nematode
2031,Rattus rattus,Mandena,brushy_regrowth,Trichostrongylidae,0,Nematode
2031,Rattus rattus,Mandena,brushy_regrowth,Hypotrichomonas,0,Protozoa
2031,Rattus rattus,Mandena,brushy_regrowth,Tritrichomonas,1,Protozoa
2031,Rattus rattus,Mandena,brushy_regrowth,Eimeria,0,Protozoa
2031,Rattus rattus,Mandena,brushy_regrowth,Heligmonellidae,0,Nematode
2031,Rattus rattus,Mandena,brushy_regrowth,Hexamastix,0,Protozoa
2031,Rattus rattus,Mandena,brushy_regrowth,Tetratrichomonas,0,Protozoa
2032,Rattus rattus,Mandena,brushy_regrowth,Blastocystis,1,Protozoa
2032,Rattus rattus,Mandena,brushy_regrowth,Entamoeba,1,Protozoa
2032,Rattus rattus,Mandena,brushy_regrowth,Heligmosomoidea,0,Nematode
2032,Rattus rattus,Mandena,brushy_regrowth,Nippostrongylus,1,Nematode
2032,Rattus rattus,Mandena,brushy_regrowth,Trichostrongylidae,0,Nematode
2032,Rattus rattus,Mandena,brushy_regrowth,Hypotrichomonas,0,Protozoa
2032,Rattus rattus,Mandena,brushy_regrowth,Tritrichomonas,0,Protozoa
2032,Rattus rattus,Mandena,brushy_regrowth,Eimeria,0,Protozoa
2032,Rattus rattus,Mandena,brushy_regrowth,Heligmonellidae,0,Nematode
2032,Rattus rattus,Mandena,brushy_regrowth,Hexamastix,0,Protozoa
2032,Rattus rattus,Mandena,brushy_regrowth,Tetratrichomonas,0,Protozoa
2033,Microgale brevicaudata,Mandena,brushy_regrowth,Blastocystis,1,Protozoa
2033,Microgale brevicaudata,Mandena,brushy_regrowth,Entamoeba,0,Protozoa
2033,Microgale brevicaudata,Mandena,brushy_regrowth,Heligmosomoidea,1,Nematode
2033,Microgale brevicaudata,Mandena,brushy_regrowth,Nippostrongylus,0,Nematode
2033,Microgale brevicaudata,Mandena,brushy_regrowth,Trichostrongylidae,1,Nematode
2033,Microgale brevicaudata,Mandena,brushy_regrowth,Hypotrichomonas,0,Protozoa
2033,Microgale brevicaudata,Mandena,brushy_regrowth,Tritrichomonas,0,Protozoa
2033,Microgale brevicaudata,Mandena,brushy_regrowth,Eimeria,0,Protozoa
2033,Microgale brevicaudata,Mandena,brushy_regrowth,Heligmonellidae,0,Nematode
2033,Microgale brevicaudata,Mandena,brushy_regrowth,Hexamastix,0,Protozoa
2033,Microgale brevicaudata,Mandena,brushy_regrowth,Tetratrichomonas,0,Protozoa
2034,Microgale brevicaudata,Mandena,brushy_regrowth,Blastocystis,1,Protozoa
2034,Microgale brevicaudata,Mandena,brushy_regrowth,Entamoeba,1,Protozoa
2034,Microgale brevicaudata,Mandena,brushy_regrowth,Heligmosomoidea,0,Nematode
2034,Microgale brevicaudata,Mandena,brushy_regrowth,Nippostrongylus,0,Nematode
2034,Microgale brevicaudata,Mandena,brushy_regrowth,Trichostrongylidae,0,Nematode
2034,Microgale brevicaudata,Mandena,brushy_regrowth,Hypotrichomonas,0,Protozoa
2034,Microgale brevicaudata,Mandena,brushy_regrowth,Tritrichomonas,0,Protozoa
2034,Microgale brevicaudata,Mandena,brushy_regrowth,Eimeria,1,Protozoa
2034,Microgale brevicaudata,Mandena,brushy_regrowth,Heligmonellidae,0,Nematode
2034,Microgale brevicaudata,Mandena,brushy_regrowth,Hexamastix,0,Protozoa
2034,Microgale brevicaudata,Mandena,brushy_regrowth,Tetratrichomonas,0,Protozoa
2035,Microgale brevicaudata,Mandena,brushy_regrowth,Blastocystis,1,Protozoa
2035,Microgale brevicaudata,Mandena,brushy_regrowth,Entamoeba,0,Protozoa
2035,Microgale brevicaudata,Mandena,brushy_regrowth,Heligmosomoidea,1,Nematode
2035,Microgale brevicaudata,Mandena,brushy_regrowth,Nippostrongylus,0,Nematode
2035,Microgale brevicaudata,Mandena,brushy_regrowth,Trichostrongylidae,0,Nematode
2035,Microgale brevicaudata,Mandena,brushy_regrowth,Hypotrichomonas,0,Protozoa
2035,Microgale brevicaudata,Mandena,brushy_regrowth,Tritrichomonas,0,Protozoa
2035,Microgale brevicaudata,Mandena,brushy_regrowth,Eimeria,0,Protozoa
2035,Microgale brevicaudata,Mandena,brushy_regrowth,Heligmonellidae,0,Nematode
2035,Microgale brevicaudata,Mandena,brushy_regrowth,Hexamastix,0,Protozoa
2035,Microgale brevicaudata,Mandena,brushy_regrowth,Tetratrichomonas,0,Protozoa
2036,Microgale brevicaudata,Mandena,brushy_regrowth,Blastocystis,1,Protozoa
2036,Microgale brevicaudata,Mandena,brushy_regrowth,Entamoeba,0,Protozoa
2036,Microgale brevicaudata,Mandena,brushy_regrowth,Heligmosomoidea,1,Nematode
2036,Microgale brevicaudata,Mandena,brushy_regrowth,Nippostrongylus,1,Nematode
2036,Microgale brevicaudata,Mandena,brushy_regrowth,Trichostrongylidae,1,Nematode
2036,Microgale brevicaudata,Mandena,brushy_regrowth,Hypotrichomonas,0,Protozoa
2036,Microgale brevicaudata,Mandena,brushy_regrowth,Tritrichomonas,0,Protozoa
2036,Microgale brevicaudata,Mandena,brushy_regrowth,Eimeria,0,Protozoa
2036,Microgale brevicaudata,Mandena,brushy_regrowth,Heligmonellidae,0,Nematode
2036,Microgale brevicaudata,Mandena,brushy_regrowth,Hexamastix,0,Protozoa
2036,Microgale brevicaudata,Mandena,brushy_regrowth,Tetratrichomonas,0,Protozoa
2037,Rattus rattus,Mandena,brushy_regrowth,Blastocystis,0,Protozoa
2037,Rattus rattus,Mandena,brushy_regrowth,Entamoeba,0,Protozoa
2037,Rattus rattus,Mandena,brushy_regrowth,Heligmosomoidea,0,Nematode
2037,Rattus rattus,Mandena,brushy_regrowth,Nippostrongylus,1,Nematode
2037,Rattus rattus,Mandena,brushy_regrowth,Trichostrongylidae,0,Nematode
2037,Rattus rattus,Mandena,brushy_regrowth,Hypotrichomonas,0,Protozoa
2037,Rattus rattus,Mandena,brushy_regrowth,Tritrichomonas,1,Protozoa
2037,Rattus rattus,Mandena,brushy_regrowth,Eimeria,0,Protozoa
2037,Rattus rattus,Mandena,brushy_regrowth,Heligmonellidae,0,Nematode
2037,Rattus rattus,Mandena,brushy_regrowth,Hexamastix,0,Protozoa
2037,Rattus rattus,Mandena,brushy_regrowth,Tetratrichomonas,0,Protozoa
2038,Rattus rattus,Mandena,brushy_regrowth,Blastocystis,1,Protozoa
2038,Rattus rattus,Mandena,brushy_regrowth,Entamoeba,0,Protozoa
2038,Rattus rattus,Mandena,brushy_regrowth,Heligmosomoidea,0,Nematode
2038,Rattus rattus,Mandena,brushy_regrowth,Nippostrongylus,1,Nematode
2038,Rattus rattus,Mandena,brushy_regrowth,Trichostrongylidae,0,Nematode
2038,Rattus rattus,Mandena,brushy_regrowth,Hypotrichomonas,0,Protozoa
2038,Rattus rattus,Mandena,brushy_regrowth,Tritrichomonas,1,Protozoa
2038,Rattus rattus,Mandena,brushy_regrowth,Eimeria,0,Protozoa
2038,Rattus rattus,Mandena,brushy_regrowth,Heligmonellidae,0,Nematode
2038,Rattus rattus,Mandena,brushy_regrowth,Hexamastix,0,Protozoa
2038,Rattus rattus,Mandena,brushy_regrowth,Tetratrichomonas,0,Protozoa
2039,Rattus rattus,Mandena,brushy_regrowth,Blastocystis,1,Protozoa
2039,Rattus rattus,Mandena,brushy_regrowth,Entamoeba,1,Protozoa
2039,Rattus rattus,Mandena,brushy_regrowth,Heligmosomoidea,1,Nematode
2039,Rattus rattus,Mandena,brushy_regrowth,Nippostrongylus,1,Nematode
2039,Rattus rattus,Mandena,brushy_regrowth,Trichostrongylidae,0,Nematode
2039,Rattus rattus,Mandena,brushy_regrowth,Hypotrichomonas,0,Protozoa
2039,Rattus rattus,Mandena,brushy_regrowth,Tritrichomonas,0,Protozoa
2039,Rattus rattus,Mandena,brushy_regrowth,Eimeria,0,Protozoa
2039,Rattus rattus,Mandena,brushy_regrowth,Heligmonellidae,1,Nematode
2039,Rattus rattus,Mandena,brushy_regrowth,Hexamastix,0,Protozoa
2039,Rattus rattus,Mandena,brushy_regrowth,Tetratrichomonas,0,Protozoa
2040,Rattus rattus,Mandena,brushy_regrowth,Blastocystis,1,Protozoa
2040,Rattus rattus,Mandena,brushy_regrowth,Entamoeba,1,Protozoa
2040,Rattus rattus,Mandena,brushy_regrowth,Heligmosomoidea,0,Nematode
2040,Rattus rattus,Mandena,brushy_regrowth,Nippostrongylus,0,Nematode
2040,Rattus rattus,Mandena,brushy_regrowth,Trichostrongylidae,0,Nematode
2040,Rattus rattus,Mandena,brushy_regrowth,Hypotrichomonas,0,Protozoa
2040,Rattus rattus,Mandena,brushy_regrowth,Tritrichomonas,0,Protozoa
2040,Rattus rattus,Mandena,brushy_regrowth,Eimeria,0,Protozoa
2040,Rattus rattus,Mandena,brushy_regrowth,Heligmonellidae,0,Nematode
2040,Rattus rattus,Mandena,brushy_regrowth,Hexamastix,0,Protozoa
2040,Rattus rattus,Mandena,brushy_regrowth,Tetratrichomonas,0,Protozoa
2045,Microgale brevicaudata,Mandena,agriculture,Blastocystis,1,Protozoa
2045,Microgale brevicaudata,Mandena,agriculture,Entamoeba,1,Protozoa
2045,Microgale brevicaudata,Mandena,agriculture,Heligmosomoidea,0,Nematode
2045,Microgale brevicaudata,Mandena,agriculture,Nippostrongylus,0,Nematode
2045,Microgale brevicaudata,Mandena,agriculture,Trichostrongylidae,1,Nematode
2045,Microgale brevicaudata,Mandena,agriculture,Hypotrichomonas,0,Protozoa
2045,Microgale brevicaudata,Mandena,agriculture,Tritrichomonas,0,Protozoa
2045,Microgale brevicaudata,Mandena,agriculture,Eimeria,1,Protozoa
2045,Microgale brevicaudata,Mandena,agriculture,Heligmonellidae,0,Nematode
2045,Microgale brevicaudata,Mandena,agriculture,Hexamastix,0,Protozoa
2045,Microgale brevicaudata,Mandena,agriculture,Tetratrichomonas,0,Protozoa
2046,Microgale brevicaudata,Mandena,agriculture,Blastocystis,0,Protozoa
2046,Microgale brevicaudata,Mandena,agriculture,Entamoeba,0,Protozoa
2046,Microgale brevicaudata,Mandena,agriculture,Heligmosomoidea,0,Nematode
2046,Microgale brevicaudata,Mandena,agriculture,Nippostrongylus,1,Nematode
2046,Microgale brevicaudata,Mandena,agriculture,Trichostrongylidae,1,Nematode
2046,Microgale brevicaudata,Mandena,agriculture,Hypotrichomonas,0,Protozoa
2046,Microgale brevicaudata,Mandena,agriculture,Tritrichomonas,0,Protozoa
2046,Microgale brevicaudata,Mandena,agriculture,Eimeria,1,Protozoa
2046,Microgale brevicaudata,Mandena,agriculture,Heligmonellidae,1,Nematode
2046,Microgale brevicaudata,Mandena,agriculture,Hexamastix,0,Protozoa
2046,Microgale brevicaudata,Mandena,agriculture,Tetratrichomonas,0,Protozoa
2047,Microgale brevicaudata,Mandena,agriculture,Blastocystis,1,Protozoa
2047,Microgale brevicaudata,Mandena,agriculture,Entamoeba,0,Protozoa
2047,Microgale brevicaudata,Mandena,agriculture,Heligmosomoidea,0,Nematode
2047,Microgale brevicaudata,Mandena,agriculture,Nippostrongylus,0,Nematode
2047,Microgale brevicaudata,Mandena,agriculture,Trichostrongylidae,1,Nematode
2047,Microgale brevicaudata,Mandena,agriculture,Hypotrichomonas,0,Protozoa
2047,Microgale brevicaudata,Mandena,agriculture,Tritrichomonas,0,Protozoa
2047,Microgale brevicaudata,Mandena,agriculture,Eimeria,1,Protozoa
2047,Microgale brevicaudata,Mandena,agriculture,Heligmonellidae,0,Nematode
2047,Microgale brevicaudata,Mandena,agriculture,Hexamastix,0,Protozoa
2047,Microgale brevicaudata,Mandena,agriculture,Tetratrichomonas,0,Protozoa
2053,Rattus rattus,Mandena,agriculture,Blastocystis,1,Protozoa
2053,Rattus rattus,Mandena,agriculture,Entamoeba,1,Protozoa
2053,Rattus rattus,Mandena,agriculture,Heligmosomoidea,0,Nematode
2053,Rattus rattus,Mandena,agriculture,Nippostrongylus,1,Nematode
2053,Rattus rattus,Mandena,agriculture,Trichostrongylidae,0,Nematode
2053,Rattus rattus,Mandena,agriculture,Hypotrichomonas,0,Protozoa
2053,Rattus rattus,Mandena,agriculture,Tritrichomonas,0,Protozoa
2053,Rattus rattus,Mandena,agriculture,Eimeria,0,Protozoa
2053,Rattus rattus,Mandena,agriculture,Heligmonellidae,0,Nematode
2053,Rattus rattus,Mandena,agriculture,Hexamastix,0,Protozoa
2053,Rattus rattus,Mandena,agriculture,Tetratrichomonas,0,Protozoa
2054,Rattus rattus,Mandena,agriculture,Blastocystis,1,Protozoa
2054,Rattus rattus,Mandena,agriculture,Entamoeba,1,Protozoa
2054,Rattus rattus,Mandena,agriculture,Heligmosomoidea,0,Nematode
2054,Rattus rattus,Mandena,agriculture,Nippostrongylus,1,Nematode
2054,Rattus rattus,Mandena,agriculture,Trichostrongylidae,0,Nematode
2054,Rattus rattus,Mandena,agriculture,Hypotrichomonas,1,Protozoa
2054,Rattus rattus,Mandena,agriculture,Tritrichomonas,0,Protozoa
2054,Rattus rattus,Mandena,agriculture,Eimeria,0,Protozoa
2054,Rattus rattus,Mandena,agriculture,Heligmonellidae,0,Nematode
2054,Rattus rattus,Mandena,agriculture,Hexamastix,0,Protozoa
2054,Rattus rattus,Mandena,agriculture,Tetratrichomonas,0,Protozoa
2057,Microgale brevicaudata,Mandena,agriculture,Blastocystis,1,Protozoa
2057,Microgale brevicaudata,Mandena,agriculture,Entamoeba,1,Protozoa
2057,Microgale brevicaudata,Mandena,agriculture,Heligmosomoidea,0,Nematode
2057,Microgale brevicaudata,Mandena,agriculture,Nippostrongylus,0,Nematode
2057,Microgale brevicaudata,Mandena,agriculture,Trichostrongylidae,1,Nematode
2057,Microgale brevicaudata,Mandena,agriculture,Hypotrichomonas,0,Protozoa
2057,Microgale brevicaudata,Mandena,agriculture,Tritrichomonas,0,Protozoa
2057,Microgale brevicaudata,Mandena,agriculture,Eimeria,0,Protozoa
2057,Microgale brevicaudata,Mandena,agriculture,Heligmonellidae,0,Nematode
2057,Microgale brevicaudata,Mandena,agriculture,Hexamastix,0,Protozoa
2057,Microgale brevicaudata,Mandena,agriculture,Tetratrichomonas,0,Protozoa
2058,Microgale brevicaudata,Mandena,agriculture,Blastocystis,0,Protozoa
2058,Microgale brevicaudata,Mandena,agriculture,Entamoeba,0,Protozoa
2058,Microgale brevicaudata,Mandena,agriculture,Heligmosomoidea,0,Nematode
2058,Microgale brevicaudata,Mandena,agriculture,Nippostrongylus,0,Nematode
2058,Microgale brevicaudata,Mandena,agriculture,Trichostrongylidae,0,Nematode
2058,Microgale brevicaudata,Mandena,agriculture,Hypotrichomonas,0,Protozoa
2058,Microgale brevicaudata,Mandena,agriculture,Tritrichomonas,0,Protozoa
2058,Microgale brevicaudata,Mandena,agriculture,Eimeria,1,Protozoa
2058,Microgale brevicaudata,Mandena,agriculture,Heligmonellidae,0,Nematode
2058,Microgale brevicaudata,Mandena,agriculture,Hexamastix,0,Protozoa
2058,Microgale brevicaudata,Mandena,agriculture,Tetratrichomonas,0,Protozoa
2059,Rattus rattus,Mandena,agriculture,Blastocystis,1,Protozoa
2059,Rattus rattus,Mandena,agriculture,Entamoeba,1,Protozoa
2059,Rattus rattus,Mandena,agriculture,Heligmosomoidea,0,Nematode
2059,Rattus rattus,Mandena,agriculture,Nippostrongylus,1,Nematode
2059,Rattus rattus,Mandena,agriculture,Trichostrongylidae,0,Nematode
2059,Rattus rattus,Mandena,agriculture,Hypotrichomonas,0,Protozoa
2059,Rattus rattus,Mandena,agriculture,Tritrichomonas,0,Protozoa
2059,Rattus rattus,Mandena,agriculture,Eimeria,0,Protozoa
2059,Rattus rattus,Mandena,agriculture,Heligmonellidae,0,Nematode
2059,Rattus rattus,Mandena,agriculture,Hexamastix,0,Protozoa
2059,Rattus rattus,Mandena,agriculture,Tetratrichomonas,0,Protozoa
2062,Rattus rattus,Mandena,agriculture,Blastocystis,0,Protozoa
2062,Rattus rattus,Mandena,agriculture,Entamoeba,0,Protozoa
2062,Rattus rattus,Mandena,agriculture,Heligmosomoidea,0,Nematode
2062,Rattus rattus,Mandena,agriculture,Nippostrongylus,0,Nematode
2062,Rattus rattus,Mandena,agriculture,Trichostrongylidae,0,Nematode
2062,Rattus rattus,Mandena,agriculture,Hypotrichomonas,0,Protozoa
2062,Rattus rattus,Mandena,agriculture,Tritrichomonas,1,Protozoa
2062,Rattus rattus,Mandena,agriculture,Eimeria,0,Protozoa
2062,Rattus rattus,Mandena,agriculture,Heligmonellidae,0,Nematode
2062,Rattus rattus,Mandena,agriculture,Hexamastix,0,Protozoa
2062,Rattus rattus,Mandena,agriculture,Tetratrichomonas,0,Protozoa
2064,Rattus rattus,Mandena,agriculture,Blastocystis,0,Protozoa
2064,Rattus rattus,Mandena,agriculture,Entamoeba,0,Protozoa
2064,Rattus rattus,Mandena,agriculture,Heligmosomoidea,0,Nematode
2064,Rattus rattus,Mandena,agriculture,Nippostrongylus,1,Nematode
2064,Rattus rattus,Mandena,agriculture,Trichostrongylidae,0,Nematode
2064,Rattus rattus,Mandena,agriculture,Hypotrichomonas,0,Protozoa
2064,Rattus rattus,Mandena,agriculture,Tritrichomonas,1,Protozoa
2064,Rattus rattus,Mandena,agriculture,Eimeria,0,Protozoa
2064,Rattus rattus,Mandena,agriculture,Heligmonellidae,0,Nematode
2064,Rattus rattus,Mandena,agriculture,Hexamastix,0,Protozoa
2064,Rattus rattus,Mandena,agriculture,Tetratrichomonas,0,Protozoa
2065,Rattus rattus,Mandena,agriculture,Blastocystis,1,Protozoa
2065,Rattus rattus,Mandena,agriculture,Entamoeba,1,Protozoa
2065,Rattus rattus,Mandena,agriculture,Heligmosomoidea,0,Nematode
2065,Rattus rattus,Mandena,agriculture,Nippostrongylus,1,Nematode
2065,Rattus rattus,Mandena,agriculture,Trichostrongylidae,0,Nematode
2065,Rattus rattus,Mandena,agriculture,Hypotrichomonas,1,Protozoa
2065,Rattus rattus,Mandena,agriculture,Tritrichomonas,0,Protozoa
2065,Rattus rattus,Mandena,agriculture,Eimeria,0,Protozoa
2065,Rattus rattus,Mandena,agriculture,Heligmonellidae,0,Nematode
2065,Rattus rattus,Mandena,agriculture,Hexamastix,0,Protozoa
2065,Rattus rattus,Mandena,agriculture,Tetratrichomonas,0,Protozoa
2066,Rattus rattus,Mandena,agriculture,Blastocystis,0,Protozoa
2066,Rattus rattus,Mandena,agriculture,Entamoeba,0,Protozoa
2066,Rattus rattus,Mandena,agriculture,Heligmosomoidea,0,Nematode
2066,Rattus rattus,Mandena,agriculture,Nippostrongylus,1,Nematode
2066,Rattus rattus,Mandena,agriculture,Trichostrongylidae,0,Nematode
2066,Rattus rattus,Mandena,agriculture,Hypotrichomonas,0,Protozoa
2066,Rattus rattus,Mandena,agriculture,Tritrichomonas,1,Protozoa
2066,Rattus rattus,Mandena,agriculture,Eimeria,0,Protozoa
2066,Rattus rattus,Mandena,agriculture,Heligmonellidae,0,Nematode
2066,Rattus rattus,Mandena,agriculture,Hexamastix,0,Protozoa
2066,Rattus rattus,Mandena,agriculture,Tetratrichomonas,0,Protozoa
2069,Microgale brevicaudata,Mandena,agriculture,Blastocystis,0,Protozoa
2069,Microgale brevicaudata,Mandena,agriculture,Entamoeba,0,Protozoa
2069,Microgale brevicaudata,Mandena,agriculture,Heligmosomoidea,0,Nematode
2069,Microgale brevicaudata,Mandena,agriculture,Nippostrongylus,0,Nematode
2069,Microgale brevicaudata,Mandena,agriculture,Trichostrongylidae,1,Nematode
2069,Microgale brevicaudata,Mandena,agriculture,Hypotrichomonas,0,Protozoa
2069,Microgale brevicaudata,Mandena,agriculture,Tritrichomonas,0,Protozoa
2069,Microgale brevicaudata,Mandena,agriculture,Eimeria,1,Protozoa
2069,Microgale brevicaudata,Mandena,agriculture,Heligmonellidae,0,Nematode
2069,Microgale brevicaudata,Mandena,agriculture,Hexamastix,0,Protozoa
2069,Microgale brevicaudata,Mandena,agriculture,Tetratrichomonas,0,Protozoa
2077,Rattus rattus,Mandena,agriculture,Blastocystis,1,Protozoa
2077,Rattus rattus,Mandena,agriculture,Entamoeba,1,Protozoa
2077,Rattus rattus,Mandena,agriculture,Heligmosomoidea,0,Nematode
2077,Rattus rattus,Mandena,agriculture,Nippostrongylus,1,Nematode
2077,Rattus rattus,Mandena,agriculture,Trichostrongylidae,0,Nematode
2077,Rattus rattus,Mandena,agriculture,Hypotrichomonas,1,Protozoa
2077,Rattus rattus,Mandena,agriculture,Tritrichomonas,0,Protozoa
2077,Rattus rattus,Mandena,agriculture,Eimeria,1,Protozoa
2077,Rattus rattus,Mandena,agriculture,Heligmonellidae,0,Nematode
2077,Rattus rattus,Mandena,agriculture,Hexamastix,0,Protozoa
2077,Rattus rattus,Mandena,agriculture,Tetratrichomonas,0,Protozoa
2081,Microgale brevicaudata,Mandena,agriculture,Blastocystis,0,Protozoa
2081,Microgale brevicaudata,Mandena,agriculture,Entamoeba,0,Protozoa
2081,Microgale brevicaudata,Mandena,agriculture,Heligmosomoidea,0,Nematode
2081,Microgale brevicaudata,Mandena,agriculture,Nippostrongylus,0,Nematode
2081,Microgale brevicaudata,Mandena,agriculture,Trichostrongylidae,0,Nematode
2081,Microgale brevicaudata,Mandena,agriculture,Hypotrichomonas,0,Protozoa
2081,Microgale brevicaudata,Mandena,agriculture,Tritrichomonas,0,Protozoa
2081,Microgale brevicaudata,Mandena,agriculture,Eimeria,1,Protozoa
2081,Microgale brevicaudata,Mandena,agriculture,Heligmonellidae,0,Nematode
2081,Microgale brevicaudata,Mandena,agriculture,Hexamastix,0,Protozoa
2081,Microgale brevicaudata,Mandena,agriculture,Tetratrichomonas,0,Protozoa
2082,Microgale brevicaudata,Mandena,agriculture,Blastocystis,0,Protozoa
2082,Microgale brevicaudata,Mandena,agriculture,Entamoeba,0,Protozoa
2082,Microgale brevicaudata,Mandena,agriculture,Heligmosomoidea,0,Nematode
2082,Microgale brevicaudata,Mandena,agriculture,Nippostrongylus,0,Nematode
2082,Microgale brevicaudata,Mandena,agriculture,Trichostrongylidae,0,Nematode
2082,Microgale brevicaudata,Mandena,agriculture,Hypotrichomonas,0,Protozoa
2082,Microgale brevicaudata,Mandena,agriculture,Tritrichomonas,0,Protozoa
2082,Microgale brevicaudata,Mandena,agriculture,Eimeria,1,Protozoa
2082,Microgale brevicaudata,Mandena,agriculture,Heligmonellidae,0,Nematode
2082,Microgale brevicaudata,Mandena,agriculture,Hexamastix,0,Protozoa
2082,Microgale brevicaudata,Mandena,agriculture,Tetratrichomonas,0,Protozoa
2083,Microgale brevicaudata,Mandena,agriculture,Blastocystis,0,Protozoa
2083,Microgale brevicaudata,Mandena,agriculture,Entamoeba,0,Protozoa
2083,Microgale brevicaudata,Mandena,agriculture,Heligmosomoidea,0,Nematode
2083,Microgale brevicaudata,Mandena,agriculture,Nippostrongylus,0,Nematode
2083,Microgale brevicaudata,Mandena,agriculture,Trichostrongylidae,1,Nematode
2083,Microgale brevicaudata,Mandena,agriculture,Hypotrichomonas,0,Protozoa
2083,Microgale brevicaudata,Mandena,agriculture,Tritrichomonas,0,Protozoa
2083,Microgale brevicaudata,Mandena,agriculture,Eimeria,1,Protozoa
2083,Microgale brevicaudata,Mandena,agriculture,Heligmonellidae,0,Nematode
2083,Microgale brevicaudata,Mandena,agriculture,Hexamastix,0,Protozoa
2083,Microgale brevicaudata,Mandena,agriculture,Tetratrichomonas,0,Protozoa
2087,Rattus rattus,Mandena,agriculture,Blastocystis,0,Protozoa
2087,Rattus rattus,Mandena,agriculture,Entamoeba,0,Protozoa
2087,Rattus rattus,Mandena,agriculture,Heligmosomoidea,0,Nematode
2087,Rattus rattus,Mandena,agriculture,Nippostrongylus,1,Nematode
2087,Rattus rattus,Mandena,agriculture,Trichostrongylidae,0,Nematode
2087,Rattus rattus,Mandena,agriculture,Hypotrichomonas,0,Protozoa
2087,Rattus rattus,Mandena,agriculture,Tritrichomonas,1,Protozoa
2087,Rattus rattus,Mandena,agriculture,Eimeria,0,Protozoa
2087,Rattus rattus,Mandena,agriculture,Heligmonellidae,0,Nematode
2087,Rattus rattus,Mandena,agriculture,Hexamastix,0,Protozoa
2087,Rattus rattus,Mandena,agriculture,Tetratrichomonas,0,Protozoa
2091,Rattus rattus,Mandena,agriculture,Blastocystis,0,Protozoa
2091,Rattus rattus,Mandena,agriculture,Entamoeba,1,Protozoa
2091,Rattus rattus,Mandena,agriculture,Heligmosomoidea,0,Nematode
2091,Rattus rattus,Mandena,agriculture,Nippostrongylus,1,Nematode
2091,Rattus rattus,Mandena,agriculture,Trichostrongylidae,0,Nematode
2091,Rattus rattus,Mandena,agriculture,Hypotrichomonas,1,Protozoa
2091,Rattus rattus,Mandena,agriculture,Tritrichomonas,1,Protozoa
2091,Rattus rattus,Mandena,agriculture,Eimeria,0,Protozoa
2091,Rattus rattus,Mandena,agriculture,Heligmonellidae,0,Nematode
2091,Rattus rattus,Mandena,agriculture,Hexamastix,0,Protozoa
2091,Rattus rattus,Mandena,agriculture,Tetratrichomonas,0,Protozoa
2092,Rattus rattus,Mandena,agriculture,Blastocystis,0,Protozoa
2092,Rattus rattus,Mandena,agriculture,Entamoeba,0,Protozoa
2092,Rattus rattus,Mandena,agriculture,Heligmosomoidea,0,Nematode
2092,Rattus rattus,Mandena,agriculture,Nippostrongylus,1,Nematode
2092,Rattus rattus,Mandena,agriculture,Trichostrongylidae,0,Nematode
2092,Rattus rattus,Mandena,agriculture,Hypotrichomonas,1,Protozoa
2092,Rattus rattus,Mandena,agriculture,Tritrichomonas,0,Protozoa
2092,Rattus rattus,Mandena,agriculture,Eimeria,0,Protozoa
2092,Rattus rattus,Mandena,agriculture,Heligmonellidae,0,Nematode
2092,Rattus rattus,Mandena,agriculture,Hexamastix,0,Protozoa
2092,Rattus rattus,Mandena,agriculture,Tetratrichomonas,0,Protozoa
2095,Rattus rattus,Mandena,agriculture,Blastocystis,1,Protozoa
2095,Rattus rattus,Mandena,agriculture,Entamoeba,0,Protozoa
2095,Rattus rattus,Mandena,agriculture,Heligmosomoidea,0,Nematode
2095,Rattus rattus,Mandena,agriculture,Nippostrongylus,1,Nematode
2095,Rattus rattus,Mandena,agriculture,Trichostrongylidae,0,Nematode
2095,Rattus rattus,Mandena,agriculture,Hypotrichomonas,0,Protozoa
2095,Rattus rattus,Mandena,agriculture,Tritrichomonas,1,Protozoa
2095,Rattus rattus,Mandena,agriculture,Eimeria,0,Protozoa
2095,Rattus rattus,Mandena,agriculture,Heligmonellidae,0,Nematode
2095,Rattus rattus,Mandena,agriculture,Hexamastix,0,Protozoa
2095,Rattus rattus,Mandena,agriculture,Tetratrichomonas,0,Protozoa
2100,Rattus rattus,Mandena,agriculture,Blastocystis,0,Protozoa
2100,Rattus rattus,Mandena,agriculture,Entamoeba,0,Protozoa
2100,Rattus rattus,Mandena,agriculture,Heligmosomoidea,0,Nematode
2100,Rattus rattus,Mandena,agriculture,Nippostrongylus,1,Nematode
2100,Rattus rattus,Mandena,agriculture,Trichostrongylidae,0,Nematode
2100,Rattus rattus,Mandena,agriculture,Hypotrichomonas,0,Protozoa
2100,Rattus rattus,Mandena,agriculture,Tritrichomonas,0,Protozoa
2100,Rattus rattus,Mandena,agriculture,Eimeria,1,Protozoa
2100,Rattus rattus,Mandena,agriculture,Heligmonellidae,0,Nematode
2100,Rattus rattus,Mandena,agriculture,Hexamastix,0,Protozoa
2100,Rattus rattus,Mandena,agriculture,Tetratrichomonas,0,Protozoa
2101,Rattus rattus,Mandena,agriculture,Blastocystis,0,Protozoa
2101,Rattus rattus,Mandena,agriculture,Entamoeba,0,Protozoa
2101,Rattus rattus,Mandena,agriculture,Heligmosomoidea,0,Nematode
2101,Rattus rattus,Mandena,agriculture,Nippostrongylus,1,Nematode
2101,Rattus rattus,Mandena,agriculture,Trichostrongylidae,0,Nematode
2101,Rattus rattus,Mandena,agriculture,Hypotrichomonas,1,Protozoa
2101,Rattus rattus,Mandena,agriculture,Tritrichomonas,0,Protozoa
2101,Rattus rattus,Mandena,agriculture,Eimeria,0,Protozoa
2101,Rattus rattus,Mandena,agriculture,Heligmonellidae,0,Nematode
2101,Rattus rattus,Mandena,agriculture,Hexamastix,0,Protozoa
2101,Rattus rattus,Mandena,agriculture,Tetratrichomonas,0,Protozoa
2102,Rattus rattus,Mandena,agriculture,Blastocystis,0,Protozoa
2102,Rattus rattus,Mandena,agriculture,Entamoeba,0,Protozoa
2102,Rattus rattus,Mandena,agriculture,Heligmosomoidea,0,Nematode
2102,Rattus rattus,Mandena,agriculture,Nippostrongylus,1,Nematode
2102,Rattus rattus,Mandena,agriculture,Trichostrongylidae,0,Nematode
2102,Rattus rattus,Mandena,agriculture,Hypotrichomonas,0,Protozoa
2102,Rattus rattus,Mandena,agriculture,Tritrichomonas,0,Protozoa
2102,Rattus rattus,Mandena,agriculture,Eimeria,1,Protozoa
2102,Rattus rattus,Mandena,agriculture,Heligmonellidae,0,Nematode
2102,Rattus rattus,Mandena,agriculture,Hexamastix,0,Protozoa
2102,Rattus rattus,Mandena,agriculture,Tetratrichomonas,0,Protozoa
2104,Rattus rattus,Mandena,village,Blastocystis,0,Protozoa
2104,Rattus rattus,Mandena,village,Entamoeba,0,Protozoa
2104,Rattus rattus,Mandena,village,Heligmosomoidea,0,Nematode
2104,Rattus rattus,Mandena,village,Nippostrongylus,1,Nematode
2104,Rattus rattus,Mandena,village,Trichostrongylidae,0,Nematode
2104,Rattus rattus,Mandena,village,Hypotrichomonas,0,Protozoa
2104,Rattus rattus,Mandena,village,Tritrichomonas,1,Protozoa
2104,Rattus rattus,Mandena,village,Eimeria,0,Protozoa
2104,Rattus rattus,Mandena,village,Heligmonellidae,0,Nematode
2104,Rattus rattus,Mandena,village,Hexamastix,0,Protozoa
2104,Rattus rattus,Mandena,village,Tetratrichomonas,0,Protozoa
2105,Rattus rattus,Mandena,village,Blastocystis,0,Protozoa
2105,Rattus rattus,Mandena,village,Entamoeba,0,Protozoa
2105,Rattus rattus,Mandena,village,Heligmosomoidea,0,Nematode
2105,Rattus rattus,Mandena,village,Nippostrongylus,1,Nematode
2105,Rattus rattus,Mandena,village,Trichostrongylidae,0,Nematode
2105,Rattus rattus,Mandena,village,Hypotrichomonas,1,Protozoa
2105,Rattus rattus,Mandena,village,Tritrichomonas,0,Protozoa
2105,Rattus rattus,Mandena,village,Eimeria,0,Protozoa
2105,Rattus rattus,Mandena,village,Heligmonellidae,1,Nematode
2105,Rattus rattus,Mandena,village,Hexamastix,0,Protozoa
2105,Rattus rattus,Mandena,village,Tetratrichomonas,0,Protozoa
2109,Microgale brevicaudata,Mandena,secondary_forest,Blastocystis,0,Protozoa
2109,Microgale brevicaudata,Mandena,secondary_forest,Entamoeba,0,Protozoa
2109,Microgale brevicaudata,Mandena,secondary_forest,Heligmosomoidea,0,Nematode
2109,Microgale brevicaudata,Mandena,secondary_forest,Nippostrongylus,0,Nematode
2109,Microgale brevicaudata,Mandena,secondary_forest,Trichostrongylidae,0,Nematode
2109,Microgale brevicaudata,Mandena,secondary_forest,Hypotrichomonas,0,Protozoa
2109,Microgale brevicaudata,Mandena,secondary_forest,Tritrichomonas,0,Protozoa
2109,Microgale brevicaudata,Mandena,secondary_forest,Eimeria,1,Protozoa
2109,Microgale brevicaudata,Mandena,secondary_forest,Heligmonellidae,0,Nematode
2109,Microgale brevicaudata,Mandena,secondary_forest,Hexamastix,0,Protozoa
2109,Microgale brevicaudata,Mandena,secondary_forest,Tetratrichomonas,0,Protozoa
2110,Microgale brevicaudata,Mandena,secondary_forest,Blastocystis,0,Protozoa
2110,Microgale brevicaudata,Mandena,secondary_forest,Entamoeba,0,Protozoa
2110,Microgale brevicaudata,Mandena,secondary_forest,Heligmosomoidea,1,Nematode
2110,Microgale brevicaudata,Mandena,secondary_forest,Nippostrongylus,0,Nematode
2110,Microgale brevicaudata,Mandena,secondary_forest,Trichostrongylidae,1,Nematode
2110,Microgale brevicaudata,Mandena,secondary_forest,Hypotrichomonas,0,Protozoa
2110,Microgale brevicaudata,Mandena,secondary_forest,Tritrichomonas,0,Protozoa
2110,Microgale brevicaudata,Mandena,secondary_forest,Eimeria,1,Protozoa
2110,Microgale brevicaudata,Mandena,secondary_forest,Heligmonellidae,0,Nematode
2110,Microgale brevicaudata,Mandena,secondary_forest,Hexamastix,0,Protozoa
2110,Microgale brevicaudata,Mandena,secondary_forest,Tetratrichomonas,0,Protozoa
2111,Microgale brevicaudata,Mandena,secondary_forest,Blastocystis,0,Protozoa
2111,Microgale brevicaudata,Mandena,secondary_forest,Entamoeba,0,Protozoa
2111,Microgale brevicaudata,Mandena,secondary_forest,Heligmosomoidea,1,Nematode
2111,Microgale brevicaudata,Mandena,secondary_forest,Nippostrongylus,1,Nematode
2111,Microgale brevicaudata,Mandena,secondary_forest,Trichostrongylidae,1,Nematode
2111,Microgale brevicaudata,Mandena,secondary_forest,Hypotrichomonas,0,Protozoa
2111,Microgale brevicaudata,Mandena,secondary_forest,Tritrichomonas,0,Protozoa
2111,Microgale brevicaudata,Mandena,secondary_forest,Eimeria,1,Protozoa
2111,Microgale brevicaudata,Mandena,secondary_forest,Heligmonellidae,0,Nematode
2111,Microgale brevicaudata,Mandena,secondary_forest,Hexamastix,0,Protozoa
2111,Microgale brevicaudata,Mandena,secondary_forest,Tetratrichomonas,0,Protozoa
2114,Microgale brevicaudata,Mandena,secondary_forest,Blastocystis,0,Protozoa
2114,Microgale brevicaudata,Mandena,secondary_forest,Entamoeba,0,Protozoa
2114,Microgale brevicaudata,Mandena,secondary_forest,Heligmosomoidea,0,Nematode
2114,Microgale brevicaudata,Mandena,secondary_forest,Nippostrongylus,0,Nematode
2114,Microgale brevicaudata,Mandena,secondary_forest,Trichostrongylidae,0,Nematode
2114,Microgale brevicaudata,Mandena,secondary_forest,Hypotrichomonas,0,Protozoa
2114,Microgale brevicaudata,Mandena,secondary_forest,Tritrichomonas,0,Protozoa
2114,Microgale brevicaudata,Mandena,secondary_forest,Eimeria,1,Protozoa
2114,Microgale brevicaudata,Mandena,secondary_forest,Heligmonellidae,0,Nematode
2114,Microgale brevicaudata,Mandena,secondary_forest,Hexamastix,0,Protozoa
2114,Microgale brevicaudata,Mandena,secondary_forest,Tetratrichomonas,0,Protozoa
2115,Microgale brevicaudata,Mandena,secondary_forest,Blastocystis,1,Protozoa
2115,Microgale brevicaudata,Mandena,secondary_forest,Entamoeba,1,Protozoa
2115,Microgale brevicaudata,Mandena,secondary_forest,Heligmosomoidea,1,Nematode
2115,Microgale brevicaudata,Mandena,secondary_forest,Nippostrongylus,1,Nematode
2115,Microgale brevicaudata,Mandena,secondary_forest,Trichostrongylidae,0,Nematode
2115,Microgale brevicaudata,Mandena,secondary_forest,Hypotrichomonas,0,Protozoa
2115,Microgale brevicaudata,Mandena,secondary_forest,Tritrichomonas,0,Protozoa
2115,Microgale brevicaudata,Mandena,secondary_forest,Eimeria,0,Protozoa
2115,Microgale brevicaudata,Mandena,secondary_forest,Heligmonellidae,0,Nematode
2115,Microgale brevicaudata,Mandena,secondary_forest,Hexamastix,0,Protozoa
2115,Microgale brevicaudata,Mandena,secondary_forest,Tetratrichomonas,0,Protozoa
2116,Microgale brevicaudata,Mandena,secondary_forest,Blastocystis,0,Protozoa
2116,Microgale brevicaudata,Mandena,secondary_forest,Entamoeba,0,Protozoa
2116,Microgale brevicaudata,Mandena,secondary_forest,Heligmosomoidea,0,Nematode
2116,Microgale brevicaudata,Mandena,secondary_forest,Nippostrongylus,0,Nematode
2116,Microgale brevicaudata,Mandena,secondary_forest,Trichostrongylidae,0,Nematode
2116,Microgale brevicaudata,Mandena,secondary_forest,Hypotrichomonas,0,Protozoa
2116,Microgale brevicaudata,Mandena,secondary_forest,Tritrichomonas,0,Protozoa
2116,Microgale brevicaudata,Mandena,secondary_forest,Eimeria,1,Protozoa
2116,Microgale brevicaudata,Mandena,secondary_forest,Heligmonellidae,0,Nematode
2116,Microgale brevicaudata,Mandena,secondary_forest,Hexamastix,0,Protozoa
2116,Microgale brevicaudata,Mandena,secondary_forest,Tetratrichomonas,0,Protozoa
2120,Microgale brevicaudata,Mandena,secondary_forest,Blastocystis,0,Protozoa
2120,Microgale brevicaudata,Mandena,secondary_forest,Entamoeba,0,Protozoa
2120,Microgale brevicaudata,Mandena,secondary_forest,Heligmosomoidea,1,Nematode
2120,Microgale brevicaudata,Mandena,secondary_forest,Nippostrongylus,1,Nematode
2120,Microgale brevicaudata,Mandena,secondary_forest,Trichostrongylidae,1,Nematode
2120,Microgale brevicaudata,Mandena,secondary_forest,Hypotrichomonas,0,Protozoa
2120,Microgale brevicaudata,Mandena,secondary_forest,Tritrichomonas,0,Protozoa
2120,Microgale brevicaudata,Mandena,secondary_forest,Eimeria,1,Protozoa
2120,Microgale brevicaudata,Mandena,secondary_forest,Heligmonellidae,0,Nematode
2120,Microgale brevicaudata,Mandena,secondary_forest,Hexamastix,0,Protozoa
2120,Microgale brevicaudata,Mandena,secondary_forest,Tetratrichomonas,0,Protozoa
2122,Rattus rattus,Mandena,secondary_forest,Blastocystis,0,Protozoa
2122,Rattus rattus,Mandena,secondary_forest,Entamoeba,0,Protozoa
2122,Rattus rattus,Mandena,secondary_forest,Heligmosomoidea,0,Nematode
2122,Rattus rattus,Mandena,secondary_forest,Nippostrongylus,1,Nematode
2122,Rattus rattus,Mandena,secondary_forest,Trichostrongylidae,0,Nematode
2122,Rattus rattus,Mandena,secondary_forest,Hypotrichomonas,1,Protozoa
2122,Rattus rattus,Mandena,secondary_forest,Tritrichomonas,0,Protozoa
2122,Rattus rattus,Mandena,secondary_forest,Eimeria,0,Protozoa
2122,Rattus rattus,Mandena,secondary_forest,Heligmonellidae,1,Nematode
2122,Rattus rattus,Mandena,secondary_forest,Hexamastix,0,Protozoa
2122,Rattus rattus,Mandena,secondary_forest,Tetratrichomonas,0,Protozoa
2123,Rattus rattus,Mandena,secondary_forest,Blastocystis,0,Protozoa
2123,Rattus rattus,Mandena,secondary_forest,Entamoeba,1,Protozoa
2123,Rattus rattus,Mandena,secondary_forest,Heligmosomoidea,0,Nematode
2123,Rattus rattus,Mandena,secondary_forest,Nippostrongylus,1,Nematode
2123,Rattus rattus,Mandena,secondary_forest,Trichostrongylidae,0,Nematode
2123,Rattus rattus,Mandena,secondary_forest,Hypotrichomonas,0,Protozoa
2123,Rattus rattus,Mandena,secondary_forest,Tritrichomonas,0,Protozoa
2123,Rattus rattus,Mandena,secondary_forest,Eimeria,0,Protozoa
2123,Rattus rattus,Mandena,secondary_forest,Heligmonellidae,0,Nematode
2123,Rattus rattus,Mandena,secondary_forest,Hexamastix,0,Protozoa
2123,Rattus rattus,Mandena,secondary_forest,Tetratrichomonas,0,Protozoa
2124,Microgale brevicaudata,Mandena,secondary_forest,Blastocystis,0,Protozoa
2124,Microgale brevicaudata,Mandena,secondary_forest,Entamoeba,0,Protozoa
2124,Microgale brevicaudata,Mandena,secondary_forest,Heligmosomoidea,0,Nematode
2124,Microgale brevicaudata,Mandena,secondary_forest,Nippostrongylus,0,Nematode
2124,Microgale brevicaudata,Mandena,secondary_forest,Trichostrongylidae,0,Nematode
2124,Microgale brevicaudata,Mandena,secondary_forest,Hypotrichomonas,0,Protozoa
2124,Microgale brevicaudata,Mandena,secondary_forest,Tritrichomonas,0,Protozoa
2124,Microgale brevicaudata,Mandena,secondary_forest,Eimeria,1,Protozoa
2124,Microgale brevicaudata,Mandena,secondary_forest,Heligmonellidae,0,Nematode
2124,Microgale brevicaudata,Mandena,secondary_forest,Hexamastix,0,Protozoa
2124,Microgale brevicaudata,Mandena,secondary_forest,Tetratrichomonas,0,Protozoa
2125,Microgale brevicaudata,Mandena,secondary_forest,Blastocystis,0,Protozoa
2125,Microgale brevicaudata,Mandena,secondary_forest,Entamoeba,0,Protozoa
2125,Microgale brevicaudata,Mandena,secondary_forest,Heligmosomoidea,1,Nematode
2125,Microgale brevicaudata,Mandena,secondary_forest,Nippostrongylus,0,Nematode
2125,Microgale brevicaudata,Mandena,secondary_forest,Trichostrongylidae,1,Nematode
2125,Microgale brevicaudata,Mandena,secondary_forest,Hypotrichomonas,0,Protozoa
2125,Microgale brevicaudata,Mandena,secondary_forest,Tritrichomonas,0,Protozoa
2125,Microgale brevicaudata,Mandena,secondary_forest,Eimeria,1,Protozoa
2125,Microgale brevicaudata,Mandena,secondary_forest,Heligmonellidae,0,Nematode
2125,Microgale brevicaudata,Mandena,secondary_forest,Hexamastix,0,Protozoa
2125,Microgale brevicaudata,Mandena,secondary_forest,Tetratrichomonas,0,Protozoa
2126,Microgale brevicaudata,Mandena,secondary_forest,Blastocystis,0,Protozoa
2126,Microgale brevicaudata,Mandena,secondary_forest,Entamoeba,0,Protozoa
2126,Microgale brevicaudata,Mandena,secondary_forest,Heligmosomoidea,1,Nematode
2126,Microgale brevicaudata,Mandena,secondary_forest,Nippostrongylus,0,Nematode
2126,Microgale brevicaudata,Mandena,secondary_forest,Trichostrongylidae,1,Nematode
2126,Microgale brevicaudata,Mandena,secondary_forest,Hypotrichomonas,0,Protozoa
2126,Microgale brevicaudata,Mandena,secondary_forest,Tritrichomonas,0,Protozoa
2126,Microgale brevicaudata,Mandena,secondary_forest,Eimeria,1,Protozoa
2126,Microgale brevicaudata,Mandena,secondary_forest,Heligmonellidae,0,Nematode
2126,Microgale brevicaudata,Mandena,secondary_forest,Hexamastix,0,Protozoa
2126,Microgale brevicaudata,Mandena,secondary_forest,Tetratrichomonas,0,Protozoa
2131,Microgale brevicaudata,Mandena,secondary_forest,Blastocystis,0,Protozoa
2131,Microgale brevicaudata,Mandena,secondary_forest,Entamoeba,0,Protozoa
2131,Microgale brevicaudata,Mandena,secondary_forest,Heligmosomoidea,1,Nematode
2131,Microgale brevicaudata,Mandena,secondary_forest,Nippostrongylus,0,Nematode
2131,Microgale brevicaudata,Mandena,secondary_forest,Trichostrongylidae,0,Nematode
2131,Microgale brevicaudata,Mandena,secondary_forest,Hypotrichomonas,0,Protozoa
2131,Microgale brevicaudata,Mandena,secondary_forest,Tritrichomonas,0,Protozoa
2131,Microgale brevicaudata,Mandena,secondary_forest,Eimeria,1,Protozoa
2131,Microgale brevicaudata,Mandena,secondary_forest,Heligmonellidae,0,Nematode
2131,Microgale brevicaudata,Mandena,secondary_forest,Hexamastix,0,Protozoa
2131,Microgale brevicaudata,Mandena,secondary_forest,Tetratrichomonas,0,Protozoa
2132,Microgale brevicaudata,Mandena,semi-intact_forest,Blastocystis,0,Protozoa
2132,Microgale brevicaudata,Mandena,semi-intact_forest,Entamoeba,0,Protozoa
2132,Microgale brevicaudata,Mandena,semi-intact_forest,Heligmosomoidea,1,Nematode
2132,Microgale brevicaudata,Mandena,semi-intact_forest,Nippostrongylus,0,Nematode
2132,Microgale brevicaudata,Mandena,semi-intact_forest,Trichostrongylidae,1,Nematode
2132,Microgale brevicaudata,Mandena,semi-intact_forest,Hypotrichomonas,0,Protozoa
2132,Microgale brevicaudata,Mandena,semi-intact_forest,Tritrichomonas,0,Protozoa
2132,Microgale brevicaudata,Mandena,semi-intact_forest,Eimeria,1,Protozoa
2132,Microgale brevicaudata,Mandena,semi-intact_forest,Heligmonellidae,0,Nematode
2132,Microgale brevicaudata,Mandena,semi-intact_forest,Hexamastix,0,Protozoa
2132,Microgale brevicaudata,Mandena,semi-intact_forest,Tetratrichomonas,0,Protozoa
2133,Microgale brevicaudata,Mandena,semi-intact_forest,Blastocystis,0,Protozoa
2133,Microgale brevicaudata,Mandena,semi-intact_forest,Entamoeba,0,Protozoa
2133,Microgale brevicaudata,Mandena,semi-intact_forest,Heligmosomoidea,1,Nematode
2133,Microgale brevicaudata,Mandena,semi-intact_forest,Nippostrongylus,0,Nematode
2133,Microgale brevicaudata,Mandena,semi-intact_forest,Trichostrongylidae,1,Nematode
2133,Microgale brevicaudata,Mandena,semi-intact_forest,Hypotrichomonas,0,Protozoa
2133,Microgale brevicaudata,Mandena,semi-intact_forest,Tritrichomonas,0,Protozoa
2133,Microgale brevicaudata,Mandena,semi-intact_forest,Eimeria,1,Protozoa
2133,Microgale brevicaudata,Mandena,semi-intact_forest,Heligmonellidae,0,Nematode
2133,Microgale brevicaudata,Mandena,semi-intact_forest,Hexamastix,0,Protozoa
2133,Microgale brevicaudata,Mandena,semi-intact_forest,Tetratrichomonas,0,Protozoa
2137,Microgale brevicaudata,Mandena,semi-intact_forest,Blastocystis,1,Protozoa
2137,Microgale brevicaudata,Mandena,semi-intact_forest,Entamoeba,0,Protozoa
2137,Microgale brevicaudata,Mandena,semi-intact_forest,Heligmosomoidea,0,Nematode
2137,Microgale brevicaudata,Mandena,semi-intact_forest,Nippostrongylus,0,Nematode
2137,Microgale brevicaudata,Mandena,semi-intact_forest,Trichostrongylidae,0,Nematode
2137,Microgale brevicaudata,Mandena,semi-intact_forest,Hypotrichomonas,0,Protozoa
2137,Microgale brevicaudata,Mandena,semi-intact_forest,Tritrichomonas,0,Protozoa
2137,Microgale brevicaudata,Mandena,semi-intact_forest,Eimeria,1,Protozoa
2137,Microgale brevicaudata,Mandena,semi-intact_forest,Heligmonellidae,0,Nematode
2137,Microgale brevicaudata,Mandena,semi-intact_forest,Hexamastix,0,Protozoa
2137,Microgale brevicaudata,Mandena,semi-intact_forest,Tetratrichomonas,0,Protozoa
2142,Microgale brevicaudata,Mandena,semi-intact_forest,Blastocystis,0,Protozoa
2142,Microgale brevicaudata,Mandena,semi-intact_forest,Entamoeba,0,Protozoa
2142,Microgale brevicaudata,Mandena,semi-intact_forest,Heligmosomoidea,0,Nematode
2142,Microgale brevicaudata,Mandena,semi-intact_forest,Nippostrongylus,1,Nematode
2142,Microgale brevicaudata,Mandena,semi-intact_forest,Trichostrongylidae,0,Nematode
2142,Microgale brevicaudata,Mandena,semi-intact_forest,Hypotrichomonas,0,Protozoa
2142,Microgale brevicaudata,Mandena,semi-intact_forest,Tritrichomonas,0,Protozoa
2142,Microgale brevicaudata,Mandena,semi-intact_forest,Eimeria,1,Protozoa
2142,Microgale brevicaudata,Mandena,semi-intact_forest,Heligmonellidae,1,Nematode
2142,Microgale brevicaudata,Mandena,semi-intact_forest,Hexamastix,0,Protozoa
2142,Microgale brevicaudata,Mandena,semi-intact_forest,Tetratrichomonas,0,Protozoa
2143,Microgale brevicaudata,Mandena,semi-intact_forest,Blastocystis,0,Protozoa
2143,Microgale brevicaudata,Mandena,semi-intact_forest,Entamoeba,0,Protozoa
2143,Microgale brevicaudata,Mandena,semi-intact_forest,Heligmosomoidea,1,Nematode
2143,Microgale brevicaudata,Mandena,semi-intact_forest,Nippostrongylus,0,Nematode
2143,Microgale brevicaudata,Mandena,semi-intact_forest,Trichostrongylidae,1,Nematode
2143,Microgale brevicaudata,Mandena,semi-intact_forest,Hypotrichomonas,0,Protozoa
2143,Microgale brevicaudata,Mandena,semi-intact_forest,Tritrichomonas,0,Protozoa
2143,Microgale brevicaudata,Mandena,semi-intact_forest,Eimeria,1,Protozoa
2143,Microgale brevicaudata,Mandena,semi-intact_forest,Heligmonellidae,0,Nematode
2143,Microgale brevicaudata,Mandena,semi-intact_forest,Hexamastix,0,Protozoa
2143,Microgale brevicaudata,Mandena,semi-intact_forest,Tetratrichomonas,0,Protozoa
2144,Microgale brevicaudata,Mandena,semi-intact_forest,Blastocystis,0,Protozoa
2144,Microgale brevicaudata,Mandena,semi-intact_forest,Entamoeba,0,Protozoa
2144,Microgale brevicaudata,Mandena,semi-intact_forest,Heligmosomoidea,1,Nematode
2144,Microgale brevicaudata,Mandena,semi-intact_forest,Nippostrongylus,0,Nematode
2144,Microgale brevicaudata,Mandena,semi-intact_forest,Trichostrongylidae,1,Nematode
2144,Microgale brevicaudata,Mandena,semi-intact_forest,Hypotrichomonas,0,Protozoa
2144,Microgale brevicaudata,Mandena,semi-intact_forest,Tritrichomonas,0,Protozoa
2144,Microgale brevicaudata,Mandena,semi-intact_forest,Eimeria,1,Protozoa
2144,Microgale brevicaudata,Mandena,semi-intact_forest,Heligmonellidae,0,Nematode
2144,Microgale brevicaudata,Mandena,semi-intact_forest,Hexamastix,0,Protozoa
2144,Microgale brevicaudata,Mandena,semi-intact_forest,Tetratrichomonas,0,Protozoa
2145,Microgale brevicaudata,Mandena,flooded_rice,Blastocystis,0,Protozoa
2145,Microgale brevicaudata,Mandena,flooded_rice,Entamoeba,0,Protozoa
2145,Microgale brevicaudata,Mandena,flooded_rice,Heligmosomoidea,0,Nematode
2145,Microgale brevicaudata,Mandena,flooded_rice,Nippostrongylus,0,Nematode
2145,Microgale brevicaudata,Mandena,flooded_rice,Trichostrongylidae,1,Nematode
2145,Microgale brevicaudata,Mandena,flooded_rice,Hypotrichomonas,0,Protozoa
2145,Microgale brevicaudata,Mandena,flooded_rice,Tritrichomonas,0,Protozoa
2145,Microgale brevicaudata,Mandena,flooded_rice,Eimeria,1,Protozoa
2145,Microgale brevicaudata,Mandena,flooded_rice,Heligmonellidae,0,Nematode
2145,Microgale brevicaudata,Mandena,flooded_rice,Hexamastix,0,Protozoa
2145,Microgale brevicaudata,Mandena,flooded_rice,Tetratrichomonas,0,Protozoa
2147,Microgale brevicaudata,Mandena,flooded_rice,Blastocystis,0,Protozoa
2147,Microgale brevicaudata,Mandena,flooded_rice,Entamoeba,0,Protozoa
2147,Microgale brevicaudata,Mandena,flooded_rice,Heligmosomoidea,0,Nematode
2147,Microgale brevicaudata,Mandena,flooded_rice,Nippostrongylus,0,Nematode
2147,Microgale brevicaudata,Mandena,flooded_rice,Trichostrongylidae,1,Nematode
2147,Microgale brevicaudata,Mandena,flooded_rice,Hypotrichomonas,0,Protozoa
2147,Microgale brevicaudata,Mandena,flooded_rice,Tritrichomonas,0,Protozoa
2147,Microgale brevicaudata,Mandena,flooded_rice,Eimeria,1,Protozoa
2147,Microgale brevicaudata,Mandena,flooded_rice,Heligmonellidae,0,Nematode
2147,Microgale brevicaudata,Mandena,flooded_rice,Hexamastix,0,Protozoa
2147,Microgale brevicaudata,Mandena,flooded_rice,Tetratrichomonas,0,Protozoa
2148,Microgale brevicaudata,Mandena,flooded_rice,Blastocystis,0,Protozoa
2148,Microgale brevicaudata,Mandena,flooded_rice,Entamoeba,0,Protozoa
2148,Microgale brevicaudata,Mandena,flooded_rice,Heligmosomoidea,0,Nematode
2148,Microgale brevicaudata,Mandena,flooded_rice,Nippostrongylus,0,Nematode
2148,Microgale brevicaudata,Mandena,flooded_rice,Trichostrongylidae,1,Nematode
2148,Microgale brevicaudata,Mandena,flooded_rice,Hypotrichomonas,0,Protozoa
2148,Microgale brevicaudata,Mandena,flooded_rice,Tritrichomonas,0,Protozoa
2148,Microgale brevicaudata,Mandena,flooded_rice,Eimeria,1,Protozoa
2148,Microgale brevicaudata,Mandena,flooded_rice,Heligmonellidae,0,Nematode
2148,Microgale brevicaudata,Mandena,flooded_rice,Hexamastix,0,Protozoa
2148,Microgale brevicaudata,Mandena,flooded_rice,Tetratrichomonas,0,Protozoa
2150,Microgale brevicaudata,Mandena,flooded_rice,Blastocystis,0,Protozoa
2150,Microgale brevicaudata,Mandena,flooded_rice,Entamoeba,0,Protozoa
2150,Microgale brevicaudata,Mandena,flooded_rice,Heligmosomoidea,0,Nematode
2150,Microgale brevicaudata,Mandena,flooded_rice,Nippostrongylus,0,Nematode
2150,Microgale brevicaudata,Mandena,flooded_rice,Trichostrongylidae,0,Nematode
2150,Microgale brevicaudata,Mandena,flooded_rice,Hypotrichomonas,0,Protozoa
2150,Microgale brevicaudata,Mandena,flooded_rice,Tritrichomonas,0,Protozoa
2150,Microgale brevicaudata,Mandena,flooded_rice,Eimeria,1,Protozoa
2150,Microgale brevicaudata,Mandena,flooded_rice,Heligmonellidae,0,Nematode
2150,Microgale brevicaudata,Mandena,flooded_rice,Hexamastix,0,Protozoa
2150,Microgale brevicaudata,Mandena,flooded_rice,Tetratrichomonas,0,Protozoa
2152,Rattus rattus,Mandena,flooded_rice,Blastocystis,1,Protozoa
2152,Rattus rattus,Mandena,flooded_rice,Entamoeba,0,Protozoa
2152,Rattus rattus,Mandena,flooded_rice,Heligmosomoidea,0,Nematode
2152,Rattus rattus,Mandena,flooded_rice,Nippostrongylus,1,Nematode
2152,Rattus rattus,Mandena,flooded_rice,Trichostrongylidae,0,Nematode
2152,Rattus rattus,Mandena,flooded_rice,Hypotrichomonas,0,Protozoa
2152,Rattus rattus,Mandena,flooded_rice,Tritrichomonas,1,Protozoa
2152,Rattus rattus,Mandena,flooded_rice,Eimeria,0,Protozoa
2152,Rattus rattus,Mandena,flooded_rice,Heligmonellidae,0,Nematode
2152,Rattus rattus,Mandena,flooded_rice,Hexamastix,0,Protozoa
2152,Rattus rattus,Mandena,flooded_rice,Tetratrichomonas,0,Protozoa
2153,Rattus rattus,Mandena,flooded_rice,Blastocystis,0,Protozoa
2153,Rattus rattus,Mandena,flooded_rice,Entamoeba,0,Protozoa
2153,Rattus rattus,Mandena,flooded_rice,Heligmosomoidea,0,Nematode
2153,Rattus rattus,Mandena,flooded_rice,Nippostrongylus,1,Nematode
2153,Rattus rattus,Mandena,flooded_rice,Trichostrongylidae,0,Nematode
2153,Rattus rattus,Mandena,flooded_rice,Hypotrichomonas,0,Protozoa
2153,Rattus rattus,Mandena,flooded_rice,Tritrichomonas,1,Protozoa
2153,Rattus rattus,Mandena,flooded_rice,Eimeria,1,Protozoa
2153,Rattus rattus,Mandena,flooded_rice,Heligmonellidae,0,Nematode
2153,Rattus rattus,Mandena,flooded_rice,Hexamastix,0,Protozoa
2153,Rattus rattus,Mandena,flooded_rice,Tetratrichomonas,0,Protozoa
2160,Rattus rattus,Mandena,flooded_rice,Blastocystis,0,Protozoa
2160,Rattus rattus,Mandena,flooded_rice,Entamoeba,0,Protozoa
2160,Rattus rattus,Mandena,flooded_rice,Heligmosomoidea,0,Nematode
2160,Rattus rattus,Mandena,flooded_rice,Nippostrongylus,1,Nematode
2160,Rattus rattus,Mandena,flooded_rice,Trichostrongylidae,0,Nematode
2160,Rattus rattus,Mandena,flooded_rice,Hypotrichomonas,0,Protozoa
2160,Rattus rattus,Mandena,flooded_rice,Tritrichomonas,0,Protozoa
2160,Rattus rattus,Mandena,flooded_rice,Eimeria,1,Protozoa
2160,Rattus rattus,Mandena,flooded_rice,Heligmonellidae,0,Nematode
2160,Rattus rattus,Mandena,flooded_rice,Hexamastix,0,Protozoa
2160,Rattus rattus,Mandena,flooded_rice,Tetratrichomonas,0,Protozoa
2161,Microgale brevicaudata,Mandena,flooded_rice,Blastocystis,0,Protozoa
2161,Microgale brevicaudata,Mandena,flooded_rice,Entamoeba,0,Protozoa
2161,Microgale brevicaudata,Mandena,flooded_rice,Heligmosomoidea,0,Nematode
2161,Microgale brevicaudata,Mandena,flooded_rice,Nippostrongylus,1,Nematode
2161,Microgale brevicaudata,Mandena,flooded_rice,Trichostrongylidae,0,Nematode
2161,Microgale brevicaudata,Mandena,flooded_rice,Hypotrichomonas,0,Protozoa
2161,Microgale brevicaudata,Mandena,flooded_rice,Tritrichomonas,0,Protozoa
2161,Microgale brevicaudata,Mandena,flooded_rice,Eimeria,1,Protozoa
2161,Microgale brevicaudata,Mandena,flooded_rice,Heligmonellidae,0,Nematode
2161,Microgale brevicaudata,Mandena,flooded_rice,Hexamastix,0,Protozoa
2161,Microgale brevicaudata,Mandena,flooded_rice,Tetratrichomonas,0,Protozoa
2162,Microgale brevicaudata,Mandena,flooded_rice,Blastocystis,0,Protozoa
2162,Microgale brevicaudata,Mandena,flooded_rice,Entamoeba,0,Protozoa
2162,Microgale brevicaudata,Mandena,flooded_rice,Heligmosomoidea,0,Nematode
2162,Microgale brevicaudata,Mandena,flooded_rice,Nippostrongylus,0,Nematode
2162,Microgale brevicaudata,Mandena,flooded_rice,Trichostrongylidae,1,Nematode
2162,Microgale brevicaudata,Mandena,flooded_rice,Hypotrichomonas,0,Protozoa
2162,Microgale brevicaudata,Mandena,flooded_rice,Tritrichomonas,0,Protozoa
2162,Microgale brevicaudata,Mandena,flooded_rice,Eimeria,1,Protozoa
2162,Microgale brevicaudata,Mandena,flooded_rice,Heligmonellidae,0,Nematode
2162,Microgale brevicaudata,Mandena,flooded_rice,Hexamastix,0,Protozoa
2162,Microgale brevicaudata,Mandena,flooded_rice,Tetratrichomonas,0,Protozoa
2165,Microgale brevicaudata,Mandena,flooded_rice,Blastocystis,0,Protozoa
2165,Microgale brevicaudata,Mandena,flooded_rice,Entamoeba,0,Protozoa
2165,Microgale brevicaudata,Mandena,flooded_rice,Heligmosomoidea,0,Nematode
2165,Microgale brevicaudata,Mandena,flooded_rice,Nippostrongylus,0,Nematode
2165,Microgale brevicaudata,Mandena,flooded_rice,Trichostrongylidae,0,Nematode
2165,Microgale brevicaudata,Mandena,flooded_rice,Hypotrichomonas,0,Protozoa
2165,Microgale brevicaudata,Mandena,flooded_rice,Tritrichomonas,0,Protozoa
2165,Microgale brevicaudata,Mandena,flooded_rice,Eimeria,1,Protozoa
2165,Microgale brevicaudata,Mandena,flooded_rice,Heligmonellidae,0,Nematode
2165,Microgale brevicaudata,Mandena,flooded_rice,Hexamastix,0,Protozoa
2165,Microgale brevicaudata,Mandena,flooded_rice,Tetratrichomonas,0,Protozoa
2169,Rattus rattus,Mandena,flooded_rice,Blastocystis,0,Protozoa
2169,Rattus rattus,Mandena,flooded_rice,Entamoeba,0,Protozoa
2169,Rattus rattus,Mandena,flooded_rice,Heligmosomoidea,0,Nematode
2169,Rattus rattus,Mandena,flooded_rice,Nippostrongylus,0,Nematode
2169,Rattus rattus,Mandena,flooded_rice,Trichostrongylidae,0,Nematode
2169,Rattus rattus,Mandena,flooded_rice,Hypotrichomonas,1,Protozoa
2169,Rattus rattus,Mandena,flooded_rice,Tritrichomonas,1,Protozoa
2169,Rattus rattus,Mandena,flooded_rice,Eimeria,0,Protozoa
2169,Rattus rattus,Mandena,flooded_rice,Heligmonellidae,0,Nematode
2169,Rattus rattus,Mandena,flooded_rice,Hexamastix,0,Protozoa
2169,Rattus rattus,Mandena,flooded_rice,Tetratrichomonas,0,Protozoa
2171,Microgale brevicaudata,Mandena,flooded_rice,Blastocystis,0,Protozoa
2171,Microgale brevicaudata,Mandena,flooded_rice,Entamoeba,0,Protozoa
2171,Microgale brevicaudata,Mandena,flooded_rice,Heligmosomoidea,0,Nematode
2171,Microgale brevicaudata,Mandena,flooded_rice,Nippostrongylus,0,Nematode
2171,Microgale brevicaudata,Mandena,flooded_rice,Trichostrongylidae,0,Nematode
2171,Microgale brevicaudata,Mandena,flooded_rice,Hypotrichomonas,0,Protozoa
2171,Microgale brevicaudata,Mandena,flooded_rice,Tritrichomonas,0,Protozoa
2171,Microgale brevicaudata,Mandena,flooded_rice,Eimeria,1,Protozoa
2171,Microgale brevicaudata,Mandena,flooded_rice,Heligmonellidae,0,Nematode
2171,Microgale brevicaudata,Mandena,flooded_rice,Hexamastix,0,Protozoa
2171,Microgale brevicaudata,Mandena,flooded_rice,Tetratrichomonas,0,Protozoa
2172,Microgale brevicaudata,Mandena,flooded_rice,Blastocystis,0,Protozoa
2172,Microgale brevicaudata,Mandena,flooded_rice,Entamoeba,0,Protozoa
2172,Microgale brevicaudata,Mandena,flooded_rice,Heligmosomoidea,0,Nematode
2172,Microgale brevicaudata,Mandena,flooded_rice,Nippostrongylus,0,Nematode
2172,Microgale brevicaudata,Mandena,flooded_rice,Trichostrongylidae,0,Nematode
2172,Microgale brevicaudata,Mandena,flooded_rice,Hypotrichomonas,0,Protozoa
2172,Microgale brevicaudata,Mandena,flooded_rice,Tritrichomonas,0,Protozoa
2172,Microgale brevicaudata,Mandena,flooded_rice,Eimeria,1,Protozoa
2172,Microgale brevicaudata,Mandena,flooded_rice,Heligmonellidae,0,Nematode
2172,Microgale brevicaudata,Mandena,flooded_rice,Hexamastix,0,Protozoa
2172,Microgale brevicaudata,Mandena,flooded_rice,Tetratrichomonas,0,Protozoa
2173,Microgale brevicaudata,Mandena,flooded_rice,Blastocystis,0,Protozoa
2173,Microgale brevicaudata,Mandena,flooded_rice,Entamoeba,0,Protozoa
2173,Microgale brevicaudata,Mandena,flooded_rice,Heligmosomoidea,0,Nematode
2173,Microgale brevicaudata,Mandena,flooded_rice,Nippostrongylus,0,Nematode
2173,Microgale brevicaudata,Mandena,flooded_rice,Trichostrongylidae,1,Nematode
2173,Microgale brevicaudata,Mandena,flooded_rice,Hypotrichomonas,0,Protozoa
2173,Microgale brevicaudata,Mandena,flooded_rice,Tritrichomonas,0,Protozoa
2173,Microgale brevicaudata,Mandena,flooded_rice,Eimeria,1,Protozoa
2173,Microgale brevicaudata,Mandena,flooded_rice,Heligmonellidae,0,Nematode
2173,Microgale brevicaudata,Mandena,flooded_rice,Hexamastix,0,Protozoa
2173,Microgale brevicaudata,Mandena,flooded_rice,Tetratrichomonas,0,Protozoa
2177,Rattus rattus,Mandena,flooded_rice,Blastocystis,1,Protozoa
2177,Rattus rattus,Mandena,flooded_rice,Entamoeba,0,Protozoa
2177,Rattus rattus,Mandena,flooded_rice,Heligmosomoidea,0,Nematode
2177,Rattus rattus,Mandena,flooded_rice,Nippostrongylus,1,Nematode
2177,Rattus rattus,Mandena,flooded_rice,Trichostrongylidae,0,Nematode
2177,Rattus rattus,Mandena,flooded_rice,Hypotrichomonas,0,Protozoa
2177,Rattus rattus,Mandena,flooded_rice,Tritrichomonas,1,Protozoa
2177,Rattus rattus,Mandena,flooded_rice,Eimeria,0,Protozoa
2177,Rattus rattus,Mandena,flooded_rice,Heligmonellidae,0,Nematode
2177,Rattus rattus,Mandena,flooded_rice,Hexamastix,0,Protozoa
2177,Rattus rattus,Mandena,flooded_rice,Tetratrichomonas,0,Protozoa
2178,Rattus rattus,Mandena,flooded_rice,Blastocystis,1,Protozoa
2178,Rattus rattus,Mandena,flooded_rice,Entamoeba,0,Protozoa
2178,Rattus rattus,Mandena,flooded_rice,Heligmosomoidea,0,Nematode
2178,Rattus rattus,Mandena,flooded_rice,Nippostrongylus,0,Nematode
2178,Rattus rattus,Mandena,flooded_rice,Trichostrongylidae,0,Nematode
2178,Rattus rattus,Mandena,flooded_rice,Hypotrichomonas,0,Protozoa
2178,Rattus rattus,Mandena,flooded_rice,Tritrichomonas,1,Protozoa
2178,Rattus rattus,Mandena,flooded_rice,Eimeria,0,Protozoa
2178,Rattus rattus,Mandena,flooded_rice,Heligmonellidae,0,Nematode
2178,Rattus rattus,Mandena,flooded_rice,Hexamastix,0,Protozoa
2178,Rattus rattus,Mandena,flooded_rice,Tetratrichomonas,0,Protozoa
2181,Rattus rattus,Mandena,flooded_rice,Blastocystis,1,Protozoa
2181,Rattus rattus,Mandena,flooded_rice,Entamoeba,0,Protozoa
2181,Rattus rattus,Mandena,flooded_rice,Heligmosomoidea,0,Nematode
2181,Rattus rattus,Mandena,flooded_rice,Nippostrongylus,1,Nematode
2181,Rattus rattus,Mandena,flooded_rice,Trichostrongylidae,0,Nematode
2181,Rattus rattus,Mandena,flooded_rice,Hypotrichomonas,1,Protozoa
2181,Rattus rattus,Mandena,flooded_rice,Tritrichomonas,1,Protozoa
2181,Rattus rattus,Mandena,flooded_rice,Eimeria,1,Protozoa
2181,Rattus rattus,Mandena,flooded_rice,Heligmonellidae,0,Nematode
2181,Rattus rattus,Mandena,flooded_rice,Hexamastix,0,Protozoa
2181,Rattus rattus,Mandena,flooded_rice,Tetratrichomonas,0,Protozoa
2182,Rattus rattus,Mandena,flooded_rice,Blastocystis,0,Protozoa
2182,Rattus rattus,Mandena,flooded_rice,Entamoeba,0,Protozoa
2182,Rattus rattus,Mandena,flooded_rice,Heligmosomoidea,0,Nematode
2182,Rattus rattus,Mandena,flooded_rice,Nippostrongylus,1,Nematode
2182,Rattus rattus,Mandena,flooded_rice,Trichostrongylidae,0,Nematode
2182,Rattus rattus,Mandena,flooded_rice,Hypotrichomonas,1,Protozoa
2182,Rattus rattus,Mandena,flooded_rice,Tritrichomonas,0,Protozoa
2182,Rattus rattus,Mandena,flooded_rice,Eimeria,1,Protozoa
2182,Rattus rattus,Mandena,flooded_rice,Heligmonellidae,0,Nematode
2182,Rattus rattus,Mandena,flooded_rice,Hexamastix,0,Protozoa
2182,Rattus rattus,Mandena,flooded_rice,Tetratrichomonas,0,Protozoa
2183,Rattus rattus,Mandena,flooded_rice,Blastocystis,1,Protozoa
2183,Rattus rattus,Mandena,flooded_rice,Entamoeba,0,Protozoa
2183,Rattus rattus,Mandena,flooded_rice,Heligmosomoidea,0,Nematode
2183,Rattus rattus,Mandena,flooded_rice,Nippostrongylus,1,Nematode
2183,Rattus rattus,Mandena,flooded_rice,Trichostrongylidae,0,Nematode
2183,Rattus rattus,Mandena,flooded_rice,Hypotrichomonas,1,Protozoa
2183,Rattus rattus,Mandena,flooded_rice,Tritrichomonas,1,Protozoa
2183,Rattus rattus,Mandena,flooded_rice,Eimeria,0,Protozoa
2183,Rattus rattus,Mandena,flooded_rice,Heligmonellidae,0,Nematode
2183,Rattus rattus,Mandena,flooded_rice,Hexamastix,0,Protozoa
2183,Rattus rattus,Mandena,flooded_rice,Tetratrichomonas,0,Protozoa
2187,Rattus rattus,Mandena,flooded_rice,Blastocystis,0,Protozoa
2187,Rattus rattus,Mandena,flooded_rice,Entamoeba,0,Protozoa
2187,Rattus rattus,Mandena,flooded_rice,Heligmosomoidea,0,Nematode
2187,Rattus rattus,Mandena,flooded_rice,Nippostrongylus,1,Nematode
2187,Rattus rattus,Mandena,flooded_rice,Trichostrongylidae,0,Nematode
2187,Rattus rattus,Mandena,flooded_rice,Hypotrichomonas,0,Protozoa
2187,Rattus rattus,Mandena,flooded_rice,Tritrichomonas,1,Protozoa
2187,Rattus rattus,Mandena,flooded_rice,Eimeria,0,Protozoa
2187,Rattus rattus,Mandena,flooded_rice,Heligmonellidae,0,Nematode
2187,Rattus rattus,Mandena,flooded_rice,Hexamastix,0,Protozoa
2187,Rattus rattus,Mandena,flooded_rice,Tetratrichomonas,0,Protozoa
2188,Microgale brevicaudata,Mandena,agroforest,Blastocystis,0,Protozoa
2188,Microgale brevicaudata,Mandena,agroforest,Entamoeba,0,Protozoa
2188,Microgale brevicaudata,Mandena,agroforest,Heligmosomoidea,0,Nematode
2188,Microgale brevicaudata,Mandena,agroforest,Nippostrongylus,0,Nematode
2188,Microgale brevicaudata,Mandena,agroforest,Trichostrongylidae,1,Nematode
2188,Microgale brevicaudata,Mandena,agroforest,Hypotrichomonas,0,Protozoa
2188,Microgale brevicaudata,Mandena,agroforest,Tritrichomonas,0,Protozoa
2188,Microgale brevicaudata,Mandena,agroforest,Eimeria,1,Protozoa
2188,Microgale brevicaudata,Mandena,agroforest,Heligmonellidae,0,Nematode
2188,Microgale brevicaudata,Mandena,agroforest,Hexamastix,0,Protozoa
2188,Microgale brevicaudata,Mandena,agroforest,Tetratrichomonas,0,Protozoa
2195,Microgale brevicaudata,Mandena,agroforest,Blastocystis,0,Protozoa
2195,Microgale brevicaudata,Mandena,agroforest,Entamoeba,0,Protozoa
2195,Microgale brevicaudata,Mandena,agroforest,Heligmosomoidea,0,Nematode
2195,Microgale brevicaudata,Mandena,agroforest,Nippostrongylus,0,Nematode
2195,Microgale brevicaudata,Mandena,agroforest,Trichostrongylidae,1,Nematode
2195,Microgale brevicaudata,Mandena,agroforest,Hypotrichomonas,0,Protozoa
2195,Microgale brevicaudata,Mandena,agroforest,Tritrichomonas,0,Protozoa
2195,Microgale brevicaudata,Mandena,agroforest,Eimeria,1,Protozoa
2195,Microgale brevicaudata,Mandena,agroforest,Heligmonellidae,0,Nematode
2195,Microgale brevicaudata,Mandena,agroforest,Hexamastix,0,Protozoa
2195,Microgale brevicaudata,Mandena,agroforest,Tetratrichomonas,0,Protozoa
2196,Microgale brevicaudata,Mandena,agroforest,Blastocystis,0,Protozoa
2196,Microgale brevicaudata,Mandena,agroforest,Entamoeba,0,Protozoa
2196,Microgale brevicaudata,Mandena,agroforest,Heligmosomoidea,0,Nematode
2196,Microgale brevicaudata,Mandena,agroforest,Nippostrongylus,1,Nematode
2196,Microgale brevicaudata,Mandena,agroforest,Trichostrongylidae,1,Nematode
2196,Microgale brevicaudata,Mandena,agroforest,Hypotrichomonas,0,Protozoa
2196,Microgale brevicaudata,Mandena,agroforest,Tritrichomonas,0,Protozoa
2196,Microgale brevicaudata,Mandena,agroforest,Eimeria,1,Protozoa
2196,Microgale brevicaudata,Mandena,agroforest,Heligmonellidae,1,Nematode
2196,Microgale brevicaudata,Mandena,agroforest,Hexamastix,1,Protozoa
2196,Microgale brevicaudata,Mandena,agroforest,Tetratrichomonas,0,Protozoa
2200,Rattus rattus,Mandena,village,Blastocystis,0,Protozoa
2200,Rattus rattus,Mandena,village,Entamoeba,0,Protozoa
2200,Rattus rattus,Mandena,village,Heligmosomoidea,0,Nematode
2200,Rattus rattus,Mandena,village,Nippostrongylus,0,Nematode
2200,Rattus rattus,Mandena,village,Trichostrongylidae,0,Nematode
2200,Rattus rattus,Mandena,village,Hypotrichomonas,0,Protozoa
2200,Rattus rattus,Mandena,village,Tritrichomonas,0,Protozoa
2200,Rattus rattus,Mandena,village,Eimeria,1,Protozoa
2200,Rattus rattus,Mandena,village,Heligmonellidae,0,Nematode
2200,Rattus rattus,Mandena,village,Hexamastix,1,Protozoa
2200,Rattus rattus,Mandena,village,Tetratrichomonas,0,Protozoa
2203,Rattus rattus,Mandena,village,Blastocystis,1,Protozoa
2203,Rattus rattus,Mandena,village,Entamoeba,0,Protozoa
2203,Rattus rattus,Mandena,village,Heligmosomoidea,0,Nematode
2203,Rattus rattus,Mandena,village,Nippostrongylus,1,Nematode
2203,Rattus rattus,Mandena,village,Trichostrongylidae,0,Nematode
2203,Rattus rattus,Mandena,village,Hypotrichomonas,0,Protozoa
2203,Rattus rattus,Mandena,village,Tritrichomonas,1,Protozoa
2203,Rattus rattus,Mandena,village,Eimeria,1,Protozoa
2203,Rattus rattus,Mandena,village,Heligmonellidae,0,Nematode
2203,Rattus rattus,Mandena,village,Hexamastix,0,Protozoa
2203,Rattus rattus,Mandena,village,Tetratrichomonas,0,Protozoa
2204,Rattus rattus,Mandena,village,Blastocystis,1,Protozoa
2204,Rattus rattus,Mandena,village,Entamoeba,0,Protozoa
2204,Rattus rattus,Mandena,village,Heligmosomoidea,0,Nematode
2204,Rattus rattus,Mandena,village,Nippostrongylus,1,Nematode
2204,Rattus rattus,Mandena,village,Trichostrongylidae,0,Nematode
2204,Rattus rattus,Mandena,village,Hypotrichomonas,0,Protozoa
2204,Rattus rattus,Mandena,village,Tritrichomonas,1,Protozoa
2204,Rattus rattus,Mandena,village,Eimeria,0,Protozoa
2204,Rattus rattus,Mandena,village,Heligmonellidae,0,Nematode
2204,Rattus rattus,Mandena,village,Hexamastix,0,Protozoa
2204,Rattus rattus,Mandena,village,Tetratrichomonas,0,Protozoa
2205,Rattus rattus,Mandena,village,Blastocystis,0,Protozoa
2205,Rattus rattus,Mandena,village,Entamoeba,0,Protozoa
2205,Rattus rattus,Mandena,village,Heligmosomoidea,0,Nematode
2205,Rattus rattus,Mandena,village,Nippostrongylus,0,Nematode
2205,Rattus rattus,Mandena,village,Trichostrongylidae,0,Nematode
2205,Rattus rattus,Mandena,village,Hypotrichomonas,0,Protozoa
2205,Rattus rattus,Mandena,village,Tritrichomonas,0,Protozoa
2205,Rattus rattus,Mandena,village,Eimeria,0,Protozoa
2205,Rattus rattus,Mandena,village,Heligmonellidae,0,Nematode
2205,Rattus rattus,Mandena,village,Hexamastix,1,Protozoa
2205,Rattus rattus,Mandena,village,Tetratrichomonas,0,Protozoa
2207,Rattus rattus,Mandena,agroforest,Blastocystis,0,Protozoa
2207,Rattus rattus,Mandena,agroforest,Entamoeba,0,Protozoa
2207,Rattus rattus,Mandena,agroforest,Heligmosomoidea,0,Nematode
2207,Rattus rattus,Mandena,agroforest,Nippostrongylus,1,Nematode
2207,Rattus rattus,Mandena,agroforest,Trichostrongylidae,0,Nematode
2207,Rattus rattus,Mandena,agroforest,Hypotrichomonas,0,Protozoa
2207,Rattus rattus,Mandena,agroforest,Tritrichomonas,0,Protozoa
2207,Rattus rattus,Mandena,agroforest,Eimeria,1,Protozoa
2207,Rattus rattus,Mandena,agroforest,Heligmonellidae,0,Nematode
2207,Rattus rattus,Mandena,agroforest,Hexamastix,0,Protozoa
2207,Rattus rattus,Mandena,agroforest,Tetratrichomonas,0,Protozoa
2208,Rattus rattus,Mandena,agroforest,Blastocystis,0,Protozoa
2208,Rattus rattus,Mandena,agroforest,Entamoeba,0,Protozoa
2208,Rattus rattus,Mandena,agroforest,Heligmosomoidea,0,Nematode
2208,Rattus rattus,Mandena,agroforest,Nippostrongylus,0,Nematode
2208,Rattus rattus,Mandena,agroforest,Trichostrongylidae,0,Nematode
2208,Rattus rattus,Mandena,agroforest,Hypotrichomonas,0,Protozoa
2208,Rattus rattus,Mandena,agroforest,Tritrichomonas,1,Protozoa
2208,Rattus rattus,Mandena,agroforest,Eimeria,0,Protozoa
2208,Rattus rattus,Mandena,agroforest,Heligmonellidae,0,Nematode
2208,Rattus rattus,Mandena,agroforest,Hexamastix,0,Protozoa
2208,Rattus rattus,Mandena,agroforest,Tetratrichomonas,0,Protozoa
2216,Rattus rattus,Mandena,agroforest,Blastocystis,0,Protozoa
2216,Rattus rattus,Mandena,agroforest,Entamoeba,0,Protozoa
2216,Rattus rattus,Mandena,agroforest,Heligmosomoidea,0,Nematode
2216,Rattus rattus,Mandena,agroforest,Nippostrongylus,1,Nematode
2216,Rattus rattus,Mandena,agroforest,Trichostrongylidae,0,Nematode
2216,Rattus rattus,Mandena,agroforest,Hypotrichomonas,0,Protozoa
2216,Rattus rattus,Mandena,agroforest,Tritrichomonas,0,Protozoa
2216,Rattus rattus,Mandena,agroforest,Eimeria,1,Protozoa
2216,Rattus rattus,Mandena,agroforest,Heligmonellidae,0,Nematode
2216,Rattus rattus,Mandena,agroforest,Hexamastix,0,Protozoa
2216,Rattus rattus,Mandena,agroforest,Tetratrichomonas,0,Protozoa
2217,Rattus rattus,Mandena,agroforest,Blastocystis,0,Protozoa
2217,Rattus rattus,Mandena,agroforest,Entamoeba,0,Protozoa
2217,Rattus rattus,Mandena,agroforest,Heligmosomoidea,0,Nematode
2217,Rattus rattus,Mandena,agroforest,Nippostrongylus,1,Nematode
2217,Rattus rattus,Mandena,agroforest,Trichostrongylidae,0,Nematode
2217,Rattus rattus,Mandena,agroforest,Hypotrichomonas,1,Protozoa
2217,Rattus rattus,Mandena,agroforest,Tritrichomonas,1,Protozoa
2217,Rattus rattus,Mandena,agroforest,Eimeria,0,Protozoa
2217,Rattus rattus,Mandena,agroforest,Heligmonellidae,0,Nematode
2217,Rattus rattus,Mandena,agroforest,Hexamastix,0,Protozoa
2217,Rattus rattus,Mandena,agroforest,Tetratrichomonas,0,Protozoa
2218,Rattus rattus,Mandena,agroforest,Blastocystis,0,Protozoa
2218,Rattus rattus,Mandena,agroforest,Entamoeba,0,Protozoa
2218,Rattus rattus,Mandena,agroforest,Heligmosomoidea,0,Nematode
2218,Rattus rattus,Mandena,agroforest,Nippostrongylus,1,Nematode
2218,Rattus rattus,Mandena,agroforest,Trichostrongylidae,0,Nematode
2218,Rattus rattus,Mandena,agroforest,Hypotrichomonas,1,Protozoa
2218,Rattus rattus,Mandena,agroforest,Tritrichomonas,0,Protozoa
2218,Rattus rattus,Mandena,agroforest,Eimeria,0,Protozoa
2218,Rattus rattus,Mandena,agroforest,Heligmonellidae,0,Nematode
2218,Rattus rattus,Mandena,agroforest,Hexamastix,0,Protozoa
2218,Rattus rattus,Mandena,agroforest,Tetratrichomonas,0,Protozoa
2221,Rattus rattus,Mandena,village,Blastocystis,1,Protozoa
2221,Rattus rattus,Mandena,village,Entamoeba,0,Protozoa
2221,Rattus rattus,Mandena,village,Heligmosomoidea,0,Nematode
2221,Rattus rattus,Mandena,village,Nippostrongylus,1,Nematode
2221,Rattus rattus,Mandena,village,Trichostrongylidae,0,Nematode
2221,Rattus rattus,Mandena,village,Hypotrichomonas,0,Protozoa
2221,Rattus rattus,Mandena,village,Tritrichomonas,1,Protozoa
2221,Rattus rattus,Mandena,village,Eimeria,1,Protozoa
2221,Rattus rattus,Mandena,village,Heligmonellidae,0,Nematode
2221,Rattus rattus,Mandena,village,Hexamastix,0,Protozoa
2221,Rattus rattus,Mandena,village,Tetratrichomonas,0,Protozoa
2227,Rattus rattus,Mandena,village,Blastocystis,0,Protozoa
2227,Rattus rattus,Mandena,village,Entamoeba,0,Protozoa
2227,Rattus rattus,Mandena,village,Heligmosomoidea,0,Nematode
2227,Rattus rattus,Mandena,village,Nippostrongylus,0,Nematode
2227,Rattus rattus,Mandena,village,Trichostrongylidae,0,Nematode
2227,Rattus rattus,Mandena,village,Hypotrichomonas,0,Protozoa
2227,Rattus rattus,Mandena,village,Tritrichomonas,1,Protozoa
2227,Rattus rattus,Mandena,village,Eimeria,0,Protozoa
2227,Rattus rattus,Mandena,village,Heligmonellidae,0,Nematode
2227,Rattus rattus,Mandena,village,Hexamastix,0,Protozoa
2227,Rattus rattus,Mandena,village,Tetratrichomonas,0,Protozoa
2228,Rattus rattus,Mandena,agroforest,Blastocystis,0,Protozoa
2228,Rattus rattus,Mandena,agroforest,Entamoeba,0,Protozoa
2228,Rattus rattus,Mandena,agroforest,Heligmosomoidea,0,Nematode
2228,Rattus rattus,Mandena,agroforest,Nippostrongylus,1,Nematode
2228,Rattus rattus,Mandena,agroforest,Trichostrongylidae,0,Nematode
2228,Rattus rattus,Mandena,agroforest,Hypotrichomonas,0,Protozoa
2228,Rattus rattus,Mandena,agroforest,Tritrichomonas,1,Protozoa
2228,Rattus rattus,Mandena,agroforest,Eimeria,0,Protozoa
2228,Rattus rattus,Mandena,agroforest,Heligmonellidae,0,Nematode
2228,Rattus rattus,Mandena,agroforest,Hexamastix,0,Protozoa
2228,Rattus rattus,Mandena,agroforest,Tetratrichomonas,0,Protozoa
2229,Rattus rattus,Mandena,agroforest,Blastocystis,0,Protozoa
2229,Rattus rattus,Mandena,agroforest,Entamoeba,0,Protozoa
2229,Rattus rattus,Mandena,agroforest,Heligmosomoidea,0,Nematode
2229,Rattus rattus,Mandena,agroforest,Nippostrongylus,1,Nematode
2229,Rattus rattus,Mandena,agroforest,Trichostrongylidae,0,Nematode
2229,Rattus rattus,Mandena,agroforest,Hypotrichomonas,0,Protozoa
2229,Rattus rattus,Mandena,agroforest,Tritrichomonas,1,Protozoa
2229,Rattus rattus,Mandena,agroforest,Eimeria,0,Protozoa
2229,Rattus rattus,Mandena,agroforest,Heligmonellidae,0,Nematode
2229,Rattus rattus,Mandena,agroforest,Hexamastix,0,Protozoa
2229,Rattus rattus,Mandena,agroforest,Tetratrichomonas,0,Protozoa
2234,Microgale brevicaudata,Mandena,agroforest,Blastocystis,0,Protozoa
2234,Microgale brevicaudata,Mandena,agroforest,Entamoeba,0,Protozoa
2234,Microgale brevicaudata,Mandena,agroforest,Heligmosomoidea,0,Nematode
2234,Microgale brevicaudata,Mandena,agroforest,Nippostrongylus,0,Nematode
2234,Microgale brevicaudata,Mandena,agroforest,Trichostrongylidae,0,Nematode
2234,Microgale brevicaudata,Mandena,agroforest,Hypotrichomonas,0,Protozoa
2234,Microgale brevicaudata,Mandena,agroforest,Tritrichomonas,0,Protozoa
2234,Microgale brevicaudata,Mandena,agroforest,Eimeria,1,Protozoa
2234,Microgale brevicaudata,Mandena,agroforest,Heligmonellidae,0,Nematode
2234,Microgale brevicaudata,Mandena,agroforest,Hexamastix,0,Protozoa
2234,Microgale brevicaudata,Mandena,agroforest,Tetratrichomonas,0,Protozoa
2236,Rattus rattus,Mandena,village,Blastocystis,1,Protozoa
2236,Rattus rattus,Mandena,village,Entamoeba,0,Protozoa
2236,Rattus rattus,Mandena,village,Heligmosomoidea,0,Nematode
2236,Rattus rattus,Mandena,village,Nippostrongylus,0,Nematode
2236,Rattus rattus,Mandena,village,Trichostrongylidae,0,Nematode
2236,Rattus rattus,Mandena,village,Hypotrichomonas,0,Protozoa
2236,Rattus rattus,Mandena,village,Tritrichomonas,0,Protozoa
2236,Rattus rattus,Mandena,village,Eimeria,0,Protozoa
2236,Rattus rattus,Mandena,village,Heligmonellidae,0,Nematode
2236,Rattus rattus,Mandena,village,Hexamastix,1,Protozoa
2236,Rattus rattus,Mandena,village,Tetratrichomonas,1,Protozoa
2241,Rattus rattus,Mandena,agroforest,Blastocystis,0,Protozoa
2241,Rattus rattus,Mandena,agroforest,Entamoeba,1,Protozoa
2241,Rattus rattus,Mandena,agroforest,Heligmosomoidea,0,Nematode
2241,Rattus rattus,Mandena,agroforest,Nippostrongylus,1,Nematode
2241,Rattus rattus,Mandena,agroforest,Trichostrongylidae,0,Nematode
2241,Rattus rattus,Mandena,agroforest,Hypotrichomonas,0,Protozoa
2241,Rattus rattus,Mandena,agroforest,Tritrichomonas,0,Protozoa
2241,Rattus rattus,Mandena,agroforest,Eimeria,0,Protozoa
2241,Rattus rattus,Mandena,agroforest,Heligmonellidae,0,Nematode
2241,Rattus rattus,Mandena,agroforest,Hexamastix,0,Protozoa
2241,Rattus rattus,Mandena,agroforest,Tetratrichomonas,1,Protozoa
2242,Rattus rattus,Mandena,agroforest,Blastocystis,0,Protozoa
2242,Rattus rattus,Mandena,agroforest,Entamoeba,0,Protozoa
2242,Rattus rattus,Mandena,agroforest,Heligmosomoidea,0,Nematode
2242,Rattus rattus,Mandena,agroforest,Nippostrongylus,1,Nematode
2242,Rattus rattus,Mandena,agroforest,Trichostrongylidae,0,Nematode
2242,Rattus rattus,Mandena,agroforest,Hypotrichomonas,1,Protozoa
2242,Rattus rattus,Mandena,agroforest,Tritrichomonas,1,Protozoa
2242,Rattus rattus,Mandena,agroforest,Eimeria,0,Protozoa
2242,Rattus rattus,Mandena,agroforest,Heligmonellidae,0,Nematode
2242,Rattus rattus,Mandena,agroforest,Hexamastix,0,Protozoa
2242,Rattus rattus,Mandena,agroforest,Tetratrichomonas,0,Protozoa
2243,Rattus rattus,Mandena,agroforest,Blastocystis,0,Protozoa
2243,Rattus rattus,Mandena,agroforest,Entamoeba,0,Protozoa
2243,Rattus rattus,Mandena,agroforest,Heligmosomoidea,0,Nematode
2243,Rattus rattus,Mandena,agroforest,Nippostrongylus,1,Nematode
2243,Rattus rattus,Mandena,agroforest,Trichostrongylidae,0,Nematode
2243,Rattus rattus,Mandena,agroforest,Hypotrichomonas,0,Protozoa
2243,Rattus rattus,Mandena,agroforest,Tritrichomonas,0,Protozoa
2243,Rattus rattus,Mandena,agroforest,Eimeria,0,Protozoa
2243,Rattus rattus,Mandena,agroforest,Heligmonellidae,0,Nematode
2243,Rattus rattus,Mandena,agroforest,Hexamastix,0,Protozoa
2243,Rattus rattus,Mandena,agroforest,Tetratrichomonas,1,Protozoa
2244,Microgale brevicaudata,Mandena,agroforest,Blastocystis,0,Protozoa
2244,Microgale brevicaudata,Mandena,agroforest,Entamoeba,0,Protozoa
2244,Microgale brevicaudata,Mandena,agroforest,Heligmosomoidea,0,Nematode
2244,Microgale brevicaudata,Mandena,agroforest,Nippostrongylus,0,Nematode
2244,Microgale brevicaudata,Mandena,agroforest,Trichostrongylidae,0,Nematode
2244,Microgale brevicaudata,Mandena,agroforest,Hypotrichomonas,0,Protozoa
2244,Microgale brevicaudata,Mandena,agroforest,Tritrichomonas,0,Protozoa
2244,Microgale brevicaudata,Mandena,agroforest,Eimeria,1,Protozoa
2244,Microgale brevicaudata,Mandena,agroforest,Heligmonellidae,0,Nematode
2244,Microgale brevicaudata,Mandena,agroforest,Hexamastix,0,Protozoa
2244,Microgale brevicaudata,Mandena,agroforest,Tetratrichomonas,0,Protozoa
2245,Microgale brevicaudata,Mandena,agroforest,Blastocystis,0,Protozoa
2245,Microgale brevicaudata,Mandena,agroforest,Entamoeba,0,Protozoa
2245,Microgale brevicaudata,Mandena,agroforest,Heligmosomoidea,0,Nematode
2245,Microgale brevicaudata,Mandena,agroforest,Nippostrongylus,0,Nematode
2245,Microgale brevicaudata,Mandena,agroforest,Trichostrongylidae,0,Nematode
2245,Microgale brevicaudata,Mandena,agroforest,Hypotrichomonas,0,Protozoa
2245,Microgale brevicaudata,Mandena,agroforest,Tritrichomonas,0,Protozoa
2245,Microgale brevicaudata,Mandena,agroforest,Eimeria,1,Protozoa
2245,Microgale brevicaudata,Mandena,agroforest,Heligmonellidae,0,Nematode
2245,Microgale brevicaudata,Mandena,agroforest,Hexamastix,0,Protozoa
2245,Microgale brevicaudata,Mandena,agroforest,Tetratrichomonas,0,Protozoa
2248,Rattus rattus,Mandena,agroforest,Blastocystis,0,Protozoa
2248,Rattus rattus,Mandena,agroforest,Entamoeba,0,Protozoa
2248,Rattus rattus,Mandena,agroforest,Heligmosomoidea,0,Nematode
2248,Rattus rattus,Mandena,agroforest,Nippostrongylus,1,Nematode
2248,Rattus rattus,Mandena,agroforest,Trichostrongylidae,0,Nematode
2248,Rattus rattus,Mandena,agroforest,Hypotrichomonas,1,Protozoa
2248,Rattus rattus,Mandena,agroforest,Tritrichomonas,0,Protozoa
2248,Rattus rattus,Mandena,agroforest,Eimeria,0,Protozoa
2248,Rattus rattus,Mandena,agroforest,Heligmonellidae,0,Nematode
2248,Rattus rattus,Mandena,agroforest,Hexamastix,0,Protozoa
2248,Rattus rattus,Mandena,agroforest,Tetratrichomonas,0,Protozoa
2249,Rattus rattus,Mandena,agroforest,Blastocystis,0,Protozoa
2249,Rattus rattus,Mandena,agroforest,Entamoeba,0,Protozoa
2249,Rattus rattus,Mandena,agroforest,Heligmosomoidea,0,Nematode
2249,Rattus rattus,Mandena,agroforest,Nippostrongylus,1,Nematode
2249,Rattus rattus,Mandena,agroforest,Trichostrongylidae,0,Nematode
2249,Rattus rattus,Mandena,agroforest,Hypotrichomonas,1,Protozoa
2249,Rattus rattus,Mandena,agroforest,Tritrichomonas,0,Protozoa
2249,Rattus rattus,Mandena,agroforest,Eimeria,0,Protozoa
2249,Rattus rattus,Mandena,agroforest,Heligmonellidae,0,Nematode
2249,Rattus rattus,Mandena,agroforest,Hexamastix,0,Protozoa
2249,Rattus rattus,Mandena,agroforest,Tetratrichomonas,0,Protozoa
2251,Rattus rattus,Mandena,agroforest,Blastocystis,0,Protozoa
2251,Rattus rattus,Mandena,agroforest,Entamoeba,1,Protozoa
2251,Rattus rattus,Mandena,agroforest,Heligmosomoidea,0,Nematode
2251,Rattus rattus,Mandena,agroforest,Nippostrongylus,1,Nematode
2251,Rattus rattus,Mandena,agroforest,Trichostrongylidae,0,Nematode
2251,Rattus rattus,Mandena,agroforest,Hypotrichomonas,0,Protozoa
2251,Rattus rattus,Mandena,agroforest,Tritrichomonas,1,Protozoa
2251,Rattus rattus,Mandena,agroforest,Eimeria,0,Protozoa
2251,Rattus rattus,Mandena,agroforest,Heligmonellidae,0,Nematode
2251,Rattus rattus,Mandena,agroforest,Hexamastix,0,Protozoa
2251,Rattus rattus,Mandena,agroforest,Tetratrichomonas,0,Protozoa
2254,Microgale brevicaudata,Mandena,brushy_regrowth,Blastocystis,0,Protozoa
2254,Microgale brevicaudata,Mandena,brushy_regrowth,Entamoeba,0,Protozoa
2254,Microgale brevicaudata,Mandena,brushy_regrowth,Heligmosomoidea,0,Nematode
2254,Microgale brevicaudata,Mandena,brushy_regrowth,Nippostrongylus,0,Nematode
2254,Microgale brevicaudata,Mandena,brushy_regrowth,Trichostrongylidae,0,Nematode
2254,Microgale brevicaudata,Mandena,brushy_regrowth,Hypotrichomonas,0,Protozoa
2254,Microgale brevicaudata,Mandena,brushy_regrowth,Tritrichomonas,0,Protozoa
2254,Microgale brevicaudata,Mandena,brushy_regrowth,Eimeria,1,Protozoa
2254,Microgale brevicaudata,Mandena,brushy_regrowth,Heligmonellidae,0,Nematode
2254,Microgale brevicaudata,Mandena,brushy_regrowth,Hexamastix,0,Protozoa
2254,Microgale brevicaudata,Mandena,brushy_regrowth,Tetratrichomonas,0,Protozoa
2255,Microgale brevicaudata,Mandena,brushy_regrowth,Blastocystis,0,Protozoa
2255,Microgale brevicaudata,Mandena,brushy_regrowth,Entamoeba,0,Protozoa
2255,Microgale brevicaudata,Mandena,brushy_regrowth,Heligmosomoidea,0,Nematode
2255,Microgale brevicaudata,Mandena,brushy_regrowth,Nippostrongylus,0,Nematode
2255,Microgale brevicaudata,Mandena,brushy_regrowth,Trichostrongylidae,0,Nematode
2255,Microgale brevicaudata,Mandena,brushy_regrowth,Hypotrichomonas,0,Protozoa
2255,Microgale brevicaudata,Mandena,brushy_regrowth,Tritrichomonas,0,Protozoa
2255,Microgale brevicaudata,Mandena,brushy_regrowth,Eimeria,1,Protozoa
2255,Microgale brevicaudata,Mandena,brushy_regrowth,Heligmonellidae,0,Nematode
2255,Microgale brevicaudata,Mandena,brushy_regrowth,Hexamastix,0,Protozoa
2255,Microgale brevicaudata,Mandena,brushy_regrowth,Tetratrichomonas,0,Protozoa
2256,Microgale brevicaudata,Mandena,brushy_regrowth,Blastocystis,0,Protozoa
2256,Microgale brevicaudata,Mandena,brushy_regrowth,Entamoeba,0,Protozoa
2256,Microgale brevicaudata,Mandena,brushy_regrowth,Heligmosomoidea,1,Nematode
2256,Microgale brevicaudata,Mandena,brushy_regrowth,Nippostrongylus,1,Nematode
2256,Microgale brevicaudata,Mandena,brushy_regrowth,Trichostrongylidae,0,Nematode
2256,Microgale brevicaudata,Mandena,brushy_regrowth,Hypotrichomonas,0,Protozoa
2256,Microgale brevicaudata,Mandena,brushy_regrowth,Tritrichomonas,0,Protozoa
2256,Microgale brevicaudata,Mandena,brushy_regrowth,Eimeria,1,Protozoa
2256,Microgale brevicaudata,Mandena,brushy_regrowth,Heligmonellidae,0,Nematode
2256,Microgale brevicaudata,Mandena,brushy_regrowth,Hexamastix,0,Protozoa
2256,Microgale brevicaudata,Mandena,brushy_regrowth,Tetratrichomonas,0,Protozoa
2257,Microgale brevicaudata,Mandena,brushy_regrowth,Blastocystis,0,Protozoa
2257,Microgale brevicaudata,Mandena,brushy_regrowth,Entamoeba,0,Protozoa
2257,Microgale brevicaudata,Mandena,brushy_regrowth,Heligmosomoidea,0,Nematode
2257,Microgale brevicaudata,Mandena,brushy_regrowth,Nippostrongylus,0,Nematode
2257,Microgale brevicaudata,Mandena,brushy_regrowth,Trichostrongylidae,1,Nematode
2257,Microgale brevicaudata,Mandena,brushy_regrowth,Hypotrichomonas,0,Protozoa
2257,Microgale brevicaudata,Mandena,brushy_regrowth,Tritrichomonas,0,Protozoa
2257,Microgale brevicaudata,Mandena,brushy_regrowth,Eimeria,1,Protozoa
2257,Microgale brevicaudata,Mandena,brushy_regrowth,Heligmonellidae,0,Nematode
2257,Microgale brevicaudata,Mandena,brushy_regrowth,Hexamastix,0,Protozoa
2257,Microgale brevicaudata,Mandena,brushy_regrowth,Tetratrichomonas,0,Protozoa
2261,Rattus rattus,Mandena,brushy_regrowth,Blastocystis,0,Protozoa
2261,Rattus rattus,Mandena,brushy_regrowth,Entamoeba,0,Protozoa
2261,Rattus rattus,Mandena,brushy_regrowth,Heligmosomoidea,0,Nematode
2261,Rattus rattus,Mandena,brushy_regrowth,Nippostrongylus,1,Nematode
2261,Rattus rattus,Mandena,brushy_regrowth,Trichostrongylidae,0,Nematode
2261,Rattus rattus,Mandena,brushy_regrowth,Hypotrichomonas,0,Protozoa
2261,Rattus rattus,Mandena,brushy_regrowth,Tritrichomonas,1,Protozoa
2261,Rattus rattus,Mandena,brushy_regrowth,Eimeria,0,Protozoa
2261,Rattus rattus,Mandena,brushy_regrowth,Heligmonellidae,0,Nematode
2261,Rattus rattus,Mandena,brushy_regrowth,Hexamastix,0,Protozoa
2261,Rattus rattus,Mandena,brushy_regrowth,Tetratrichomonas,0,Protozoa
2262,Rattus rattus,Mandena,brushy_regrowth,Blastocystis,0,Protozoa
2262,Rattus rattus,Mandena,brushy_regrowth,Entamoeba,0,Protozoa
2262,Rattus rattus,Mandena,brushy_regrowth,Heligmosomoidea,0,Nematode
2262,Rattus rattus,Mandena,brushy_regrowth,Nippostrongylus,1,Nematode
2262,Rattus rattus,Mandena,brushy_regrowth,Trichostrongylidae,0,Nematode
2262,Rattus rattus,Mandena,brushy_regrowth,Hypotrichomonas,0,Protozoa
2262,Rattus rattus,Mandena,brushy_regrowth,Tritrichomonas,0,Protozoa
2262,Rattus rattus,Mandena,brushy_regrowth,Eimeria,1,Protozoa
2262,Rattus rattus,Mandena,brushy_regrowth,Heligmonellidae,0,Nematode
2262,Rattus rattus,Mandena,brushy_regrowth,Hexamastix,0,Protozoa
2262,Rattus rattus,Mandena,brushy_regrowth,Tetratrichomonas,0,Protozoa
2263,Rattus rattus,Mandena,brushy_regrowth,Blastocystis,0,Protozoa
2263,Rattus rattus,Mandena,brushy_regrowth,Entamoeba,0,Protozoa
2263,Rattus rattus,Mandena,brushy_regrowth,Heligmosomoidea,0,Nematode
2263,Rattus rattus,Mandena,brushy_regrowth,Nippostrongylus,1,Nematode
2263,Rattus rattus,Mandena,brushy_regrowth,Trichostrongylidae,0,Nematode
2263,Rattus rattus,Mandena,brushy_regrowth,Hypotrichomonas,0,Protozoa
2263,Rattus rattus,Mandena,brushy_regrowth,Tritrichomonas,1,Protozoa
2263,Rattus rattus,Mandena,brushy_regrowth,Eimeria,0,Protozoa
2263,Rattus rattus,Mandena,brushy_regrowth,Heligmonellidae,0,Nematode
2263,Rattus rattus,Mandena,brushy_regrowth,Hexamastix,0,Protozoa
2263,Rattus rattus,Mandena,brushy_regrowth,Tetratrichomonas,0,Protozoa
2265,Microgale brevicaudata,Mandena,brushy_regrowth,Blastocystis,0,Protozoa
2265,Microgale brevicaudata,Mandena,brushy_regrowth,Entamoeba,0,Protozoa
2265,Microgale brevicaudata,Mandena,brushy_regrowth,Heligmosomoidea,0,Nematode
2265,Microgale brevicaudata,Mandena,brushy_regrowth,Nippostrongylus,0,Nematode
2265,Microgale brevicaudata,Mandena,brushy_regrowth,Trichostrongylidae,0,Nematode
2265,Microgale brevicaudata,Mandena,brushy_regrowth,Hypotrichomonas,0,Protozoa
2265,Microgale brevicaudata,Mandena,brushy_regrowth,Tritrichomonas,0,Protozoa
2265,Microgale brevicaudata,Mandena,brushy_regrowth,Eimeria,1,Protozoa
2265,Microgale brevicaudata,Mandena,brushy_regrowth,Heligmonellidae,0,Nematode
2265,Microgale brevicaudata,Mandena,brushy_regrowth,Hexamastix,0,Protozoa
2265,Microgale brevicaudata,Mandena,brushy_regrowth,Tetratrichomonas,0,Protozoa
2266,Microgale brevicaudata,Mandena,brushy_regrowth,Blastocystis,0,Protozoa
2266,Microgale brevicaudata,Mandena,brushy_regrowth,Entamoeba,0,Protozoa
2266,Microgale brevicaudata,Mandena,brushy_regrowth,Heligmosomoidea,0,Nematode
2266,Microgale brevicaudata,Mandena,brushy_regrowth,Nippostrongylus,0,Nematode
2266,Microgale brevicaudata,Mandena,brushy_regrowth,Trichostrongylidae,0,Nematode
2266,Microgale brevicaudata,Mandena,brushy_regrowth,Hypotrichomonas,0,Protozoa
2266,Microgale brevicaudata,Mandena,brushy_regrowth,Tritrichomonas,0,Protozoa
2266,Microgale brevicaudata,Mandena,brushy_regrowth,Eimeria,1,Protozoa
2266,Microgale brevicaudata,Mandena,brushy_regrowth,Heligmonellidae,0,Nematode
2266,Microgale brevicaudata,Mandena,brushy_regrowth,Hexamastix,0,Protozoa
2266,Microgale brevicaudata,Mandena,brushy_regrowth,Tetratrichomonas,0,Protozoa
2267,Microgale brevicaudata,Mandena,brushy_regrowth,Blastocystis,0,Protozoa
2267,Microgale brevicaudata,Mandena,brushy_regrowth,Entamoeba,0,Protozoa
2267,Microgale brevicaudata,Mandena,brushy_regrowth,Heligmosomoidea,0,Nematode
2267,Microgale brevicaudata,Mandena,brushy_regrowth,Nippostrongylus,1,Nematode
2267,Microgale brevicaudata,Mandena,brushy_regrowth,Trichostrongylidae,0,Nematode
2267,Microgale brevicaudata,Mandena,brushy_regrowth,Hypotrichomonas,0,Protozoa
2267,Microgale brevicaudata,Mandena,brushy_regrowth,Tritrichomonas,0,Protozoa
2267,Microgale brevicaudata,Mandena,brushy_regrowth,Eimeria,1,Protozoa
2267,Microgale brevicaudata,Mandena,brushy_regrowth,Heligmonellidae,0,Nematode
2267,Microgale brevicaudata,Mandena,brushy_regrowth,Hexamastix,0,Protozoa
2267,Microgale brevicaudata,Mandena,brushy_regrowth,Tetratrichomonas,0,Protozoa
2269,Rattus rattus,Mandena,brushy_regrowth,Blastocystis,0,Protozoa
2269,Rattus rattus,Mandena,brushy_regrowth,Entamoeba,0,Protozoa
2269,Rattus rattus,Mandena,brushy_regrowth,Heligmosomoidea,0,Nematode
2269,Rattus rattus,Mandena,brushy_regrowth,Nippostrongylus,1,Nematode
2269,Rattus rattus,Mandena,brushy_regrowth,Trichostrongylidae,0,Nematode
2269,Rattus rattus,Mandena,brushy_regrowth,Hypotrichomonas,0,Protozoa
2269,Rattus rattus,Mandena,brushy_regrowth,Tritrichomonas,1,Protozoa
2269,Rattus rattus,Mandena,brushy_regrowth,Eimeria,0,Protozoa
2269,Rattus rattus,Mandena,brushy_regrowth,Heligmonellidae,0,Nematode
2269,Rattus rattus,Mandena,brushy_regrowth,Hexamastix,0,Protozoa
2269,Rattus rattus,Mandena,brushy_regrowth,Tetratrichomonas,0,Protozoa
2271,Microgale brevicaudata,Mandena,brushy_regrowth,Blastocystis,0,Protozoa
2271,Microgale brevicaudata,Mandena,brushy_regrowth,Entamoeba,0,Protozoa
2271,Microgale brevicaudata,Mandena,brushy_regrowth,Heligmosomoidea,1,Nematode
2271,Microgale brevicaudata,Mandena,brushy_regrowth,Nippostrongylus,0,Nematode
2271,Microgale brevicaudata,Mandena,brushy_regrowth,Trichostrongylidae,1,Nematode
2271,Microgale brevicaudata,Mandena,brushy_regrowth,Hypotrichomonas,0,Protozoa
2271,Microgale brevicaudata,Mandena,brushy_regrowth,Tritrichomonas,0,Protozoa
2271,Microgale brevicaudata,Mandena,brushy_regrowth,Eimeria,1,Protozoa
2271,Microgale brevicaudata,Mandena,brushy_regrowth,Heligmonellidae,0,Nematode
2271,Microgale brevicaudata,Mandena,brushy_regrowth,Hexamastix,0,Protozoa
2271,Microgale brevicaudata,Mandena,brushy_regrowth,Tetratrichomonas,0,Protozoa
2272,Microgale brevicaudata,Mandena,brushy_regrowth,Blastocystis,0,Protozoa
2272,Microgale brevicaudata,Mandena,brushy_regrowth,Entamoeba,0,Protozoa
2272,Microgale brevicaudata,Mandena,brushy_regrowth,Heligmosomoidea,0,Nematode
2272,Microgale brevicaudata,Mandena,brushy_regrowth,Nippostrongylus,0,Nematode
2272,Microgale brevicaudata,Mandena,brushy_regrowth,Trichostrongylidae,0,Nematode
2272,Microgale brevicaudata,Mandena,brushy_regrowth,Hypotrichomonas,0,Protozoa
2272,Microgale brevicaudata,Mandena,brushy_regrowth,Tritrichomonas,0,Protozoa
2272,Microgale brevicaudata,Mandena,brushy_regrowth,Eimeria,1,Protozoa
2272,Microgale brevicaudata,Mandena,brushy_regrowth,Heligmonellidae,0,Nematode
2272,Microgale brevicaudata,Mandena,brushy_regrowth,Hexamastix,0,Protozoa
2272,Microgale brevicaudata,Mandena,brushy_regrowth,Tetratrichomonas,0,Protozoa
2273,Microgale brevicaudata,Mandena,brushy_regrowth,Blastocystis,0,Protozoa
2273,Microgale brevicaudata,Mandena,brushy_regrowth,Entamoeba,0,Protozoa
2273,Microgale brevicaudata,Mandena,brushy_regrowth,Heligmosomoidea,0,Nematode
2273,Microgale brevicaudata,Mandena,brushy_regrowth,Nippostrongylus,0,Nematode
2273,Microgale brevicaudata,Mandena,brushy_regrowth,Trichostrongylidae,0,Nematode
2273,Microgale brevicaudata,Mandena,brushy_regrowth,Hypotrichomonas,0,Protozoa
2273,Microgale brevicaudata,Mandena,brushy_regrowth,Tritrichomonas,0,Protozoa
2273,Microgale brevicaudata,Mandena,brushy_regrowth,Eimeria,1,Protozoa
2273,Microgale brevicaudata,Mandena,brushy_regrowth,Heligmonellidae,0,Nematode
2273,Microgale brevicaudata,Mandena,brushy_regrowth,Hexamastix,0,Protozoa
2273,Microgale brevicaudata,Mandena,brushy_regrowth,Tetratrichomonas,0,Protozoa
2274,Microgale brevicaudata,Mandena,brushy_regrowth,Blastocystis,0,Protozoa
2274,Microgale brevicaudata,Mandena,brushy_regrowth,Entamoeba,0,Protozoa
2274,Microgale brevicaudata,Mandena,brushy_regrowth,Heligmosomoidea,0,Nematode
2274,Microgale brevicaudata,Mandena,brushy_regrowth,Nippostrongylus,0,Nematode
2274,Microgale brevicaudata,Mandena,brushy_regrowth,Trichostrongylidae,1,Nematode
2274,Microgale brevicaudata,Mandena,brushy_regrowth,Hypotrichomonas,0,Protozoa
2274,Microgale brevicaudata,Mandena,brushy_regrowth,Tritrichomonas,1,Protozoa
2274,Microgale brevicaudata,Mandena,brushy_regrowth,Eimeria,1,Protozoa
2274,Microgale brevicaudata,Mandena,brushy_regrowth,Heligmonellidae,0,Nematode
2274,Microgale brevicaudata,Mandena,brushy_regrowth,Hexamastix,0,Protozoa
2274,Microgale brevicaudata,Mandena,brushy_regrowth,Tetratrichomonas,0,Protozoa
2275,Microgale brevicaudata,Mandena,brushy_regrowth,Blastocystis,0,Protozoa
2275,Microgale brevicaudata,Mandena,brushy_regrowth,Entamoeba,0,Protozoa
2275,Microgale brevicaudata,Mandena,brushy_regrowth,Heligmosomoidea,0,Nematode
2275,Microgale brevicaudata,Mandena,brushy_regrowth,Nippostrongylus,0,Nematode
2275,Microgale brevicaudata,Mandena,brushy_regrowth,Trichostrongylidae,0,Nematode
2275,Microgale brevicaudata,Mandena,brushy_regrowth,Hypotrichomonas,0,Protozoa
2275,Microgale brevicaudata,Mandena,brushy_regrowth,Tritrichomonas,0,Protozoa
2275,Microgale brevicaudata,Mandena,brushy_regrowth,Eimeria,1,Protozoa
2275,Microgale brevicaudata,Mandena,brushy_regrowth,Heligmonellidae,0,Nematode
2275,Microgale brevicaudata,Mandena,brushy_regrowth,Hexamastix,0,Protozoa
2275,Microgale brevicaudata,Mandena,brushy_regrowth,Tetratrichomonas,0,Protozoa
2277,Rattus rattus,Mandena,brushy_regrowth,Blastocystis,0,Protozoa
2277,Rattus rattus,Mandena,brushy_regrowth,Entamoeba,0,Protozoa
2277,Rattus rattus,Mandena,brushy_regrowth,Heligmosomoidea,0,Nematode
2277,Rattus rattus,Mandena,brushy_regrowth,Nippostrongylus,1,Nematode
2277,Rattus rattus,Mandena,brushy_regrowth,Trichostrongylidae,0,Nematode
2277,Rattus rattus,Mandena,brushy_regrowth,Hypotrichomonas,1,Protozoa
2277,Rattus rattus,Mandena,brushy_regrowth,Tritrichomonas,1,Protozoa
2277,Rattus rattus,Mandena,brushy_regrowth,Eimeria,0,Protozoa
2277,Rattus rattus,Mandena,brushy_regrowth,Heligmonellidae,0,Nematode
2277,Rattus rattus,Mandena,brushy_regrowth,Hexamastix,0,Protozoa
2277,Rattus rattus,Mandena,brushy_regrowth,Tetratrichomonas,0,Protozoa
2278,Rattus rattus,Mandena,brushy_regrowth,Blastocystis,0,Protozoa
2278,Rattus rattus,Mandena,brushy_regrowth,Entamoeba,0,Protozoa
2278,Rattus rattus,Mandena,brushy_regrowth,Heligmosomoidea,0,Nematode
2278,Rattus rattus,Mandena,brushy_regrowth,Nippostrongylus,1,Nematode
2278,Rattus rattus,Mandena,brushy_regrowth,Trichostrongylidae,0,Nematode
2278,Rattus rattus,Mandena,brushy_regrowth,Hypotrichomonas,0,Protozoa
2278,Rattus rattus,Mandena,brushy_regrowth,Tritrichomonas,1,Protozoa
2278,Rattus rattus,Mandena,brushy_regrowth,Eimeria,0,Protozoa
2278,Rattus rattus,Mandena,brushy_regrowth,Heligmonellidae,0,Nematode
2278,Rattus rattus,Mandena,brushy_regrowth,Hexamastix,0,Protozoa
2278,Rattus rattus,Mandena,brushy_regrowth,Tetratrichomonas,0,Protozoa
2279,Microgale brevicaudata,Mandena,brushy_regrowth,Blastocystis,0,Protozoa
2279,Microgale brevicaudata,Mandena,brushy_regrowth,Entamoeba,0,Protozoa
2279,Microgale brevicaudata,Mandena,brushy_regrowth,Heligmosomoidea,0,Nematode
2279,Microgale brevicaudata,Mandena,brushy_regrowth,Nippostrongylus,0,Nematode
2279,Microgale brevicaudata,Mandena,brushy_regrowth,Trichostrongylidae,1,Nematode
2279,Microgale brevicaudata,Mandena,brushy_regrowth,Hypotrichomonas,0,Protozoa
2279,Microgale brevicaudata,Mandena,brushy_regrowth,Tritrichomonas,0,Protozoa
2279,Microgale brevicaudata,Mandena,brushy_regrowth,Eimeria,1,Protozoa
2279,Microgale brevicaudata,Mandena,brushy_regrowth,Heligmonellidae,0,Nematode
2279,Microgale brevicaudata,Mandena,brushy_regrowth,Hexamastix,0,Protozoa
2279,Microgale brevicaudata,Mandena,brushy_regrowth,Tetratrichomonas,0,Protozoa
2281,Microgale brevicaudata,Mandena,brushy_regrowth,Blastocystis,0,Protozoa
2281,Microgale brevicaudata,Mandena,brushy_regrowth,Entamoeba,0,Protozoa
2281,Microgale brevicaudata,Mandena,brushy_regrowth,Heligmosomoidea,1,Nematode
2281,Microgale brevicaudata,Mandena,brushy_regrowth,Nippostrongylus,0,Nematode
2281,Microgale brevicaudata,Mandena,brushy_regrowth,Trichostrongylidae,1,Nematode
2281,Microgale brevicaudata,Mandena,brushy_regrowth,Hypotrichomonas,0,Protozoa
2281,Microgale brevicaudata,Mandena,brushy_regrowth,Tritrichomonas,0,Protozoa
2281,Microgale brevicaudata,Mandena,brushy_regrowth,Eimeria,1,Protozoa
2281,Microgale brevicaudata,Mandena,brushy_regrowth,Heligmonellidae,0,Nematode
2281,Microgale brevicaudata,Mandena,brushy_regrowth,Hexamastix,0,Protozoa
2281,Microgale brevicaudata,Mandena,brushy_regrowth,Tetratrichomonas,0,Protozoa
2282,Microgale brevicaudata,Mandena,brushy_regrowth,Blastocystis,0,Protozoa
2282,Microgale brevicaudata,Mandena,brushy_regrowth,Entamoeba,0,Protozoa
2282,Microgale brevicaudata,Mandena,brushy_regrowth,Heligmosomoidea,1,Nematode
2282,Microgale brevicaudata,Mandena,brushy_regrowth,Nippostrongylus,0,Nematode
2282,Microgale brevicaudata,Mandena,brushy_regrowth,Trichostrongylidae,1,Nematode
2282,Microgale brevicaudata,Mandena,brushy_regrowth,Hypotrichomonas,0,Protozoa
2282,Microgale brevicaudata,Mandena,brushy_regrowth,Tritrichomonas,0,Protozoa
2282,Microgale brevicaudata,Mandena,brushy_regrowth,Eimeria,1,Protozoa
2282,Microgale brevicaudata,Mandena,brushy_regrowth,Heligmonellidae,0,Nematode
2282,Microgale brevicaudata,Mandena,brushy_regrowth,Hexamastix,0,Protozoa
2282,Microgale brevicaudata,Mandena,brushy_regrowth,Tetratrichomonas,0,Protozoa
2283,Microgale brevicaudata,Mandena,brushy_regrowth,Blastocystis,0,Protozoa
2283,Microgale brevicaudata,Mandena,brushy_regrowth,Entamoeba,0,Protozoa
2283,Microgale brevicaudata,Mandena,brushy_regrowth,Heligmosomoidea,0,Nematode
2283,Microgale brevicaudata,Mandena,brushy_regrowth,Nippostrongylus,0,Nematode
2283,Microgale brevicaudata,Mandena,brushy_regrowth,Trichostrongylidae,1,Nematode
2283,Microgale brevicaudata,Mandena,brushy_regrowth,Hypotrichomonas,0,Protozoa
2283,Microgale brevicaudata,Mandena,brushy_regrowth,Tritrichomonas,0,Protozoa
2283,Microgale brevicaudata,Mandena,brushy_regrowth,Eimeria,1,Protozoa
2283,Microgale brevicaudata,Mandena,brushy_regrowth,Heligmonellidae,0,Nematode
2283,Microgale brevicaudata,Mandena,brushy_regrowth,Hexamastix,0,Protozoa
2283,Microgale brevicaudata,Mandena,brushy_regrowth,Tetratrichomonas,0,Protozoa
2284,Microgale brevicaudata,Mandena,brushy_regrowth,Blastocystis,0,Protozoa
2284,Microgale brevicaudata,Mandena,brushy_regrowth,Entamoeba,0,Protozoa
2284,Microgale brevicaudata,Mandena,brushy_regrowth,Heligmosomoidea,0,Nematode
2284,Microgale brevicaudata,Mandena,brushy_regrowth,Nippostrongylus,0,Nematode
2284,Microgale brevicaudata,Mandena,brushy_regrowth,Trichostrongylidae,1,Nematode
2284,Microgale brevicaudata,Mandena,brushy_regrowth,Hypotrichomonas,0,Protozoa
2284,Microgale brevicaudata,Mandena,brushy_regrowth,Tritrichomonas,0,Protozoa
2284,Microgale brevicaudata,Mandena,brushy_regrowth,Eimeria,1,Protozoa
2284,Microgale brevicaudata,Mandena,brushy_regrowth,Heligmonellidae,0,Nematode
2284,Microgale brevicaudata,Mandena,brushy_regrowth,Hexamastix,0,Protozoa
2284,Microgale brevicaudata,Mandena,brushy_regrowth,Tetratrichomonas,0,Protozoa
2285,Microgale brevicaudata,Mandena,brushy_regrowth,Blastocystis,0,Protozoa
2285,Microgale brevicaudata,Mandena,brushy_regrowth,Entamoeba,0,Protozoa
2285,Microgale brevicaudata,Mandena,brushy_regrowth,Heligmosomoidea,0,Nematode
2285,Microgale brevicaudata,Mandena,brushy_regrowth,Nippostrongylus,0,Nematode
2285,Microgale brevicaudata,Mandena,brushy_regrowth,Trichostrongylidae,0,Nematode
2285,Microgale brevicaudata,Mandena,brushy_regrowth,Hypotrichomonas,0,Protozoa
2285,Microgale brevicaudata,Mandena,brushy_regrowth,Tritrichomonas,0,Protozoa
2285,Microgale brevicaudata,Mandena,brushy_regrowth,Eimeria,1,Protozoa
2285,Microgale brevicaudata,Mandena,brushy_regrowth,Heligmonellidae,0,Nematode
2285,Microgale brevicaudata,Mandena,brushy_regrowth,Hexamastix,0,Protozoa
2285,Microgale brevicaudata,Mandena,brushy_regrowth,Tetratrichomonas,0,Protozoa
2286,Microgale brevicaudata,Mandena,brushy_regrowth,Blastocystis,0,Protozoa
2286,Microgale brevicaudata,Mandena,brushy_regrowth,Entamoeba,0,Protozoa
2286,Microgale brevicaudata,Mandena,brushy_regrowth,Heligmosomoidea,0,Nematode
2286,Microgale brevicaudata,Mandena,brushy_regrowth,Nippostrongylus,1,Nematode
2286,Microgale brevicaudata,Mandena,brushy_regrowth,Trichostrongylidae,1,Nematode
2286,Microgale brevicaudata,Mandena,brushy_regrowth,Hypotrichomonas,0,Protozoa
2286,Microgale brevicaudata,Mandena,brushy_regrowth,Tritrichomonas,0,Protozoa
2286,Microgale brevicaudata,Mandena,brushy_regrowth,Eimeria,1,Protozoa
2286,Microgale brevicaudata,Mandena,brushy_regrowth,Heligmonellidae,0,Nematode
2286,Microgale brevicaudata,Mandena,brushy_regrowth,Hexamastix,0,Protozoa
2286,Microgale brevicaudata,Mandena,brushy_regrowth,Tetratrichomonas,0,Protozoa
2287,Rattus rattus,Mandena,brushy_regrowth,Blastocystis,0,Protozoa
2287,Rattus rattus,Mandena,brushy_regrowth,Entamoeba,1,Protozoa
2287,Rattus rattus,Mandena,brushy_regrowth,Heligmosomoidea,0,Nematode
2287,Rattus rattus,Mandena,brushy_regrowth,Nippostrongylus,1,Nematode
2287,Rattus rattus,Mandena,brushy_regrowth,Trichostrongylidae,0,Nematode
2287,Rattus rattus,Mandena,brushy_regrowth,Hypotrichomonas,0,Protozoa
2287,Rattus rattus,Mandena,brushy_regrowth,Tritrichomonas,1,Protozoa
2287,Rattus rattus,Mandena,brushy_regrowth,Eimeria,0,Protozoa
2287,Rattus rattus,Mandena,brushy_regrowth,Heligmonellidae,0,Nematode
2287,Rattus rattus,Mandena,brushy_regrowth,Hexamastix,0,Protozoa
2287,Rattus rattus,Mandena,brushy_regrowth,Tetratrichomonas,0,Protozoa
2289,Microgale brevicaudata,Mandena,brushy_regrowth,Blastocystis,0,Protozoa
2289,Microgale brevicaudata,Mandena,brushy_regrowth,Entamoeba,0,Protozoa
2289,Microgale brevicaudata,Mandena,brushy_regrowth,Heligmosomoidea,0,Nematode
2289,Microgale brevicaudata,Mandena,brushy_regrowth,Nippostrongylus,0,Nematode
2289,Microgale brevicaudata,Mandena,brushy_regrowth,Trichostrongylidae,0,Nematode
2289,Microgale brevicaudata,Mandena,brushy_regrowth,Hypotrichomonas,0,Protozoa
2289,Microgale brevicaudata,Mandena,brushy_regrowth,Tritrichomonas,0,Protozoa
2289,Microgale brevicaudata,Mandena,brushy_regrowth,Eimeria,1,Protozoa
2289,Microgale brevicaudata,Mandena,brushy_regrowth,Heligmonellidae,0,Nematode
2289,Microgale brevicaudata,Mandena,brushy_regrowth,Hexamastix,0,Protozoa
2289,Microgale brevicaudata,Mandena,brushy_regrowth,Tetratrichomonas,0,Protozoa
2291,Microgale brevicaudata,Mandena,agriculture,Blastocystis,0,Protozoa
2291,Microgale brevicaudata,Mandena,agriculture,Entamoeba,0,Protozoa
2291,Microgale brevicaudata,Mandena,agriculture,Heligmosomoidea,0,Nematode
2291,Microgale brevicaudata,Mandena,agriculture,Nippostrongylus,0,Nematode
2291,Microgale brevicaudata,Mandena,agriculture,Trichostrongylidae,1,Nematode
2291,Microgale brevicaudata,Mandena,agriculture,Hypotrichomonas,0,Protozoa
2291,Microgale brevicaudata,Mandena,agriculture,Tritrichomonas,0,Protozoa
2291,Microgale brevicaudata,Mandena,agriculture,Eimeria,1,Protozoa
2291,Microgale brevicaudata,Mandena,agriculture,Heligmonellidae,0,Nematode
2291,Microgale brevicaudata,Mandena,agriculture,Hexamastix,0,Protozoa
2291,Microgale brevicaudata,Mandena,agriculture,Tetratrichomonas,0,Protozoa
2294,Microgale brevicaudata,Mandena,agriculture,Blastocystis,0,Protozoa
2294,Microgale brevicaudata,Mandena,agriculture,Entamoeba,0,Protozoa
2294,Microgale brevicaudata,Mandena,agriculture,Heligmosomoidea,0,Nematode
2294,Microgale brevicaudata,Mandena,agriculture,Nippostrongylus,0,Nematode
2294,Microgale brevicaudata,Mandena,agriculture,Trichostrongylidae,1,Nematode
2294,Microgale brevicaudata,Mandena,agriculture,Hypotrichomonas,0,Protozoa
2294,Microgale brevicaudata,Mandena,agriculture,Tritrichomonas,0,Protozoa
2294,Microgale brevicaudata,Mandena,agriculture,Eimeria,1,Protozoa
2294,Microgale brevicaudata,Mandena,agriculture,Heligmonellidae,0,Nematode
2294,Microgale brevicaudata,Mandena,agriculture,Hexamastix,0,Protozoa
2294,Microgale brevicaudata,Mandena,agriculture,Tetratrichomonas,0,Protozoa
2295,Microgale brevicaudata,Mandena,agriculture,Blastocystis,0,Protozoa
2295,Microgale brevicaudata,Mandena,agriculture,Entamoeba,0,Protozoa
2295,Microgale brevicaudata,Mandena,agriculture,Heligmosomoidea,0,Nematode
2295,Microgale brevicaudata,Mandena,agriculture,Nippostrongylus,0,Nematode
2295,Microgale brevicaudata,Mandena,agriculture,Trichostrongylidae,1,Nematode
2295,Microgale brevicaudata,Mandena,agriculture,Hypotrichomonas,0,Protozoa
2295,Microgale brevicaudata,Mandena,agriculture,Tritrichomonas,1,Protozoa
2295,Microgale brevicaudata,Mandena,agriculture,Eimeria,1,Protozoa
2295,Microgale brevicaudata,Mandena,agriculture,Heligmonellidae,0,Nematode
2295,Microgale brevicaudata,Mandena,agriculture,Hexamastix,0,Protozoa
2295,Microgale brevicaudata,Mandena,agriculture,Tetratrichomonas,0,Protozoa
2296,Microgale brevicaudata,Mandena,agriculture,Blastocystis,0,Protozoa
2296,Microgale brevicaudata,Mandena,agriculture,Entamoeba,0,Protozoa
2296,Microgale brevicaudata,Mandena,agriculture,Heligmosomoidea,0,Nematode
2296,Microgale brevicaudata,Mandena,agriculture,Nippostrongylus,0,Nematode
2296,Microgale brevicaudata,Mandena,agriculture,Trichostrongylidae,0,Nematode
2296,Microgale brevicaudata,Mandena,agriculture,Hypotrichomonas,0,Protozoa
2296,Microgale brevicaudata,Mandena,agriculture,Tritrichomonas,0,Protozoa
2296,Microgale brevicaudata,Mandena,agriculture,Eimeria,1,Protozoa
2296,Microgale brevicaudata,Mandena,agriculture,Heligmonellidae,0,Nematode
2296,Microgale brevicaudata,Mandena,agriculture,Hexamastix,0,Protozoa
2296,Microgale brevicaudata,Mandena,agriculture,Tetratrichomonas,0,Protozoa
2303,Rattus rattus,Mandena,agriculture,Blastocystis,0,Protozoa
2303,Rattus rattus,Mandena,agriculture,Entamoeba,0,Protozoa
2303,Rattus rattus,Mandena,agriculture,Heligmosomoidea,0,Nematode
2303,Rattus rattus,Mandena,agriculture,Nippostrongylus,0,Nematode
2303,Rattus rattus,Mandena,agriculture,Trichostrongylidae,0,Nematode
2303,Rattus rattus,Mandena,agriculture,Hypotrichomonas,1,Protozoa
2303,Rattus rattus,Mandena,agriculture,Tritrichomonas,0,Protozoa
2303,Rattus rattus,Mandena,agriculture,Eimeria,0,Protozoa
2303,Rattus rattus,Mandena,agriculture,Heligmonellidae,0,Nematode
2303,Rattus rattus,Mandena,agriculture,Hexamastix,0,Protozoa
2303,Rattus rattus,Mandena,agriculture,Tetratrichomonas,0,Protozoa
2304,Rattus rattus,Mandena,agriculture,Blastocystis,0,Protozoa
2304,Rattus rattus,Mandena,agriculture,Entamoeba,0,Protozoa
2304,Rattus rattus,Mandena,agriculture,Heligmosomoidea,0,Nematode
2304,Rattus rattus,Mandena,agriculture,Nippostrongylus,1,Nematode
2304,Rattus rattus,Mandena,agriculture,Trichostrongylidae,0,Nematode
2304,Rattus rattus,Mandena,agriculture,Hypotrichomonas,0,Protozoa
2304,Rattus rattus,Mandena,agriculture,Tritrichomonas,1,Protozoa
2304,Rattus rattus,Mandena,agriculture,Eimeria,0,Protozoa
2304,Rattus rattus,Mandena,agriculture,Heligmonellidae,0,Nematode
2304,Rattus rattus,Mandena,agriculture,Hexamastix,0,Protozoa
2304,Rattus rattus,Mandena,agriculture,Tetratrichomonas,0,Protozoa
2305,Microgale brevicaudata,Mandena,agriculture,Blastocystis,0,Protozoa
2305,Microgale brevicaudata,Mandena,agriculture,Entamoeba,0,Protozoa
2305,Microgale brevicaudata,Mandena,agriculture,Heligmosomoidea,0,Nematode
2305,Microgale brevicaudata,Mandena,agriculture,Nippostrongylus,0,Nematode
2305,Microgale brevicaudata,Mandena,agriculture,Trichostrongylidae,1,Nematode
2305,Microgale brevicaudata,Mandena,agriculture,Hypotrichomonas,0,Protozoa
2305,Microgale brevicaudata,Mandena,agriculture,Tritrichomonas,0,Protozoa
2305,Microgale brevicaudata,Mandena,agriculture,Eimeria,1,Protozoa
2305,Microgale brevicaudata,Mandena,agriculture,Heligmonellidae,0,Nematode
2305,Microgale brevicaudata,Mandena,agriculture,Hexamastix,0,Protozoa
2305,Microgale brevicaudata,Mandena,agriculture,Tetratrichomonas,0,Protozoa
2306,Microgale brevicaudata,Mandena,agriculture,Blastocystis,0,Protozoa
2306,Microgale brevicaudata,Mandena,agriculture,Entamoeba,0,Protozoa
2306,Microgale brevicaudata,Mandena,agriculture,Heligmosomoidea,0,Nematode
2306,Microgale brevicaudata,Mandena,agriculture,Nippostrongylus,0,Nematode
2306,Microgale brevicaudata,Mandena,agriculture,Trichostrongylidae,1,Nematode
2306,Microgale brevicaudata,Mandena,agriculture,Hypotrichomonas,0,Protozoa
2306,Microgale brevicaudata,Mandena,agriculture,Tritrichomonas,0,Protozoa
2306,Microgale brevicaudata,Mandena,agriculture,Eimeria,1,Protozoa
2306,Microgale brevicaudata,Mandena,agriculture,Heligmonellidae,0,Nematode
2306,Microgale brevicaudata,Mandena,agriculture,Hexamastix,0,Protozoa
2306,Microgale brevicaudata,Mandena,agriculture,Tetratrichomonas,0,Protozoa
2307,Microgale brevicaudata,Mandena,agriculture,Blastocystis,0,Protozoa
2307,Microgale brevicaudata,Mandena,agriculture,Entamoeba,0,Protozoa
2307,Microgale brevicaudata,Mandena,agriculture,Heligmosomoidea,0,Nematode
2307,Microgale brevicaudata,Mandena,agriculture,Nippostrongylus,0,Nematode
2307,Microgale brevicaudata,Mandena,agriculture,Trichostrongylidae,1,Nematode
2307,Microgale brevicaudata,Mandena,agriculture,Hypotrichomonas,0,Protozoa
2307,Microgale brevicaudata,Mandena,agriculture,Tritrichomonas,0,Protozoa
2307,Microgale brevicaudata,Mandena,agriculture,Eimeria,1,Protozoa
2307,Microgale brevicaudata,Mandena,agriculture,Heligmonellidae,0,Nematode
2307,Microgale brevicaudata,Mandena,agriculture,Hexamastix,0,Protozoa
2307,Microgale brevicaudata,Mandena,agriculture,Tetratrichomonas,0,Protozoa
2308,Microgale brevicaudata,Mandena,agriculture,Blastocystis,0,Protozoa
2308,Microgale brevicaudata,Mandena,agriculture,Entamoeba,0,Protozoa
2308,Microgale brevicaudata,Mandena,agriculture,Heligmosomoidea,0,Nematode
2308,Microgale brevicaudata,Mandena,agriculture,Nippostrongylus,0,Nematode
2308,Microgale brevicaudata,Mandena,agriculture,Trichostrongylidae,0,Nematode
2308,Microgale brevicaudata,Mandena,agriculture,Hypotrichomonas,0,Protozoa
2308,Microgale brevicaudata,Mandena,agriculture,Tritrichomonas,0,Protozoa
2308,Microgale brevicaudata,Mandena,agriculture,Eimeria,1,Protozoa
2308,Microgale brevicaudata,Mandena,agriculture,Heligmonellidae,0,Nematode
2308,Microgale brevicaudata,Mandena,agriculture,Hexamastix,0,Protozoa
2308,Microgale brevicaudata,Mandena,agriculture,Tetratrichomonas,0,Protozoa
2309,Microgale brevicaudata,Mandena,agriculture,Blastocystis,0,Protozoa
2309,Microgale brevicaudata,Mandena,agriculture,Entamoeba,0,Protozoa
2309,Microgale brevicaudata,Mandena,agriculture,Heligmosomoidea,0,Nematode
2309,Microgale brevicaudata,Mandena,agriculture,Nippostrongylus,0,Nematode
2309,Microgale brevicaudata,Mandena,agriculture,Trichostrongylidae,1,Nematode
2309,Microgale brevicaudata,Mandena,agriculture,Hypotrichomonas,0,Protozoa
2309,Microgale brevicaudata,Mandena,agriculture,Tritrichomonas,0,Protozoa
2309,Microgale brevicaudata,Mandena,agriculture,Eimeria,1,Protozoa
2309,Microgale brevicaudata,Mandena,agriculture,Heligmonellidae,0,Nematode
2309,Microgale brevicaudata,Mandena,agriculture,Hexamastix,0,Protozoa
2309,Microgale brevicaudata,Mandena,agriculture,Tetratrichomonas,0,Protozoa
2313,Rattus rattus,Mandena,agriculture,Blastocystis,0,Protozoa
2313,Rattus rattus,Mandena,agriculture,Entamoeba,0,Protozoa
2313,Rattus rattus,Mandena,agriculture,Heligmosomoidea,0,Nematode
2313,Rattus rattus,Mandena,agriculture,Nippostrongylus,1,Nematode
2313,Rattus rattus,Mandena,agriculture,Trichostrongylidae,0,Nematode
2313,Rattus rattus,Mandena,agriculture,Hypotrichomonas,0,Protozoa
2313,Rattus rattus,Mandena,agriculture,Tritrichomonas,1,Protozoa
2313,Rattus rattus,Mandena,agriculture,Eimeria,0,Protozoa
2313,Rattus rattus,Mandena,agriculture,Heligmonellidae,0,Nematode
2313,Rattus rattus,Mandena,agriculture,Hexamastix,0,Protozoa
2313,Rattus rattus,Mandena,agriculture,Tetratrichomonas,0,Protozoa
2314,Rattus rattus,Mandena,agriculture,Blastocystis,0,Protozoa
2314,Rattus rattus,Mandena,agriculture,Entamoeba,0,Protozoa
2314,Rattus rattus,Mandena,agriculture,Heligmosomoidea,0,Nematode
2314,Rattus rattus,Mandena,agriculture,Nippostrongylus,1,Nematode
2314,Rattus rattus,Mandena,agriculture,Trichostrongylidae,0,Nematode
2314,Rattus rattus,Mandena,agriculture,Hypotrichomonas,0,Protozoa
2314,Rattus rattus,Mandena,agriculture,Tritrichomonas,1,Protozoa
2314,Rattus rattus,Mandena,agriculture,Eimeria,0,Protozoa
2314,Rattus rattus,Mandena,agriculture,Heligmonellidae,0,Nematode
2314,Rattus rattus,Mandena,agriculture,Hexamastix,0,Protozoa
2314,Rattus rattus,Mandena,agriculture,Tetratrichomonas,0,Protozoa
2315,Rattus rattus,Mandena,agriculture,Blastocystis,0,Protozoa
2315,Rattus rattus,Mandena,agriculture,Entamoeba,0,Protozoa
2315,Rattus rattus,Mandena,agriculture,Heligmosomoidea,0,Nematode
2315,Rattus rattus,Mandena,agriculture,Nippostrongylus,1,Nematode
2315,Rattus rattus,Mandena,agriculture,Trichostrongylidae,0,Nematode
2315,Rattus rattus,Mandena,agriculture,Hypotrichomonas,0,Protozoa
2315,Rattus rattus,Mandena,agriculture,Tritrichomonas,1,Protozoa
2315,Rattus rattus,Mandena,agriculture,Eimeria,0,Protozoa
2315,Rattus rattus,Mandena,agriculture,Heligmonellidae,0,Nematode
2315,Rattus rattus,Mandena,agriculture,Hexamastix,0,Protozoa
2315,Rattus rattus,Mandena,agriculture,Tetratrichomonas,0,Protozoa
2318,Microgale brevicaudata,Mandena,agriculture,Blastocystis,0,Protozoa
2318,Microgale brevicaudata,Mandena,agriculture,Entamoeba,0,Protozoa
2318,Microgale brevicaudata,Mandena,agriculture,Heligmosomoidea,0,Nematode
2318,Microgale brevicaudata,Mandena,agriculture,Nippostrongylus,0,Nematode
2318,Microgale brevicaudata,Mandena,agriculture,Trichostrongylidae,1,Nematode
2318,Microgale brevicaudata,Mandena,agriculture,Hypotrichomonas,0,Protozoa
2318,Microgale brevicaudata,Mandena,agriculture,Tritrichomonas,0,Protozoa
2318,Microgale brevicaudata,Mandena,agriculture,Eimeria,1,Protozoa
2318,Microgale brevicaudata,Mandena,agriculture,Heligmonellidae,0,Nematode
2318,Microgale brevicaudata,Mandena,agriculture,Hexamastix,0,Protozoa
2318,Microgale brevicaudata,Mandena,agriculture,Tetratrichomonas,0,Protozoa
2319,Microgale brevicaudata,Mandena,agriculture,Blastocystis,0,Protozoa
2319,Microgale brevicaudata,Mandena,agriculture,Entamoeba,0,Protozoa
2319,Microgale brevicaudata,Mandena,agriculture,Heligmosomoidea,0,Nematode
2319,Microgale brevicaudata,Mandena,agriculture,Nippostrongylus,1,Nematode
2319,Microgale brevicaudata,Mandena,agriculture,Trichostrongylidae,0,Nematode
2319,Microgale brevicaudata,Mandena,agriculture,Hypotrichomonas,0,Protozoa
2319,Microgale brevicaudata,Mandena,agriculture,Tritrichomonas,0,Protozoa
2319,Microgale brevicaudata,Mandena,agriculture,Eimeria,1,Protozoa
2319,Microgale brevicaudata,Mandena,agriculture,Heligmonellidae,0,Nematode
2319,Microgale brevicaudata,Mandena,agriculture,Hexamastix,0,Protozoa
2319,Microgale brevicaudata,Mandena,agriculture,Tetratrichomonas,0,Protozoa
2324,Rattus rattus,Mandena,agriculture,Blastocystis,0,Protozoa
2324,Rattus rattus,Mandena,agriculture,Entamoeba,0,Protozoa
2324,Rattus rattus,Mandena,agriculture,Heligmosomoidea,0,Nematode
2324,Rattus rattus,Mandena,agriculture,Nippostrongylus,1,Nematode
2324,Rattus rattus,Mandena,agriculture,Trichostrongylidae,0,Nematode
2324,Rattus rattus,Mandena,agriculture,Hypotrichomonas,1,Protozoa
2324,Rattus rattus,Mandena,agriculture,Tritrichomonas,1,Protozoa
2324,Rattus rattus,Mandena,agriculture,Eimeria,0,Protozoa
2324,Rattus rattus,Mandena,agriculture,Heligmonellidae,0,Nematode
2324,Rattus rattus,Mandena,agriculture,Hexamastix,0,Protozoa
2324,Rattus rattus,Mandena,agriculture,Tetratrichomonas,0,Protozoa
2327,Microgale brevicaudata,Mandena,agriculture,Blastocystis,0,Protozoa
2327,Microgale brevicaudata,Mandena,agriculture,Entamoeba,0,Protozoa
2327,Microgale brevicaudata,Mandena,agriculture,Heligmosomoidea,0,Nematode
2327,Microgale brevicaudata,Mandena,agriculture,Nippostrongylus,0,Nematode
2327,Microgale brevicaudata,Mandena,agriculture,Trichostrongylidae,1,Nematode
2327,Microgale brevicaudata,Mandena,agriculture,Hypotrichomonas,0,Protozoa
2327,Microgale brevicaudata,Mandena,agriculture,Tritrichomonas,0,Protozoa
2327,Microgale brevicaudata,Mandena,agriculture,Eimeria,1,Protozoa
2327,Microgale brevicaudata,Mandena,agriculture,Heligmonellidae,0,Nematode
2327,Microgale brevicaudata,Mandena,agriculture,Hexamastix,0,Protozoa
2327,Microgale brevicaudata,Mandena,agriculture,Tetratrichomonas,0,Protozoa
2328,Rattus rattus,Mandena,agriculture,Blastocystis,0,Protozoa
2328,Rattus rattus,Mandena,agriculture,Entamoeba,0,Protozoa
2328,Rattus rattus,Mandena,agriculture,Heligmosomoidea,0,Nematode
2328,Rattus rattus,Mandena,agriculture,Nippostrongylus,1,Nematode
2328,Rattus rattus,Mandena,agriculture,Trichostrongylidae,0,Nematode
2328,Rattus rattus,Mandena,agriculture,Hypotrichomonas,0,Protozoa
2328,Rattus rattus,Mandena,agriculture,Tritrichomonas,0,Protozoa
2328,Rattus rattus,Mandena,agriculture,Eimeria,1,Protozoa
2328,Rattus rattus,Mandena,agriculture,Heligmonellidae,0,Nematode
2328,Rattus rattus,Mandena,agriculture,Hexamastix,0,Protozoa
2328,Rattus rattus,Mandena,agriculture,Tetratrichomonas,0,Protozoa
2329,Rattus rattus,Mandena,agriculture,Blastocystis,0,Protozoa
2329,Rattus rattus,Mandena,agriculture,Entamoeba,0,Protozoa
2329,Rattus rattus,Mandena,agriculture,Heligmosomoidea,0,Nematode
2329,Rattus rattus,Mandena,agriculture,Nippostrongylus,0,Nematode
2329,Rattus rattus,Mandena,agriculture,Trichostrongylidae,0,Nematode
2329,Rattus rattus,Mandena,agriculture,Hypotrichomonas,1,Protozoa
2329,Rattus rattus,Mandena,agriculture,Tritrichomonas,0,Protozoa
2329,Rattus rattus,Mandena,agriculture,Eimeria,0,Protozoa
2329,Rattus rattus,Mandena,agriculture,Heligmonellidae,0,Nematode
2329,Rattus rattus,Mandena,agriculture,Hexamastix,0,Protozoa
2329,Rattus rattus,Mandena,agriculture,Tetratrichomonas,0,Protozoa
2334,Microgale brevicaudata,Mandena,agriculture,Blastocystis,0,Protozoa
2334,Microgale brevicaudata,Mandena,agriculture,Entamoeba,0,Protozoa
2334,Microgale brevicaudata,Mandena,agriculture,Heligmosomoidea,0,Nematode
2334,Microgale brevicaudata,Mandena,agriculture,Nippostrongylus,0,Nematode
2334,Microgale brevicaudata,Mandena,agriculture,Trichostrongylidae,0,Nematode
2334,Microgale brevicaudata,Mandena,agriculture,Hypotrichomonas,0,Protozoa
2334,Microgale brevicaudata,Mandena,agriculture,Tritrichomonas,0,Protozoa
2334,Microgale brevicaudata,Mandena,agriculture,Eimeria,1,Protozoa
2334,Microgale brevicaudata,Mandena,agriculture,Heligmonellidae,0,Nematode
2334,Microgale brevicaudata,Mandena,agriculture,Hexamastix,0,Protozoa
2334,Microgale brevicaudata,Mandena,agriculture,Tetratrichomonas,0,Protozoa
2337,Rattus rattus,Mandena,agriculture,Blastocystis,0,Protozoa
2337,Rattus rattus,Mandena,agriculture,Entamoeba,0,Protozoa
2337,Rattus rattus,Mandena,agriculture,Heligmosomoidea,1,Nematode
2337,Rattus rattus,Mandena,agriculture,Nippostrongylus,1,Nematode
2337,Rattus rattus,Mandena,agriculture,Trichostrongylidae,1,Nematode
2337,Rattus rattus,Mandena,agriculture,Hypotrichomonas,0,Protozoa
2337,Rattus rattus,Mandena,agriculture,Tritrichomonas,1,Protozoa
2337,Rattus rattus,Mandena,agriculture,Eimeria,0,Protozoa
2337,Rattus rattus,Mandena,agriculture,Heligmonellidae,1,Nematode
2337,Rattus rattus,Mandena,agriculture,Hexamastix,0,Protozoa
2337,Rattus rattus,Mandena,agriculture,Tetratrichomonas,0,Protozoa
2338,Microgale brevicaudata,Mandena,agriculture,Blastocystis,0,Protozoa
2338,Microgale brevicaudata,Mandena,agriculture,Entamoeba,0,Protozoa
2338,Microgale brevicaudata,Mandena,agriculture,Heligmosomoidea,0,Nematode
2338,Microgale brevicaudata,Mandena,agriculture,Nippostrongylus,0,Nematode
2338,Microgale brevicaudata,Mandena,agriculture,Trichostrongylidae,0,Nematode
2338,Microgale brevicaudata,Mandena,agriculture,Hypotrichomonas,0,Protozoa
2338,Microgale brevicaudata,Mandena,agriculture,Tritrichomonas,0,Protozoa
2338,Microgale brevicaudata,Mandena,agriculture,Eimeria,1,Protozoa
2338,Microgale brevicaudata,Mandena,agriculture,Heligmonellidae,0,Nematode
2338,Microgale brevicaudata,Mandena,agriculture,Hexamastix,0,Protozoa
2338,Microgale brevicaudata,Mandena,agriculture,Tetratrichomonas,0,Protozoa
2339,Microgale brevicaudata,Mandena,agriculture,Blastocystis,0,Protozoa
2339,Microgale brevicaudata,Mandena,agriculture,Entamoeba,0,Protozoa
2339,Microgale brevicaudata,Mandena,agriculture,Heligmosomoidea,0,Nematode
2339,Microgale brevicaudata,Mandena,agriculture,Nippostrongylus,0,Nematode
2339,Microgale brevicaudata,Mandena,agriculture,Trichostrongylidae,0,Nematode
2339,Microgale brevicaudata,Mandena,agriculture,Hypotrichomonas,0,Protozoa
2339,Microgale brevicaudata,Mandena,agriculture,Tritrichomonas,0,Protozoa
2339,Microgale brevicaudata,Mandena,agriculture,Eimeria,1,Protozoa
2339,Microgale brevicaudata,Mandena,agriculture,Heligmonellidae,0,Nematode
2339,Microgale brevicaudata,Mandena,agriculture,Hexamastix,0,Protozoa
2339,Microgale brevicaudata,Mandena,agriculture,Tetratrichomonas,0,Protozoa
2341,Rattus rattus,Mandena,agriculture,Blastocystis,1,Protozoa
2341,Rattus rattus,Mandena,agriculture,Entamoeba,0,Protozoa
2341,Rattus rattus,Mandena,agriculture,Heligmosomoidea,0,Nematode
2341,Rattus rattus,Mandena,agriculture,Nippostrongylus,1,Nematode
2341,Rattus rattus,Mandena,agriculture,Trichostrongylidae,0,Nematode
2341,Rattus rattus,Mandena,agriculture,Hypotrichomonas,0,Protozoa
2341,Rattus rattus,Mandena,agriculture,Tritrichomonas,1,Protozoa
2341,Rattus rattus,Mandena,agriculture,Eimeria,0,Protozoa
2341,Rattus rattus,Mandena,agriculture,Heligmonellidae,0,Nematode
2341,Rattus rattus,Mandena,agriculture,Hexamastix,0,Protozoa
2341,Rattus rattus,Mandena,agriculture,Tetratrichomonas,0,Protozoa
2342,Rattus rattus,Mandena,agriculture,Blastocystis,0,Protozoa
2342,Rattus rattus,Mandena,agriculture,Entamoeba,0,Protozoa
2342,Rattus rattus,Mandena,agriculture,Heligmosomoidea,0,Nematode
2342,Rattus rattus,Mandena,agriculture,Nippostrongylus,1,Nematode
2342,Rattus rattus,Mandena,agriculture,Trichostrongylidae,0,Nematode
2342,Rattus rattus,Mandena,agriculture,Hypotrichomonas,1,Protozoa
2342,Rattus rattus,Mandena,agriculture,Tritrichomonas,0,Protozoa
2342,Rattus rattus,Mandena,agriculture,Eimeria,0,Protozoa
2342,Rattus rattus,Mandena,agriculture,Heligmonellidae,0,Nematode
2342,Rattus rattus,Mandena,agriculture,Hexamastix,0,Protozoa
2342,Rattus rattus,Mandena,agriculture,Tetratrichomonas,0,Protozoa
2343,Rattus rattus,Mandena,agriculture,Blastocystis,0,Protozoa
2343,Rattus rattus,Mandena,agriculture,Entamoeba,0,Protozoa
2343,Rattus rattus,Mandena,agriculture,Heligmosomoidea,0,Nematode
2343,Rattus rattus,Mandena,agriculture,Nippostrongylus,0,Nematode
2343,Rattus rattus,Mandena,agriculture,Trichostrongylidae,0,Nematode
2343,Rattus rattus,Mandena,agriculture,Hypotrichomonas,0,Protozoa
2343,Rattus rattus,Mandena,agriculture,Tritrichomonas,1,Protozoa
2343,Rattus rattus,Mandena,agriculture,Eimeria,0,Protozoa
2343,Rattus rattus,Mandena,agriculture,Heligmonellidae,0,Nematode
2343,Rattus rattus,Mandena,agriculture,Hexamastix,0,Protozoa
2343,Rattus rattus,Mandena,agriculture,Tetratrichomonas,0,Protozoa
2345,Microgale brevicaudata,Mandena,secondary_forest,Blastocystis,0,Protozoa
2345,Microgale brevicaudata,Mandena,secondary_forest,Entamoeba,0,Protozoa
2345,Microgale brevicaudata,Mandena,secondary_forest,Heligmosomoidea,0,Nematode
2345,Microgale brevicaudata,Mandena,secondary_forest,Nippostrongylus,1,Nematode
2345,Microgale brevicaudata,Mandena,secondary_forest,Trichostrongylidae,1,Nematode
2345,Microgale brevicaudata,Mandena,secondary_forest,Hypotrichomonas,0,Protozoa
2345,Microgale brevicaudata,Mandena,secondary_forest,Tritrichomonas,0,Protozoa
2345,Microgale brevicaudata,Mandena,secondary_forest,Eimeria,1,Protozoa
2345,Microgale brevicaudata,Mandena,secondary_forest,Heligmonellidae,0,Nematode
2345,Microgale brevicaudata,Mandena,secondary_forest,Hexamastix,0,Protozoa
2345,Microgale brevicaudata,Mandena,secondary_forest,Tetratrichomonas,0,Protozoa
2346,Microgale brevicaudata,Mandena,secondary_forest,Blastocystis,0,Protozoa
2346,Microgale brevicaudata,Mandena,secondary_forest,Entamoeba,0,Protozoa
2346,Microgale brevicaudata,Mandena,secondary_forest,Heligmosomoidea,1,Nematode
2346,Microgale brevicaudata,Mandena,secondary_forest,Nippostrongylus,1,Nematode
2346,Microgale brevicaudata,Mandena,secondary_forest,Trichostrongylidae,1,Nematode
2346,Microgale brevicaudata,Mandena,secondary_forest,Hypotrichomonas,0,Protozoa
2346,Microgale brevicaudata,Mandena,secondary_forest,Tritrichomonas,0,Protozoa
2346,Microgale brevicaudata,Mandena,secondary_forest,Eimeria,1,Protozoa
2346,Microgale brevicaudata,Mandena,secondary_forest,Heligmonellidae,0,Nematode
2346,Microgale brevicaudata,Mandena,secondary_forest,Hexamastix,0,Protozoa
2346,Microgale brevicaudata,Mandena,secondary_forest,Tetratrichomonas,0,Protozoa
2347,Microgale brevicaudata,Mandena,secondary_forest,Blastocystis,0,Protozoa
2347,Microgale brevicaudata,Mandena,secondary_forest,Entamoeba,0,Protozoa
2347,Microgale brevicaudata,Mandena,secondary_forest,Heligmosomoidea,0,Nematode
2347,Microgale brevicaudata,Mandena,secondary_forest,Nippostrongylus,0,Nematode
2347,Microgale brevicaudata,Mandena,secondary_forest,Trichostrongylidae,0,Nematode
2347,Microgale brevicaudata,Mandena,secondary_forest,Hypotrichomonas,0,Protozoa
2347,Microgale brevicaudata,Mandena,secondary_forest,Tritrichomonas,0,Protozoa
2347,Microgale brevicaudata,Mandena,secondary_forest,Eimeria,1,Protozoa
2347,Microgale brevicaudata,Mandena,secondary_forest,Heligmonellidae,0,Nematode
2347,Microgale brevicaudata,Mandena,secondary_forest,Hexamastix,0,Protozoa
2347,Microgale brevicaudata,Mandena,secondary_forest,Tetratrichomonas,0,Protozoa
2348,Microgale brevicaudata,Mandena,secondary_forest,Blastocystis,0,Protozoa
2348,Microgale brevicaudata,Mandena,secondary_forest,Entamoeba,0,Protozoa
2348,Microgale brevicaudata,Mandena,secondary_forest,Heligmosomoidea,0,Nematode
2348,Microgale brevicaudata,Mandena,secondary_forest,Nippostrongylus,1,Nematode
2348,Microgale brevicaudata,Mandena,secondary_forest,Trichostrongylidae,0,Nematode
2348,Microgale brevicaudata,Mandena,secondary_forest,Hypotrichomonas,0,Protozoa
2348,Microgale brevicaudata,Mandena,secondary_forest,Tritrichomonas,0,Protozoa
2348,Microgale brevicaudata,Mandena,secondary_forest,Eimeria,1,Protozoa
2348,Microgale brevicaudata,Mandena,secondary_forest,Heligmonellidae,0,Nematode
2348,Microgale brevicaudata,Mandena,secondary_forest,Hexamastix,0,Protozoa
2348,Microgale brevicaudata,Mandena,secondary_forest,Tetratrichomonas,0,Protozoa
2349,Microgale brevicaudata,Mandena,secondary_forest,Blastocystis,0,Protozoa
2349,Microgale brevicaudata,Mandena,secondary_forest,Entamoeba,0,Protozoa
2349,Microgale brevicaudata,Mandena,secondary_forest,Heligmosomoidea,1,Nematode
2349,Microgale brevicaudata,Mandena,secondary_forest,Nippostrongylus,0,Nematode
2349,Microgale brevicaudata,Mandena,secondary_forest,Trichostrongylidae,1,Nematode
2349,Microgale brevicaudata,Mandena,secondary_forest,Hypotrichomonas,0,Protozoa
2349,Microgale brevicaudata,Mandena,secondary_forest,Tritrichomonas,0,Protozoa
2349,Microgale brevicaudata,Mandena,secondary_forest,Eimeria,1,Protozoa
2349,Microgale brevicaudata,Mandena,secondary_forest,Heligmonellidae,0,Nematode
2349,Microgale brevicaudata,Mandena,secondary_forest,Hexamastix,0,Protozoa
2349,Microgale brevicaudata,Mandena,secondary_forest,Tetratrichomonas,0,Protozoa
2350,Microgale brevicaudata,Mandena,secondary_forest,Blastocystis,0,Protozoa
2350,Microgale brevicaudata,Mandena,secondary_forest,Entamoeba,0,Protozoa
2350,Microgale brevicaudata,Mandena,secondary_forest,Heligmosomoidea,1,Nematode
2350,Microgale brevicaudata,Mandena,secondary_forest,Nippostrongylus,0,Nematode
2350,Microgale brevicaudata,Mandena,secondary_forest,Trichostrongylidae,0,Nematode
2350,Microgale brevicaudata,Mandena,secondary_forest,Hypotrichomonas,0,Protozoa
2350,Microgale brevicaudata,Mandena,secondary_forest,Tritrichomonas,0,Protozoa
2350,Microgale brevicaudata,Mandena,secondary_forest,Eimeria,1,Protozoa
2350,Microgale brevicaudata,Mandena,secondary_forest,Heligmonellidae,0,Nematode
2350,Microgale brevicaudata,Mandena,secondary_forest,Hexamastix,0,Protozoa
2350,Microgale brevicaudata,Mandena,secondary_forest,Tetratrichomonas,0,Protozoa
2352,Microgale brevicaudata,Mandena,secondary_forest,Blastocystis,0,Protozoa
2352,Microgale brevicaudata,Mandena,secondary_forest,Entamoeba,0,Protozoa
2352,Microgale brevicaudata,Mandena,secondary_forest,Heligmosomoidea,0,Nematode
2352,Microgale brevicaudata,Mandena,secondary_forest,Nippostrongylus,0,Nematode
2352,Microgale brevicaudata,Mandena,secondary_forest,Trichostrongylidae,0,Nematode
2352,Microgale brevicaudata,Mandena,secondary_forest,Hypotrichomonas,0,Protozoa
2352,Microgale brevicaudata,Mandena,secondary_forest,Tritrichomonas,0,Protozoa
2352,Microgale brevicaudata,Mandena,secondary_forest,Eimeria,1,Protozoa
2352,Microgale brevicaudata,Mandena,secondary_forest,Heligmonellidae,0,Nematode
2352,Microgale brevicaudata,Mandena,secondary_forest,Hexamastix,0,Protozoa
2352,Microgale brevicaudata,Mandena,secondary_forest,Tetratrichomonas,0,Protozoa
2355,Microgale brevicaudata,Mandena,secondary_forest,Blastocystis,0,Protozoa
2355,Microgale brevicaudata,Mandena,secondary_forest,Entamoeba,0,Protozoa
2355,Microgale brevicaudata,Mandena,secondary_forest,Heligmosomoidea,1,Nematode
2355,Microgale brevicaudata,Mandena,secondary_forest,Nippostrongylus,0,Nematode
2355,Microgale brevicaudata,Mandena,secondary_forest,Trichostrongylidae,1,Nematode
2355,Microgale brevicaudata,Mandena,secondary_forest,Hypotrichomonas,0,Protozoa
2355,Microgale brevicaudata,Mandena,secondary_forest,Tritrichomonas,0,Protozoa
2355,Microgale brevicaudata,Mandena,secondary_forest,Eimeria,1,Protozoa
2355,Microgale brevicaudata,Mandena,secondary_forest,Heligmonellidae,0,Nematode
2355,Microgale brevicaudata,Mandena,secondary_forest,Hexamastix,0,Protozoa
2355,Microgale brevicaudata,Mandena,secondary_forest,Tetratrichomonas,0,Protozoa
2359,Microgale brevicaudata,Mandena,secondary_forest,Blastocystis,0,Protozoa
2359,Microgale brevicaudata,Mandena,secondary_forest,Entamoeba,0,Protozoa
2359,Microgale brevicaudata,Mandena,secondary_forest,Heligmosomoidea,1,Nematode
2359,Microgale brevicaudata,Mandena,secondary_forest,Nippostrongylus,0,Nematode
2359,Microgale brevicaudata,Mandena,secondary_forest,Trichostrongylidae,0,Nematode
2359,Microgale brevicaudata,Mandena,secondary_forest,Hypotrichomonas,0,Protozoa
2359,Microgale brevicaudata,Mandena,secondary_forest,Tritrichomonas,0,Protozoa
2359,Microgale brevicaudata,Mandena,secondary_forest,Eimeria,1,Protozoa
2359,Microgale brevicaudata,Mandena,secondary_forest,Heligmonellidae,0,Nematode
2359,Microgale brevicaudata,Mandena,secondary_forest,Hexamastix,0,Protozoa
2359,Microgale brevicaudata,Mandena,secondary_forest,Tetratrichomonas,0,Protozoa
2361,Rattus rattus,Mandena,secondary_forest,Blastocystis,0,Protozoa
2361,Rattus rattus,Mandena,secondary_forest,Entamoeba,0,Protozoa
2361,Rattus rattus,Mandena,secondary_forest,Heligmosomoidea,0,Nematode
2361,Rattus rattus,Mandena,secondary_forest,Nippostrongylus,1,Nematode
2361,Rattus rattus,Mandena,secondary_forest,Trichostrongylidae,0,Nematode
2361,Rattus rattus,Mandena,secondary_forest,Hypotrichomonas,1,Protozoa
2361,Rattus rattus,Mandena,secondary_forest,Tritrichomonas,1,Protozoa
2361,Rattus rattus,Mandena,secondary_forest,Eimeria,0,Protozoa
2361,Rattus rattus,Mandena,secondary_forest,Heligmonellidae,0,Nematode
2361,Rattus rattus,Mandena,secondary_forest,Hexamastix,0,Protozoa
2361,Rattus rattus,Mandena,secondary_forest,Tetratrichomonas,0,Protozoa
2363,Microgale brevicaudata,Mandena,secondary_forest,Blastocystis,0,Protozoa
2363,Microgale brevicaudata,Mandena,secondary_forest,Entamoeba,0,Protozoa
2363,Microgale brevicaudata,Mandena,secondary_forest,Heligmosomoidea,0,Nematode
2363,Microgale brevicaudata,Mandena,secondary_forest,Nippostrongylus,0,Nematode
2363,Microgale brevicaudata,Mandena,secondary_forest,Trichostrongylidae,0,Nematode
2363,Microgale brevicaudata,Mandena,secondary_forest,Hypotrichomonas,0,Protozoa
2363,Microgale brevicaudata,Mandena,secondary_forest,Tritrichomonas,0,Protozoa
2363,Microgale brevicaudata,Mandena,secondary_forest,Eimeria,1,Protozoa
2363,Microgale brevicaudata,Mandena,secondary_forest,Heligmonellidae,0,Nematode
2363,Microgale brevicaudata,Mandena,secondary_forest,Hexamastix,0,Protozoa
2363,Microgale brevicaudata,Mandena,secondary_forest,Tetratrichomonas,0,Protozoa
2368,Rattus rattus,Mandena,secondary_forest,Blastocystis,0,Protozoa
2368,Rattus rattus,Mandena,secondary_forest,Entamoeba,0,Protozoa
2368,Rattus rattus,Mandena,secondary_forest,Heligmosomoidea,0,Nematode
2368,Rattus rattus,Mandena,secondary_forest,Nippostrongylus,1,Nematode
2368,Rattus rattus,Mandena,secondary_forest,Trichostrongylidae,0,Nematode
2368,Rattus rattus,Mandena,secondary_forest,Hypotrichomonas,1,Protozoa
2368,Rattus rattus,Mandena,secondary_forest,Tritrichomonas,0,Protozoa
2368,Rattus rattus,Mandena,secondary_forest,Eimeria,0,Protozoa
2368,Rattus rattus,Mandena,secondary_forest,Heligmonellidae,0,Nematode
2368,Rattus rattus,Mandena,secondary_forest,Hexamastix,0,Protozoa
2368,Rattus rattus,Mandena,secondary_forest,Tetratrichomonas,0,Protozoa
2371,Microgale brevicaudata,Mandena,semi-intact_forest,Blastocystis,0,Protozoa
2371,Microgale brevicaudata,Mandena,semi-intact_forest,Entamoeba,0,Protozoa
2371,Microgale brevicaudata,Mandena,semi-intact_forest,Heligmosomoidea,1,Nematode
2371,Microgale brevicaudata,Mandena,semi-intact_forest,Nippostrongylus,1,Nematode
2371,Microgale brevicaudata,Mandena,semi-intact_forest,Trichostrongylidae,0,Nematode
2371,Microgale brevicaudata,Mandena,semi-intact_forest,Hypotrichomonas,0,Protozoa
2371,Microgale brevicaudata,Mandena,semi-intact_forest,Tritrichomonas,0,Protozoa
2371,Microgale brevicaudata,Mandena,semi-intact_forest,Eimeria,1,Protozoa
2371,Microgale brevicaudata,Mandena,semi-intact_forest,Heligmonellidae,0,Nematode
2371,Microgale brevicaudata,Mandena,semi-intact_forest,Hexamastix,0,Protozoa
2371,Microgale brevicaudata,Mandena,semi-intact_forest,Tetratrichomonas,0,Protozoa
2372,Microgale brevicaudata,Mandena,semi-intact_forest,Blastocystis,0,Protozoa
2372,Microgale brevicaudata,Mandena,semi-intact_forest,Entamoeba,0,Protozoa
2372,Microgale brevicaudata,Mandena,semi-intact_forest,Heligmosomoidea,0,Nematode
2372,Microgale brevicaudata,Mandena,semi-intact_forest,Nippostrongylus,0,Nematode
2372,Microgale brevicaudata,Mandena,semi-intact_forest,Trichostrongylidae,1,Nematode
2372,Microgale brevicaudata,Mandena,semi-intact_forest,Hypotrichomonas,0,Protozoa
2372,Microgale brevicaudata,Mandena,semi-intact_forest,Tritrichomonas,0,Protozoa
2372,Microgale brevicaudata,Mandena,semi-intact_forest,Eimeria,1,Protozoa
2372,Microgale brevicaudata,Mandena,semi-intact_forest,Heligmonellidae,0,Nematode
2372,Microgale brevicaudata,Mandena,semi-intact_forest,Hexamastix,0,Protozoa
2372,Microgale brevicaudata,Mandena,semi-intact_forest,Tetratrichomonas,0,Protozoa
2375,Microgale brevicaudata,Mandena,semi-intact_forest,Blastocystis,0,Protozoa
2375,Microgale brevicaudata,Mandena,semi-intact_forest,Entamoeba,0,Protozoa
2375,Microgale brevicaudata,Mandena,semi-intact_forest,Heligmosomoidea,1,Nematode
2375,Microgale brevicaudata,Mandena,semi-intact_forest,Nippostrongylus,0,Nematode
2375,Microgale brevicaudata,Mandena,semi-intact_forest,Trichostrongylidae,1,Nematode
2375,Microgale brevicaudata,Mandena,semi-intact_forest,Hypotrichomonas,0,Protozoa
2375,Microgale brevicaudata,Mandena,semi-intact_forest,Tritrichomonas,0,Protozoa
2375,Microgale brevicaudata,Mandena,semi-intact_forest,Eimeria,1,Protozoa
2375,Microgale brevicaudata,Mandena,semi-intact_forest,Heligmonellidae,0,Nematode
2375,Microgale brevicaudata,Mandena,semi-intact_forest,Hexamastix,0,Protozoa
2375,Microgale brevicaudata,Mandena,semi-intact_forest,Tetratrichomonas,0,Protozoa
2383,Microgale brevicaudata,Mandena,semi-intact_forest,Blastocystis,0,Protozoa
2383,Microgale brevicaudata,Mandena,semi-intact_forest,Entamoeba,0,Protozoa
2383,Microgale brevicaudata,Mandena,semi-intact_forest,Heligmosomoidea,1,Nematode
2383,Microgale brevicaudata,Mandena,semi-intact_forest,Nippostrongylus,0,Nematode
2383,Microgale brevicaudata,Mandena,semi-intact_forest,Trichostrongylidae,1,Nematode
2383,Microgale brevicaudata,Mandena,semi-intact_forest,Hypotrichomonas,0,Protozoa
2383,Microgale brevicaudata,Mandena,semi-intact_forest,Tritrichomonas,0,Protozoa
2383,Microgale brevicaudata,Mandena,semi-intact_forest,Eimeria,1,Protozoa
2383,Microgale brevicaudata,Mandena,semi-intact_forest,Heligmonellidae,0,Nematode
2383,Microgale brevicaudata,Mandena,semi-intact_forest,Hexamastix,0,Protozoa
2383,Microgale brevicaudata,Mandena,semi-intact_forest,Tetratrichomonas,0,Protozoa
2385,Microgale brevicaudata,Mandena,semi-intact_forest,Blastocystis,0,Protozoa
2385,Microgale brevicaudata,Mandena,semi-intact_forest,Entamoeba,0,Protozoa
2385,Microgale brevicaudata,Mandena,semi-intact_forest,Heligmosomoidea,1,Nematode
2385,Microgale brevicaudata,Mandena,semi-intact_forest,Nippostrongylus,0,Nematode
2385,Microgale brevicaudata,Mandena,semi-intact_forest,Trichostrongylidae,1,Nematode
2385,Microgale brevicaudata,Mandena,semi-intact_forest,Hypotrichomonas,0,Protozoa
2385,Microgale brevicaudata,Mandena,semi-intact_forest,Tritrichomonas,0,Protozoa
2385,Microgale brevicaudata,Mandena,semi-intact_forest,Eimeria,1,Protozoa
2385,Microgale brevicaudata,Mandena,semi-intact_forest,Heligmonellidae,0,Nematode
2385,Microgale brevicaudata,Mandena,semi-intact_forest,Hexamastix,0,Protozoa
2385,Microgale brevicaudata,Mandena,semi-intact_forest,Tetratrichomonas,0,Protozoa
2386,Microgale brevicaudata,Mandena,flooded_rice,Blastocystis,0,Protozoa
2386,Microgale brevicaudata,Mandena,flooded_rice,Entamoeba,0,Protozoa
2386,Microgale brevicaudata,Mandena,flooded_rice,Heligmosomoidea,0,Nematode
2386,Microgale brevicaudata,Mandena,flooded_rice,Nippostrongylus,0,Nematode
2386,Microgale brevicaudata,Mandena,flooded_rice,Trichostrongylidae,0,Nematode
2386,Microgale brevicaudata,Mandena,flooded_rice,Hypotrichomonas,0,Protozoa
2386,Microgale brevicaudata,Mandena,flooded_rice,Tritrichomonas,0,Protozoa
2386,Microgale brevicaudata,Mandena,flooded_rice,Eimeria,1,Protozoa
2386,Microgale brevicaudata,Mandena,flooded_rice,Heligmonellidae,0,Nematode
2386,Microgale brevicaudata,Mandena,flooded_rice,Hexamastix,0,Protozoa
2386,Microgale brevicaudata,Mandena,flooded_rice,Tetratrichomonas,0,Protozoa
2387,Microgale brevicaudata,Mandena,flooded_rice,Blastocystis,0,Protozoa
2387,Microgale brevicaudata,Mandena,flooded_rice,Entamoeba,0,Protozoa
2387,Microgale brevicaudata,Mandena,flooded_rice,Heligmosomoidea,0,Nematode
2387,Microgale brevicaudata,Mandena,flooded_rice,Nippostrongylus,0,Nematode
2387,Microgale brevicaudata,Mandena,flooded_rice,Trichostrongylidae,0,Nematode
2387,Microgale brevicaudata,Mandena,flooded_rice,Hypotrichomonas,0,Protozoa
2387,Microgale brevicaudata,Mandena,flooded_rice,Tritrichomonas,0,Protozoa
2387,Microgale brevicaudata,Mandena,flooded_rice,Eimeria,1,Protozoa
2387,Microgale brevicaudata,Mandena,flooded_rice,Heligmonellidae,0,Nematode
2387,Microgale brevicaudata,Mandena,flooded_rice,Hexamastix,0,Protozoa
2387,Microgale brevicaudata,Mandena,flooded_rice,Tetratrichomonas,0,Protozoa
2388,Microgale brevicaudata,Mandena,flooded_rice,Blastocystis,0,Protozoa
2388,Microgale brevicaudata,Mandena,flooded_rice,Entamoeba,0,Protozoa
2388,Microgale brevicaudata,Mandena,flooded_rice,Heligmosomoidea,0,Nematode
2388,Microgale brevicaudata,Mandena,flooded_rice,Nippostrongylus,0,Nematode
2388,Microgale brevicaudata,Mandena,flooded_rice,Trichostrongylidae,0,Nematode
2388,Microgale brevicaudata,Mandena,flooded_rice,Hypotrichomonas,0,Protozoa
2388,Microgale brevicaudata,Mandena,flooded_rice,Tritrichomonas,0,Protozoa
2388,Microgale brevicaudata,Mandena,flooded_rice,Eimeria,1,Protozoa
2388,Microgale brevicaudata,Mandena,flooded_rice,Heligmonellidae,0,Nematode
2388,Microgale brevicaudata,Mandena,flooded_rice,Hexamastix,0,Protozoa
2388,Microgale brevicaudata,Mandena,flooded_rice,Tetratrichomonas,0,Protozoa
2389,Microgale brevicaudata,Mandena,flooded_rice,Blastocystis,0,Protozoa
2389,Microgale brevicaudata,Mandena,flooded_rice,Entamoeba,0,Protozoa
2389,Microgale brevicaudata,Mandena,flooded_rice,Heligmosomoidea,0,Nematode
2389,Microgale brevicaudata,Mandena,flooded_rice,Nippostrongylus,0,Nematode
2389,Microgale brevicaudata,Mandena,flooded_rice,Trichostrongylidae,1,Nematode
2389,Microgale brevicaudata,Mandena,flooded_rice,Hypotrichomonas,0,Protozoa
2389,Microgale brevicaudata,Mandena,flooded_rice,Tritrichomonas,0,Protozoa
2389,Microgale brevicaudata,Mandena,flooded_rice,Eimeria,1,Protozoa
2389,Microgale brevicaudata,Mandena,flooded_rice,Heligmonellidae,0,Nematode
2389,Microgale brevicaudata,Mandena,flooded_rice,Hexamastix,0,Protozoa
2389,Microgale brevicaudata,Mandena,flooded_rice,Tetratrichomonas,0,Protozoa
2390,Microgale brevicaudata,Mandena,flooded_rice,Blastocystis,0,Protozoa
2390,Microgale brevicaudata,Mandena,flooded_rice,Entamoeba,0,Protozoa
2390,Microgale brevicaudata,Mandena,flooded_rice,Heligmosomoidea,0,Nematode
2390,Microgale brevicaudata,Mandena,flooded_rice,Nippostrongylus,0,Nematode
2390,Microgale brevicaudata,Mandena,flooded_rice,Trichostrongylidae,0,Nematode
2390,Microgale brevicaudata,Mandena,flooded_rice,Hypotrichomonas,0,Protozoa
2390,Microgale brevicaudata,Mandena,flooded_rice,Tritrichomonas,0,Protozoa
2390,Microgale brevicaudata,Mandena,flooded_rice,Eimeria,1,Protozoa
2390,Microgale brevicaudata,Mandena,flooded_rice,Heligmonellidae,0,Nematode
2390,Microgale brevicaudata,Mandena,flooded_rice,Hexamastix,0,Protozoa
2390,Microgale brevicaudata,Mandena,flooded_rice,Tetratrichomonas,0,Protozoa
2392,Microgale brevicaudata,Mandena,flooded_rice,Blastocystis,0,Protozoa
2392,Microgale brevicaudata,Mandena,flooded_rice,Entamoeba,0,Protozoa
2392,Microgale brevicaudata,Mandena,flooded_rice,Heligmosomoidea,0,Nematode
2392,Microgale brevicaudata,Mandena,flooded_rice,Nippostrongylus,1,Nematode
2392,Microgale brevicaudata,Mandena,flooded_rice,Trichostrongylidae,0,Nematode
2392,Microgale brevicaudata,Mandena,flooded_rice,Hypotrichomonas,0,Protozoa
2392,Microgale brevicaudata,Mandena,flooded_rice,Tritrichomonas,0,Protozoa
2392,Microgale brevicaudata,Mandena,flooded_rice,Eimeria,1,Protozoa
2392,Microgale brevicaudata,Mandena,flooded_rice,Heligmonellidae,0,Nematode
2392,Microgale brevicaudata,Mandena,flooded_rice,Hexamastix,0,Protozoa
2392,Microgale brevicaudata,Mandena,flooded_rice,Tetratrichomonas,0,Protozoa
2393,Microgale brevicaudata,Mandena,flooded_rice,Blastocystis,0,Protozoa
2393,Microgale brevicaudata,Mandena,flooded_rice,Entamoeba,0,Protozoa
2393,Microgale brevicaudata,Mandena,flooded_rice,Heligmosomoidea,0,Nematode
2393,Microgale brevicaudata,Mandena,flooded_rice,Nippostrongylus,1,Nematode
2393,Microgale brevicaudata,Mandena,flooded_rice,Trichostrongylidae,0,Nematode
2393,Microgale brevicaudata,Mandena,flooded_rice,Hypotrichomonas,0,Protozoa
2393,Microgale brevicaudata,Mandena,flooded_rice,Tritrichomonas,0,Protozoa
2393,Microgale brevicaudata,Mandena,flooded_rice,Eimeria,1,Protozoa
2393,Microgale brevicaudata,Mandena,flooded_rice,Heligmonellidae,0,Nematode
2393,Microgale brevicaudata,Mandena,flooded_rice,Hexamastix,0,Protozoa
2393,Microgale brevicaudata,Mandena,flooded_rice,Tetratrichomonas,0,Protozoa
2394,Microgale brevicaudata,Mandena,flooded_rice,Blastocystis,0,Protozoa
2394,Microgale brevicaudata,Mandena,flooded_rice,Entamoeba,0,Protozoa
2394,Microgale brevicaudata,Mandena,flooded_rice,Heligmosomoidea,0,Nematode
2394,Microgale brevicaudata,Mandena,flooded_rice,Nippostrongylus,0,Nematode
2394,Microgale brevicaudata,Mandena,flooded_rice,Trichostrongylidae,1,Nematode
2394,Microgale brevicaudata,Mandena,flooded_rice,Hypotrichomonas,0,Protozoa
2394,Microgale brevicaudata,Mandena,flooded_rice,Tritrichomonas,0,Protozoa
2394,Microgale brevicaudata,Mandena,flooded_rice,Eimeria,1,Protozoa
2394,Microgale brevicaudata,Mandena,flooded_rice,Heligmonellidae,0,Nematode
2394,Microgale brevicaudata,Mandena,flooded_rice,Hexamastix,0,Protozoa
2394,Microgale brevicaudata,Mandena,flooded_rice,Tetratrichomonas,0,Protozoa
2396,Rattus rattus,Mandena,flooded_rice,Blastocystis,1,Protozoa
2396,Rattus rattus,Mandena,flooded_rice,Entamoeba,0,Protozoa
2396,Rattus rattus,Mandena,flooded_rice,Heligmosomoidea,0,Nematode
2396,Rattus rattus,Mandena,flooded_rice,Nippostrongylus,1,Nematode
2396,Rattus rattus,Mandena,flooded_rice,Trichostrongylidae,0,Nematode
2396,Rattus rattus,Mandena,flooded_rice,Hypotrichomonas,0,Protozoa
2396,Rattus rattus,Mandena,flooded_rice,Tritrichomonas,1,Protozoa
2396,Rattus rattus,Mandena,flooded_rice,Eimeria,0,Protozoa
2396,Rattus rattus,Mandena,flooded_rice,Heligmonellidae,0,Nematode
2396,Rattus rattus,Mandena,flooded_rice,Hexamastix,0,Protozoa
2396,Rattus rattus,Mandena,flooded_rice,Tetratrichomonas,0,Protozoa
2397,Rattus rattus,Mandena,flooded_rice,Blastocystis,1,Protozoa
2397,Rattus rattus,Mandena,flooded_rice,Entamoeba,0,Protozoa
2397,Rattus rattus,Mandena,flooded_rice,Heligmosomoidea,0,Nematode
2397,Rattus rattus,Mandena,flooded_rice,Nippostrongylus,1,Nematode
2397,Rattus rattus,Mandena,flooded_rice,Trichostrongylidae,0,Nematode
2397,Rattus rattus,Mandena,flooded_rice,Hypotrichomonas,0,Protozoa
2397,Rattus rattus,Mandena,flooded_rice,Tritrichomonas,0,Protozoa
2397,Rattus rattus,Mandena,flooded_rice,Eimeria,0,Protozoa
2397,Rattus rattus,Mandena,flooded_rice,Heligmonellidae,0,Nematode
2397,Rattus rattus,Mandena,flooded_rice,Hexamastix,0,Protozoa
2397,Rattus rattus,Mandena,flooded_rice,Tetratrichomonas,0,Protozoa
2400,Rattus rattus,Mandena,flooded_rice,Blastocystis,0,Protozoa
2400,Rattus rattus,Mandena,flooded_rice,Entamoeba,0,Protozoa
2400,Rattus rattus,Mandena,flooded_rice,Heligmosomoidea,0,Nematode
2400,Rattus rattus,Mandena,flooded_rice,Nippostrongylus,0,Nematode
2400,Rattus rattus,Mandena,flooded_rice,Trichostrongylidae,0,Nematode
2400,Rattus rattus,Mandena,flooded_rice,Hypotrichomonas,0,Protozoa
2400,Rattus rattus,Mandena,flooded_rice,Tritrichomonas,1,Protozoa
2400,Rattus rattus,Mandena,flooded_rice,Eimeria,0,Protozoa
2400,Rattus rattus,Mandena,flooded_rice,Heligmonellidae,0,Nematode
2400,Rattus rattus,Mandena,flooded_rice,Hexamastix,0,Protozoa
2400,Rattus rattus,Mandena,flooded_rice,Tetratrichomonas,0,Protozoa
2401,Microgale brevicaudata,Mandena,flooded_rice,Blastocystis,0,Protozoa
2401,Microgale brevicaudata,Mandena,flooded_rice,Entamoeba,0,Protozoa
2401,Microgale brevicaudata,Mandena,flooded_rice,Heligmosomoidea,0,Nematode
2401,Microgale brevicaudata,Mandena,flooded_rice,Nippostrongylus,0,Nematode
2401,Microgale brevicaudata,Mandena,flooded_rice,Trichostrongylidae,1,Nematode
2401,Microgale brevicaudata,Mandena,flooded_rice,Hypotrichomonas,0,Protozoa
2401,Microgale brevicaudata,Mandena,flooded_rice,Tritrichomonas,0,Protozoa
2401,Microgale brevicaudata,Mandena,flooded_rice,Eimeria,1,Protozoa
2401,Microgale brevicaudata,Mandena,flooded_rice,Heligmonellidae,0,Nematode
2401,Microgale brevicaudata,Mandena,flooded_rice,Hexamastix,0,Protozoa
2401,Microgale brevicaudata,Mandena,flooded_rice,Tetratrichomonas,0,Protozoa
2402,Microgale brevicaudata,Mandena,flooded_rice,Blastocystis,0,Protozoa
2402,Microgale brevicaudata,Mandena,flooded_rice,Entamoeba,0,Protozoa
2402,Microgale brevicaudata,Mandena,flooded_rice,Heligmosomoidea,0,Nematode
2402,Microgale brevicaudata,Mandena,flooded_rice,Nippostrongylus,0,Nematode
2402,Microgale brevicaudata,Mandena,flooded_rice,Trichostrongylidae,1,Nematode
2402,Microgale brevicaudata,Mandena,flooded_rice,Hypotrichomonas,0,Protozoa
2402,Microgale brevicaudata,Mandena,flooded_rice,Tritrichomonas,0,Protozoa
2402,Microgale brevicaudata,Mandena,flooded_rice,Eimeria,1,Protozoa
2402,Microgale brevicaudata,Mandena,flooded_rice,Heligmonellidae,0,Nematode
2402,Microgale brevicaudata,Mandena,flooded_rice,Hexamastix,0,Protozoa
2402,Microgale brevicaudata,Mandena,flooded_rice,Tetratrichomonas,0,Protozoa
2406,Microgale brevicaudata,Mandena,flooded_rice,Blastocystis,0,Protozoa
2406,Microgale brevicaudata,Mandena,flooded_rice,Entamoeba,0,Protozoa
2406,Microgale brevicaudata,Mandena,flooded_rice,Heligmosomoidea,0,Nematode
2406,Microgale brevicaudata,Mandena,flooded_rice,Nippostrongylus,0,Nematode
2406,Microgale brevicaudata,Mandena,flooded_rice,Trichostrongylidae,1,Nematode
2406,Microgale brevicaudata,Mandena,flooded_rice,Hypotrichomonas,0,Protozoa
2406,Microgale brevicaudata,Mandena,flooded_rice,Tritrichomonas,0,Protozoa
2406,Microgale brevicaudata,Mandena,flooded_rice,Eimeria,1,Protozoa
2406,Microgale brevicaudata,Mandena,flooded_rice,Heligmonellidae,0,Nematode
2406,Microgale brevicaudata,Mandena,flooded_rice,Hexamastix,0,Protozoa
2406,Microgale brevicaudata,Mandena,flooded_rice,Tetratrichomonas,0,Protozoa
2407,Microgale brevicaudata,Mandena,flooded_rice,Blastocystis,0,Protozoa
2407,Microgale brevicaudata,Mandena,flooded_rice,Entamoeba,0,Protozoa
2407,Microgale brevicaudata,Mandena,flooded_rice,Heligmosomoidea,0,Nematode
2407,Microgale brevicaudata,Mandena,flooded_rice,Nippostrongylus,1,Nematode
2407,Microgale brevicaudata,Mandena,flooded_rice,Trichostrongylidae,1,Nematode
2407,Microgale brevicaudata,Mandena,flooded_rice,Hypotrichomonas,0,Protozoa
2407,Microgale brevicaudata,Mandena,flooded_rice,Tritrichomonas,0,Protozoa
2407,Microgale brevicaudata,Mandena,flooded_rice,Eimeria,1,Protozoa
2407,Microgale brevicaudata,Mandena,flooded_rice,Heligmonellidae,0,Nematode
2407,Microgale brevicaudata,Mandena,flooded_rice,Hexamastix,0,Protozoa
2407,Microgale brevicaudata,Mandena,flooded_rice,Tetratrichomonas,0,Protozoa
2411,Microgale brevicaudata,Mandena,flooded_rice,Blastocystis,0,Protozoa
2411,Microgale brevicaudata,Mandena,flooded_rice,Entamoeba,0,Protozoa
2411,Microgale brevicaudata,Mandena,flooded_rice,Heligmosomoidea,0,Nematode
2411,Microgale brevicaudata,Mandena,flooded_rice,Nippostrongylus,0,Nematode
2411,Microgale brevicaudata,Mandena,flooded_rice,Trichostrongylidae,0,Nematode
2411,Microgale brevicaudata,Mandena,flooded_rice,Hypotrichomonas,0,Protozoa
2411,Microgale brevicaudata,Mandena,flooded_rice,Tritrichomonas,0,Protozoa
2411,Microgale brevicaudata,Mandena,flooded_rice,Eimeria,1,Protozoa
2411,Microgale brevicaudata,Mandena,flooded_rice,Heligmonellidae,0,Nematode
2411,Microgale brevicaudata,Mandena,flooded_rice,Hexamastix,0,Protozoa
2411,Microgale brevicaudata,Mandena,flooded_rice,Tetratrichomonas,0,Protozoa
2417,Rattus rattus,Mandena,flooded_rice,Blastocystis,0,Protozoa
2417,Rattus rattus,Mandena,flooded_rice,Entamoeba,0,Protozoa
2417,Rattus rattus,Mandena,flooded_rice,Heligmosomoidea,0,Nematode
2417,Rattus rattus,Mandena,flooded_rice,Nippostrongylus,1,Nematode
2417,Rattus rattus,Mandena,flooded_rice,Trichostrongylidae,0,Nematode
2417,Rattus rattus,Mandena,flooded_rice,Hypotrichomonas,0,Protozoa
2417,Rattus rattus,Mandena,flooded_rice,Tritrichomonas,1,Protozoa
2417,Rattus rattus,Mandena,flooded_rice,Eimeria,0,Protozoa
2417,Rattus rattus,Mandena,flooded_rice,Heligmonellidae,0,Nematode
2417,Rattus rattus,Mandena,flooded_rice,Hexamastix,0,Protozoa
2417,Rattus rattus,Mandena,flooded_rice,Tetratrichomonas,0,Protozoa
2420,Rattus rattus,Mandena,flooded_rice,Blastocystis,0,Protozoa
2420,Rattus rattus,Mandena,flooded_rice,Entamoeba,0,Protozoa
2420,Rattus rattus,Mandena,flooded_rice,Heligmosomoidea,0,Nematode
2420,Rattus rattus,Mandena,flooded_rice,Nippostrongylus,1,Nematode
2420,Rattus rattus,Mandena,flooded_rice,Trichostrongylidae,0,Nematode
2420,Rattus rattus,Mandena,flooded_rice,Hypotrichomonas,1,Protozoa
2420,Rattus rattus,Mandena,flooded_rice,Tritrichomonas,0,Protozoa
2420,Rattus rattus,Mandena,flooded_rice,Eimeria,0,Protozoa
2420,Rattus rattus,Mandena,flooded_rice,Heligmonellidae,0,Nematode
2420,Rattus rattus,Mandena,flooded_rice,Hexamastix,0,Protozoa
2420,Rattus rattus,Mandena,flooded_rice,Tetratrichomonas,0,Protozoa
2421,Microgale brevicaudata,Mandena,flooded_rice,Blastocystis,0,Protozoa
2421,Microgale brevicaudata,Mandena,flooded_rice,Entamoeba,0,Protozoa
2421,Microgale brevicaudata,Mandena,flooded_rice,Heligmosomoidea,0,Nematode
2421,Microgale brevicaudata,Mandena,flooded_rice,Nippostrongylus,0,Nematode
2421,Microgale brevicaudata,Mandena,flooded_rice,Trichostrongylidae,0,Nematode
2421,Microgale brevicaudata,Mandena,flooded_rice,Hypotrichomonas,0,Protozoa
2421,Microgale brevicaudata,Mandena,flooded_rice,Tritrichomonas,0,Protozoa
2421,Microgale brevicaudata,Mandena,flooded_rice,Eimeria,1,Protozoa
2421,Microgale brevicaudata,Mandena,flooded_rice,Heligmonellidae,0,Nematode
2421,Microgale brevicaudata,Mandena,flooded_rice,Hexamastix,0,Protozoa
2421,Microgale brevicaudata,Mandena,flooded_rice,Tetratrichomonas,0,Protozoa
2422,Microgale brevicaudata,Mandena,flooded_rice,Blastocystis,0,Protozoa
2422,Microgale brevicaudata,Mandena,flooded_rice,Entamoeba,0,Protozoa
2422,Microgale brevicaudata,Mandena,flooded_rice,Heligmosomoidea,0,Nematode
2422,Microgale brevicaudata,Mandena,flooded_rice,Nippostrongylus,0,Nematode
2422,Microgale brevicaudata,Mandena,flooded_rice,Trichostrongylidae,1,Nematode
2422,Microgale brevicaudata,Mandena,flooded_rice,Hypotrichomonas,0,Protozoa
2422,Microgale brevicaudata,Mandena,flooded_rice,Tritrichomonas,0,Protozoa
2422,Microgale brevicaudata,Mandena,flooded_rice,Eimeria,1,Protozoa
2422,Microgale brevicaudata,Mandena,flooded_rice,Heligmonellidae,0,Nematode
2422,Microgale brevicaudata,Mandena,flooded_rice,Hexamastix,0,Protozoa
2422,Microgale brevicaudata,Mandena,flooded_rice,Tetratrichomonas,0,Protozoa
2424,Microgale brevicaudata,Mandena,flooded_rice,Blastocystis,0,Protozoa
2424,Microgale brevicaudata,Mandena,flooded_rice,Entamoeba,0,Protozoa
2424,Microgale brevicaudata,Mandena,flooded_rice,Heligmosomoidea,0,Nematode
2424,Microgale brevicaudata,Mandena,flooded_rice,Nippostrongylus,0,Nematode
2424,Microgale brevicaudata,Mandena,flooded_rice,Trichostrongylidae,0,Nematode
2424,Microgale brevicaudata,Mandena,flooded_rice,Hypotrichomonas,0,Protozoa
2424,Microgale brevicaudata,Mandena,flooded_rice,Tritrichomonas,0,Protozoa
2424,Microgale brevicaudata,Mandena,flooded_rice,Eimeria,1,Protozoa
2424,Microgale brevicaudata,Mandena,flooded_rice,Heligmonellidae,0,Nematode
2424,Microgale brevicaudata,Mandena,flooded_rice,Hexamastix,0,Protozoa
2424,Microgale brevicaudata,Mandena,flooded_rice,Tetratrichomonas,0,Protozoa
2428,Rattus rattus,Mandena,flooded_rice,Blastocystis,0,Protozoa
2428,Rattus rattus,Mandena,flooded_rice,Entamoeba,0,Protozoa
2428,Rattus rattus,Mandena,flooded_rice,Heligmosomoidea,0,Nematode
2428,Rattus rattus,Mandena,flooded_rice,Nippostrongylus,1,Nematode
2428,Rattus rattus,Mandena,flooded_rice,Trichostrongylidae,0,Nematode
2428,Rattus rattus,Mandena,flooded_rice,Hypotrichomonas,0,Protozoa
2428,Rattus rattus,Mandena,flooded_rice,Tritrichomonas,1,Protozoa
2428,Rattus rattus,Mandena,flooded_rice,Eimeria,0,Protozoa
2428,Rattus rattus,Mandena,flooded_rice,Heligmonellidae,0,Nematode
2428,Rattus rattus,Mandena,flooded_rice,Hexamastix,0,Protozoa
2428,Rattus rattus,Mandena,flooded_rice,Tetratrichomonas,0,Protozoa
2429,Rattus rattus,Mandena,flooded_rice,Blastocystis,0,Protozoa
2429,Rattus rattus,Mandena,flooded_rice,Entamoeba,0,Protozoa
2429,Rattus rattus,Mandena,flooded_rice,Heligmosomoidea,0,Nematode
2429,Rattus rattus,Mandena,flooded_rice,Nippostrongylus,0,Nematode
2429,Rattus rattus,Mandena,flooded_rice,Trichostrongylidae,0,Nematode
2429,Rattus rattus,Mandena,flooded_rice,Hypotrichomonas,1,Protozoa
2429,Rattus rattus,Mandena,flooded_rice,Tritrichomonas,1,Protozoa
2429,Rattus rattus,Mandena,flooded_rice,Eimeria,0,Protozoa
2429,Rattus rattus,Mandena,flooded_rice,Heligmonellidae,0,Nematode
2429,Rattus rattus,Mandena,flooded_rice,Hexamastix,0,Protozoa
2429,Rattus rattus,Mandena,flooded_rice,Tetratrichomonas,0,Protozoa
2430,Microgale brevicaudata,Mandena,flooded_rice,Blastocystis,0,Protozoa
2430,Microgale brevicaudata,Mandena,flooded_rice,Entamoeba,0,Protozoa
2430,Microgale brevicaudata,Mandena,flooded_rice,Heligmosomoidea,0,Nematode
2430,Microgale brevicaudata,Mandena,flooded_rice,Nippostrongylus,0,Nematode
2430,Microgale brevicaudata,Mandena,flooded_rice,Trichostrongylidae,0,Nematode
2430,Microgale brevicaudata,Mandena,flooded_rice,Hypotrichomonas,0,Protozoa
2430,Microgale brevicaudata,Mandena,flooded_rice,Tritrichomonas,0,Protozoa
2430,Microgale brevicaudata,Mandena,flooded_rice,Eimeria,1,Protozoa
2430,Microgale brevicaudata,Mandena,flooded_rice,Heligmonellidae,0,Nematode
2430,Microgale brevicaudata,Mandena,flooded_rice,Hexamastix,0,Protozoa
2430,Microgale brevicaudata,Mandena,flooded_rice,Tetratrichomonas,0,Protozoa
2432,Microgale brevicaudata,Mandena,flooded_rice,Blastocystis,0,Protozoa
2432,Microgale brevicaudata,Mandena,flooded_rice,Entamoeba,0,Protozoa
2432,Microgale brevicaudata,Mandena,flooded_rice,Heligmosomoidea,0,Nematode
2432,Microgale brevicaudata,Mandena,flooded_rice,Nippostrongylus,0,Nematode
2432,Microgale brevicaudata,Mandena,flooded_rice,Trichostrongylidae,1,Nematode
2432,Microgale brevicaudata,Mandena,flooded_rice,Hypotrichomonas,0,Protozoa
2432,Microgale brevicaudata,Mandena,flooded_rice,Tritrichomonas,0,Protozoa
2432,Microgale brevicaudata,Mandena,flooded_rice,Eimeria,1,Protozoa
2432,Microgale brevicaudata,Mandena,flooded_rice,Heligmonellidae,0,Nematode
2432,Microgale brevicaudata,Mandena,flooded_rice,Hexamastix,0,Protozoa
2432,Microgale brevicaudata,Mandena,flooded_rice,Tetratrichomonas,0,Protozoa
2435,Rattus rattus,Mandena,flooded_rice,Blastocystis,0,Protozoa
2435,Rattus rattus,Mandena,flooded_rice,Entamoeba,0,Protozoa
2435,Rattus rattus,Mandena,flooded_rice,Heligmosomoidea,0,Nematode
2435,Rattus rattus,Mandena,flooded_rice,Nippostrongylus,1,Nematode
2435,Rattus rattus,Mandena,flooded_rice,Trichostrongylidae,0,Nematode
2435,Rattus rattus,Mandena,flooded_rice,Hypotrichomonas,0,Protozoa
2435,Rattus rattus,Mandena,flooded_rice,Tritrichomonas,1,Protozoa
2435,Rattus rattus,Mandena,flooded_rice,Eimeria,0,Protozoa
2435,Rattus rattus,Mandena,flooded_rice,Heligmonellidae,0,Nematode
2435,Rattus rattus,Mandena,flooded_rice,Hexamastix,0,Protozoa
2435,Rattus rattus,Mandena,flooded_rice,Tetratrichomonas,0,Protozoa
2436,Rattus rattus,Mandena,flooded_rice,Blastocystis,0,Protozoa
2436,Rattus rattus,Mandena,flooded_rice,Entamoeba,0,Protozoa
2436,Rattus rattus,Mandena,flooded_rice,Heligmosomoidea,0,Nematode
2436,Rattus rattus,Mandena,flooded_rice,Nippostrongylus,1,Nematode
2436,Rattus rattus,Mandena,flooded_rice,Trichostrongylidae,0,Nematode
2436,Rattus rattus,Mandena,flooded_rice,Hypotrichomonas,0,Protozoa
2436,Rattus rattus,Mandena,flooded_rice,Tritrichomonas,1,Protozoa
2436,Rattus rattus,Mandena,flooded_rice,Eimeria,0,Protozoa
2436,Rattus rattus,Mandena,flooded_rice,Heligmonellidae,0,Nematode
2436,Rattus rattus,Mandena,flooded_rice,Hexamastix,0,Protozoa
2436,Rattus rattus,Mandena,flooded_rice,Tetratrichomonas,0,Protozoa
2438,Rattus rattus,Mandena,flooded_rice,Blastocystis,0,Protozoa
2438,Rattus rattus,Mandena,flooded_rice,Entamoeba,0,Protozoa
2438,Rattus rattus,Mandena,flooded_rice,Heligmosomoidea,0,Nematode
2438,Rattus rattus,Mandena,flooded_rice,Nippostrongylus,1,Nematode
2438,Rattus rattus,Mandena,flooded_rice,Trichostrongylidae,0,Nematode
2438,Rattus rattus,Mandena,flooded_rice,Hypotrichomonas,1,Protozoa
2438,Rattus rattus,Mandena,flooded_rice,Tritrichomonas,1,Protozoa
2438,Rattus rattus,Mandena,flooded_rice,Eimeria,0,Protozoa
2438,Rattus rattus,Mandena,flooded_rice,Heligmonellidae,0,Nematode
2438,Rattus rattus,Mandena,flooded_rice,Hexamastix,0,Protozoa
2438,Rattus rattus,Mandena,flooded_rice,Tetratrichomonas,0,Protozoa
2441,Microgale brevicaudata,Mandena,agroforest,Blastocystis,0,Protozoa
2441,Microgale brevicaudata,Mandena,agroforest,Entamoeba,0,Protozoa
2441,Microgale brevicaudata,Mandena,agroforest,Heligmosomoidea,0,Nematode
2441,Microgale brevicaudata,Mandena,agroforest,Nippostrongylus,0,Nematode
2441,Microgale brevicaudata,Mandena,agroforest,Trichostrongylidae,0,Nematode
2441,Microgale brevicaudata,Mandena,agroforest,Hypotrichomonas,0,Protozoa
2441,Microgale brevicaudata,Mandena,agroforest,Tritrichomonas,0,Protozoa
2441,Microgale brevicaudata,Mandena,agroforest,Eimeria,1,Protozoa
2441,Microgale brevicaudata,Mandena,agroforest,Heligmonellidae,0,Nematode
2441,Microgale brevicaudata,Mandena,agroforest,Hexamastix,0,Protozoa
2441,Microgale brevicaudata,Mandena,agroforest,Tetratrichomonas,0,Protozoa
2444,Microgale brevicaudata,Mandena,agroforest,Blastocystis,0,Protozoa
2444,Microgale brevicaudata,Mandena,agroforest,Entamoeba,0,Protozoa
2444,Microgale brevicaudata,Mandena,agroforest,Heligmosomoidea,0,Nematode
2444,Microgale brevicaudata,Mandena,agroforest,Nippostrongylus,0,Nematode
2444,Microgale brevicaudata,Mandena,agroforest,Trichostrongylidae,1,Nematode
2444,Microgale brevicaudata,Mandena,agroforest,Hypotrichomonas,0,Protozoa
2444,Microgale brevicaudata,Mandena,agroforest,Tritrichomonas,0,Protozoa
2444,Microgale brevicaudata,Mandena,agroforest,Eimeria,1,Protozoa
2444,Microgale brevicaudata,Mandena,agroforest,Heligmonellidae,0,Nematode
2444,Microgale brevicaudata,Mandena,agroforest,Hexamastix,0,Protozoa
2444,Microgale brevicaudata,Mandena,agroforest,Tetratrichomonas,0,Protozoa
2445,Microgale brevicaudata,Mandena,agroforest,Blastocystis,0,Protozoa
2445,Microgale brevicaudata,Mandena,agroforest,Entamoeba,0,Protozoa
2445,Microgale brevicaudata,Mandena,agroforest,Heligmosomoidea,0,Nematode
2445,Microgale brevicaudata,Mandena,agroforest,Nippostrongylus,0,Nematode
2445,Microgale brevicaudata,Mandena,agroforest,Trichostrongylidae,1,Nematode
2445,Microgale brevicaudata,Mandena,agroforest,Hypotrichomonas,0,Protozoa
2445,Microgale brevicaudata,Mandena,agroforest,Tritrichomonas,0,Protozoa
2445,Microgale brevicaudata,Mandena,agroforest,Eimeria,1,Protozoa
2445,Microgale brevicaudata,Mandena,agroforest,Heligmonellidae,0,Nematode
2445,Microgale brevicaudata,Mandena,agroforest,Hexamastix,0,Protozoa
2445,Microgale brevicaudata,Mandena,agroforest,Tetratrichomonas,0,Protozoa
2451,Rattus rattus,Mandena,village,Blastocystis,0,Protozoa
2451,Rattus rattus,Mandena,village,Entamoeba,0,Protozoa
2451,Rattus rattus,Mandena,village,Heligmosomoidea,0,Nematode
2451,Rattus rattus,Mandena,village,Nippostrongylus,0,Nematode
2451,Rattus rattus,Mandena,village,Trichostrongylidae,0,Nematode
2451,Rattus rattus,Mandena,village,Hypotrichomonas,0,Protozoa
2451,Rattus rattus,Mandena,village,Tritrichomonas,1,Protozoa
2451,Rattus rattus,Mandena,village,Eimeria,0,Protozoa
2451,Rattus rattus,Mandena,village,Heligmonellidae,0,Nematode
2451,Rattus rattus,Mandena,village,Hexamastix,0,Protozoa
2451,Rattus rattus,Mandena,village,Tetratrichomonas,0,Protozoa
2452,Rattus rattus,Mandena,village,Blastocystis,1,Protozoa
2452,Rattus rattus,Mandena,village,Entamoeba,0,Protozoa
2452,Rattus rattus,Mandena,village,Heligmosomoidea,0,Nematode
2452,Rattus rattus,Mandena,village,Nippostrongylus,1,Nematode
2452,Rattus rattus,Mandena,village,Trichostrongylidae,0,Nematode
2452,Rattus rattus,Mandena,village,Hypotrichomonas,0,Protozoa
2452,Rattus rattus,Mandena,village,Tritrichomonas,1,Protozoa
2452,Rattus rattus,Mandena,village,Eimeria,0,Protozoa
2452,Rattus rattus,Mandena,village,Heligmonellidae,0,Nematode
2452,Rattus rattus,Mandena,village,Hexamastix,0,Protozoa
2452,Rattus rattus,Mandena,village,Tetratrichomonas,0,Protozoa
2454,Rattus rattus,Mandena,village,Blastocystis,1,Protozoa
2454,Rattus rattus,Mandena,village,Entamoeba,0,Protozoa
2454,Rattus rattus,Mandena,village,Heligmosomoidea,0,Nematode
2454,Rattus rattus,Mandena,village,Nippostrongylus,1,Nematode
2454,Rattus rattus,Mandena,village,Trichostrongylidae,0,Nematode
2454,Rattus rattus,Mandena,village,Hypotrichomonas,0,Protozoa
2454,Rattus rattus,Mandena,village,Tritrichomonas,0,Protozoa
2454,Rattus rattus,Mandena,village,Eimeria,0,Protozoa
2454,Rattus rattus,Mandena,village,Heligmonellidae,0,Nematode
2454,Rattus rattus,Mandena,village,Hexamastix,0,Protozoa
2454,Rattus rattus,Mandena,village,Tetratrichomonas,0,Protozoa
2460,Rattus rattus,Mandena,village,Blastocystis,0,Protozoa
2460,Rattus rattus,Mandena,village,Entamoeba,0,Protozoa
2460,Rattus rattus,Mandena,village,Heligmosomoidea,0,Nematode
2460,Rattus rattus,Mandena,village,Nippostrongylus,0,Nematode
2460,Rattus rattus,Mandena,village,Trichostrongylidae,0,Nematode
2460,Rattus rattus,Mandena,village,Hypotrichomonas,0,Protozoa
2460,Rattus rattus,Mandena,village,Tritrichomonas,1,Protozoa
2460,Rattus rattus,Mandena,village,Eimeria,1,Protozoa
2460,Rattus rattus,Mandena,village,Heligmonellidae,0,Nematode
2460,Rattus rattus,Mandena,village,Hexamastix,0,Protozoa
2460,Rattus rattus,Mandena,village,Tetratrichomonas,0,Protozoa
2461,Rattus rattus,Mandena,agroforest,Blastocystis,0,Protozoa
2461,Rattus rattus,Mandena,agroforest,Entamoeba,0,Protozoa
2461,Rattus rattus,Mandena,agroforest,Heligmosomoidea,0,Nematode
2461,Rattus rattus,Mandena,agroforest,Nippostrongylus,1,Nematode
2461,Rattus rattus,Mandena,agroforest,Trichostrongylidae,0,Nematode
2461,Rattus rattus,Mandena,agroforest,Hypotrichomonas,1,Protozoa
2461,Rattus rattus,Mandena,agroforest,Tritrichomonas,0,Protozoa
2461,Rattus rattus,Mandena,agroforest,Eimeria,0,Protozoa
2461,Rattus rattus,Mandena,agroforest,Heligmonellidae,0,Nematode
2461,Rattus rattus,Mandena,agroforest,Hexamastix,0,Protozoa
2461,Rattus rattus,Mandena,agroforest,Tetratrichomonas,0,Protozoa
2462,Rattus rattus,Mandena,agroforest,Blastocystis,1,Protozoa
2462,Rattus rattus,Mandena,agroforest,Entamoeba,0,Protozoa
2462,Rattus rattus,Mandena,agroforest,Heligmosomoidea,0,Nematode
2462,Rattus rattus,Mandena,agroforest,Nippostrongylus,1,Nematode
2462,Rattus rattus,Mandena,agroforest,Trichostrongylidae,0,Nematode
2462,Rattus rattus,Mandena,agroforest,Hypotrichomonas,0,Protozoa
2462,Rattus rattus,Mandena,agroforest,Tritrichomonas,0,Protozoa
2462,Rattus rattus,Mandena,agroforest,Eimeria,0,Protozoa
2462,Rattus rattus,Mandena,agroforest,Heligmonellidae,0,Nematode
2462,Rattus rattus,Mandena,agroforest,Hexamastix,0,Protozoa
2462,Rattus rattus,Mandena,agroforest,Tetratrichomonas,0,Protozoa
2464,Rattus rattus,Mandena,agroforest,Blastocystis,0,Protozoa
2464,Rattus rattus,Mandena,agroforest,Entamoeba,0,Protozoa
2464,Rattus rattus,Mandena,agroforest,Heligmosomoidea,0,Nematode
2464,Rattus rattus,Mandena,agroforest,Nippostrongylus,1,Nematode
2464,Rattus rattus,Mandena,agroforest,Trichostrongylidae,0,Nematode
2464,Rattus rattus,Mandena,agroforest,Hypotrichomonas,0,Protozoa
2464,Rattus rattus,Mandena,agroforest,Tritrichomonas,1,Protozoa
2464,Rattus rattus,Mandena,agroforest,Eimeria,0,Protozoa
2464,Rattus rattus,Mandena,agroforest,Heligmonellidae,0,Nematode
2464,Rattus rattus,Mandena,agroforest,Hexamastix,0,Protozoa
2464,Rattus rattus,Mandena,agroforest,Tetratrichomonas,0,Protozoa
2468,Rattus rattus,Mandena,village,Blastocystis,0,Protozoa
2468,Rattus rattus,Mandena,village,Entamoeba,0,Protozoa
2468,Rattus rattus,Mandena,village,Heligmosomoidea,0,Nematode
2468,Rattus rattus,Mandena,village,Nippostrongylus,0,Nematode
2468,Rattus rattus,Mandena,village,Trichostrongylidae,0,Nematode
2468,Rattus rattus,Mandena,village,Hypotrichomonas,0,Protozoa
2468,Rattus rattus,Mandena,village,Tritrichomonas,0,Protozoa
2468,Rattus rattus,Mandena,village,Eimeria,0,Protozoa
2468,Rattus rattus,Mandena,village,Heligmonellidae,0,Nematode
2468,Rattus rattus,Mandena,village,Hexamastix,1,Protozoa
2468,Rattus rattus,Mandena,village,Tetratrichomonas,0,Protozoa
2469,Rattus rattus,Mandena,village,Blastocystis,0,Protozoa
2469,Rattus rattus,Mandena,village,Entamoeba,0,Protozoa
2469,Rattus rattus,Mandena,village,Heligmosomoidea,0,Nematode
2469,Rattus rattus,Mandena,village,Nippostrongylus,0,Nematode
2469,Rattus rattus,Mandena,village,Trichostrongylidae,0,Nematode
2469,Rattus rattus,Mandena,village,Hypotrichomonas,0,Protozoa
2469,Rattus rattus,Mandena,village,Tritrichomonas,0,Protozoa
2469,Rattus rattus,Mandena,village,Eimeria,0,Protozoa
2469,Rattus rattus,Mandena,village,Heligmonellidae,0,Nematode
2469,Rattus rattus,Mandena,village,Hexamastix,1,Protozoa
2469,Rattus rattus,Mandena,village,Tetratrichomonas,0,Protozoa
2470,Rattus rattus,Mandena,village,Blastocystis,0,Protozoa
2470,Rattus rattus,Mandena,village,Entamoeba,1,Protozoa
2470,Rattus rattus,Mandena,village,Heligmosomoidea,0,Nematode
2470,Rattus rattus,Mandena,village,Nippostrongylus,0,Nematode
2470,Rattus rattus,Mandena,village,Trichostrongylidae,0,Nematode
2470,Rattus rattus,Mandena,village,Hypotrichomonas,0,Protozoa
2470,Rattus rattus,Mandena,village,Tritrichomonas,0,Protozoa
2470,Rattus rattus,Mandena,village,Eimeria,0,Protozoa
2470,Rattus rattus,Mandena,village,Heligmonellidae,0,Nematode
2470,Rattus rattus,Mandena,village,Hexamastix,0,Protozoa
2470,Rattus rattus,Mandena,village,Tetratrichomonas,0,Protozoa
2472,Rattus rattus,Mandena,village,Blastocystis,1,Protozoa
2472,Rattus rattus,Mandena,village,Entamoeba,0,Protozoa
2472,Rattus rattus,Mandena,village,Heligmosomoidea,0,Nematode
2472,Rattus rattus,Mandena,village,Nippostrongylus,1,Nematode
2472,Rattus rattus,Mandena,village,Trichostrongylidae,0,Nematode
2472,Rattus rattus,Mandena,village,Hypotrichomonas,0,Protozoa
2472,Rattus rattus,Mandena,village,Tritrichomonas,1,Protozoa
2472,Rattus rattus,Mandena,village,Eimeria,0,Protozoa
2472,Rattus rattus,Mandena,village,Heligmonellidae,0,Nematode
2472,Rattus rattus,Mandena,village,Hexamastix,0,Protozoa
2472,Rattus rattus,Mandena,village,Tetratrichomonas,0,Protozoa
2475,Rattus rattus,Mandena,agroforest,Blastocystis,0,Protozoa
2475,Rattus rattus,Mandena,agroforest,Entamoeba,0,Protozoa
2475,Rattus rattus,Mandena,agroforest,Heligmosomoidea,0,Nematode
2475,Rattus rattus,Mandena,agroforest,Nippostrongylus,1,Nematode
2475,Rattus rattus,Mandena,agroforest,Trichostrongylidae,0,Nematode
2475,Rattus rattus,Mandena,agroforest,Hypotrichomonas,0,Protozoa
2475,Rattus rattus,Mandena,agroforest,Tritrichomonas,1,Protozoa
2475,Rattus rattus,Mandena,agroforest,Eimeria,1,Protozoa
2475,Rattus rattus,Mandena,agroforest,Heligmonellidae,0,Nematode
2475,Rattus rattus,Mandena,agroforest,Hexamastix,0,Protozoa
2475,Rattus rattus,Mandena,agroforest,Tetratrichomonas,0,Protozoa
2478,Rattus rattus,Mandena,village,Blastocystis,0,Protozoa
2478,Rattus rattus,Mandena,village,Entamoeba,1,Protozoa
2478,Rattus rattus,Mandena,village,Heligmosomoidea,0,Nematode
2478,Rattus rattus,Mandena,village,Nippostrongylus,0,Nematode
2478,Rattus rattus,Mandena,village,Trichostrongylidae,0,Nematode
2478,Rattus rattus,Mandena,village,Hypotrichomonas,0,Protozoa
2478,Rattus rattus,Mandena,village,Tritrichomonas,0,Protozoa
2478,Rattus rattus,Mandena,village,Eimeria,0,Protozoa
2478,Rattus rattus,Mandena,village,Heligmonellidae,0,Nematode
2478,Rattus rattus,Mandena,village,Hexamastix,1,Protozoa
2478,Rattus rattus,Mandena,village,Tetratrichomonas,0,Protozoa
2479,Rattus rattus,Mandena,village,Blastocystis,1,Protozoa
2479,Rattus rattus,Mandena,village,Entamoeba,0,Protozoa
2479,Rattus rattus,Mandena,village,Heligmosomoidea,0,Nematode
2479,Rattus rattus,Mandena,village,Nippostrongylus,0,Nematode
2479,Rattus rattus,Mandena,village,Trichostrongylidae,0,Nematode
2479,Rattus rattus,Mandena,village,Hypotrichomonas,1,Protozoa
2479,Rattus rattus,Mandena,village,Tritrichomonas,1,Protozoa
2479,Rattus rattus,Mandena,village,Eimeria,0,Protozoa
2479,Rattus rattus,Mandena,village,Heligmonellidae,0,Nematode
2479,Rattus rattus,Mandena,village,Hexamastix,0,Protozoa
2479,Rattus rattus,Mandena,village,Tetratrichomonas,0,Protozoa
2481,Rattus rattus,Mandena,village,Blastocystis,0,Protozoa
2481,Rattus rattus,Mandena,village,Entamoeba,0,Protozoa
2481,Rattus rattus,Mandena,village,Heligmosomoidea,0,Nematode
2481,Rattus rattus,Mandena,village,Nippostrongylus,1,Nematode
2481,Rattus rattus,Mandena,village,Trichostrongylidae,0,Nematode
2481,Rattus rattus,Mandena,village,Hypotrichomonas,1,Protozoa
2481,Rattus rattus,Mandena,village,Tritrichomonas,1,Protozoa
2481,Rattus rattus,Mandena,village,Eimeria,1,Protozoa
2481,Rattus rattus,Mandena,village,Heligmonellidae,0,Nematode
2481,Rattus rattus,Mandena,village,Hexamastix,0,Protozoa
2481,Rattus rattus,Mandena,village,Tetratrichomonas,0,Protozoa
2486,Rattus rattus,Mandena,village,Blastocystis,1,Protozoa
2486,Rattus rattus,Mandena,village,Entamoeba,0,Protozoa
2486,Rattus rattus,Mandena,village,Heligmosomoidea,0,Nematode
2486,Rattus rattus,Mandena,village,Nippostrongylus,0,Nematode
2486,Rattus rattus,Mandena,village,Trichostrongylidae,0,Nematode
2486,Rattus rattus,Mandena,village,Hypotrichomonas,0,Protozoa
2486,Rattus rattus,Mandena,village,Tritrichomonas,0,Protozoa
2486,Rattus rattus,Mandena,village,Eimeria,0,Protozoa
2486,Rattus rattus,Mandena,village,Heligmonellidae,0,Nematode
2486,Rattus rattus,Mandena,village,Hexamastix,0,Protozoa
2486,Rattus rattus,Mandena,village,Tetratrichomonas,0,Protozoa
2487,Rattus rattus,Mandena,village,Blastocystis,0,Protozoa
2487,Rattus rattus,Mandena,village,Entamoeba,0,Protozoa
2487,Rattus rattus,Mandena,village,Heligmosomoidea,0,Nematode
2487,Rattus rattus,Mandena,village,Nippostrongylus,0,Nematode
2487,Rattus rattus,Mandena,village,Trichostrongylidae,0,Nematode
2487,Rattus rattus,Mandena,village,Hypotrichomonas,0,Protozoa
2487,Rattus rattus,Mandena,village,Tritrichomonas,1,Protozoa
2487,Rattus rattus,Mandena,village,Eimeria,0,Protozoa
2487,Rattus rattus,Mandena,village,Heligmonellidae,0,Nematode
2487,Rattus rattus,Mandena,village,Hexamastix,0,Protozoa
2487,Rattus rattus,Mandena,village,Tetratrichomonas,0,Protozoa
2491,Rattus rattus,Mandena,village,Blastocystis,0,Protozoa
2491,Rattus rattus,Mandena,village,Entamoeba,0,Protozoa
2491,Rattus rattus,Mandena,village,Heligmosomoidea,0,Nematode
2491,Rattus rattus,Mandena,village,Nippostrongylus,1,Nematode
2491,Rattus rattus,Mandena,village,Trichostrongylidae,0,Nematode
2491,Rattus rattus,Mandena,village,Hypotrichomonas,1,Protozoa
2491,Rattus rattus,Mandena,village,Tritrichomonas,0,Protozoa
2491,Rattus rattus,Mandena,village,Eimeria,0,Protozoa
2491,Rattus rattus,Mandena,village,Heligmonellidae,0,Nematode
2491,Rattus rattus,Mandena,village,Hexamastix,0,Protozoa
2491,Rattus rattus,Mandena,village,Tetratrichomonas,0,Protozoa
2496,Rattus rattus,Mandena,agroforest,Blastocystis,1,Protozoa
2496,Rattus rattus,Mandena,agroforest,Entamoeba,0,Protozoa
2496,Rattus rattus,Mandena,agroforest,Heligmosomoidea,0,Nematode
2496,Rattus rattus,Mandena,agroforest,Nippostrongylus,1,Nematode
2496,Rattus rattus,Mandena,agroforest,Trichostrongylidae,0,Nematode
2496,Rattus rattus,Mandena,agroforest,Hypotrichomonas,0,Protozoa
2496,Rattus rattus,Mandena,agroforest,Tritrichomonas,0,Protozoa
2496,Rattus rattus,Mandena,agroforest,Eimeria,0,Protozoa
2496,Rattus rattus,Mandena,agroforest,Heligmonellidae,0,Nematode
2496,Rattus rattus,Mandena,agroforest,Hexamastix,0,Protozoa
2496,Rattus rattus,Mandena,agroforest,Tetratrichomonas,0,Protozoa
2499,Rattus rattus,Mandena,brushy_regrowth,Blastocystis,1,Protozoa
2499,Rattus rattus,Mandena,brushy_regrowth,Entamoeba,0,Protozoa
2499,Rattus rattus,Mandena,brushy_regrowth,Heligmosomoidea,0,Nematode
2499,Rattus rattus,Mandena,brushy_regrowth,Nippostrongylus,1,Nematode
2499,Rattus rattus,Mandena,brushy_regrowth,Trichostrongylidae,0,Nematode
2499,Rattus rattus,Mandena,brushy_regrowth,Hypotrichomonas,0,Protozoa
2499,Rattus rattus,Mandena,brushy_regrowth,Tritrichomonas,0,Protozoa
2499,Rattus rattus,Mandena,brushy_regrowth,Eimeria,1,Protozoa
2499,Rattus rattus,Mandena,brushy_regrowth,Heligmonellidae,0,Nematode
2499,Rattus rattus,Mandena,brushy_regrowth,Hexamastix,0,Protozoa
2499,Rattus rattus,Mandena,brushy_regrowth,Tetratrichomonas,0,Protozoa
2500,Rattus rattus,Mandena,brushy_regrowth,Blastocystis,0,Protozoa
2500,Rattus rattus,Mandena,brushy_regrowth,Entamoeba,0,Protozoa
2500,Rattus rattus,Mandena,brushy_regrowth,Heligmosomoidea,0,Nematode
2500,Rattus rattus,Mandena,brushy_regrowth,Nippostrongylus,1,Nematode
2500,Rattus rattus,Mandena,brushy_regrowth,Trichostrongylidae,0,Nematode
2500,Rattus rattus,Mandena,brushy_regrowth,Hypotrichomonas,1,Protozoa
2500,Rattus rattus,Mandena,brushy_regrowth,Tritrichomonas,0,Protozoa
2500,Rattus rattus,Mandena,brushy_regrowth,Eimeria,0,Protozoa
2500,Rattus rattus,Mandena,brushy_regrowth,Heligmonellidae,0,Nematode
2500,Rattus rattus,Mandena,brushy_regrowth,Hexamastix,0,Protozoa
2500,Rattus rattus,Mandena,brushy_regrowth,Tetratrichomonas,0,Protozoa
2501,Rattus rattus,Mandena,brushy_regrowth,Blastocystis,0,Protozoa
2501,Rattus rattus,Mandena,brushy_regrowth,Entamoeba,0,Protozoa
2501,Rattus rattus,Mandena,brushy_regrowth,Heligmosomoidea,0,Nematode
2501,Rattus rattus,Mandena,brushy_regrowth,Nippostrongylus,1,Nematode
2501,Rattus rattus,Mandena,brushy_regrowth,Trichostrongylidae,0,Nematode
2501,Rattus rattus,Mandena,brushy_regrowth,Hypotrichomonas,0,Protozoa
2501,Rattus rattus,Mandena,brushy_regrowth,Tritrichomonas,1,Protozoa
2501,Rattus rattus,Mandena,brushy_regrowth,Eimeria,0,Protozoa
2501,Rattus rattus,Mandena,brushy_regrowth,Heligmonellidae,0,Nematode
2501,Rattus rattus,Mandena,brushy_regrowth,Hexamastix,0,Protozoa
2501,Rattus rattus,Mandena,brushy_regrowth,Tetratrichomonas,0,Protozoa
2502,Rattus rattus,Mandena,brushy_regrowth,Blastocystis,0,Protozoa
2502,Rattus rattus,Mandena,brushy_regrowth,Entamoeba,0,Protozoa
2502,Rattus rattus,Mandena,brushy_regrowth,Heligmosomoidea,0,Nematode
2502,Rattus rattus,Mandena,brushy_regrowth,Nippostrongylus,1,Nematode
2502,Rattus rattus,Mandena,brushy_regrowth,Trichostrongylidae,0,Nematode
2502,Rattus rattus,Mandena,brushy_regrowth,Hypotrichomonas,0,Protozoa
2502,Rattus rattus,Mandena,brushy_regrowth,Tritrichomonas,0,Protozoa
2502,Rattus rattus,Mandena,brushy_regrowth,Eimeria,1,Protozoa
2502,Rattus rattus,Mandena,brushy_regrowth,Heligmonellidae,0,Nematode
2502,Rattus rattus,Mandena,brushy_regrowth,Hexamastix,0,Protozoa
2502,Rattus rattus,Mandena,brushy_regrowth,Tetratrichomonas,1,Protozoa
2503,Rattus rattus,Mandena,brushy_regrowth,Blastocystis,0,Protozoa
2503,Rattus rattus,Mandena,brushy_regrowth,Entamoeba,0,Protozoa
2503,Rattus rattus,Mandena,brushy_regrowth,Heligmosomoidea,0,Nematode
2503,Rattus rattus,Mandena,brushy_regrowth,Nippostrongylus,0,Nematode
2503,Rattus rattus,Mandena,brushy_regrowth,Trichostrongylidae,0,Nematode
2503,Rattus rattus,Mandena,brushy_regrowth,Hypotrichomonas,0,Protozoa
2503,Rattus rattus,Mandena,brushy_regrowth,Tritrichomonas,1,Protozoa
2503,Rattus rattus,Mandena,brushy_regrowth,Eimeria,0,Protozoa
2503,Rattus rattus,Mandena,brushy_regrowth,Heligmonellidae,0,Nematode
2503,Rattus rattus,Mandena,brushy_regrowth,Hexamastix,0,Protozoa
2503,Rattus rattus,Mandena,brushy_regrowth,Tetratrichomonas,0,Protozoa
2504,Rattus rattus,Mandena,brushy_regrowth,Blastocystis,0,Protozoa
2504,Rattus rattus,Mandena,brushy_regrowth,Entamoeba,0,Protozoa
2504,Rattus rattus,Mandena,brushy_regrowth,Heligmosomoidea,0,Nematode
2504,Rattus rattus,Mandena,brushy_regrowth,Nippostrongylus,1,Nematode
2504,Rattus rattus,Mandena,brushy_regrowth,Trichostrongylidae,0,Nematode
2504,Rattus rattus,Mandena,brushy_regrowth,Hypotrichomonas,0,Protozoa
2504,Rattus rattus,Mandena,brushy_regrowth,Tritrichomonas,1,Protozoa
2504,Rattus rattus,Mandena,brushy_regrowth,Eimeria,0,Protozoa
2504,Rattus rattus,Mandena,brushy_regrowth,Heligmonellidae,0,Nematode
2504,Rattus rattus,Mandena,brushy_regrowth,Hexamastix,0,Protozoa
2504,Rattus rattus,Mandena,brushy_regrowth,Tetratrichomonas,1,Protozoa
2506,Rattus rattus,Mandena,brushy_regrowth,Blastocystis,0,Protozoa
2506,Rattus rattus,Mandena,brushy_regrowth,Entamoeba,0,Protozoa
2506,Rattus rattus,Mandena,brushy_regrowth,Heligmosomoidea,0,Nematode
2506,Rattus rattus,Mandena,brushy_regrowth,Nippostrongylus,1,Nematode
2506,Rattus rattus,Mandena,brushy_regrowth,Trichostrongylidae,0,Nematode
2506,Rattus rattus,Mandena,brushy_regrowth,Hypotrichomonas,1,Protozoa
2506,Rattus rattus,Mandena,brushy_regrowth,Tritrichomonas,0,Protozoa
2506,Rattus rattus,Mandena,brushy_regrowth,Eimeria,1,Protozoa
2506,Rattus rattus,Mandena,brushy_regrowth,Heligmonellidae,0,Nematode
2506,Rattus rattus,Mandena,brushy_regrowth,Hexamastix,0,Protozoa
2506,Rattus rattus,Mandena,brushy_regrowth,Tetratrichomonas,0,Protozoa
2508,Rattus rattus,Mandena,brushy_regrowth,Blastocystis,0,Protozoa
2508,Rattus rattus,Mandena,brushy_regrowth,Entamoeba,0,Protozoa
2508,Rattus rattus,Mandena,brushy_regrowth,Heligmosomoidea,0,Nematode
2508,Rattus rattus,Mandena,brushy_regrowth,Nippostrongylus,1,Nematode
2508,Rattus rattus,Mandena,brushy_regrowth,Trichostrongylidae,0,Nematode
2508,Rattus rattus,Mandena,brushy_regrowth,Hypotrichomonas,0,Protozoa
2508,Rattus rattus,Mandena,brushy_regrowth,Tritrichomonas,1,Protozoa
2508,Rattus rattus,Mandena,brushy_regrowth,Eimeria,0,Protozoa
2508,Rattus rattus,Mandena,brushy_regrowth,Heligmonellidae,0,Nematode
2508,Rattus rattus,Mandena,brushy_regrowth,Hexamastix,0,Protozoa
2508,Rattus rattus,Mandena,brushy_regrowth,Tetratrichomonas,0,Protozoa
2509,Rattus rattus,Mandena,brushy_regrowth,Blastocystis,0,Protozoa
2509,Rattus rattus,Mandena,brushy_regrowth,Entamoeba,0,Protozoa
2509,Rattus rattus,Mandena,brushy_regrowth,Heligmosomoidea,0,Nematode
2509,Rattus rattus,Mandena,brushy_regrowth,Nippostrongylus,1,Nematode
2509,Rattus rattus,Mandena,brushy_regrowth,Trichostrongylidae,0,Nematode
2509,Rattus rattus,Mandena,brushy_regrowth,Hypotrichomonas,0,Protozoa
2509,Rattus rattus,Mandena,brushy_regrowth,Tritrichomonas,1,Protozoa
2509,Rattus rattus,Mandena,brushy_regrowth,Eimeria,1,Protozoa
2509,Rattus rattus,Mandena,brushy_regrowth,Heligmonellidae,0,Nematode
2509,Rattus rattus,Mandena,brushy_regrowth,Hexamastix,0,Protozoa
2509,Rattus rattus,Mandena,brushy_regrowth,Tetratrichomonas,0,Protozoa
2510,Rattus rattus,Mandena,brushy_regrowth,Blastocystis,0,Protozoa
2510,Rattus rattus,Mandena,brushy_regrowth,Entamoeba,0,Protozoa
2510,Rattus rattus,Mandena,brushy_regrowth,Heligmosomoidea,0,Nematode
2510,Rattus rattus,Mandena,brushy_regrowth,Nippostrongylus,1,Nematode
2510,Rattus rattus,Mandena,brushy_regrowth,Trichostrongylidae,0,Nematode
2510,Rattus rattus,Mandena,brushy_regrowth,Hypotrichomonas,0,Protozoa
2510,Rattus rattus,Mandena,brushy_regrowth,Tritrichomonas,1,Protozoa
2510,Rattus rattus,Mandena,brushy_regrowth,Eimeria,0,Protozoa
2510,Rattus rattus,Mandena,brushy_regrowth,Heligmonellidae,0,Nematode
2510,Rattus rattus,Mandena,brushy_regrowth,Hexamastix,0,Protozoa
2510,Rattus rattus,Mandena,brushy_regrowth,Tetratrichomonas,0,Protozoa
2511,Rattus rattus,Mandena,brushy_regrowth,Blastocystis,0,Protozoa
2511,Rattus rattus,Mandena,brushy_regrowth,Entamoeba,0,Protozoa
2511,Rattus rattus,Mandena,brushy_regrowth,Heligmosomoidea,0,Nematode
2511,Rattus rattus,Mandena,brushy_regrowth,Nippostrongylus,1,Nematode
2511,Rattus rattus,Mandena,brushy_regrowth,Trichostrongylidae,0,Nematode
2511,Rattus rattus,Mandena,brushy_regrowth,Hypotrichomonas,0,Protozoa
2511,Rattus rattus,Mandena,brushy_regrowth,Tritrichomonas,1,Protozoa
2511,Rattus rattus,Mandena,brushy_regrowth,Eimeria,0,Protozoa
2511,Rattus rattus,Mandena,brushy_regrowth,Heligmonellidae,0,Nematode
2511,Rattus rattus,Mandena,brushy_regrowth,Hexamastix,0,Protozoa
2511,Rattus rattus,Mandena,brushy_regrowth,Tetratrichomonas,0,Protozoa
2513,Rattus rattus,Mandena,brushy_regrowth,Blastocystis,0,Protozoa
2513,Rattus rattus,Mandena,brushy_regrowth,Entamoeba,0,Protozoa
2513,Rattus rattus,Mandena,brushy_regrowth,Heligmosomoidea,0,Nematode
2513,Rattus rattus,Mandena,brushy_regrowth,Nippostrongylus,1,Nematode
2513,Rattus rattus,Mandena,brushy_regrowth,Trichostrongylidae,0,Nematode
2513,Rattus rattus,Mandena,brushy_regrowth,Hypotrichomonas,0,Protozoa
2513,Rattus rattus,Mandena,brushy_regrowth,Tritrichomonas,1,Protozoa
2513,Rattus rattus,Mandena,brushy_regrowth,Eimeria,1,Protozoa
2513,Rattus rattus,Mandena,brushy_regrowth,Heligmonellidae,0,Nematode
2513,Rattus rattus,Mandena,brushy_regrowth,Hexamastix,0,Protozoa
2513,Rattus rattus,Mandena,brushy_regrowth,Tetratrichomonas,0,Protozoa
2514,Rattus rattus,Mandena,brushy_regrowth,Blastocystis,0,Protozoa
2514,Rattus rattus,Mandena,brushy_regrowth,Entamoeba,0,Protozoa
2514,Rattus rattus,Mandena,brushy_regrowth,Heligmosomoidea,0,Nematode
2514,Rattus rattus,Mandena,brushy_regrowth,Nippostrongylus,1,Nematode
2514,Rattus rattus,Mandena,brushy_regrowth,Trichostrongylidae,0,Nematode
2514,Rattus rattus,Mandena,brushy_regrowth,Hypotrichomonas,0,Protozoa
2514,Rattus rattus,Mandena,brushy_regrowth,Tritrichomonas,1,Protozoa
2514,Rattus rattus,Mandena,brushy_regrowth,Eimeria,0,Protozoa
2514,Rattus rattus,Mandena,brushy_regrowth,Heligmonellidae,0,Nematode
2514,Rattus rattus,Mandena,brushy_regrowth,Hexamastix,0,Protozoa
2514,Rattus rattus,Mandena,brushy_regrowth,Tetratrichomonas,0,Protozoa
2515,Rattus rattus,Mandena,brushy_regrowth,Blastocystis,0,Protozoa
2515,Rattus rattus,Mandena,brushy_regrowth,Entamoeba,0,Protozoa
2515,Rattus rattus,Mandena,brushy_regrowth,Heligmosomoidea,0,Nematode
2515,Rattus rattus,Mandena,brushy_regrowth,Nippostrongylus,1,Nematode
2515,Rattus rattus,Mandena,brushy_regrowth,Trichostrongylidae,0,Nematode
2515,Rattus rattus,Mandena,brushy_regrowth,Hypotrichomonas,1,Protozoa
2515,Rattus rattus,Mandena,brushy_regrowth,Tritrichomonas,0,Protozoa
2515,Rattus rattus,Mandena,brushy_regrowth,Eimeria,0,Protozoa
2515,Rattus rattus,Mandena,brushy_regrowth,Heligmonellidae,0,Nematode
2515,Rattus rattus,Mandena,brushy_regrowth,Hexamastix,0,Protozoa
2515,Rattus rattus,Mandena,brushy_regrowth,Tetratrichomonas,0,Protozoa
2516,Rattus rattus,Mandena,brushy_regrowth,Blastocystis,0,Protozoa
2516,Rattus rattus,Mandena,brushy_regrowth,Entamoeba,0,Protozoa
2516,Rattus rattus,Mandena,brushy_regrowth,Heligmosomoidea,0,Nematode
2516,Rattus rattus,Mandena,brushy_regrowth,Nippostrongylus,1,Nematode
2516,Rattus rattus,Mandena,brushy_regrowth,Trichostrongylidae,0,Nematode
2516,Rattus rattus,Mandena,brushy_regrowth,Hypotrichomonas,0,Protozoa
2516,Rattus rattus,Mandena,brushy_regrowth,Tritrichomonas,1,Protozoa
2516,Rattus rattus,Mandena,brushy_regrowth,Eimeria,0,Protozoa
2516,Rattus rattus,Mandena,brushy_regrowth,Heligmonellidae,0,Nematode
2516,Rattus rattus,Mandena,brushy_regrowth,Hexamastix,0,Protozoa
2516,Rattus rattus,Mandena,brushy_regrowth,Tetratrichomonas,0,Protozoa
2517,Rattus rattus,Mandena,brushy_regrowth,Blastocystis,0,Protozoa
2517,Rattus rattus,Mandena,brushy_regrowth,Entamoeba,0,Protozoa
2517,Rattus rattus,Mandena,brushy_regrowth,Heligmosomoidea,0,Nematode
2517,Rattus rattus,Mandena,brushy_regrowth,Nippostrongylus,1,Nematode
2517,Rattus rattus,Mandena,brushy_regrowth,Trichostrongylidae,0,Nematode
2517,Rattus rattus,Mandena,brushy_regrowth,Hypotrichomonas,1,Protozoa
2517,Rattus rattus,Mandena,brushy_regrowth,Tritrichomonas,0,Protozoa
2517,Rattus rattus,Mandena,brushy_regrowth,Eimeria,0,Protozoa
2517,Rattus rattus,Mandena,brushy_regrowth,Heligmonellidae,0,Nematode
2517,Rattus rattus,Mandena,brushy_regrowth,Hexamastix,0,Protozoa
2517,Rattus rattus,Mandena,brushy_regrowth,Tetratrichomonas,0,Protozoa
2523,Rattus rattus,Mandena,brushy_regrowth,Blastocystis,0,Protozoa
2523,Rattus rattus,Mandena,brushy_regrowth,Entamoeba,0,Protozoa
2523,Rattus rattus,Mandena,brushy_regrowth,Heligmosomoidea,0,Nematode
2523,Rattus rattus,Mandena,brushy_regrowth,Nippostrongylus,1,Nematode
2523,Rattus rattus,Mandena,brushy_regrowth,Trichostrongylidae,0,Nematode
2523,Rattus rattus,Mandena,brushy_regrowth,Hypotrichomonas,0,Protozoa
2523,Rattus rattus,Mandena,brushy_regrowth,Tritrichomonas,0,Protozoa
2523,Rattus rattus,Mandena,brushy_regrowth,Eimeria,0,Protozoa
2523,Rattus rattus,Mandena,brushy_regrowth,Heligmonellidae,0,Nematode
2523,Rattus rattus,Mandena,brushy_regrowth,Hexamastix,0,Protozoa
2523,Rattus rattus,Mandena,brushy_regrowth,Tetratrichomonas,1,Protozoa
2524,Microgale brevicaudata,Mandena,brushy_regrowth,Blastocystis,0,Protozoa
2524,Microgale brevicaudata,Mandena,brushy_regrowth,Entamoeba,0,Protozoa
2524,Microgale brevicaudata,Mandena,brushy_regrowth,Heligmosomoidea,1,Nematode
2524,Microgale brevicaudata,Mandena,brushy_regrowth,Nippostrongylus,1,Nematode
2524,Microgale brevicaudata,Mandena,brushy_regrowth,Trichostrongylidae,1,Nematode
2524,Microgale brevicaudata,Mandena,brushy_regrowth,Hypotrichomonas,0,Protozoa
2524,Microgale brevicaudata,Mandena,brushy_regrowth,Tritrichomonas,0,Protozoa
2524,Microgale brevicaudata,Mandena,brushy_regrowth,Eimeria,1,Protozoa
2524,Microgale brevicaudata,Mandena,brushy_regrowth,Heligmonellidae,0,Nematode
2524,Microgale brevicaudata,Mandena,brushy_regrowth,Hexamastix,0,Protozoa
2524,Microgale brevicaudata,Mandena,brushy_regrowth,Tetratrichomonas,0,Protozoa
2525,Microgale brevicaudata,Mandena,brushy_regrowth,Blastocystis,0,Protozoa
2525,Microgale brevicaudata,Mandena,brushy_regrowth,Entamoeba,0,Protozoa
2525,Microgale brevicaudata,Mandena,brushy_regrowth,Heligmosomoidea,0,Nematode
2525,Microgale brevicaudata,Mandena,brushy_regrowth,Nippostrongylus,0,Nematode
2525,Microgale brevicaudata,Mandena,brushy_regrowth,Trichostrongylidae,0,Nematode
2525,Microgale brevicaudata,Mandena,brushy_regrowth,Hypotrichomonas,0,Protozoa
2525,Microgale brevicaudata,Mandena,brushy_regrowth,Tritrichomonas,0,Protozoa
2525,Microgale brevicaudata,Mandena,brushy_regrowth,Eimeria,1,Protozoa
2525,Microgale brevicaudata,Mandena,brushy_regrowth,Heligmonellidae,0,Nematode
2525,Microgale brevicaudata,Mandena,brushy_regrowth,Hexamastix,0,Protozoa
2525,Microgale brevicaudata,Mandena,brushy_regrowth,Tetratrichomonas,0,Protozoa
2526,Rattus rattus,Mandena,brushy_regrowth,Blastocystis,0,Protozoa
2526,Rattus rattus,Mandena,brushy_regrowth,Entamoeba,0,Protozoa
2526,Rattus rattus,Mandena,brushy_regrowth,Heligmosomoidea,0,Nematode
2526,Rattus rattus,Mandena,brushy_regrowth,Nippostrongylus,1,Nematode
2526,Rattus rattus,Mandena,brushy_regrowth,Trichostrongylidae,0,Nematode
2526,Rattus rattus,Mandena,brushy_regrowth,Hypotrichomonas,1,Protozoa
2526,Rattus rattus,Mandena,brushy_regrowth,Tritrichomonas,0,Protozoa
2526,Rattus rattus,Mandena,brushy_regrowth,Eimeria,0,Protozoa
2526,Rattus rattus,Mandena,brushy_regrowth,Heligmonellidae,0,Nematode
2526,Rattus rattus,Mandena,brushy_regrowth,Hexamastix,0,Protozoa
2526,Rattus rattus,Mandena,brushy_regrowth,Tetratrichomonas,0,Protozoa
2527,Rattus rattus,Mandena,brushy_regrowth,Blastocystis,0,Protozoa
2527,Rattus rattus,Mandena,brushy_regrowth,Entamoeba,0,Protozoa
2527,Rattus rattus,Mandena,brushy_regrowth,Heligmosomoidea,0,Nematode
2527,Rattus rattus,Mandena,brushy_regrowth,Nippostrongylus,1,Nematode
2527,Rattus rattus,Mandena,brushy_regrowth,Trichostrongylidae,0,Nematode
2527,Rattus rattus,Mandena,brushy_regrowth,Hypotrichomonas,1,Protozoa
2527,Rattus rattus,Mandena,brushy_regrowth,Tritrichomonas,0,Protozoa
2527,Rattus rattus,Mandena,brushy_regrowth,Eimeria,0,Protozoa
2527,Rattus rattus,Mandena,brushy_regrowth,Heligmonellidae,0,Nematode
2527,Rattus rattus,Mandena,brushy_regrowth,Hexamastix,0,Protozoa
2527,Rattus rattus,Mandena,brushy_regrowth,Tetratrichomonas,1,Protozoa
2528,Microgale brevicaudata,Mandena,brushy_regrowth,Blastocystis,0,Protozoa
2528,Microgale brevicaudata,Mandena,brushy_regrowth,Entamoeba,0,Protozoa
2528,Microgale brevicaudata,Mandena,brushy_regrowth,Heligmosomoidea,1,Nematode
2528,Microgale brevicaudata,Mandena,brushy_regrowth,Nippostrongylus,0,Nematode
2528,Microgale brevicaudata,Mandena,brushy_regrowth,Trichostrongylidae,1,Nematode
2528,Microgale brevicaudata,Mandena,brushy_regrowth,Hypotrichomonas,0,Protozoa
2528,Microgale brevicaudata,Mandena,brushy_regrowth,Tritrichomonas,0,Protozoa
2528,Microgale brevicaudata,Mandena,brushy_regrowth,Eimeria,1,Protozoa
2528,Microgale brevicaudata,Mandena,brushy_regrowth,Heligmonellidae,0,Nematode
2528,Microgale brevicaudata,Mandena,brushy_regrowth,Hexamastix,0,Protozoa
2528,Microgale brevicaudata,Mandena,brushy_regrowth,Tetratrichomonas,0,Protozoa
2530,Microgale brevicaudata,Mandena,brushy_regrowth,Blastocystis,0,Protozoa
2530,Microgale brevicaudata,Mandena,brushy_regrowth,Entamoeba,0,Protozoa
2530,Microgale brevicaudata,Mandena,brushy_regrowth,Heligmosomoidea,1,Nematode
2530,Microgale brevicaudata,Mandena,brushy_regrowth,Nippostrongylus,1,Nematode
2530,Microgale brevicaudata,Mandena,brushy_regrowth,Trichostrongylidae,0,Nematode
2530,Microgale brevicaudata,Mandena,brushy_regrowth,Hypotrichomonas,0,Protozoa
2530,Microgale brevicaudata,Mandena,brushy_regrowth,Tritrichomonas,0,Protozoa
2530,Microgale brevicaudata,Mandena,brushy_regrowth,Eimeria,1,Protozoa
2530,Microgale brevicaudata,Mandena,brushy_regrowth,Heligmonellidae,0,Nematode
2530,Microgale brevicaudata,Mandena,brushy_regrowth,Hexamastix,0,Protozoa
2530,Microgale brevicaudata,Mandena,brushy_regrowth,Tetratrichomonas,0,Protozoa
2535,Rattus rattus,Mandena,brushy_regrowth,Blastocystis,0,Protozoa
2535,Rattus rattus,Mandena,brushy_regrowth,Entamoeba,0,Protozoa
2535,Rattus rattus,Mandena,brushy_regrowth,Heligmosomoidea,0,Nematode
2535,Rattus rattus,Mandena,brushy_regrowth,Nippostrongylus,0,Nematode
2535,Rattus rattus,Mandena,brushy_regrowth,Trichostrongylidae,0,Nematode
2535,Rattus rattus,Mandena,brushy_regrowth,Hypotrichomonas,0,Protozoa
2535,Rattus rattus,Mandena,brushy_regrowth,Tritrichomonas,1,Protozoa
2535,Rattus rattus,Mandena,brushy_regrowth,Eimeria,0,Protozoa
2535,Rattus rattus,Mandena,brushy_regrowth,Heligmonellidae,0,Nematode
2535,Rattus rattus,Mandena,brushy_regrowth,Hexamastix,0,Protozoa
2535,Rattus rattus,Mandena,brushy_regrowth,Tetratrichomonas,0,Protozoa
2536,Rattus rattus,Mandena,brushy_regrowth,Blastocystis,0,Protozoa
2536,Rattus rattus,Mandena,brushy_regrowth,Entamoeba,0,Protozoa
2536,Rattus rattus,Mandena,brushy_regrowth,Heligmosomoidea,0,Nematode
2536,Rattus rattus,Mandena,brushy_regrowth,Nippostrongylus,1,Nematode
2536,Rattus rattus,Mandena,brushy_regrowth,Trichostrongylidae,0,Nematode
2536,Rattus rattus,Mandena,brushy_regrowth,Hypotrichomonas,0,Protozoa
2536,Rattus rattus,Mandena,brushy_regrowth,Tritrichomonas,1,Protozoa
2536,Rattus rattus,Mandena,brushy_regrowth,Eimeria,0,Protozoa
2536,Rattus rattus,Mandena,brushy_regrowth,Heligmonellidae,0,Nematode
2536,Rattus rattus,Mandena,brushy_regrowth,Hexamastix,0,Protozoa
2536,Rattus rattus,Mandena,brushy_regrowth,Tetratrichomonas,0,Protozoa
2537,Rattus rattus,Mandena,brushy_regrowth,Blastocystis,0,Protozoa
2537,Rattus rattus,Mandena,brushy_regrowth,Entamoeba,0,Protozoa
2537,Rattus rattus,Mandena,brushy_regrowth,Heligmosomoidea,0,Nematode
2537,Rattus rattus,Mandena,brushy_regrowth,Nippostrongylus,1,Nematode
2537,Rattus rattus,Mandena,brushy_regrowth,Trichostrongylidae,0,Nematode
2537,Rattus rattus,Mandena,brushy_regrowth,Hypotrichomonas,1,Protozoa
2537,Rattus rattus,Mandena,brushy_regrowth,Tritrichomonas,0,Protozoa
2537,Rattus rattus,Mandena,brushy_regrowth,Eimeria,0,Protozoa
2537,Rattus rattus,Mandena,brushy_regrowth,Heligmonellidae,1,Nematode
2537,Rattus rattus,Mandena,brushy_regrowth,Hexamastix,0,Protozoa
2537,Rattus rattus,Mandena,brushy_regrowth,Tetratrichomonas,0,Protozoa
2539,Rattus rattus,Mandena,brushy_regrowth,Blastocystis,0,Protozoa
2539,Rattus rattus,Mandena,brushy_regrowth,Entamoeba,0,Protozoa
2539,Rattus rattus,Mandena,brushy_regrowth,Heligmosomoidea,0,Nematode
2539,Rattus rattus,Mandena,brushy_regrowth,Nippostrongylus,1,Nematode
2539,Rattus rattus,Mandena,brushy_regrowth,Trichostrongylidae,0,Nematode
2539,Rattus rattus,Mandena,brushy_regrowth,Hypotrichomonas,0,Protozoa
2539,Rattus rattus,Mandena,brushy_regrowth,Tritrichomonas,0,Protozoa
2539,Rattus rattus,Mandena,brushy_regrowth,Eimeria,0,Protozoa
2539,Rattus rattus,Mandena,brushy_regrowth,Heligmonellidae,1,Nematode
2539,Rattus rattus,Mandena,brushy_regrowth,Hexamastix,0,Protozoa
2539,Rattus rattus,Mandena,brushy_regrowth,Tetratrichomonas,1,Protozoa
2540,Rattus rattus,Mandena,brushy_regrowth,Blastocystis,0,Protozoa
2540,Rattus rattus,Mandena,brushy_regrowth,Entamoeba,0,Protozoa
2540,Rattus rattus,Mandena,brushy_regrowth,Heligmosomoidea,0,Nematode
2540,Rattus rattus,Mandena,brushy_regrowth,Nippostrongylus,1,Nematode
2540,Rattus rattus,Mandena,brushy_regrowth,Trichostrongylidae,0,Nematode
2540,Rattus rattus,Mandena,brushy_regrowth,Hypotrichomonas,0,Protozoa
2540,Rattus rattus,Mandena,brushy_regrowth,Tritrichomonas,1,Protozoa
2540,Rattus rattus,Mandena,brushy_regrowth,Eimeria,0,Protozoa
2540,Rattus rattus,Mandena,brushy_regrowth,Heligmonellidae,0,Nematode
2540,Rattus rattus,Mandena,brushy_regrowth,Hexamastix,0,Protozoa
2540,Rattus rattus,Mandena,brushy_regrowth,Tetratrichomonas,0,Protozoa
2548,Rattus rattus,Mandena,agriculture,Blastocystis,0,Protozoa
2548,Rattus rattus,Mandena,agriculture,Entamoeba,0,Protozoa
2548,Rattus rattus,Mandena,agriculture,Heligmosomoidea,0,Nematode
2548,Rattus rattus,Mandena,agriculture,Nippostrongylus,1,Nematode
2548,Rattus rattus,Mandena,agriculture,Trichostrongylidae,0,Nematode
2548,Rattus rattus,Mandena,agriculture,Hypotrichomonas,1,Protozoa
2548,Rattus rattus,Mandena,agriculture,Tritrichomonas,1,Protozoa
2548,Rattus rattus,Mandena,agriculture,Eimeria,0,Protozoa
2548,Rattus rattus,Mandena,agriculture,Heligmonellidae,0,Nematode
2548,Rattus rattus,Mandena,agriculture,Hexamastix,0,Protozoa
2548,Rattus rattus,Mandena,agriculture,Tetratrichomonas,0,Protozoa
2549,Rattus rattus,Mandena,agriculture,Blastocystis,0,Protozoa
2549,Rattus rattus,Mandena,agriculture,Entamoeba,0,Protozoa
2549,Rattus rattus,Mandena,agriculture,Heligmosomoidea,0,Nematode
2549,Rattus rattus,Mandena,agriculture,Nippostrongylus,1,Nematode
2549,Rattus rattus,Mandena,agriculture,Trichostrongylidae,0,Nematode
2549,Rattus rattus,Mandena,agriculture,Hypotrichomonas,1,Protozoa
2549,Rattus rattus,Mandena,agriculture,Tritrichomonas,1,Protozoa
2549,Rattus rattus,Mandena,agriculture,Eimeria,0,Protozoa
2549,Rattus rattus,Mandena,agriculture,Heligmonellidae,0,Nematode
2549,Rattus rattus,Mandena,agriculture,Hexamastix,0,Protozoa
2549,Rattus rattus,Mandena,agriculture,Tetratrichomonas,0,Protozoa
2550,Rattus rattus,Mandena,agriculture,Blastocystis,0,Protozoa
2550,Rattus rattus,Mandena,agriculture,Entamoeba,0,Protozoa
2550,Rattus rattus,Mandena,agriculture,Heligmosomoidea,0,Nematode
2550,Rattus rattus,Mandena,agriculture,Nippostrongylus,1,Nematode
2550,Rattus rattus,Mandena,agriculture,Trichostrongylidae,0,Nematode
2550,Rattus rattus,Mandena,agriculture,Hypotrichomonas,0,Protozoa
2550,Rattus rattus,Mandena,agriculture,Tritrichomonas,0,Protozoa
2550,Rattus rattus,Mandena,agriculture,Eimeria,1,Protozoa
2550,Rattus rattus,Mandena,agriculture,Heligmonellidae,0,Nematode
2550,Rattus rattus,Mandena,agriculture,Hexamastix,0,Protozoa
2550,Rattus rattus,Mandena,agriculture,Tetratrichomonas,0,Protozoa
2552,Rattus rattus,Mandena,agriculture,Blastocystis,0,Protozoa
2552,Rattus rattus,Mandena,agriculture,Entamoeba,0,Protozoa
2552,Rattus rattus,Mandena,agriculture,Heligmosomoidea,0,Nematode
2552,Rattus rattus,Mandena,agriculture,Nippostrongylus,1,Nematode
2552,Rattus rattus,Mandena,agriculture,Trichostrongylidae,0,Nematode
2552,Rattus rattus,Mandena,agriculture,Hypotrichomonas,0,Protozoa
2552,Rattus rattus,Mandena,agriculture,Tritrichomonas,1,Protozoa
2552,Rattus rattus,Mandena,agriculture,Eimeria,0,Protozoa
2552,Rattus rattus,Mandena,agriculture,Heligmonellidae,0,Nematode
2552,Rattus rattus,Mandena,agriculture,Hexamastix,0,Protozoa
2552,Rattus rattus,Mandena,agriculture,Tetratrichomonas,0,Protozoa
2553,Rattus rattus,Mandena,agriculture,Blastocystis,0,Protozoa
2553,Rattus rattus,Mandena,agriculture,Entamoeba,0,Protozoa
2553,Rattus rattus,Mandena,agriculture,Heligmosomoidea,0,Nematode
2553,Rattus rattus,Mandena,agriculture,Nippostrongylus,1,Nematode
2553,Rattus rattus,Mandena,agriculture,Trichostrongylidae,0,Nematode
2553,Rattus rattus,Mandena,agriculture,Hypotrichomonas,0,Protozoa
2553,Rattus rattus,Mandena,agriculture,Tritrichomonas,1,Protozoa
2553,Rattus rattus,Mandena,agriculture,Eimeria,0,Protozoa
2553,Rattus rattus,Mandena,agriculture,Heligmonellidae,0,Nematode
2553,Rattus rattus,Mandena,agriculture,Hexamastix,0,Protozoa
2553,Rattus rattus,Mandena,agriculture,Tetratrichomonas,0,Protozoa
2554,Rattus rattus,Mandena,agriculture,Blastocystis,1,Protozoa
2554,Rattus rattus,Mandena,agriculture,Entamoeba,0,Protozoa
2554,Rattus rattus,Mandena,agriculture,Heligmosomoidea,0,Nematode
2554,Rattus rattus,Mandena,agriculture,Nippostrongylus,1,Nematode
2554,Rattus rattus,Mandena,agriculture,Trichostrongylidae,0,Nematode
2554,Rattus rattus,Mandena,agriculture,Hypotrichomonas,1,Protozoa
2554,Rattus rattus,Mandena,agriculture,Tritrichomonas,1,Protozoa
2554,Rattus rattus,Mandena,agriculture,Eimeria,0,Protozoa
2554,Rattus rattus,Mandena,agriculture,Heligmonellidae,0,Nematode
2554,Rattus rattus,Mandena,agriculture,Hexamastix,0,Protozoa
2554,Rattus rattus,Mandena,agriculture,Tetratrichomonas,0,Protozoa
2555,Rattus rattus,Mandena,agriculture,Blastocystis,0,Protozoa
2555,Rattus rattus,Mandena,agriculture,Entamoeba,0,Protozoa
2555,Rattus rattus,Mandena,agriculture,Heligmosomoidea,0,Nematode
2555,Rattus rattus,Mandena,agriculture,Nippostrongylus,1,Nematode
2555,Rattus rattus,Mandena,agriculture,Trichostrongylidae,0,Nematode
2555,Rattus rattus,Mandena,agriculture,Hypotrichomonas,1,Protozoa
2555,Rattus rattus,Mandena,agriculture,Tritrichomonas,1,Protozoa
2555,Rattus rattus,Mandena,agriculture,Eimeria,0,Protozoa
2555,Rattus rattus,Mandena,agriculture,Heligmonellidae,0,Nematode
2555,Rattus rattus,Mandena,agriculture,Hexamastix,0,Protozoa
2555,Rattus rattus,Mandena,agriculture,Tetratrichomonas,0,Protozoa
2557,Rattus rattus,Mandena,agriculture,Blastocystis,0,Protozoa
2557,Rattus rattus,Mandena,agriculture,Entamoeba,0,Protozoa
2557,Rattus rattus,Mandena,agriculture,Heligmosomoidea,0,Nematode
2557,Rattus rattus,Mandena,agriculture,Nippostrongylus,1,Nematode
2557,Rattus rattus,Mandena,agriculture,Trichostrongylidae,0,Nematode
2557,Rattus rattus,Mandena,agriculture,Hypotrichomonas,1,Protozoa
2557,Rattus rattus,Mandena,agriculture,Tritrichomonas,1,Protozoa
2557,Rattus rattus,Mandena,agriculture,Eimeria,1,Protozoa
2557,Rattus rattus,Mandena,agriculture,Heligmonellidae,0,Nematode
2557,Rattus rattus,Mandena,agriculture,Hexamastix,0,Protozoa
2557,Rattus rattus,Mandena,agriculture,Tetratrichomonas,0,Protozoa
2558,Rattus rattus,Mandena,agriculture,Blastocystis,0,Protozoa
2558,Rattus rattus,Mandena,agriculture,Entamoeba,0,Protozoa
2558,Rattus rattus,Mandena,agriculture,Heligmosomoidea,0,Nematode
2558,Rattus rattus,Mandena,agriculture,Nippostrongylus,1,Nematode
2558,Rattus rattus,Mandena,agriculture,Trichostrongylidae,0,Nematode
2558,Rattus rattus,Mandena,agriculture,Hypotrichomonas,0,Protozoa
2558,Rattus rattus,Mandena,agriculture,Tritrichomonas,1,Protozoa
2558,Rattus rattus,Mandena,agriculture,Eimeria,0,Protozoa
2558,Rattus rattus,Mandena,agriculture,Heligmonellidae,0,Nematode
2558,Rattus rattus,Mandena,agriculture,Hexamastix,0,Protozoa
2558,Rattus rattus,Mandena,agriculture,Tetratrichomonas,0,Protozoa
2564,Rattus rattus,Mandena,agriculture,Blastocystis,0,Protozoa
2564,Rattus rattus,Mandena,agriculture,Entamoeba,0,Protozoa
2564,Rattus rattus,Mandena,agriculture,Heligmosomoidea,0,Nematode
2564,Rattus rattus,Mandena,agriculture,Nippostrongylus,1,Nematode
2564,Rattus rattus,Mandena,agriculture,Trichostrongylidae,0,Nematode
2564,Rattus rattus,Mandena,agriculture,Hypotrichomonas,1,Protozoa
2564,Rattus rattus,Mandena,agriculture,Tritrichomonas,1,Protozoa
2564,Rattus rattus,Mandena,agriculture,Eimeria,1,Protozoa
2564,Rattus rattus,Mandena,agriculture,Heligmonellidae,0,Nematode
2564,Rattus rattus,Mandena,agriculture,Hexamastix,0,Protozoa
2564,Rattus rattus,Mandena,agriculture,Tetratrichomonas,0,Protozoa
2565,Rattus rattus,Mandena,agriculture,Blastocystis,0,Protozoa
2565,Rattus rattus,Mandena,agriculture,Entamoeba,0,Protozoa
2565,Rattus rattus,Mandena,agriculture,Heligmosomoidea,0,Nematode
2565,Rattus rattus,Mandena,agriculture,Nippostrongylus,1,Nematode
2565,Rattus rattus,Mandena,agriculture,Trichostrongylidae,0,Nematode
2565,Rattus rattus,Mandena,agriculture,Hypotrichomonas,0,Protozoa
2565,Rattus rattus,Mandena,agriculture,Tritrichomonas,1,Protozoa
2565,Rattus rattus,Mandena,agriculture,Eimeria,0,Protozoa
2565,Rattus rattus,Mandena,agriculture,Heligmonellidae,0,Nematode
2565,Rattus rattus,Mandena,agriculture,Hexamastix,0,Protozoa
2565,Rattus rattus,Mandena,agriculture,Tetratrichomonas,0,Protozoa
2566,Rattus rattus,Mandena,agriculture,Blastocystis,0,Protozoa
2566,Rattus rattus,Mandena,agriculture,Entamoeba,0,Protozoa
2566,Rattus rattus,Mandena,agriculture,Heligmosomoidea,0,Nematode
2566,Rattus rattus,Mandena,agriculture,Nippostrongylus,1,Nematode
2566,Rattus rattus,Mandena,agriculture,Trichostrongylidae,0,Nematode
2566,Rattus rattus,Mandena,agriculture,Hypotrichomonas,0,Protozoa
2566,Rattus rattus,Mandena,agriculture,Tritrichomonas,1,Protozoa
2566,Rattus rattus,Mandena,agriculture,Eimeria,1,Protozoa
2566,Rattus rattus,Mandena,agriculture,Heligmonellidae,0,Nematode
2566,Rattus rattus,Mandena,agriculture,Hexamastix,0,Protozoa
2566,Rattus rattus,Mandena,agriculture,Tetratrichomonas,0,Protozoa
2567,Rattus rattus,Mandena,agriculture,Blastocystis,0,Protozoa
2567,Rattus rattus,Mandena,agriculture,Entamoeba,0,Protozoa
2567,Rattus rattus,Mandena,agriculture,Heligmosomoidea,0,Nematode
2567,Rattus rattus,Mandena,agriculture,Nippostrongylus,1,Nematode
2567,Rattus rattus,Mandena,agriculture,Trichostrongylidae,0,Nematode
2567,Rattus rattus,Mandena,agriculture,Hypotrichomonas,1,Protozoa
2567,Rattus rattus,Mandena,agriculture,Tritrichomonas,1,Protozoa
2567,Rattus rattus,Mandena,agriculture,Eimeria,0,Protozoa
2567,Rattus rattus,Mandena,agriculture,Heligmonellidae,0,Nematode
2567,Rattus rattus,Mandena,agriculture,Hexamastix,0,Protozoa
2567,Rattus rattus,Mandena,agriculture,Tetratrichomonas,0,Protozoa
2568,Rattus rattus,Mandena,agriculture,Blastocystis,0,Protozoa
2568,Rattus rattus,Mandena,agriculture,Entamoeba,0,Protozoa
2568,Rattus rattus,Mandena,agriculture,Heligmosomoidea,0,Nematode
2568,Rattus rattus,Mandena,agriculture,Nippostrongylus,1,Nematode
2568,Rattus rattus,Mandena,agriculture,Trichostrongylidae,0,Nematode
2568,Rattus rattus,Mandena,agriculture,Hypotrichomonas,1,Protozoa
2568,Rattus rattus,Mandena,agriculture,Tritrichomonas,1,Protozoa
2568,Rattus rattus,Mandena,agriculture,Eimeria,0,Protozoa
2568,Rattus rattus,Mandena,agriculture,Heligmonellidae,0,Nematode
2568,Rattus rattus,Mandena,agriculture,Hexamastix,0,Protozoa
2568,Rattus rattus,Mandena,agriculture,Tetratrichomonas,0,Protozoa
2570,Rattus rattus,Mandena,agriculture,Blastocystis,0,Protozoa
2570,Rattus rattus,Mandena,agriculture,Entamoeba,0,Protozoa
2570,Rattus rattus,Mandena,agriculture,Heligmosomoidea,0,Nematode
2570,Rattus rattus,Mandena,agriculture,Nippostrongylus,1,Nematode
2570,Rattus rattus,Mandena,agriculture,Trichostrongylidae,0,Nematode
2570,Rattus rattus,Mandena,agriculture,Hypotrichomonas,0,Protozoa
2570,Rattus rattus,Mandena,agriculture,Tritrichomonas,1,Protozoa
2570,Rattus rattus,Mandena,agriculture,Eimeria,0,Protozoa
2570,Rattus rattus,Mandena,agriculture,Heligmonellidae,0,Nematode
2570,Rattus rattus,Mandena,agriculture,Hexamastix,0,Protozoa
2570,Rattus rattus,Mandena,agriculture,Tetratrichomonas,0,Protozoa
2571,Rattus rattus,Mandena,agriculture,Blastocystis,0,Protozoa
2571,Rattus rattus,Mandena,agriculture,Entamoeba,0,Protozoa
2571,Rattus rattus,Mandena,agriculture,Heligmosomoidea,0,Nematode
2571,Rattus rattus,Mandena,agriculture,Nippostrongylus,1,Nematode
2571,Rattus rattus,Mandena,agriculture,Trichostrongylidae,0,Nematode
2571,Rattus rattus,Mandena,agriculture,Hypotrichomonas,1,Protozoa
2571,Rattus rattus,Mandena,agriculture,Tritrichomonas,1,Protozoa
2571,Rattus rattus,Mandena,agriculture,Eimeria,1,Protozoa
2571,Rattus rattus,Mandena,agriculture,Heligmonellidae,0,Nematode
2571,Rattus rattus,Mandena,agriculture,Hexamastix,0,Protozoa
2571,Rattus rattus,Mandena,agriculture,Tetratrichomonas,0,Protozoa
2572,Rattus rattus,Mandena,agriculture,Blastocystis,0,Protozoa
2572,Rattus rattus,Mandena,agriculture,Entamoeba,0,Protozoa
2572,Rattus rattus,Mandena,agriculture,Heligmosomoidea,0,Nematode
2572,Rattus rattus,Mandena,agriculture,Nippostrongylus,1,Nematode
2572,Rattus rattus,Mandena,agriculture,Trichostrongylidae,0,Nematode
2572,Rattus rattus,Mandena,agriculture,Hypotrichomonas,0,Protozoa
2572,Rattus rattus,Mandena,agriculture,Tritrichomonas,1,Protozoa
2572,Rattus rattus,Mandena,agriculture,Eimeria,0,Protozoa
2572,Rattus rattus,Mandena,agriculture,Heligmonellidae,0,Nematode
2572,Rattus rattus,Mandena,agriculture,Hexamastix,0,Protozoa
2572,Rattus rattus,Mandena,agriculture,Tetratrichomonas,0,Protozoa
2573,Rattus rattus,Mandena,agriculture,Blastocystis,1,Protozoa
2573,Rattus rattus,Mandena,agriculture,Entamoeba,0,Protozoa
2573,Rattus rattus,Mandena,agriculture,Heligmosomoidea,0,Nematode
2573,Rattus rattus,Mandena,agriculture,Nippostrongylus,1,Nematode
2573,Rattus rattus,Mandena,agriculture,Trichostrongylidae,0,Nematode
2573,Rattus rattus,Mandena,agriculture,Hypotrichomonas,0,Protozoa
2573,Rattus rattus,Mandena,agriculture,Tritrichomonas,0,Protozoa
2573,Rattus rattus,Mandena,agriculture,Eimeria,0,Protozoa
2573,Rattus rattus,Mandena,agriculture,Heligmonellidae,0,Nematode
2573,Rattus rattus,Mandena,agriculture,Hexamastix,0,Protozoa
2573,Rattus rattus,Mandena,agriculture,Tetratrichomonas,0,Protozoa
2574,Rattus rattus,Mandena,agriculture,Blastocystis,0,Protozoa
2574,Rattus rattus,Mandena,agriculture,Entamoeba,0,Protozoa
2574,Rattus rattus,Mandena,agriculture,Heligmosomoidea,0,Nematode
2574,Rattus rattus,Mandena,agriculture,Nippostrongylus,1,Nematode
2574,Rattus rattus,Mandena,agriculture,Trichostrongylidae,0,Nematode
2574,Rattus rattus,Mandena,agriculture,Hypotrichomonas,0,Protozoa
2574,Rattus rattus,Mandena,agriculture,Tritrichomonas,1,Protozoa
2574,Rattus rattus,Mandena,agriculture,Eimeria,0,Protozoa
2574,Rattus rattus,Mandena,agriculture,Heligmonellidae,0,Nematode
2574,Rattus rattus,Mandena,agriculture,Hexamastix,0,Protozoa
2574,Rattus rattus,Mandena,agriculture,Tetratrichomonas,0,Protozoa
2581,Rattus rattus,Mandena,agriculture,Blastocystis,0,Protozoa
2581,Rattus rattus,Mandena,agriculture,Entamoeba,0,Protozoa
2581,Rattus rattus,Mandena,agriculture,Heligmosomoidea,0,Nematode
2581,Rattus rattus,Mandena,agriculture,Nippostrongylus,1,Nematode
2581,Rattus rattus,Mandena,agriculture,Trichostrongylidae,1,Nematode
2581,Rattus rattus,Mandena,agriculture,Hypotrichomonas,1,Protozoa
2581,Rattus rattus,Mandena,agriculture,Tritrichomonas,1,Protozoa
2581,Rattus rattus,Mandena,agriculture,Eimeria,0,Protozoa
2581,Rattus rattus,Mandena,agriculture,Heligmonellidae,0,Nematode
2581,Rattus rattus,Mandena,agriculture,Hexamastix,0,Protozoa
2581,Rattus rattus,Mandena,agriculture,Tetratrichomonas,0,Protozoa
2582,Rattus rattus,Mandena,agriculture,Blastocystis,0,Protozoa
2582,Rattus rattus,Mandena,agriculture,Entamoeba,0,Protozoa
2582,Rattus rattus,Mandena,agriculture,Heligmosomoidea,0,Nematode
2582,Rattus rattus,Mandena,agriculture,Nippostrongylus,1,Nematode
2582,Rattus rattus,Mandena,agriculture,Trichostrongylidae,0,Nematode
2582,Rattus rattus,Mandena,agriculture,Hypotrichomonas,0,Protozoa
2582,Rattus rattus,Mandena,agriculture,Tritrichomonas,1,Protozoa
2582,Rattus rattus,Mandena,agriculture,Eimeria,0,Protozoa
2582,Rattus rattus,Mandena,agriculture,Heligmonellidae,0,Nematode
2582,Rattus rattus,Mandena,agriculture,Hexamastix,0,Protozoa
2582,Rattus rattus,Mandena,agriculture,Tetratrichomonas,0,Protozoa
2583,Rattus rattus,Mandena,agriculture,Blastocystis,1,Protozoa
2583,Rattus rattus,Mandena,agriculture,Entamoeba,0,Protozoa
2583,Rattus rattus,Mandena,agriculture,Heligmosomoidea,0,Nematode
2583,Rattus rattus,Mandena,agriculture,Nippostrongylus,1,Nematode
2583,Rattus rattus,Mandena,agriculture,Trichostrongylidae,0,Nematode
2583,Rattus rattus,Mandena,agriculture,Hypotrichomonas,0,Protozoa
2583,Rattus rattus,Mandena,agriculture,Tritrichomonas,1,Protozoa
2583,Rattus rattus,Mandena,agriculture,Eimeria,0,Protozoa
2583,Rattus rattus,Mandena,agriculture,Heligmonellidae,0,Nematode
2583,Rattus rattus,Mandena,agriculture,Hexamastix,0,Protozoa
2583,Rattus rattus,Mandena,agriculture,Tetratrichomonas,0,Protozoa
2584,Rattus rattus,Mandena,agriculture,Blastocystis,0,Protozoa
2584,Rattus rattus,Mandena,agriculture,Entamoeba,0,Protozoa
2584,Rattus rattus,Mandena,agriculture,Heligmosomoidea,0,Nematode
2584,Rattus rattus,Mandena,agriculture,Nippostrongylus,1,Nematode
2584,Rattus rattus,Mandena,agriculture,Trichostrongylidae,0,Nematode
2584,Rattus rattus,Mandena,agriculture,Hypotrichomonas,0,Protozoa
2584,Rattus rattus,Mandena,agriculture,Tritrichomonas,1,Protozoa
2584,Rattus rattus,Mandena,agriculture,Eimeria,0,Protozoa
2584,Rattus rattus,Mandena,agriculture,Heligmonellidae,0,Nematode
2584,Rattus rattus,Mandena,agriculture,Hexamastix,0,Protozoa
2584,Rattus rattus,Mandena,agriculture,Tetratrichomonas,0,Protozoa
2586,Rattus rattus,Mandena,agriculture,Blastocystis,0,Protozoa
2586,Rattus rattus,Mandena,agriculture,Entamoeba,0,Protozoa
2586,Rattus rattus,Mandena,agriculture,Heligmosomoidea,0,Nematode
2586,Rattus rattus,Mandena,agriculture,Nippostrongylus,1,Nematode
2586,Rattus rattus,Mandena,agriculture,Trichostrongylidae,0,Nematode
2586,Rattus rattus,Mandena,agriculture,Hypotrichomonas,0,Protozoa
2586,Rattus rattus,Mandena,agriculture,Tritrichomonas,1,Protozoa
2586,Rattus rattus,Mandena,agriculture,Eimeria,0,Protozoa
2586,Rattus rattus,Mandena,agriculture,Heligmonellidae,0,Nematode
2586,Rattus rattus,Mandena,agriculture,Hexamastix,0,Protozoa
2586,Rattus rattus,Mandena,agriculture,Tetratrichomonas,0,Protozoa
2587,Rattus rattus,Mandena,agriculture,Blastocystis,0,Protozoa
2587,Rattus rattus,Mandena,agriculture,Entamoeba,0,Protozoa
2587,Rattus rattus,Mandena,agriculture,Heligmosomoidea,0,Nematode
2587,Rattus rattus,Mandena,agriculture,Nippostrongylus,1,Nematode
2587,Rattus rattus,Mandena,agriculture,Trichostrongylidae,0,Nematode
2587,Rattus rattus,Mandena,agriculture,Hypotrichomonas,1,Protozoa
2587,Rattus rattus,Mandena,agriculture,Tritrichomonas,1,Protozoa
2587,Rattus rattus,Mandena,agriculture,Eimeria,0,Protozoa
2587,Rattus rattus,Mandena,agriculture,Heligmonellidae,0,Nematode
2587,Rattus rattus,Mandena,agriculture,Hexamastix,0,Protozoa
2587,Rattus rattus,Mandena,agriculture,Tetratrichomonas,0,Protozoa
2589,Rattus rattus,Mandena,agriculture,Blastocystis,0,Protozoa
2589,Rattus rattus,Mandena,agriculture,Entamoeba,0,Protozoa
2589,Rattus rattus,Mandena,agriculture,Heligmosomoidea,0,Nematode
2589,Rattus rattus,Mandena,agriculture,Nippostrongylus,1,Nematode
2589,Rattus rattus,Mandena,agriculture,Trichostrongylidae,0,Nematode
2589,Rattus rattus,Mandena,agriculture,Hypotrichomonas,0,Protozoa
2589,Rattus rattus,Mandena,agriculture,Tritrichomonas,1,Protozoa
2589,Rattus rattus,Mandena,agriculture,Eimeria,1,Protozoa
2589,Rattus rattus,Mandena,agriculture,Heligmonellidae,0,Nematode
2589,Rattus rattus,Mandena,agriculture,Hexamastix,0,Protozoa
2589,Rattus rattus,Mandena,agriculture,Tetratrichomonas,0,Protozoa
2592,Microgale brevicaudata,Mandena,flooded_rice,Blastocystis,0,Protozoa
2592,Microgale brevicaudata,Mandena,flooded_rice,Entamoeba,0,Protozoa
2592,Microgale brevicaudata,Mandena,flooded_rice,Heligmosomoidea,0,Nematode
2592,Microgale brevicaudata,Mandena,flooded_rice,Nippostrongylus,0,Nematode
2592,Microgale brevicaudata,Mandena,flooded_rice,Trichostrongylidae,1,Nematode
2592,Microgale brevicaudata,Mandena,flooded_rice,Hypotrichomonas,0,Protozoa
2592,Microgale brevicaudata,Mandena,flooded_rice,Tritrichomonas,0,Protozoa
2592,Microgale brevicaudata,Mandena,flooded_rice,Eimeria,1,Protozoa
2592,Microgale brevicaudata,Mandena,flooded_rice,Heligmonellidae,0,Nematode
2592,Microgale brevicaudata,Mandena,flooded_rice,Hexamastix,0,Protozoa
2592,Microgale brevicaudata,Mandena,flooded_rice,Tetratrichomonas,0,Protozoa
2595,Rattus rattus,Mandena,flooded_rice,Blastocystis,0,Protozoa
2595,Rattus rattus,Mandena,flooded_rice,Entamoeba,0,Protozoa
2595,Rattus rattus,Mandena,flooded_rice,Heligmosomoidea,0,Nematode
2595,Rattus rattus,Mandena,flooded_rice,Nippostrongylus,1,Nematode
2595,Rattus rattus,Mandena,flooded_rice,Trichostrongylidae,0,Nematode
2595,Rattus rattus,Mandena,flooded_rice,Hypotrichomonas,0,Protozoa
2595,Rattus rattus,Mandena,flooded_rice,Tritrichomonas,1,Protozoa
2595,Rattus rattus,Mandena,flooded_rice,Eimeria,0,Protozoa
2595,Rattus rattus,Mandena,flooded_rice,Heligmonellidae,0,Nematode
2595,Rattus rattus,Mandena,flooded_rice,Hexamastix,0,Protozoa
2595,Rattus rattus,Mandena,flooded_rice,Tetratrichomonas,0,Protozoa
2597,Rattus rattus,Mandena,flooded_rice,Blastocystis,0,Protozoa
2597,Rattus rattus,Mandena,flooded_rice,Entamoeba,0,Protozoa
2597,Rattus rattus,Mandena,flooded_rice,Heligmosomoidea,0,Nematode
2597,Rattus rattus,Mandena,flooded_rice,Nippostrongylus,1,Nematode
2597,Rattus rattus,Mandena,flooded_rice,Trichostrongylidae,0,Nematode
2597,Rattus rattus,Mandena,flooded_rice,Hypotrichomonas,0,Protozoa
2597,Rattus rattus,Mandena,flooded_rice,Tritrichomonas,1,Protozoa
2597,Rattus rattus,Mandena,flooded_rice,Eimeria,0,Protozoa
2597,Rattus rattus,Mandena,flooded_rice,Heligmonellidae,0,Nematode
2597,Rattus rattus,Mandena,flooded_rice,Hexamastix,0,Protozoa
2597,Rattus rattus,Mandena,flooded_rice,Tetratrichomonas,0,Protozoa
2600,Rattus rattus,Mandena,flooded_rice,Blastocystis,1,Protozoa
2600,Rattus rattus,Mandena,flooded_rice,Entamoeba,0,Protozoa
2600,Rattus rattus,Mandena,flooded_rice,Heligmosomoidea,0,Nematode
2600,Rattus rattus,Mandena,flooded_rice,Nippostrongylus,1,Nematode
2600,Rattus rattus,Mandena,flooded_rice,Trichostrongylidae,0,Nematode
2600,Rattus rattus,Mandena,flooded_rice,Hypotrichomonas,1,Protozoa
2600,Rattus rattus,Mandena,flooded_rice,Tritrichomonas,1,Protozoa
2600,Rattus rattus,Mandena,flooded_rice,Eimeria,0,Protozoa
2600,Rattus rattus,Mandena,flooded_rice,Heligmonellidae,0,Nematode
2600,Rattus rattus,Mandena,flooded_rice,Hexamastix,0,Protozoa
2600,Rattus rattus,Mandena,flooded_rice,Tetratrichomonas,0,Protozoa
2601,Rattus rattus,Mandena,flooded_rice,Blastocystis,0,Protozoa
2601,Rattus rattus,Mandena,flooded_rice,Entamoeba,0,Protozoa
2601,Rattus rattus,Mandena,flooded_rice,Heligmosomoidea,0,Nematode
2601,Rattus rattus,Mandena,flooded_rice,Nippostrongylus,1,Nematode
2601,Rattus rattus,Mandena,flooded_rice,Trichostrongylidae,0,Nematode
2601,Rattus rattus,Mandena,flooded_rice,Hypotrichomonas,0,Protozoa
2601,Rattus rattus,Mandena,flooded_rice,Tritrichomonas,1,Protozoa
2601,Rattus rattus,Mandena,flooded_rice,Eimeria,1,Protozoa
2601,Rattus rattus,Mandena,flooded_rice,Heligmonellidae,0,Nematode
2601,Rattus rattus,Mandena,flooded_rice,Hexamastix,0,Protozoa
2601,Rattus rattus,Mandena,flooded_rice,Tetratrichomonas,0,Protozoa
2603,Rattus rattus,Mandena,flooded_rice,Blastocystis,0,Protozoa
2603,Rattus rattus,Mandena,flooded_rice,Entamoeba,0,Protozoa
2603,Rattus rattus,Mandena,flooded_rice,Heligmosomoidea,0,Nematode
2603,Rattus rattus,Mandena,flooded_rice,Nippostrongylus,1,Nematode
2603,Rattus rattus,Mandena,flooded_rice,Trichostrongylidae,0,Nematode
2603,Rattus rattus,Mandena,flooded_rice,Hypotrichomonas,1,Protozoa
2603,Rattus rattus,Mandena,flooded_rice,Tritrichomonas,0,Protozoa
2603,Rattus rattus,Mandena,flooded_rice,Eimeria,0,Protozoa
2603,Rattus rattus,Mandena,flooded_rice,Heligmonellidae,0,Nematode
2603,Rattus rattus,Mandena,flooded_rice,Hexamastix,0,Protozoa
2603,Rattus rattus,Mandena,flooded_rice,Tetratrichomonas,0,Protozoa
2604,Rattus rattus,Mandena,flooded_rice,Blastocystis,1,Protozoa
2604,Rattus rattus,Mandena,flooded_rice,Entamoeba,0,Protozoa
2604,Rattus rattus,Mandena,flooded_rice,Heligmosomoidea,0,Nematode
2604,Rattus rattus,Mandena,flooded_rice,Nippostrongylus,1,Nematode
2604,Rattus rattus,Mandena,flooded_rice,Trichostrongylidae,0,Nematode
2604,Rattus rattus,Mandena,flooded_rice,Hypotrichomonas,0,Protozoa
2604,Rattus rattus,Mandena,flooded_rice,Tritrichomonas,1,Protozoa
2604,Rattus rattus,Mandena,flooded_rice,Eimeria,0,Protozoa
2604,Rattus rattus,Mandena,flooded_rice,Heligmonellidae,0,Nematode
2604,Rattus rattus,Mandena,flooded_rice,Hexamastix,0,Protozoa
2604,Rattus rattus,Mandena,flooded_rice,Tetratrichomonas,0,Protozoa
2605,Rattus rattus,Mandena,flooded_rice,Blastocystis,1,Protozoa
2605,Rattus rattus,Mandena,flooded_rice,Entamoeba,0,Protozoa
2605,Rattus rattus,Mandena,flooded_rice,Heligmosomoidea,0,Nematode
2605,Rattus rattus,Mandena,flooded_rice,Nippostrongylus,1,Nematode
2605,Rattus rattus,Mandena,flooded_rice,Trichostrongylidae,0,Nematode
2605,Rattus rattus,Mandena,flooded_rice,Hypotrichomonas,0,Protozoa
2605,Rattus rattus,Mandena,flooded_rice,Tritrichomonas,1,Protozoa
2605,Rattus rattus,Mandena,flooded_rice,Eimeria,0,Protozoa
2605,Rattus rattus,Mandena,flooded_rice,Heligmonellidae,0,Nematode
2605,Rattus rattus,Mandena,flooded_rice,Hexamastix,0,Protozoa
2605,Rattus rattus,Mandena,flooded_rice,Tetratrichomonas,0,Protozoa
2606,Rattus rattus,Mandena,flooded_rice,Blastocystis,1,Protozoa
2606,Rattus rattus,Mandena,flooded_rice,Entamoeba,0,Protozoa
2606,Rattus rattus,Mandena,flooded_rice,Heligmosomoidea,0,Nematode
2606,Rattus rattus,Mandena,flooded_rice,Nippostrongylus,1,Nematode
2606,Rattus rattus,Mandena,flooded_rice,Trichostrongylidae,0,Nematode
2606,Rattus rattus,Mandena,flooded_rice,Hypotrichomonas,1,Protozoa
2606,Rattus rattus,Mandena,flooded_rice,Tritrichomonas,1,Protozoa
2606,Rattus rattus,Mandena,flooded_rice,Eimeria,1,Protozoa
2606,Rattus rattus,Mandena,flooded_rice,Heligmonellidae,0,Nematode
2606,Rattus rattus,Mandena,flooded_rice,Hexamastix,0,Protozoa
2606,Rattus rattus,Mandena,flooded_rice,Tetratrichomonas,0,Protozoa
2609,Rattus rattus,Mandena,flooded_rice,Blastocystis,1,Protozoa
2609,Rattus rattus,Mandena,flooded_rice,Entamoeba,0,Protozoa
2609,Rattus rattus,Mandena,flooded_rice,Heligmosomoidea,0,Nematode
2609,Rattus rattus,Mandena,flooded_rice,Nippostrongylus,1,Nematode
2609,Rattus rattus,Mandena,flooded_rice,Trichostrongylidae,0,Nematode
2609,Rattus rattus,Mandena,flooded_rice,Hypotrichomonas,1,Protozoa
2609,Rattus rattus,Mandena,flooded_rice,Tritrichomonas,1,Protozoa
2609,Rattus rattus,Mandena,flooded_rice,Eimeria,0,Protozoa
2609,Rattus rattus,Mandena,flooded_rice,Heligmonellidae,0,Nematode
2609,Rattus rattus,Mandena,flooded_rice,Hexamastix,0,Protozoa
2609,Rattus rattus,Mandena,flooded_rice,Tetratrichomonas,0,Protozoa
2610,Rattus rattus,Mandena,flooded_rice,Blastocystis,0,Protozoa
2610,Rattus rattus,Mandena,flooded_rice,Entamoeba,0,Protozoa
2610,Rattus rattus,Mandena,flooded_rice,Heligmosomoidea,0,Nematode
2610,Rattus rattus,Mandena,flooded_rice,Nippostrongylus,1,Nematode
2610,Rattus rattus,Mandena,flooded_rice,Trichostrongylidae,0,Nematode
2610,Rattus rattus,Mandena,flooded_rice,Hypotrichomonas,1,Protozoa
2610,Rattus rattus,Mandena,flooded_rice,Tritrichomonas,1,Protozoa
2610,Rattus rattus,Mandena,flooded_rice,Eimeria,1,Protozoa
2610,Rattus rattus,Mandena,flooded_rice,Heligmonellidae,0,Nematode
2610,Rattus rattus,Mandena,flooded_rice,Hexamastix,0,Protozoa
2610,Rattus rattus,Mandena,flooded_rice,Tetratrichomonas,0,Protozoa
2611,Rattus rattus,Mandena,flooded_rice,Blastocystis,1,Protozoa
2611,Rattus rattus,Mandena,flooded_rice,Entamoeba,0,Protozoa
2611,Rattus rattus,Mandena,flooded_rice,Heligmosomoidea,0,Nematode
2611,Rattus rattus,Mandena,flooded_rice,Nippostrongylus,1,Nematode
2611,Rattus rattus,Mandena,flooded_rice,Trichostrongylidae,0,Nematode
2611,Rattus rattus,Mandena,flooded_rice,Hypotrichomonas,0,Protozoa
2611,Rattus rattus,Mandena,flooded_rice,Tritrichomonas,1,Protozoa
2611,Rattus rattus,Mandena,flooded_rice,Eimeria,1,Protozoa
2611,Rattus rattus,Mandena,flooded_rice,Heligmonellidae,0,Nematode
2611,Rattus rattus,Mandena,flooded_rice,Hexamastix,0,Protozoa
2611,Rattus rattus,Mandena,flooded_rice,Tetratrichomonas,0,Protozoa
2612,Rattus rattus,Mandena,flooded_rice,Blastocystis,0,Protozoa
2612,Rattus rattus,Mandena,flooded_rice,Entamoeba,0,Protozoa
2612,Rattus rattus,Mandena,flooded_rice,Heligmosomoidea,0,Nematode
2612,Rattus rattus,Mandena,flooded_rice,Nippostrongylus,1,Nematode
2612,Rattus rattus,Mandena,flooded_rice,Trichostrongylidae,0,Nematode
2612,Rattus rattus,Mandena,flooded_rice,Hypotrichomonas,0,Protozoa
2612,Rattus rattus,Mandena,flooded_rice,Tritrichomonas,1,Protozoa
2612,Rattus rattus,Mandena,flooded_rice,Eimeria,0,Protozoa
2612,Rattus rattus,Mandena,flooded_rice,Heligmonellidae,0,Nematode
2612,Rattus rattus,Mandena,flooded_rice,Hexamastix,0,Protozoa
2612,Rattus rattus,Mandena,flooded_rice,Tetratrichomonas,0,Protozoa
2613,Rattus rattus,Mandena,flooded_rice,Blastocystis,0,Protozoa
2613,Rattus rattus,Mandena,flooded_rice,Entamoeba,0,Protozoa
2613,Rattus rattus,Mandena,flooded_rice,Heligmosomoidea,0,Nematode
2613,Rattus rattus,Mandena,flooded_rice,Nippostrongylus,1,Nematode
2613,Rattus rattus,Mandena,flooded_rice,Trichostrongylidae,0,Nematode
2613,Rattus rattus,Mandena,flooded_rice,Hypotrichomonas,1,Protozoa
2613,Rattus rattus,Mandena,flooded_rice,Tritrichomonas,1,Protozoa
2613,Rattus rattus,Mandena,flooded_rice,Eimeria,0,Protozoa
2613,Rattus rattus,Mandena,flooded_rice,Heligmonellidae,0,Nematode
2613,Rattus rattus,Mandena,flooded_rice,Hexamastix,0,Protozoa
2613,Rattus rattus,Mandena,flooded_rice,Tetratrichomonas,0,Protozoa
2614,Rattus rattus,Mandena,flooded_rice,Blastocystis,0,Protozoa
2614,Rattus rattus,Mandena,flooded_rice,Entamoeba,0,Protozoa
2614,Rattus rattus,Mandena,flooded_rice,Heligmosomoidea,0,Nematode
2614,Rattus rattus,Mandena,flooded_rice,Nippostrongylus,1,Nematode
2614,Rattus rattus,Mandena,flooded_rice,Trichostrongylidae,0,Nematode
2614,Rattus rattus,Mandena,flooded_rice,Hypotrichomonas,0,Protozoa
2614,Rattus rattus,Mandena,flooded_rice,Tritrichomonas,1,Protozoa
2614,Rattus rattus,Mandena,flooded_rice,Eimeria,0,Protozoa
2614,Rattus rattus,Mandena,flooded_rice,Heligmonellidae,0,Nematode
2614,Rattus rattus,Mandena,flooded_rice,Hexamastix,0,Protozoa
2614,Rattus rattus,Mandena,flooded_rice,Tetratrichomonas,0,Protozoa
2615,Rattus rattus,Mandena,flooded_rice,Blastocystis,0,Protozoa
2615,Rattus rattus,Mandena,flooded_rice,Entamoeba,0,Protozoa
2615,Rattus rattus,Mandena,flooded_rice,Heligmosomoidea,0,Nematode
2615,Rattus rattus,Mandena,flooded_rice,Nippostrongylus,1,Nematode
2615,Rattus rattus,Mandena,flooded_rice,Trichostrongylidae,0,Nematode
2615,Rattus rattus,Mandena,flooded_rice,Hypotrichomonas,0,Protozoa
2615,Rattus rattus,Mandena,flooded_rice,Tritrichomonas,1,Protozoa
2615,Rattus rattus,Mandena,flooded_rice,Eimeria,1,Protozoa
2615,Rattus rattus,Mandena,flooded_rice,Heligmonellidae,0,Nematode
2615,Rattus rattus,Mandena,flooded_rice,Hexamastix,0,Protozoa
2615,Rattus rattus,Mandena,flooded_rice,Tetratrichomonas,0,Protozoa
2616,Rattus rattus,Mandena,flooded_rice,Blastocystis,1,Protozoa
2616,Rattus rattus,Mandena,flooded_rice,Entamoeba,0,Protozoa
2616,Rattus rattus,Mandena,flooded_rice,Heligmosomoidea,0,Nematode
2616,Rattus rattus,Mandena,flooded_rice,Nippostrongylus,1,Nematode
2616,Rattus rattus,Mandena,flooded_rice,Trichostrongylidae,0,Nematode
2616,Rattus rattus,Mandena,flooded_rice,Hypotrichomonas,1,Protozoa
2616,Rattus rattus,Mandena,flooded_rice,Tritrichomonas,1,Protozoa
2616,Rattus rattus,Mandena,flooded_rice,Eimeria,1,Protozoa
2616,Rattus rattus,Mandena,flooded_rice,Heligmonellidae,0,Nematode
2616,Rattus rattus,Mandena,flooded_rice,Hexamastix,0,Protozoa
2616,Rattus rattus,Mandena,flooded_rice,Tetratrichomonas,0,Protozoa
2617,Rattus rattus,Mandena,flooded_rice,Blastocystis,0,Protozoa
2617,Rattus rattus,Mandena,flooded_rice,Entamoeba,0,Protozoa
2617,Rattus rattus,Mandena,flooded_rice,Heligmosomoidea,0,Nematode
2617,Rattus rattus,Mandena,flooded_rice,Nippostrongylus,1,Nematode
2617,Rattus rattus,Mandena,flooded_rice,Trichostrongylidae,0,Nematode
2617,Rattus rattus,Mandena,flooded_rice,Hypotrichomonas,0,Protozoa
2617,Rattus rattus,Mandena,flooded_rice,Tritrichomonas,1,Protozoa
2617,Rattus rattus,Mandena,flooded_rice,Eimeria,0,Protozoa
2617,Rattus rattus,Mandena,flooded_rice,Heligmonellidae,0,Nematode
2617,Rattus rattus,Mandena,flooded_rice,Hexamastix,0,Protozoa
2617,Rattus rattus,Mandena,flooded_rice,Tetratrichomonas,0,Protozoa
2618,Rattus rattus,Mandena,flooded_rice,Blastocystis,1,Protozoa
2618,Rattus rattus,Mandena,flooded_rice,Entamoeba,0,Protozoa
2618,Rattus rattus,Mandena,flooded_rice,Heligmosomoidea,0,Nematode
2618,Rattus rattus,Mandena,flooded_rice,Nippostrongylus,1,Nematode
2618,Rattus rattus,Mandena,flooded_rice,Trichostrongylidae,0,Nematode
2618,Rattus rattus,Mandena,flooded_rice,Hypotrichomonas,0,Protozoa
2618,Rattus rattus,Mandena,flooded_rice,Tritrichomonas,1,Protozoa
2618,Rattus rattus,Mandena,flooded_rice,Eimeria,0,Protozoa
2618,Rattus rattus,Mandena,flooded_rice,Heligmonellidae,0,Nematode
2618,Rattus rattus,Mandena,flooded_rice,Hexamastix,0,Protozoa
2618,Rattus rattus,Mandena,flooded_rice,Tetratrichomonas,0,Protozoa
2620,Rattus rattus,Mandena,flooded_rice,Blastocystis,1,Protozoa
2620,Rattus rattus,Mandena,flooded_rice,Entamoeba,1,Protozoa
2620,Rattus rattus,Mandena,flooded_rice,Heligmosomoidea,0,Nematode
2620,Rattus rattus,Mandena,flooded_rice,Nippostrongylus,1,Nematode
2620,Rattus rattus,Mandena,flooded_rice,Trichostrongylidae,0,Nematode
2620,Rattus rattus,Mandena,flooded_rice,Hypotrichomonas,0,Protozoa
2620,Rattus rattus,Mandena,flooded_rice,Tritrichomonas,1,Protozoa
2620,Rattus rattus,Mandena,flooded_rice,Eimeria,0,Protozoa
2620,Rattus rattus,Mandena,flooded_rice,Heligmonellidae,0,Nematode
2620,Rattus rattus,Mandena,flooded_rice,Hexamastix,0,Protozoa
2620,Rattus rattus,Mandena,flooded_rice,Tetratrichomonas,0,Protozoa
2621,Rattus rattus,Mandena,flooded_rice,Blastocystis,0,Protozoa
2621,Rattus rattus,Mandena,flooded_rice,Entamoeba,0,Protozoa
2621,Rattus rattus,Mandena,flooded_rice,Heligmosomoidea,0,Nematode
2621,Rattus rattus,Mandena,flooded_rice,Nippostrongylus,1,Nematode
2621,Rattus rattus,Mandena,flooded_rice,Trichostrongylidae,0,Nematode
2621,Rattus rattus,Mandena,flooded_rice,Hypotrichomonas,0,Protozoa
2621,Rattus rattus,Mandena,flooded_rice,Tritrichomonas,1,Protozoa
2621,Rattus rattus,Mandena,flooded_rice,Eimeria,0,Protozoa
2621,Rattus rattus,Mandena,flooded_rice,Heligmonellidae,0,Nematode
2621,Rattus rattus,Mandena,flooded_rice,Hexamastix,0,Protozoa
2621,Rattus rattus,Mandena,flooded_rice,Tetratrichomonas,0,Protozoa
2622,Rattus rattus,Mandena,flooded_rice,Blastocystis,1,Protozoa
2622,Rattus rattus,Mandena,flooded_rice,Entamoeba,0,Protozoa
2622,Rattus rattus,Mandena,flooded_rice,Heligmosomoidea,0,Nematode
2622,Rattus rattus,Mandena,flooded_rice,Nippostrongylus,1,Nematode
2622,Rattus rattus,Mandena,flooded_rice,Trichostrongylidae,0,Nematode
2622,Rattus rattus,Mandena,flooded_rice,Hypotrichomonas,0,Protozoa
2622,Rattus rattus,Mandena,flooded_rice,Tritrichomonas,0,Protozoa
2622,Rattus rattus,Mandena,flooded_rice,Eimeria,1,Protozoa
2622,Rattus rattus,Mandena,flooded_rice,Heligmonellidae,0,Nematode
2622,Rattus rattus,Mandena,flooded_rice,Hexamastix,0,Protozoa
2622,Rattus rattus,Mandena,flooded_rice,Tetratrichomonas,0,Protozoa
2623,Rattus rattus,Mandena,flooded_rice,Blastocystis,1,Protozoa
2623,Rattus rattus,Mandena,flooded_rice,Entamoeba,0,Protozoa
2623,Rattus rattus,Mandena,flooded_rice,Heligmosomoidea,0,Nematode
2623,Rattus rattus,Mandena,flooded_rice,Nippostrongylus,1,Nematode
2623,Rattus rattus,Mandena,flooded_rice,Trichostrongylidae,0,Nematode
2623,Rattus rattus,Mandena,flooded_rice,Hypotrichomonas,0,Protozoa
2623,Rattus rattus,Mandena,flooded_rice,Tritrichomonas,0,Protozoa
2623,Rattus rattus,Mandena,flooded_rice,Eimeria,1,Protozoa
2623,Rattus rattus,Mandena,flooded_rice,Heligmonellidae,0,Nematode
2623,Rattus rattus,Mandena,flooded_rice,Hexamastix,0,Protozoa
2623,Rattus rattus,Mandena,flooded_rice,Tetratrichomonas,0,Protozoa
2624,Rattus rattus,Mandena,flooded_rice,Blastocystis,1,Protozoa
2624,Rattus rattus,Mandena,flooded_rice,Entamoeba,0,Protozoa
2624,Rattus rattus,Mandena,flooded_rice,Heligmosomoidea,0,Nematode
2624,Rattus rattus,Mandena,flooded_rice,Nippostrongylus,1,Nematode
2624,Rattus rattus,Mandena,flooded_rice,Trichostrongylidae,0,Nematode
2624,Rattus rattus,Mandena,flooded_rice,Hypotrichomonas,0,Protozoa
2624,Rattus rattus,Mandena,flooded_rice,Tritrichomonas,0,Protozoa
2624,Rattus rattus,Mandena,flooded_rice,Eimeria,0,Protozoa
2624,Rattus rattus,Mandena,flooded_rice,Heligmonellidae,0,Nematode
2624,Rattus rattus,Mandena,flooded_rice,Hexamastix,0,Protozoa
2624,Rattus rattus,Mandena,flooded_rice,Tetratrichomonas,0,Protozoa
2625,Microgale brevicaudata,Mandena,flooded_rice,Blastocystis,0,Protozoa
2625,Microgale brevicaudata,Mandena,flooded_rice,Entamoeba,0,Protozoa
2625,Microgale brevicaudata,Mandena,flooded_rice,Heligmosomoidea,0,Nematode
2625,Microgale brevicaudata,Mandena,flooded_rice,Nippostrongylus,0,Nematode
2625,Microgale brevicaudata,Mandena,flooded_rice,Trichostrongylidae,1,Nematode
2625,Microgale brevicaudata,Mandena,flooded_rice,Hypotrichomonas,0,Protozoa
2625,Microgale brevicaudata,Mandena,flooded_rice,Tritrichomonas,0,Protozoa
2625,Microgale brevicaudata,Mandena,flooded_rice,Eimeria,1,Protozoa
2625,Microgale brevicaudata,Mandena,flooded_rice,Heligmonellidae,0,Nematode
2625,Microgale brevicaudata,Mandena,flooded_rice,Hexamastix,0,Protozoa
2625,Microgale brevicaudata,Mandena,flooded_rice,Tetratrichomonas,0,Protozoa
2626,Microgale brevicaudata,Mandena,flooded_rice,Blastocystis,0,Protozoa
2626,Microgale brevicaudata,Mandena,flooded_rice,Entamoeba,0,Protozoa
2626,Microgale brevicaudata,Mandena,flooded_rice,Heligmosomoidea,0,Nematode
2626,Microgale brevicaudata,Mandena,flooded_rice,Nippostrongylus,1,Nematode
2626,Microgale brevicaudata,Mandena,flooded_rice,Trichostrongylidae,1,Nematode
2626,Microgale brevicaudata,Mandena,flooded_rice,Hypotrichomonas,0,Protozoa
2626,Microgale brevicaudata,Mandena,flooded_rice,Tritrichomonas,0,Protozoa
2626,Microgale brevicaudata,Mandena,flooded_rice,Eimeria,1,Protozoa
2626,Microgale brevicaudata,Mandena,flooded_rice,Heligmonellidae,0,Nematode
2626,Microgale brevicaudata,Mandena,flooded_rice,Hexamastix,0,Protozoa
2626,Microgale brevicaudata,Mandena,flooded_rice,Tetratrichomonas,0,Protozoa
2630,Rattus rattus,Mandena,flooded_rice,Blastocystis,0,Protozoa
2630,Rattus rattus,Mandena,flooded_rice,Entamoeba,0,Protozoa
2630,Rattus rattus,Mandena,flooded_rice,Heligmosomoidea,0,Nematode
2630,Rattus rattus,Mandena,flooded_rice,Nippostrongylus,1,Nematode
2630,Rattus rattus,Mandena,flooded_rice,Trichostrongylidae,0,Nematode
2630,Rattus rattus,Mandena,flooded_rice,Hypotrichomonas,0,Protozoa
2630,Rattus rattus,Mandena,flooded_rice,Tritrichomonas,0,Protozoa
2630,Rattus rattus,Mandena,flooded_rice,Eimeria,1,Protozoa
2630,Rattus rattus,Mandena,flooded_rice,Heligmonellidae,0,Nematode
2630,Rattus rattus,Mandena,flooded_rice,Hexamastix,0,Protozoa
2630,Rattus rattus,Mandena,flooded_rice,Tetratrichomonas,0,Protozoa
2631,Rattus rattus,Mandena,flooded_rice,Blastocystis,0,Protozoa
2631,Rattus rattus,Mandena,flooded_rice,Entamoeba,0,Protozoa
2631,Rattus rattus,Mandena,flooded_rice,Heligmosomoidea,0,Nematode
2631,Rattus rattus,Mandena,flooded_rice,Nippostrongylus,1,Nematode
2631,Rattus rattus,Mandena,flooded_rice,Trichostrongylidae,0,Nematode
2631,Rattus rattus,Mandena,flooded_rice,Hypotrichomonas,0,Protozoa
2631,Rattus rattus,Mandena,flooded_rice,Tritrichomonas,1,Protozoa
2631,Rattus rattus,Mandena,flooded_rice,Eimeria,0,Protozoa
2631,Rattus rattus,Mandena,flooded_rice,Heligmonellidae,0,Nematode
2631,Rattus rattus,Mandena,flooded_rice,Hexamastix,0,Protozoa
2631,Rattus rattus,Mandena,flooded_rice,Tetratrichomonas,0,Protozoa
2632,Rattus rattus,Mandena,flooded_rice,Blastocystis,0,Protozoa
2632,Rattus rattus,Mandena,flooded_rice,Entamoeba,0,Protozoa
2632,Rattus rattus,Mandena,flooded_rice,Heligmosomoidea,0,Nematode
2632,Rattus rattus,Mandena,flooded_rice,Nippostrongylus,1,Nematode
2632,Rattus rattus,Mandena,flooded_rice,Trichostrongylidae,0,Nematode
2632,Rattus rattus,Mandena,flooded_rice,Hypotrichomonas,0,Protozoa
2632,Rattus rattus,Mandena,flooded_rice,Tritrichomonas,1,Protozoa
2632,Rattus rattus,Mandena,flooded_rice,Eimeria,1,Protozoa
2632,Rattus rattus,Mandena,flooded_rice,Heligmonellidae,0,Nematode
2632,Rattus rattus,Mandena,flooded_rice,Hexamastix,0,Protozoa
2632,Rattus rattus,Mandena,flooded_rice,Tetratrichomonas,0,Protozoa
2633,Rattus rattus,Mandena,flooded_rice,Blastocystis,0,Protozoa
2633,Rattus rattus,Mandena,flooded_rice,Entamoeba,0,Protozoa
2633,Rattus rattus,Mandena,flooded_rice,Heligmosomoidea,0,Nematode
2633,Rattus rattus,Mandena,flooded_rice,Nippostrongylus,1,Nematode
2633,Rattus rattus,Mandena,flooded_rice,Trichostrongylidae,0,Nematode
2633,Rattus rattus,Mandena,flooded_rice,Hypotrichomonas,0,Protozoa
2633,Rattus rattus,Mandena,flooded_rice,Tritrichomonas,1,Protozoa
2633,Rattus rattus,Mandena,flooded_rice,Eimeria,1,Protozoa
2633,Rattus rattus,Mandena,flooded_rice,Heligmonellidae,0,Nematode
2633,Rattus rattus,Mandena,flooded_rice,Hexamastix,0,Protozoa
2633,Rattus rattus,Mandena,flooded_rice,Tetratrichomonas,0,Protozoa
2634,Rattus rattus,Mandena,flooded_rice,Blastocystis,1,Protozoa
2634,Rattus rattus,Mandena,flooded_rice,Entamoeba,0,Protozoa
2634,Rattus rattus,Mandena,flooded_rice,Heligmosomoidea,0,Nematode
2634,Rattus rattus,Mandena,flooded_rice,Nippostrongylus,1,Nematode
2634,Rattus rattus,Mandena,flooded_rice,Trichostrongylidae,0,Nematode
2634,Rattus rattus,Mandena,flooded_rice,Hypotrichomonas,1,Protozoa
2634,Rattus rattus,Mandena,flooded_rice,Tritrichomonas,0,Protozoa
2634,Rattus rattus,Mandena,flooded_rice,Eimeria,0,Protozoa
2634,Rattus rattus,Mandena,flooded_rice,Heligmonellidae,0,Nematode
2634,Rattus rattus,Mandena,flooded_rice,Hexamastix,0,Protozoa
2634,Rattus rattus,Mandena,flooded_rice,Tetratrichomonas,0,Protozoa
2637,Microgale brevicaudata,Mandena,flooded_rice,Blastocystis,0,Protozoa
2637,Microgale brevicaudata,Mandena,flooded_rice,Entamoeba,0,Protozoa
2637,Microgale brevicaudata,Mandena,flooded_rice,Heligmosomoidea,0,Nematode
2637,Microgale brevicaudata,Mandena,flooded_rice,Nippostrongylus,0,Nematode
2637,Microgale brevicaudata,Mandena,flooded_rice,Trichostrongylidae,1,Nematode
2637,Microgale brevicaudata,Mandena,flooded_rice,Hypotrichomonas,0,Protozoa
2637,Microgale brevicaudata,Mandena,flooded_rice,Tritrichomonas,0,Protozoa
2637,Microgale brevicaudata,Mandena,flooded_rice,Eimeria,1,Protozoa
2637,Microgale brevicaudata,Mandena,flooded_rice,Heligmonellidae,0,Nematode
2637,Microgale brevicaudata,Mandena,flooded_rice,Hexamastix,0,Protozoa
2637,Microgale brevicaudata,Mandena,flooded_rice,Tetratrichomonas,0,Protozoa
2643,Rattus rattus,Mandena,flooded_rice,Blastocystis,0,Protozoa
2643,Rattus rattus,Mandena,flooded_rice,Entamoeba,0,Protozoa
2643,Rattus rattus,Mandena,flooded_rice,Heligmosomoidea,0,Nematode
2643,Rattus rattus,Mandena,flooded_rice,Nippostrongylus,1,Nematode
2643,Rattus rattus,Mandena,flooded_rice,Trichostrongylidae,0,Nematode
2643,Rattus rattus,Mandena,flooded_rice,Hypotrichomonas,0,Protozoa
2643,Rattus rattus,Mandena,flooded_rice,Tritrichomonas,1,Protozoa
2643,Rattus rattus,Mandena,flooded_rice,Eimeria,0,Protozoa
2643,Rattus rattus,Mandena,flooded_rice,Heligmonellidae,0,Nematode
2643,Rattus rattus,Mandena,flooded_rice,Hexamastix,0,Protozoa
2643,Rattus rattus,Mandena,flooded_rice,Tetratrichomonas,0,Protozoa
2644,Rattus rattus,Mandena,flooded_rice,Blastocystis,0,Protozoa
2644,Rattus rattus,Mandena,flooded_rice,Entamoeba,0,Protozoa
2644,Rattus rattus,Mandena,flooded_rice,Heligmosomoidea,0,Nematode
2644,Rattus rattus,Mandena,flooded_rice,Nippostrongylus,1,Nematode
2644,Rattus rattus,Mandena,flooded_rice,Trichostrongylidae,0,Nematode
2644,Rattus rattus,Mandena,flooded_rice,Hypotrichomonas,0,Protozoa
2644,Rattus rattus,Mandena,flooded_rice,Tritrichomonas,0,Protozoa
2644,Rattus rattus,Mandena,flooded_rice,Eimeria,1,Protozoa
2644,Rattus rattus,Mandena,flooded_rice,Heligmonellidae,0,Nematode
2644,Rattus rattus,Mandena,flooded_rice,Hexamastix,0,Protozoa
2644,Rattus rattus,Mandena,flooded_rice,Tetratrichomonas,0,Protozoa
2645,Rattus rattus,Mandena,flooded_rice,Blastocystis,0,Protozoa
2645,Rattus rattus,Mandena,flooded_rice,Entamoeba,0,Protozoa
2645,Rattus rattus,Mandena,flooded_rice,Heligmosomoidea,0,Nematode
2645,Rattus rattus,Mandena,flooded_rice,Nippostrongylus,1,Nematode
2645,Rattus rattus,Mandena,flooded_rice,Trichostrongylidae,0,Nematode
2645,Rattus rattus,Mandena,flooded_rice,Hypotrichomonas,0,Protozoa
2645,Rattus rattus,Mandena,flooded_rice,Tritrichomonas,1,Protozoa
2645,Rattus rattus,Mandena,flooded_rice,Eimeria,0,Protozoa
2645,Rattus rattus,Mandena,flooded_rice,Heligmonellidae,0,Nematode
2645,Rattus rattus,Mandena,flooded_rice,Hexamastix,0,Protozoa
2645,Rattus rattus,Mandena,flooded_rice,Tetratrichomonas,0,Protozoa
2646,Rattus rattus,Mandena,flooded_rice,Blastocystis,0,Protozoa
2646,Rattus rattus,Mandena,flooded_rice,Entamoeba,0,Protozoa
2646,Rattus rattus,Mandena,flooded_rice,Heligmosomoidea,0,Nematode
2646,Rattus rattus,Mandena,flooded_rice,Nippostrongylus,1,Nematode
2646,Rattus rattus,Mandena,flooded_rice,Trichostrongylidae,0,Nematode
2646,Rattus rattus,Mandena,flooded_rice,Hypotrichomonas,0,Protozoa
2646,Rattus rattus,Mandena,flooded_rice,Tritrichomonas,1,Protozoa
2646,Rattus rattus,Mandena,flooded_rice,Eimeria,0,Protozoa
2646,Rattus rattus,Mandena,flooded_rice,Heligmonellidae,0,Nematode
2646,Rattus rattus,Mandena,flooded_rice,Hexamastix,0,Protozoa
2646,Rattus rattus,Mandena,flooded_rice,Tetratrichomonas,0,Protozoa
2649,Microgale brevicaudata,Mandena,secondary_forest,Blastocystis,0,Protozoa
2649,Microgale brevicaudata,Mandena,secondary_forest,Entamoeba,0,Protozoa
2649,Microgale brevicaudata,Mandena,secondary_forest,Heligmosomoidea,1,Nematode
2649,Microgale brevicaudata,Mandena,secondary_forest,Nippostrongylus,0,Nematode
2649,Microgale brevicaudata,Mandena,secondary_forest,Trichostrongylidae,1,Nematode
2649,Microgale brevicaudata,Mandena,secondary_forest,Hypotrichomonas,0,Protozoa
2649,Microgale brevicaudata,Mandena,secondary_forest,Tritrichomonas,0,Protozoa
2649,Microgale brevicaudata,Mandena,secondary_forest,Eimeria,1,Protozoa
2649,Microgale brevicaudata,Mandena,secondary_forest,Heligmonellidae,0,Nematode
2649,Microgale brevicaudata,Mandena,secondary_forest,Hexamastix,0,Protozoa
2649,Microgale brevicaudata,Mandena,secondary_forest,Tetratrichomonas,0,Protozoa
2651,Rattus rattus,Mandena,secondary_forest,Blastocystis,0,Protozoa
2651,Rattus rattus,Mandena,secondary_forest,Entamoeba,0,Protozoa
2651,Rattus rattus,Mandena,secondary_forest,Heligmosomoidea,0,Nematode
2651,Rattus rattus,Mandena,secondary_forest,Nippostrongylus,1,Nematode
2651,Rattus rattus,Mandena,secondary_forest,Trichostrongylidae,0,Nematode
2651,Rattus rattus,Mandena,secondary_forest,Hypotrichomonas,0,Protozoa
2651,Rattus rattus,Mandena,secondary_forest,Tritrichomonas,1,Protozoa
2651,Rattus rattus,Mandena,secondary_forest,Eimeria,0,Protozoa
2651,Rattus rattus,Mandena,secondary_forest,Heligmonellidae,0,Nematode
2651,Rattus rattus,Mandena,secondary_forest,Hexamastix,0,Protozoa
2651,Rattus rattus,Mandena,secondary_forest,Tetratrichomonas,0,Protozoa
2652,Rattus rattus,Mandena,secondary_forest,Blastocystis,0,Protozoa
2652,Rattus rattus,Mandena,secondary_forest,Entamoeba,0,Protozoa
2652,Rattus rattus,Mandena,secondary_forest,Heligmosomoidea,0,Nematode
2652,Rattus rattus,Mandena,secondary_forest,Nippostrongylus,0,Nematode
2652,Rattus rattus,Mandena,secondary_forest,Trichostrongylidae,0,Nematode
2652,Rattus rattus,Mandena,secondary_forest,Hypotrichomonas,0,Protozoa
2652,Rattus rattus,Mandena,secondary_forest,Tritrichomonas,1,Protozoa
2652,Rattus rattus,Mandena,secondary_forest,Eimeria,1,Protozoa
2652,Rattus rattus,Mandena,secondary_forest,Heligmonellidae,0,Nematode
2652,Rattus rattus,Mandena,secondary_forest,Hexamastix,0,Protozoa
2652,Rattus rattus,Mandena,secondary_forest,Tetratrichomonas,0,Protozoa
2654,Microgale brevicaudata,Mandena,secondary_forest,Blastocystis,0,Protozoa
2654,Microgale brevicaudata,Mandena,secondary_forest,Entamoeba,0,Protozoa
2654,Microgale brevicaudata,Mandena,secondary_forest,Heligmosomoidea,1,Nematode
2654,Microgale brevicaudata,Mandena,secondary_forest,Nippostrongylus,1,Nematode
2654,Microgale brevicaudata,Mandena,secondary_forest,Trichostrongylidae,1,Nematode
2654,Microgale brevicaudata,Mandena,secondary_forest,Hypotrichomonas,0,Protozoa
2654,Microgale brevicaudata,Mandena,secondary_forest,Tritrichomonas,0,Protozoa
2654,Microgale brevicaudata,Mandena,secondary_forest,Eimeria,1,Protozoa
2654,Microgale brevicaudata,Mandena,secondary_forest,Heligmonellidae,0,Nematode
2654,Microgale brevicaudata,Mandena,secondary_forest,Hexamastix,0,Protozoa
2654,Microgale brevicaudata,Mandena,secondary_forest,Tetratrichomonas,0,Protozoa
2655,Microgale brevicaudata,Mandena,secondary_forest,Blastocystis,0,Protozoa
2655,Microgale brevicaudata,Mandena,secondary_forest,Entamoeba,0,Protozoa
2655,Microgale brevicaudata,Mandena,secondary_forest,Heligmosomoidea,1,Nematode
2655,Microgale brevicaudata,Mandena,secondary_forest,Nippostrongylus,1,Nematode
2655,Microgale brevicaudata,Mandena,secondary_forest,Trichostrongylidae,1,Nematode
2655,Microgale brevicaudata,Mandena,secondary_forest,Hypotrichomonas,0,Protozoa
2655,Microgale brevicaudata,Mandena,secondary_forest,Tritrichomonas,0,Protozoa
2655,Microgale brevicaudata,Mandena,secondary_forest,Eimeria,1,Protozoa
2655,Microgale brevicaudata,Mandena,secondary_forest,Heligmonellidae,1,Nematode
2655,Microgale brevicaudata,Mandena,secondary_forest,Hexamastix,0,Protozoa
2655,Microgale brevicaudata,Mandena,secondary_forest,Tetratrichomonas,0,Protozoa
2656,Microgale brevicaudata,Mandena,secondary_forest,Blastocystis,0,Protozoa
2656,Microgale brevicaudata,Mandena,secondary_forest,Entamoeba,0,Protozoa
2656,Microgale brevicaudata,Mandena,secondary_forest,Heligmosomoidea,1,Nematode
2656,Microgale brevicaudata,Mandena,secondary_forest,Nippostrongylus,1,Nematode
2656,Microgale brevicaudata,Mandena,secondary_forest,Trichostrongylidae,1,Nematode
2656,Microgale brevicaudata,Mandena,secondary_forest,Hypotrichomonas,0,Protozoa
2656,Microgale brevicaudata,Mandena,secondary_forest,Tritrichomonas,0,Protozoa
2656,Microgale brevicaudata,Mandena,secondary_forest,Eimeria,1,Protozoa
2656,Microgale brevicaudata,Mandena,secondary_forest,Heligmonellidae,0,Nematode
2656,Microgale brevicaudata,Mandena,secondary_forest,Hexamastix,0,Protozoa
2656,Microgale brevicaudata,Mandena,secondary_forest,Tetratrichomonas,0,Protozoa
2660,Rattus rattus,Mandena,secondary_forest,Blastocystis,0,Protozoa
2660,Rattus rattus,Mandena,secondary_forest,Entamoeba,0,Protozoa
2660,Rattus rattus,Mandena,secondary_forest,Heligmosomoidea,0,Nematode
2660,Rattus rattus,Mandena,secondary_forest,Nippostrongylus,0,Nematode
2660,Rattus rattus,Mandena,secondary_forest,Trichostrongylidae,0,Nematode
2660,Rattus rattus,Mandena,secondary_forest,Hypotrichomonas,1,Protozoa
2660,Rattus rattus,Mandena,secondary_forest,Tritrichomonas,0,Protozoa
2660,Rattus rattus,Mandena,secondary_forest,Eimeria,0,Protozoa
2660,Rattus rattus,Mandena,secondary_forest,Heligmonellidae,0,Nematode
2660,Rattus rattus,Mandena,secondary_forest,Hexamastix,0,Protozoa
2660,Rattus rattus,Mandena,secondary_forest,Tetratrichomonas,0,Protozoa
2661,Rattus rattus,Mandena,secondary_forest,Blastocystis,0,Protozoa
2661,Rattus rattus,Mandena,secondary_forest,Entamoeba,0,Protozoa
2661,Rattus rattus,Mandena,secondary_forest,Heligmosomoidea,0,Nematode
2661,Rattus rattus,Mandena,secondary_forest,Nippostrongylus,1,Nematode
2661,Rattus rattus,Mandena,secondary_forest,Trichostrongylidae,0,Nematode
2661,Rattus rattus,Mandena,secondary_forest,Hypotrichomonas,1,Protozoa
2661,Rattus rattus,Mandena,secondary_forest,Tritrichomonas,0,Protozoa
2661,Rattus rattus,Mandena,secondary_forest,Eimeria,1,Protozoa
2661,Rattus rattus,Mandena,secondary_forest,Heligmonellidae,0,Nematode
2661,Rattus rattus,Mandena,secondary_forest,Hexamastix,0,Protozoa
2661,Rattus rattus,Mandena,secondary_forest,Tetratrichomonas,0,Protozoa
2663,Microgale brevicaudata,Mandena,secondary_forest,Blastocystis,0,Protozoa
2663,Microgale brevicaudata,Mandena,secondary_forest,Entamoeba,0,Protozoa
2663,Microgale brevicaudata,Mandena,secondary_forest,Heligmosomoidea,1,Nematode
2663,Microgale brevicaudata,Mandena,secondary_forest,Nippostrongylus,1,Nematode
2663,Microgale brevicaudata,Mandena,secondary_forest,Trichostrongylidae,1,Nematode
2663,Microgale brevicaudata,Mandena,secondary_forest,Hypotrichomonas,0,Protozoa
2663,Microgale brevicaudata,Mandena,secondary_forest,Tritrichomonas,0,Protozoa
2663,Microgale brevicaudata,Mandena,secondary_forest,Eimeria,1,Protozoa
2663,Microgale brevicaudata,Mandena,secondary_forest,Heligmonellidae,0,Nematode
2663,Microgale brevicaudata,Mandena,secondary_forest,Hexamastix,0,Protozoa
2663,Microgale brevicaudata,Mandena,secondary_forest,Tetratrichomonas,0,Protozoa
2664,Microgale brevicaudata,Mandena,secondary_forest,Blastocystis,0,Protozoa
2664,Microgale brevicaudata,Mandena,secondary_forest,Entamoeba,0,Protozoa
2664,Microgale brevicaudata,Mandena,secondary_forest,Heligmosomoidea,0,Nematode
2664,Microgale brevicaudata,Mandena,secondary_forest,Nippostrongylus,1,Nematode
2664,Microgale brevicaudata,Mandena,secondary_forest,Trichostrongylidae,1,Nematode
2664,Microgale brevicaudata,Mandena,secondary_forest,Hypotrichomonas,0,Protozoa
2664,Microgale brevicaudata,Mandena,secondary_forest,Tritrichomonas,0,Protozoa
2664,Microgale brevicaudata,Mandena,secondary_forest,Eimeria,1,Protozoa
2664,Microgale brevicaudata,Mandena,secondary_forest,Heligmonellidae,0,Nematode
2664,Microgale brevicaudata,Mandena,secondary_forest,Hexamastix,0,Protozoa
2664,Microgale brevicaudata,Mandena,secondary_forest,Tetratrichomonas,0,Protozoa
2672,Rattus rattus,Mandena,secondary_forest,Blastocystis,0,Protozoa
2672,Rattus rattus,Mandena,secondary_forest,Entamoeba,0,Protozoa
2672,Rattus rattus,Mandena,secondary_forest,Heligmosomoidea,0,Nematode
2672,Rattus rattus,Mandena,secondary_forest,Nippostrongylus,1,Nematode
2672,Rattus rattus,Mandena,secondary_forest,Trichostrongylidae,0,Nematode
2672,Rattus rattus,Mandena,secondary_forest,Hypotrichomonas,0,Protozoa
2672,Rattus rattus,Mandena,secondary_forest,Tritrichomonas,0,Protozoa
2672,Rattus rattus,Mandena,secondary_forest,Eimeria,1,Protozoa
2672,Rattus rattus,Mandena,secondary_forest,Heligmonellidae,0,Nematode
2672,Rattus rattus,Mandena,secondary_forest,Hexamastix,0,Protozoa
2672,Rattus rattus,Mandena,secondary_forest,Tetratrichomonas,0,Protozoa
2674,Rattus rattus,Mandena,secondary_forest,Blastocystis,0,Protozoa
2674,Rattus rattus,Mandena,secondary_forest,Entamoeba,0,Protozoa
2674,Rattus rattus,Mandena,secondary_forest,Heligmosomoidea,0,Nematode
2674,Rattus rattus,Mandena,secondary_forest,Nippostrongylus,0,Nematode
2674,Rattus rattus,Mandena,secondary_forest,Trichostrongylidae,0,Nematode
2674,Rattus rattus,Mandena,secondary_forest,Hypotrichomonas,1,Protozoa
2674,Rattus rattus,Mandena,secondary_forest,Tritrichomonas,0,Protozoa
2674,Rattus rattus,Mandena,secondary_forest,Eimeria,0,Protozoa
2674,Rattus rattus,Mandena,secondary_forest,Heligmonellidae,0,Nematode
2674,Rattus rattus,Mandena,secondary_forest,Hexamastix,0,Protozoa
2674,Rattus rattus,Mandena,secondary_forest,Tetratrichomonas,0,Protozoa
2675,Rattus rattus,Mandena,secondary_forest,Blastocystis,0,Protozoa
2675,Rattus rattus,Mandena,secondary_forest,Entamoeba,0,Protozoa
2675,Rattus rattus,Mandena,secondary_forest,Heligmosomoidea,0,Nematode
2675,Rattus rattus,Mandena,secondary_forest,Nippostrongylus,1,Nematode
2675,Rattus rattus,Mandena,secondary_forest,Trichostrongylidae,0,Nematode
2675,Rattus rattus,Mandena,secondary_forest,Hypotrichomonas,1,Protozoa
2675,Rattus rattus,Mandena,secondary_forest,Tritrichomonas,0,Protozoa
2675,Rattus rattus,Mandena,secondary_forest,Eimeria,0,Protozoa
2675,Rattus rattus,Mandena,secondary_forest,Heligmonellidae,0,Nematode
2675,Rattus rattus,Mandena,secondary_forest,Hexamastix,0,Protozoa
2675,Rattus rattus,Mandena,secondary_forest,Tetratrichomonas,0,Protozoa
2677,Microgale brevicaudata,Mandena,semi-intact_forest,Blastocystis,0,Protozoa
2677,Microgale brevicaudata,Mandena,semi-intact_forest,Entamoeba,0,Protozoa
2677,Microgale brevicaudata,Mandena,semi-intact_forest,Heligmosomoidea,1,Nematode
2677,Microgale brevicaudata,Mandena,semi-intact_forest,Nippostrongylus,0,Nematode
2677,Microgale brevicaudata,Mandena,semi-intact_forest,Trichostrongylidae,1,Nematode
2677,Microgale brevicaudata,Mandena,semi-intact_forest,Hypotrichomonas,0,Protozoa
2677,Microgale brevicaudata,Mandena,semi-intact_forest,Tritrichomonas,0,Protozoa
2677,Microgale brevicaudata,Mandena,semi-intact_forest,Eimeria,1,Protozoa
2677,Microgale brevicaudata,Mandena,semi-intact_forest,Heligmonellidae,0,Nematode
2677,Microgale brevicaudata,Mandena,semi-intact_forest,Hexamastix,0,Protozoa
2677,Microgale brevicaudata,Mandena,semi-intact_forest,Tetratrichomonas,0,Protozoa
2678,Microgale brevicaudata,Mandena,semi-intact_forest,Blastocystis,0,Protozoa
2678,Microgale brevicaudata,Mandena,semi-intact_forest,Entamoeba,0,Protozoa
2678,Microgale brevicaudata,Mandena,semi-intact_forest,Heligmosomoidea,1,Nematode
2678,Microgale brevicaudata,Mandena,semi-intact_forest,Nippostrongylus,0,Nematode
2678,Microgale brevicaudata,Mandena,semi-intact_forest,Trichostrongylidae,1,Nematode
2678,Microgale brevicaudata,Mandena,semi-intact_forest,Hypotrichomonas,0,Protozoa
2678,Microgale brevicaudata,Mandena,semi-intact_forest,Tritrichomonas,0,Protozoa
2678,Microgale brevicaudata,Mandena,semi-intact_forest,Eimeria,1,Protozoa
2678,Microgale brevicaudata,Mandena,semi-intact_forest,Heligmonellidae,0,Nematode
2678,Microgale brevicaudata,Mandena,semi-intact_forest,Hexamastix,0,Protozoa
2678,Microgale brevicaudata,Mandena,semi-intact_forest,Tetratrichomonas,0,Protozoa
2682,Microgale brevicaudata,Mandena,semi-intact_forest,Blastocystis,0,Protozoa
2682,Microgale brevicaudata,Mandena,semi-intact_forest,Entamoeba,0,Protozoa
2682,Microgale brevicaudata,Mandena,semi-intact_forest,Heligmosomoidea,1,Nematode
2682,Microgale brevicaudata,Mandena,semi-intact_forest,Nippostrongylus,0,Nematode
2682,Microgale brevicaudata,Mandena,semi-intact_forest,Trichostrongylidae,1,Nematode
2682,Microgale brevicaudata,Mandena,semi-intact_forest,Hypotrichomonas,0,Protozoa
2682,Microgale brevicaudata,Mandena,semi-intact_forest,Tritrichomonas,0,Protozoa
2682,Microgale brevicaudata,Mandena,semi-intact_forest,Eimeria,1,Protozoa
2682,Microgale brevicaudata,Mandena,semi-intact_forest,Heligmonellidae,0,Nematode
2682,Microgale brevicaudata,Mandena,semi-intact_forest,Hexamastix,0,Protozoa
2682,Microgale brevicaudata,Mandena,semi-intact_forest,Tetratrichomonas,0,Protozoa
2688,Microgale brevicaudata,Mandena,semi-intact_forest,Blastocystis,0,Protozoa
2688,Microgale brevicaudata,Mandena,semi-intact_forest,Entamoeba,0,Protozoa
2688,Microgale brevicaudata,Mandena,semi-intact_forest,Heligmosomoidea,1,Nematode
2688,Microgale brevicaudata,Mandena,semi-intact_forest,Nippostrongylus,0,Nematode
2688,Microgale brevicaudata,Mandena,semi-intact_forest,Trichostrongylidae,0,Nematode
2688,Microgale brevicaudata,Mandena,semi-intact_forest,Hypotrichomonas,0,Protozoa
2688,Microgale brevicaudata,Mandena,semi-intact_forest,Tritrichomonas,0,Protozoa
2688,Microgale brevicaudata,Mandena,semi-intact_forest,Eimeria,1,Protozoa
2688,Microgale brevicaudata,Mandena,semi-intact_forest,Heligmonellidae,0,Nematode
2688,Microgale brevicaudata,Mandena,semi-intact_forest,Hexamastix,0,Protozoa
2688,Microgale brevicaudata,Mandena,semi-intact_forest,Tetratrichomonas,0,Protozoa
2689,Microgale brevicaudata,Mandena,semi-intact_forest,Blastocystis,0,Protozoa
2689,Microgale brevicaudata,Mandena,semi-intact_forest,Entamoeba,0,Protozoa
2689,Microgale brevicaudata,Mandena,semi-intact_forest,Heligmosomoidea,1,Nematode
2689,Microgale brevicaudata,Mandena,semi-intact_forest,Nippostrongylus,0,Nematode
2689,Microgale brevicaudata,Mandena,semi-intact_forest,Trichostrongylidae,1,Nematode
2689,Microgale brevicaudata,Mandena,semi-intact_forest,Hypotrichomonas,0,Protozoa
2689,Microgale brevicaudata,Mandena,semi-intact_forest,Tritrichomonas,0,Protozoa
2689,Microgale brevicaudata,Mandena,semi-intact_forest,Eimeria,1,Protozoa
2689,Microgale brevicaudata,Mandena,semi-intact_forest,Heligmonellidae,0,Nematode
2689,Microgale brevicaudata,Mandena,semi-intact_forest,Hexamastix,0,Protozoa
2689,Microgale brevicaudata,Mandena,semi-intact_forest,Tetratrichomonas,0,Protozoa
2693,Microgale brevicaudata,Mandena,semi-intact_forest,Blastocystis,0,Protozoa
2693,Microgale brevicaudata,Mandena,semi-intact_forest,Entamoeba,0,Protozoa
2693,Microgale brevicaudata,Mandena,semi-intact_forest,Heligmosomoidea,0,Nematode
2693,Microgale brevicaudata,Mandena,semi-intact_forest,Nippostrongylus,1,Nematode
2693,Microgale brevicaudata,Mandena,semi-intact_forest,Trichostrongylidae,1,Nematode
2693,Microgale brevicaudata,Mandena,semi-intact_forest,Hypotrichomonas,0,Protozoa
2693,Microgale brevicaudata,Mandena,semi-intact_forest,Tritrichomonas,0,Protozoa
2693,Microgale brevicaudata,Mandena,semi-intact_forest,Eimeria,1,Protozoa
2693,Microgale brevicaudata,Mandena,semi-intact_forest,Heligmonellidae,0,Nematode
2693,Microgale brevicaudata,Mandena,semi-intact_forest,Hexamastix,0,Protozoa
2693,Microgale brevicaudata,Mandena,semi-intact_forest,Tetratrichomonas,0,Protozoa
2696,Rattus rattus,Mandena,agroforest,Blastocystis,0,Protozoa
2696,Rattus rattus,Mandena,agroforest,Entamoeba,0,Protozoa
2696,Rattus rattus,Mandena,agroforest,Heligmosomoidea,0,Nematode
2696,Rattus rattus,Mandena,agroforest,Nippostrongylus,0,Nematode
2696,Rattus rattus,Mandena,agroforest,Trichostrongylidae,0,Nematode
2696,Rattus rattus,Mandena,agroforest,Hypotrichomonas,1,Protozoa
2696,Rattus rattus,Mandena,agroforest,Tritrichomonas,1,Protozoa
2696,Rattus rattus,Mandena,agroforest,Eimeria,0,Protozoa
2696,Rattus rattus,Mandena,agroforest,Heligmonellidae,0,Nematode
2696,Rattus rattus,Mandena,agroforest,Hexamastix,0,Protozoa
2696,Rattus rattus,Mandena,agroforest,Tetratrichomonas,0,Protozoa
2703,Rattus rattus,Mandena,agroforest,Blastocystis,0,Protozoa
2703,Rattus rattus,Mandena,agroforest,Entamoeba,0,Protozoa
2703,Rattus rattus,Mandena,agroforest,Heligmosomoidea,0,Nematode
2703,Rattus rattus,Mandena,agroforest,Nippostrongylus,1,Nematode
2703,Rattus rattus,Mandena,agroforest,Trichostrongylidae,0,Nematode
2703,Rattus rattus,Mandena,agroforest,Hypotrichomonas,1,Protozoa
2703,Rattus rattus,Mandena,agroforest,Tritrichomonas,1,Protozoa
2703,Rattus rattus,Mandena,agroforest,Eimeria,1,Protozoa
2703,Rattus rattus,Mandena,agroforest,Heligmonellidae,0,Nematode
2703,Rattus rattus,Mandena,agroforest,Hexamastix,0,Protozoa
2703,Rattus rattus,Mandena,agroforest,Tetratrichomonas,0,Protozoa
2704,Rattus rattus,Mandena,agroforest,Blastocystis,0,Protozoa
2704,Rattus rattus,Mandena,agroforest,Entamoeba,0,Protozoa
2704,Rattus rattus,Mandena,agroforest,Heligmosomoidea,0,Nematode
2704,Rattus rattus,Mandena,agroforest,Nippostrongylus,1,Nematode
2704,Rattus rattus,Mandena,agroforest,Trichostrongylidae,0,Nematode
2704,Rattus rattus,Mandena,agroforest,Hypotrichomonas,0,Protozoa
2704,Rattus rattus,Mandena,agroforest,Tritrichomonas,1,Protozoa
2704,Rattus rattus,Mandena,agroforest,Eimeria,0,Protozoa
2704,Rattus rattus,Mandena,agroforest,Heligmonellidae,0,Nematode
2704,Rattus rattus,Mandena,agroforest,Hexamastix,0,Protozoa
2704,Rattus rattus,Mandena,agroforest,Tetratrichomonas,0,Protozoa
2705,Rattus rattus,Mandena,agroforest,Blastocystis,1,Protozoa
2705,Rattus rattus,Mandena,agroforest,Entamoeba,0,Protozoa
2705,Rattus rattus,Mandena,agroforest,Heligmosomoidea,0,Nematode
2705,Rattus rattus,Mandena,agroforest,Nippostrongylus,1,Nematode
2705,Rattus rattus,Mandena,agroforest,Trichostrongylidae,0,Nematode
2705,Rattus rattus,Mandena,agroforest,Hypotrichomonas,0,Protozoa
2705,Rattus rattus,Mandena,agroforest,Tritrichomonas,1,Protozoa
2705,Rattus rattus,Mandena,agroforest,Eimeria,0,Protozoa
2705,Rattus rattus,Mandena,agroforest,Heligmonellidae,0,Nematode
2705,Rattus rattus,Mandena,agroforest,Hexamastix,0,Protozoa
2705,Rattus rattus,Mandena,agroforest,Tetratrichomonas,0,Protozoa
2706,Rattus rattus,Mandena,agroforest,Blastocystis,0,Protozoa
2706,Rattus rattus,Mandena,agroforest,Entamoeba,0,Protozoa
2706,Rattus rattus,Mandena,agroforest,Heligmosomoidea,0,Nematode
2706,Rattus rattus,Mandena,agroforest,Nippostrongylus,1,Nematode
2706,Rattus rattus,Mandena,agroforest,Trichostrongylidae,0,Nematode
2706,Rattus rattus,Mandena,agroforest,Hypotrichomonas,0,Protozoa
2706,Rattus rattus,Mandena,agroforest,Tritrichomonas,1,Protozoa
2706,Rattus rattus,Mandena,agroforest,Eimeria,0,Protozoa
2706,Rattus rattus,Mandena,agroforest,Heligmonellidae,0,Nematode
2706,Rattus rattus,Mandena,agroforest,Hexamastix,0,Protozoa
2706,Rattus rattus,Mandena,agroforest,Tetratrichomonas,0,Protozoa
2707,Rattus rattus,Mandena,agroforest,Blastocystis,0,Protozoa
2707,Rattus rattus,Mandena,agroforest,Entamoeba,0,Protozoa
2707,Rattus rattus,Mandena,agroforest,Heligmosomoidea,0,Nematode
2707,Rattus rattus,Mandena,agroforest,Nippostrongylus,0,Nematode
2707,Rattus rattus,Mandena,agroforest,Trichostrongylidae,0,Nematode
2707,Rattus rattus,Mandena,agroforest,Hypotrichomonas,1,Protozoa
2707,Rattus rattus,Mandena,agroforest,Tritrichomonas,0,Protozoa
2707,Rattus rattus,Mandena,agroforest,Eimeria,0,Protozoa
2707,Rattus rattus,Mandena,agroforest,Heligmonellidae,0,Nematode
2707,Rattus rattus,Mandena,agroforest,Hexamastix,0,Protozoa
2707,Rattus rattus,Mandena,agroforest,Tetratrichomonas,0,Protozoa
2708,Rattus rattus,Mandena,agroforest,Blastocystis,1,Protozoa
2708,Rattus rattus,Mandena,agroforest,Entamoeba,0,Protozoa
2708,Rattus rattus,Mandena,agroforest,Heligmosomoidea,0,Nematode
2708,Rattus rattus,Mandena,agroforest,Nippostrongylus,1,Nematode
2708,Rattus rattus,Mandena,agroforest,Trichostrongylidae,0,Nematode
2708,Rattus rattus,Mandena,agroforest,Hypotrichomonas,0,Protozoa
2708,Rattus rattus,Mandena,agroforest,Tritrichomonas,1,Protozoa
2708,Rattus rattus,Mandena,agroforest,Eimeria,0,Protozoa
2708,Rattus rattus,Mandena,agroforest,Heligmonellidae,0,Nematode
2708,Rattus rattus,Mandena,agroforest,Hexamastix,0,Protozoa
2708,Rattus rattus,Mandena,agroforest,Tetratrichomonas,0,Protozoa
2709,Rattus rattus,Mandena,agroforest,Blastocystis,1,Protozoa
2709,Rattus rattus,Mandena,agroforest,Entamoeba,0,Protozoa
2709,Rattus rattus,Mandena,agroforest,Heligmosomoidea,0,Nematode
2709,Rattus rattus,Mandena,agroforest,Nippostrongylus,1,Nematode
2709,Rattus rattus,Mandena,agroforest,Trichostrongylidae,0,Nematode
2709,Rattus rattus,Mandena,agroforest,Hypotrichomonas,1,Protozoa
2709,Rattus rattus,Mandena,agroforest,Tritrichomonas,1,Protozoa
2709,Rattus rattus,Mandena,agroforest,Eimeria,0,Protozoa
2709,Rattus rattus,Mandena,agroforest,Heligmonellidae,0,Nematode
2709,Rattus rattus,Mandena,agroforest,Hexamastix,0,Protozoa
2709,Rattus rattus,Mandena,agroforest,Tetratrichomonas,0,Protozoa
2710,Rattus rattus,Mandena,agroforest,Blastocystis,0,Protozoa
2710,Rattus rattus,Mandena,agroforest,Entamoeba,0,Protozoa
2710,Rattus rattus,Mandena,agroforest,Heligmosomoidea,0,Nematode
2710,Rattus rattus,Mandena,agroforest,Nippostrongylus,1,Nematode
2710,Rattus rattus,Mandena,agroforest,Trichostrongylidae,0,Nematode
2710,Rattus rattus,Mandena,agroforest,Hypotrichomonas,0,Protozoa
2710,Rattus rattus,Mandena,agroforest,Tritrichomonas,1,Protozoa
2710,Rattus rattus,Mandena,agroforest,Eimeria,1,Protozoa
2710,Rattus rattus,Mandena,agroforest,Heligmonellidae,0,Nematode
2710,Rattus rattus,Mandena,agroforest,Hexamastix,0,Protozoa
2710,Rattus rattus,Mandena,agroforest,Tetratrichomonas,1,Protozoa
2711,Rattus rattus,Mandena,agroforest,Blastocystis,0,Protozoa
2711,Rattus rattus,Mandena,agroforest,Entamoeba,0,Protozoa
2711,Rattus rattus,Mandena,agroforest,Heligmosomoidea,0,Nematode
2711,Rattus rattus,Mandena,agroforest,Nippostrongylus,1,Nematode
2711,Rattus rattus,Mandena,agroforest,Trichostrongylidae,0,Nematode
2711,Rattus rattus,Mandena,agroforest,Hypotrichomonas,0,Protozoa
2711,Rattus rattus,Mandena,agroforest,Tritrichomonas,1,Protozoa
2711,Rattus rattus,Mandena,agroforest,Eimeria,0,Protozoa
2711,Rattus rattus,Mandena,agroforest,Heligmonellidae,0,Nematode
2711,Rattus rattus,Mandena,agroforest,Hexamastix,0,Protozoa
2711,Rattus rattus,Mandena,agroforest,Tetratrichomonas,0,Protozoa
2712,Rattus rattus,Mandena,agroforest,Blastocystis,0,Protozoa
2712,Rattus rattus,Mandena,agroforest,Entamoeba,0,Protozoa
2712,Rattus rattus,Mandena,agroforest,Heligmosomoidea,0,Nematode
2712,Rattus rattus,Mandena,agroforest,Nippostrongylus,1,Nematode
2712,Rattus rattus,Mandena,agroforest,Trichostrongylidae,0,Nematode
2712,Rattus rattus,Mandena,agroforest,Hypotrichomonas,0,Protozoa
2712,Rattus rattus,Mandena,agroforest,Tritrichomonas,1,Protozoa
2712,Rattus rattus,Mandena,agroforest,Eimeria,0,Protozoa
2712,Rattus rattus,Mandena,agroforest,Heligmonellidae,0,Nematode
2712,Rattus rattus,Mandena,agroforest,Hexamastix,0,Protozoa
2712,Rattus rattus,Mandena,agroforest,Tetratrichomonas,0,Protozoa
2717,Rattus rattus,Mandena,agroforest,Blastocystis,0,Protozoa
2717,Rattus rattus,Mandena,agroforest,Entamoeba,0,Protozoa
2717,Rattus rattus,Mandena,agroforest,Heligmosomoidea,0,Nematode
2717,Rattus rattus,Mandena,agroforest,Nippostrongylus,0,Nematode
2717,Rattus rattus,Mandena,agroforest,Trichostrongylidae,0,Nematode
2717,Rattus rattus,Mandena,agroforest,Hypotrichomonas,0,Protozoa
2717,Rattus rattus,Mandena,agroforest,Tritrichomonas,0,Protozoa
2717,Rattus rattus,Mandena,agroforest,Eimeria,0,Protozoa
2717,Rattus rattus,Mandena,agroforest,Heligmonellidae,0,Nematode
2717,Rattus rattus,Mandena,agroforest,Hexamastix,1,Protozoa
2717,Rattus rattus,Mandena,agroforest,Tetratrichomonas,0,Protozoa
2718,Rattus rattus,Mandena,agroforest,Blastocystis,1,Protozoa
2718,Rattus rattus,Mandena,agroforest,Entamoeba,0,Protozoa
2718,Rattus rattus,Mandena,agroforest,Heligmosomoidea,0,Nematode
2718,Rattus rattus,Mandena,agroforest,Nippostrongylus,0,Nematode
2718,Rattus rattus,Mandena,agroforest,Trichostrongylidae,0,Nematode
2718,Rattus rattus,Mandena,agroforest,Hypotrichomonas,0,Protozoa
2718,Rattus rattus,Mandena,agroforest,Tritrichomonas,0,Protozoa
2718,Rattus rattus,Mandena,agroforest,Eimeria,0,Protozoa
2718,Rattus rattus,Mandena,agroforest,Heligmonellidae,0,Nematode
2718,Rattus rattus,Mandena,agroforest,Hexamastix,1,Protozoa
2718,Rattus rattus,Mandena,agroforest,Tetratrichomonas,1,Protozoa
2719,Rattus rattus,Mandena,agroforest,Blastocystis,1,Protozoa
2719,Rattus rattus,Mandena,agroforest,Entamoeba,0,Protozoa
2719,Rattus rattus,Mandena,agroforest,Heligmosomoidea,0,Nematode
2719,Rattus rattus,Mandena,agroforest,Nippostrongylus,1,Nematode
2719,Rattus rattus,Mandena,agroforest,Trichostrongylidae,0,Nematode
2719,Rattus rattus,Mandena,agroforest,Hypotrichomonas,0,Protozoa
2719,Rattus rattus,Mandena,agroforest,Tritrichomonas,1,Protozoa
2719,Rattus rattus,Mandena,agroforest,Eimeria,0,Protozoa
2719,Rattus rattus,Mandena,agroforest,Heligmonellidae,0,Nematode
2719,Rattus rattus,Mandena,agroforest,Hexamastix,0,Protozoa
2719,Rattus rattus,Mandena,agroforest,Tetratrichomonas,0,Protozoa
2720,Rattus rattus,Mandena,agroforest,Blastocystis,1,Protozoa
2720,Rattus rattus,Mandena,agroforest,Entamoeba,0,Protozoa
2720,Rattus rattus,Mandena,agroforest,Heligmosomoidea,0,Nematode
2720,Rattus rattus,Mandena,agroforest,Nippostrongylus,1,Nematode
2720,Rattus rattus,Mandena,agroforest,Trichostrongylidae,0,Nematode
2720,Rattus rattus,Mandena,agroforest,Hypotrichomonas,0,Protozoa
2720,Rattus rattus,Mandena,agroforest,Tritrichomonas,1,Protozoa
2720,Rattus rattus,Mandena,agroforest,Eimeria,0,Protozoa
2720,Rattus rattus,Mandena,agroforest,Heligmonellidae,0,Nematode
2720,Rattus rattus,Mandena,agroforest,Hexamastix,0,Protozoa
2720,Rattus rattus,Mandena,agroforest,Tetratrichomonas,0,Protozoa
2722,Rattus rattus,Mandena,agroforest,Blastocystis,0,Protozoa
2722,Rattus rattus,Mandena,agroforest,Entamoeba,0,Protozoa
2722,Rattus rattus,Mandena,agroforest,Heligmosomoidea,0,Nematode
2722,Rattus rattus,Mandena,agroforest,Nippostrongylus,0,Nematode
2722,Rattus rattus,Mandena,agroforest,Trichostrongylidae,0,Nematode
2722,Rattus rattus,Mandena,agroforest,Hypotrichomonas,0,Protozoa
2722,Rattus rattus,Mandena,agroforest,Tritrichomonas,1,Protozoa
2722,Rattus rattus,Mandena,agroforest,Eimeria,0,Protozoa
2722,Rattus rattus,Mandena,agroforest,Heligmonellidae,0,Nematode
2722,Rattus rattus,Mandena,agroforest,Hexamastix,0,Protozoa
2722,Rattus rattus,Mandena,agroforest,Tetratrichomonas,0,Protozoa
2723,Rattus rattus,Mandena,agroforest,Blastocystis,0,Protozoa
2723,Rattus rattus,Mandena,agroforest,Entamoeba,0,Protozoa
2723,Rattus rattus,Mandena,agroforest,Heligmosomoidea,0,Nematode
2723,Rattus rattus,Mandena,agroforest,Nippostrongylus,1,Nematode
2723,Rattus rattus,Mandena,agroforest,Trichostrongylidae,0,Nematode
2723,Rattus rattus,Mandena,agroforest,Hypotrichomonas,1,Protozoa
2723,Rattus rattus,Mandena,agroforest,Tritrichomonas,1,Protozoa
2723,Rattus rattus,Mandena,agroforest,Eimeria,1,Protozoa
2723,Rattus rattus,Mandena,agroforest,Heligmonellidae,0,Nematode
2723,Rattus rattus,Mandena,agroforest,Hexamastix,0,Protozoa
2723,Rattus rattus,Mandena,agroforest,Tetratrichomonas,0,Protozoa
2725,Rattus rattus,Mandena,agroforest,Blastocystis,0,Protozoa
2725,Rattus rattus,Mandena,agroforest,Entamoeba,0,Protozoa
2725,Rattus rattus,Mandena,agroforest,Heligmosomoidea,0,Nematode
2725,Rattus rattus,Mandena,agroforest,Nippostrongylus,0,Nematode
2725,Rattus rattus,Mandena,agroforest,Trichostrongylidae,0,Nematode
2725,Rattus rattus,Mandena,agroforest,Hypotrichomonas,1,Protozoa
2725,Rattus rattus,Mandena,agroforest,Tritrichomonas,1,Protozoa
2725,Rattus rattus,Mandena,agroforest,Eimeria,0,Protozoa
2725,Rattus rattus,Mandena,agroforest,Heligmonellidae,0,Nematode
2725,Rattus rattus,Mandena,agroforest,Hexamastix,0,Protozoa
2725,Rattus rattus,Mandena,agroforest,Tetratrichomonas,0,Protozoa
2726,Rattus rattus,Mandena,agroforest,Blastocystis,0,Protozoa
2726,Rattus rattus,Mandena,agroforest,Entamoeba,0,Protozoa
2726,Rattus rattus,Mandena,agroforest,Heligmosomoidea,0,Nematode
2726,Rattus rattus,Mandena,agroforest,Nippostrongylus,0,Nematode
2726,Rattus rattus,Mandena,agroforest,Trichostrongylidae,0,Nematode
2726,Rattus rattus,Mandena,agroforest,Hypotrichomonas,1,Protozoa
2726,Rattus rattus,Mandena,agroforest,Tritrichomonas,1,Protozoa
2726,Rattus rattus,Mandena,agroforest,Eimeria,0,Protozoa
2726,Rattus rattus,Mandena,agroforest,Heligmonellidae,0,Nematode
2726,Rattus rattus,Mandena,agroforest,Hexamastix,0,Protozoa
2726,Rattus rattus,Mandena,agroforest,Tetratrichomonas,0,Protozoa
2736,Rattus rattus,Mandena,village,Blastocystis,0,Protozoa
2736,Rattus rattus,Mandena,village,Entamoeba,0,Protozoa
2736,Rattus rattus,Mandena,village,Heligmosomoidea,0,Nematode
2736,Rattus rattus,Mandena,village,Nippostrongylus,1,Nematode
2736,Rattus rattus,Mandena,village,Trichostrongylidae,0,Nematode
2736,Rattus rattus,Mandena,village,Hypotrichomonas,0,Protozoa
2736,Rattus rattus,Mandena,village,Tritrichomonas,1,Protozoa
2736,Rattus rattus,Mandena,village,Eimeria,0,Protozoa
2736,Rattus rattus,Mandena,village,Heligmonellidae,1,Nematode
2736,Rattus rattus,Mandena,village,Hexamastix,0,Protozoa
2736,Rattus rattus,Mandena,village,Tetratrichomonas,0,Protozoa
2737,Rattus rattus,Mandena,village,Blastocystis,0,Protozoa
2737,Rattus rattus,Mandena,village,Entamoeba,1,Protozoa
2737,Rattus rattus,Mandena,village,Heligmosomoidea,0,Nematode
2737,Rattus rattus,Mandena,village,Nippostrongylus,1,Nematode
2737,Rattus rattus,Mandena,village,Trichostrongylidae,0,Nematode
2737,Rattus rattus,Mandena,village,Hypotrichomonas,0,Protozoa
2737,Rattus rattus,Mandena,village,Tritrichomonas,0,Protozoa
2737,Rattus rattus,Mandena,village,Eimeria,1,Protozoa
2737,Rattus rattus,Mandena,village,Heligmonellidae,0,Nematode
2737,Rattus rattus,Mandena,village,Hexamastix,0,Protozoa
2737,Rattus rattus,Mandena,village,Tetratrichomonas,0,Protozoa
2738,Rattus rattus,Mandena,village,Blastocystis,0,Protozoa
2738,Rattus rattus,Mandena,village,Entamoeba,0,Protozoa
2738,Rattus rattus,Mandena,village,Heligmosomoidea,0,Nematode
2738,Rattus rattus,Mandena,village,Nippostrongylus,1,Nematode
2738,Rattus rattus,Mandena,village,Trichostrongylidae,0,Nematode
2738,Rattus rattus,Mandena,village,Hypotrichomonas,0,Protozoa
2738,Rattus rattus,Mandena,village,Tritrichomonas,1,Protozoa
2738,Rattus rattus,Mandena,village,Eimeria,0,Protozoa
2738,Rattus rattus,Mandena,village,Heligmonellidae,0,Nematode
2738,Rattus rattus,Mandena,village,Hexamastix,0,Protozoa
2738,Rattus rattus,Mandena,village,Tetratrichomonas,0,Protozoa
2739,Rattus rattus,Mandena,village,Blastocystis,1,Protozoa
2739,Rattus rattus,Mandena,village,Entamoeba,0,Protozoa
2739,Rattus rattus,Mandena,village,Heligmosomoidea,0,Nematode
2739,Rattus rattus,Mandena,village,Nippostrongylus,1,Nematode
2739,Rattus rattus,Mandena,village,Trichostrongylidae,0,Nematode
2739,Rattus rattus,Mandena,village,Hypotrichomonas,0,Protozoa
2739,Rattus rattus,Mandena,village,Tritrichomonas,1,Protozoa
2739,Rattus rattus,Mandena,village,Eimeria,1,Protozoa
2739,Rattus rattus,Mandena,village,Heligmonellidae,0,Nematode
2739,Rattus rattus,Mandena,village,Hexamastix,0,Protozoa
2739,Rattus rattus,Mandena,village,Tetratrichomonas,0,Protozoa
2740,Rattus rattus,Mandena,village,Blastocystis,0,Protozoa
2740,Rattus rattus,Mandena,village,Entamoeba,0,Protozoa
2740,Rattus rattus,Mandena,village,Heligmosomoidea,0,Nematode
2740,Rattus rattus,Mandena,village,Nippostrongylus,1,Nematode
2740,Rattus rattus,Mandena,village,Trichostrongylidae,0,Nematode
2740,Rattus rattus,Mandena,village,Hypotrichomonas,1,Protozoa
2740,Rattus rattus,Mandena,village,Tritrichomonas,0,Protozoa
2740,Rattus rattus,Mandena,village,Eimeria,0,Protozoa
2740,Rattus rattus,Mandena,village,Heligmonellidae,0,Nematode
2740,Rattus rattus,Mandena,village,Hexamastix,0,Protozoa
2740,Rattus rattus,Mandena,village,Tetratrichomonas,0,Protozoa
2741,Rattus rattus,Mandena,village,Blastocystis,0,Protozoa
2741,Rattus rattus,Mandena,village,Entamoeba,0,Protozoa
2741,Rattus rattus,Mandena,village,Heligmosomoidea,0,Nematode
2741,Rattus rattus,Mandena,village,Nippostrongylus,0,Nematode
2741,Rattus rattus,Mandena,village,Trichostrongylidae,0,Nematode
2741,Rattus rattus,Mandena,village,Hypotrichomonas,0,Protozoa
2741,Rattus rattus,Mandena,village,Tritrichomonas,1,Protozoa
2741,Rattus rattus,Mandena,village,Eimeria,0,Protozoa
2741,Rattus rattus,Mandena,village,Heligmonellidae,0,Nematode
2741,Rattus rattus,Mandena,village,Hexamastix,0,Protozoa
2741,Rattus rattus,Mandena,village,Tetratrichomonas,0,Protozoa
2742,Rattus rattus,Mandena,agroforest,Blastocystis,1,Protozoa
2742,Rattus rattus,Mandena,agroforest,Entamoeba,0,Protozoa
2742,Rattus rattus,Mandena,agroforest,Heligmosomoidea,0,Nematode
2742,Rattus rattus,Mandena,agroforest,Nippostrongylus,1,Nematode
2742,Rattus rattus,Mandena,agroforest,Trichostrongylidae,0,Nematode
2742,Rattus rattus,Mandena,agroforest,Hypotrichomonas,1,Protozoa
2742,Rattus rattus,Mandena,agroforest,Tritrichomonas,1,Protozoa
2742,Rattus rattus,Mandena,agroforest,Eimeria,0,Protozoa
2742,Rattus rattus,Mandena,agroforest,Heligmonellidae,1,Nematode
2742,Rattus rattus,Mandena,agroforest,Hexamastix,0,Protozoa
2742,Rattus rattus,Mandena,agroforest,Tetratrichomonas,0,Protozoa
2743,Rattus rattus,Mandena,agroforest,Blastocystis,0,Protozoa
2743,Rattus rattus,Mandena,agroforest,Entamoeba,0,Protozoa
2743,Rattus rattus,Mandena,agroforest,Heligmosomoidea,0,Nematode
2743,Rattus rattus,Mandena,agroforest,Nippostrongylus,1,Nematode
2743,Rattus rattus,Mandena,agroforest,Trichostrongylidae,0,Nematode
2743,Rattus rattus,Mandena,agroforest,Hypotrichomonas,0,Protozoa
2743,Rattus rattus,Mandena,agroforest,Tritrichomonas,1,Protozoa
2743,Rattus rattus,Mandena,agroforest,Eimeria,0,Protozoa
2743,Rattus rattus,Mandena,agroforest,Heligmonellidae,0,Nematode
2743,Rattus rattus,Mandena,agroforest,Hexamastix,0,Protozoa
2743,Rattus rattus,Mandena,agroforest,Tetratrichomonas,0,Protozoa
2744,Rattus rattus,Mandena,agroforest,Blastocystis,1,Protozoa
2744,Rattus rattus,Mandena,agroforest,Entamoeba,0,Protozoa
2744,Rattus rattus,Mandena,agroforest,Heligmosomoidea,0,Nematode
2744,Rattus rattus,Mandena,agroforest,Nippostrongylus,1,Nematode
2744,Rattus rattus,Mandena,agroforest,Trichostrongylidae,0,Nematode
2744,Rattus rattus,Mandena,agroforest,Hypotrichomonas,0,Protozoa
2744,Rattus rattus,Mandena,agroforest,Tritrichomonas,1,Protozoa
2744,Rattus rattus,Mandena,agroforest,Eimeria,0,Protozoa
2744,Rattus rattus,Mandena,agroforest,Heligmonellidae,0,Nematode
2744,Rattus rattus,Mandena,agroforest,Hexamastix,0,Protozoa
2744,Rattus rattus,Mandena,agroforest,Tetratrichomonas,0,Protozoa
2745,Rattus rattus,Mandena,agroforest,Blastocystis,0,Protozoa
2745,Rattus rattus,Mandena,agroforest,Entamoeba,0,Protozoa
2745,Rattus rattus,Mandena,agroforest,Heligmosomoidea,0,Nematode
2745,Rattus rattus,Mandena,agroforest,Nippostrongylus,1,Nematode
2745,Rattus rattus,Mandena,agroforest,Trichostrongylidae,0,Nematode
2745,Rattus rattus,Mandena,agroforest,Hypotrichomonas,0,Protozoa
2745,Rattus rattus,Mandena,agroforest,Tritrichomonas,1,Protozoa
2745,Rattus rattus,Mandena,agroforest,Eimeria,0,Protozoa
2745,Rattus rattus,Mandena,agroforest,Heligmonellidae,0,Nematode
2745,Rattus rattus,Mandena,agroforest,Hexamastix,0,Protozoa
2745,Rattus rattus,Mandena,agroforest,Tetratrichomonas,0,Protozoa
2747,Rattus rattus,Mandena,agroforest,Blastocystis,0,Protozoa
2747,Rattus rattus,Mandena,agroforest,Entamoeba,0,Protozoa
2747,Rattus rattus,Mandena,agroforest,Heligmosomoidea,0,Nematode
2747,Rattus rattus,Mandena,agroforest,Nippostrongylus,1,Nematode
2747,Rattus rattus,Mandena,agroforest,Trichostrongylidae,0,Nematode
2747,Rattus rattus,Mandena,agroforest,Hypotrichomonas,0,Protozoa
2747,Rattus rattus,Mandena,agroforest,Tritrichomonas,1,Protozoa
2747,Rattus rattus,Mandena,agroforest,Eimeria,0,Protozoa
2747,Rattus rattus,Mandena,agroforest,Heligmonellidae,0,Nematode
2747,Rattus rattus,Mandena,agroforest,Hexamastix,0,Protozoa
2747,Rattus rattus,Mandena,agroforest,Tetratrichomonas,0,Protozoa
2748,Rattus rattus,Mandena,agroforest,Blastocystis,1,Protozoa
2748,Rattus rattus,Mandena,agroforest,Entamoeba,0,Protozoa
2748,Rattus rattus,Mandena,agroforest,Heligmosomoidea,0,Nematode
2748,Rattus rattus,Mandena,agroforest,Nippostrongylus,1,Nematode
2748,Rattus rattus,Mandena,agroforest,Trichostrongylidae,0,Nematode
2748,Rattus rattus,Mandena,agroforest,Hypotrichomonas,1,Protozoa
2748,Rattus rattus,Mandena,agroforest,Tritrichomonas,1,Protozoa
2748,Rattus rattus,Mandena,agroforest,Eimeria,0,Protozoa
2748,Rattus rattus,Mandena,agroforest,Heligmonellidae,0,Nematode
2748,Rattus rattus,Mandena,agroforest,Hexamastix,0,Protozoa
2748,Rattus rattus,Mandena,agroforest,Tetratrichomonas,0,Protozoa
2749,Rattus rattus,Mandena,agroforest,Blastocystis,0,Protozoa
2749,Rattus rattus,Mandena,agroforest,Entamoeba,0,Protozoa
2749,Rattus rattus,Mandena,agroforest,Heligmosomoidea,0,Nematode
2749,Rattus rattus,Mandena,agroforest,Nippostrongylus,1,Nematode
2749,Rattus rattus,Mandena,agroforest,Trichostrongylidae,0,Nematode
2749,Rattus rattus,Mandena,agroforest,Hypotrichomonas,1,Protozoa
2749,Rattus rattus,Mandena,agroforest,Tritrichomonas,1,Protozoa
2749,Rattus rattus,Mandena,agroforest,Eimeria,0,Protozoa
2749,Rattus rattus,Mandena,agroforest,Heligmonellidae,0,Nematode
2749,Rattus rattus,Mandena,agroforest,Hexamastix,0,Protozoa
2749,Rattus rattus,Mandena,agroforest,Tetratrichomonas,0,Protozoa
2751,Rattus rattus,Mandena,village,Blastocystis,1,Protozoa
2751,Rattus rattus,Mandena,village,Entamoeba,0,Protozoa
2751,Rattus rattus,Mandena,village,Heligmosomoidea,1,Nematode
2751,Rattus rattus,Mandena,village,Nippostrongylus,1,Nematode
2751,Rattus rattus,Mandena,village,Trichostrongylidae,1,Nematode
2751,Rattus rattus,Mandena,village,Hypotrichomonas,0,Protozoa
2751,Rattus rattus,Mandena,village,Tritrichomonas,1,Protozoa
2751,Rattus rattus,Mandena,village,Eimeria,0,Protozoa
2751,Rattus rattus,Mandena,village,Heligmonellidae,1,Nematode
2751,Rattus rattus,Mandena,village,Hexamastix,1,Protozoa
2751,Rattus rattus,Mandena,village,Tetratrichomonas,0,Protozoa
2754,Rattus rattus,Mandena,agroforest,Blastocystis,0,Protozoa
2754,Rattus rattus,Mandena,agroforest,Entamoeba,0,Protozoa
2754,Rattus rattus,Mandena,agroforest,Heligmosomoidea,0,Nematode
2754,Rattus rattus,Mandena,agroforest,Nippostrongylus,1,Nematode
2754,Rattus rattus,Mandena,agroforest,Trichostrongylidae,0,Nematode
2754,Rattus rattus,Mandena,agroforest,Hypotrichomonas,0,Protozoa
2754,Rattus rattus,Mandena,agroforest,Tritrichomonas,1,Protozoa
2754,Rattus rattus,Mandena,agroforest,Eimeria,0,Protozoa
2754,Rattus rattus,Mandena,agroforest,Heligmonellidae,0,Nematode
2754,Rattus rattus,Mandena,agroforest,Hexamastix,0,Protozoa
2754,Rattus rattus,Mandena,agroforest,Tetratrichomonas,0,Protozoa
2755,Rattus rattus,Mandena,agroforest,Blastocystis,0,Protozoa
2755,Rattus rattus,Mandena,agroforest,Entamoeba,0,Protozoa
2755,Rattus rattus,Mandena,agroforest,Heligmosomoidea,0,Nematode
2755,Rattus rattus,Mandena,agroforest,Nippostrongylus,1,Nematode
2755,Rattus rattus,Mandena,agroforest,Trichostrongylidae,0,Nematode
2755,Rattus rattus,Mandena,agroforest,Hypotrichomonas,1,Protozoa
2755,Rattus rattus,Mandena,agroforest,Tritrichomonas,0,Protozoa
2755,Rattus rattus,Mandena,agroforest,Eimeria,1,Protozoa
2755,Rattus rattus,Mandena,agroforest,Heligmonellidae,0,Nematode
2755,Rattus rattus,Mandena,agroforest,Hexamastix,0,Protozoa
2755,Rattus rattus,Mandena,agroforest,Tetratrichomonas,0,Protozoa
2756,Rattus rattus,Mandena,agroforest,Blastocystis,1,Protozoa
2756,Rattus rattus,Mandena,agroforest,Entamoeba,0,Protozoa
2756,Rattus rattus,Mandena,agroforest,Heligmosomoidea,0,Nematode
2756,Rattus rattus,Mandena,agroforest,Nippostrongylus,1,Nematode
2756,Rattus rattus,Mandena,agroforest,Trichostrongylidae,0,Nematode
2756,Rattus rattus,Mandena,agroforest,Hypotrichomonas,0,Protozoa
2756,Rattus rattus,Mandena,agroforest,Tritrichomonas,1,Protozoa
2756,Rattus rattus,Mandena,agroforest,Eimeria,0,Protozoa
2756,Rattus rattus,Mandena,agroforest,Heligmonellidae,0,Nematode
2756,Rattus rattus,Mandena,agroforest,Hexamastix,0,Protozoa
2756,Rattus rattus,Mandena,agroforest,Tetratrichomonas,0,Protozoa
2757,Rattus rattus,Mandena,agroforest,Blastocystis,0,Protozoa
2757,Rattus rattus,Mandena,agroforest,Entamoeba,0,Protozoa
2757,Rattus rattus,Mandena,agroforest,Heligmosomoidea,0,Nematode
2757,Rattus rattus,Mandena,agroforest,Nippostrongylus,1,Nematode
2757,Rattus rattus,Mandena,agroforest,Trichostrongylidae,0,Nematode
2757,Rattus rattus,Mandena,agroforest,Hypotrichomonas,0,Protozoa
2757,Rattus rattus,Mandena,agroforest,Tritrichomonas,1,Protozoa
2757,Rattus rattus,Mandena,agroforest,Eimeria,1,Protozoa
2757,Rattus rattus,Mandena,agroforest,Heligmonellidae,0,Nematode
2757,Rattus rattus,Mandena,agroforest,Hexamastix,0,Protozoa
2757,Rattus rattus,Mandena,agroforest,Tetratrichomonas,0,Protozoa
2758,Rattus rattus,Mandena,agroforest,Blastocystis,0,Protozoa
2758,Rattus rattus,Mandena,agroforest,Entamoeba,0,Protozoa
2758,Rattus rattus,Mandena,agroforest,Heligmosomoidea,0,Nematode
2758,Rattus rattus,Mandena,agroforest,Nippostrongylus,1,Nematode
2758,Rattus rattus,Mandena,agroforest,Trichostrongylidae,0,Nematode
2758,Rattus rattus,Mandena,agroforest,Hypotrichomonas,0,Protozoa
2758,Rattus rattus,Mandena,agroforest,Tritrichomonas,1,Protozoa
2758,Rattus rattus,Mandena,agroforest,Eimeria,1,Protozoa
2758,Rattus rattus,Mandena,agroforest,Heligmonellidae,0,Nematode
2758,Rattus rattus,Mandena,agroforest,Hexamastix,0,Protozoa
2758,Rattus rattus,Mandena,agroforest,Tetratrichomonas,0,Protozoa
2759,Rattus rattus,Mandena,agroforest,Blastocystis,0,Protozoa
2759,Rattus rattus,Mandena,agroforest,Entamoeba,0,Protozoa
2759,Rattus rattus,Mandena,agroforest,Heligmosomoidea,0,Nematode
2759,Rattus rattus,Mandena,agroforest,Nippostrongylus,1,Nematode
2759,Rattus rattus,Mandena,agroforest,Trichostrongylidae,0,Nematode
2759,Rattus rattus,Mandena,agroforest,Hypotrichomonas,1,Protozoa
2759,Rattus rattus,Mandena,agroforest,Tritrichomonas,1,Protozoa
2759,Rattus rattus,Mandena,agroforest,Eimeria,0,Protozoa
2759,Rattus rattus,Mandena,agroforest,Heligmonellidae,0,Nematode
2759,Rattus rattus,Mandena,agroforest,Hexamastix,0,Protozoa
2759,Rattus rattus,Mandena,agroforest,Tetratrichomonas,0,Protozoa
2761,Microgale brevicaudata,Mandena,agroforest,Blastocystis,0,Protozoa
2761,Microgale brevicaudata,Mandena,agroforest,Entamoeba,0,Protozoa
2761,Microgale brevicaudata,Mandena,agroforest,Heligmosomoidea,0,Nematode
2761,Microgale brevicaudata,Mandena,agroforest,Nippostrongylus,0,Nematode
2761,Microgale brevicaudata,Mandena,agroforest,Trichostrongylidae,1,Nematode
2761,Microgale brevicaudata,Mandena,agroforest,Hypotrichomonas,0,Protozoa
2761,Microgale brevicaudata,Mandena,agroforest,Tritrichomonas,0,Protozoa
2761,Microgale brevicaudata,Mandena,agroforest,Eimeria,1,Protozoa
2761,Microgale brevicaudata,Mandena,agroforest,Heligmonellidae,0,Nematode
2761,Microgale brevicaudata,Mandena,agroforest,Hexamastix,0,Protozoa
2761,Microgale brevicaudata,Mandena,agroforest,Tetratrichomonas,0,Protozoa
2762,Rattus rattus,Mandena,village,Blastocystis,0,Protozoa
2762,Rattus rattus,Mandena,village,Entamoeba,0,Protozoa
2762,Rattus rattus,Mandena,village,Heligmosomoidea,0,Nematode
2762,Rattus rattus,Mandena,village,Nippostrongylus,0,Nematode
2762,Rattus rattus,Mandena,village,Trichostrongylidae,0,Nematode
2762,Rattus rattus,Mandena,village,Hypotrichomonas,0,Protozoa
2762,Rattus rattus,Mandena,village,Tritrichomonas,0,Protozoa
2762,Rattus rattus,Mandena,village,Eimeria,1,Protozoa
2762,Rattus rattus,Mandena,village,Heligmonellidae,0,Nematode
2762,Rattus rattus,Mandena,village,Hexamastix,1,Protozoa
2762,Rattus rattus,Mandena,village,Tetratrichomonas,0,Protozoa
2764,Rattus rattus,Mandena,village,Blastocystis,0,Protozoa
2764,Rattus rattus,Mandena,village,Entamoeba,0,Protozoa
2764,Rattus rattus,Mandena,village,Heligmosomoidea,0,Nematode
2764,Rattus rattus,Mandena,village,Nippostrongylus,1,Nematode
2764,Rattus rattus,Mandena,village,Trichostrongylidae,0,Nematode
2764,Rattus rattus,Mandena,village,Hypotrichomonas,1,Protozoa
2764,Rattus rattus,Mandena,village,Tritrichomonas,1,Protozoa
2764,Rattus rattus,Mandena,village,Eimeria,0,Protozoa
2764,Rattus rattus,Mandena,village,Heligmonellidae,0,Nematode
2764,Rattus rattus,Mandena,village,Hexamastix,0,Protozoa
2764,Rattus rattus,Mandena,village,Tetratrichomonas,0,Protozoa
2765,Rattus rattus,Mandena,agroforest,Blastocystis,0,Protozoa
2765,Rattus rattus,Mandena,agroforest,Entamoeba,0,Protozoa
2765,Rattus rattus,Mandena,agroforest,Heligmosomoidea,0,Nematode
2765,Rattus rattus,Mandena,agroforest,Nippostrongylus,0,Nematode
2765,Rattus rattus,Mandena,agroforest,Trichostrongylidae,0,Nematode
2765,Rattus rattus,Mandena,agroforest,Hypotrichomonas,1,Protozoa
2765,Rattus rattus,Mandena,agroforest,Tritrichomonas,1,Protozoa
2765,Rattus rattus,Mandena,agroforest,Eimeria,0,Protozoa
2765,Rattus rattus,Mandena,agroforest,Heligmonellidae,0,Nematode
2765,Rattus rattus,Mandena,agroforest,Hexamastix,0,Protozoa
2765,Rattus rattus,Mandena,agroforest,Tetratrichomonas,0,Protozoa
2766,Rattus rattus,Mandena,agroforest,Blastocystis,0,Protozoa
2766,Rattus rattus,Mandena,agroforest,Entamoeba,0,Protozoa
2766,Rattus rattus,Mandena,agroforest,Heligmosomoidea,0,Nematode
2766,Rattus rattus,Mandena,agroforest,Nippostrongylus,1,Nematode
2766,Rattus rattus,Mandena,agroforest,Trichostrongylidae,0,Nematode
2766,Rattus rattus,Mandena,agroforest,Hypotrichomonas,0,Protozoa
2766,Rattus rattus,Mandena,agroforest,Tritrichomonas,1,Protozoa
2766,Rattus rattus,Mandena,agroforest,Eimeria,0,Protozoa
2766,Rattus rattus,Mandena,agroforest,Heligmonellidae,0,Nematode
2766,Rattus rattus,Mandena,agroforest,Hexamastix,0,Protozoa
2766,Rattus rattus,Mandena,agroforest,Tetratrichomonas,0,Protozoa
2767,Microgale brevicaudata,Mandena,agroforest,Blastocystis,0,Protozoa
2767,Microgale brevicaudata,Mandena,agroforest,Entamoeba,0,Protozoa
2767,Microgale brevicaudata,Mandena,agroforest,Heligmosomoidea,0,Nematode
2767,Microgale brevicaudata,Mandena,agroforest,Nippostrongylus,0,Nematode
2767,Microgale brevicaudata,Mandena,agroforest,Trichostrongylidae,1,Nematode
2767,Microgale brevicaudata,Mandena,agroforest,Hypotrichomonas,0,Protozoa
2767,Microgale brevicaudata,Mandena,agroforest,Tritrichomonas,0,Protozoa
2767,Microgale brevicaudata,Mandena,agroforest,Eimeria,1,Protozoa
2767,Microgale brevicaudata,Mandena,agroforest,Heligmonellidae,0,Nematode
2767,Microgale brevicaudata,Mandena,agroforest,Hexamastix,0,Protozoa
2767,Microgale brevicaudata,Mandena,agroforest,Tetratrichomonas,0,Protozoa
2769,Rattus rattus,Mandena,agroforest,Blastocystis,0,Protozoa
2769,Rattus rattus,Mandena,agroforest,Entamoeba,0,Protozoa
2769,Rattus rattus,Mandena,agroforest,Heligmosomoidea,0,Nematode
2769,Rattus rattus,Mandena,agroforest,Nippostrongylus,1,Nematode
2769,Rattus rattus,Mandena,agroforest,Trichostrongylidae,0,Nematode
2769,Rattus rattus,Mandena,agroforest,Hypotrichomonas,0,Protozoa
2769,Rattus rattus,Mandena,agroforest,Tritrichomonas,1,Protozoa
2769,Rattus rattus,Mandena,agroforest,Eimeria,0,Protozoa
2769,Rattus rattus,Mandena,agroforest,Heligmonellidae,0,Nematode
2769,Rattus rattus,Mandena,agroforest,Hexamastix,0,Protozoa
2769,Rattus rattus,Mandena,agroforest,Tetratrichomonas,0,Protozoa
2770,Rattus rattus,Mandena,agroforest,Blastocystis,0,Protozoa
2770,Rattus rattus,Mandena,agroforest,Entamoeba,0,Protozoa
2770,Rattus rattus,Mandena,agroforest,Heligmosomoidea,0,Nematode
2770,Rattus rattus,Mandena,agroforest,Nippostrongylus,1,Nematode
2770,Rattus rattus,Mandena,agroforest,Trichostrongylidae,0,Nematode
2770,Rattus rattus,Mandena,agroforest,Hypotrichomonas,1,Protozoa
2770,Rattus rattus,Mandena,agroforest,Tritrichomonas,1,Protozoa
2770,Rattus rattus,Mandena,agroforest,Eimeria,0,Protozoa
2770,Rattus rattus,Mandena,agroforest,Heligmonellidae,0,Nematode
2770,Rattus rattus,Mandena,agroforest,Hexamastix,0,Protozoa
2770,Rattus rattus,Mandena,agroforest,Tetratrichomonas,0,Protozoa
2017,Rattus rattus,Mandena,brushy_regrowth,Blastocystis,0,Protozoa
2017,Rattus rattus,Mandena,brushy_regrowth,Entamoeba,0,Protozoa
2017,Rattus rattus,Mandena,brushy_regrowth,Heligmosomoidea,0,Nematode
2017,Rattus rattus,Mandena,brushy_regrowth,Nippostrongylus,1,Nematode
2017,Rattus rattus,Mandena,brushy_regrowth,Trichostrongylidae,0,Nematode
2017,Rattus rattus,Mandena,brushy_regrowth,Hypotrichomonas,0,Protozoa
2017,Rattus rattus,Mandena,brushy_regrowth,Tritrichomonas,0,Protozoa
2017,Rattus rattus,Mandena,brushy_regrowth,Eimeria,0,Protozoa
2017,Rattus rattus,Mandena,brushy_regrowth,Heligmonellidae,0,Nematode
2017,Rattus rattus,Mandena,brushy_regrowth,Hexamastix,0,Protozoa
2017,Rattus rattus,Mandena,brushy_regrowth,Tetratrichomonas,0,Protozoa
2020,Rattus rattus,Mandena,brushy_regrowth,Blastocystis,0,Protozoa
2020,Rattus rattus,Mandena,brushy_regrowth,Entamoeba,0,Protozoa
2020,Rattus rattus,Mandena,brushy_regrowth,Heligmosomoidea,0,Nematode
2020,Rattus rattus,Mandena,brushy_regrowth,Nippostrongylus,1,Nematode
2020,Rattus rattus,Mandena,brushy_regrowth,Trichostrongylidae,0,Nematode
2020,Rattus rattus,Mandena,brushy_regrowth,Hypotrichomonas,0,Protozoa
2020,Rattus rattus,Mandena,brushy_regrowth,Tritrichomonas,0,Protozoa
2020,Rattus rattus,Mandena,brushy_regrowth,Eimeria,0,Protozoa
2020,Rattus rattus,Mandena,brushy_regrowth,Heligmonellidae,0,Nematode
2020,Rattus rattus,Mandena,brushy_regrowth,Hexamastix,0,Protozoa
2020,Rattus rattus,Mandena,brushy_regrowth,Tetratrichomonas,0,Protozoa
2043,Microgale brevicaudata,Mandena,agriculture,Blastocystis,0,Protozoa
2043,Microgale brevicaudata,Mandena,agriculture,Entamoeba,0,Protozoa
2043,Microgale brevicaudata,Mandena,agriculture,Heligmosomoidea,0,Nematode
2043,Microgale brevicaudata,Mandena,agriculture,Nippostrongylus,0,Nematode
2043,Microgale brevicaudata,Mandena,agriculture,Trichostrongylidae,0,Nematode
2043,Microgale brevicaudata,Mandena,agriculture,Hypotrichomonas,0,Protozoa
2043,Microgale brevicaudata,Mandena,agriculture,Tritrichomonas,0,Protozoa
2043,Microgale brevicaudata,Mandena,agriculture,Eimeria,0,Protozoa
2043,Microgale brevicaudata,Mandena,agriculture,Heligmonellidae,0,Nematode
2043,Microgale brevicaudata,Mandena,agriculture,Hexamastix,0,Protozoa
2043,Microgale brevicaudata,Mandena,agriculture,Tetratrichomonas,0,Protozoa
2055,Rattus rattus,Mandena,agriculture,Blastocystis,0,Protozoa
2055,Rattus rattus,Mandena,agriculture,Entamoeba,0,Protozoa
2055,Rattus rattus,Mandena,agriculture,Heligmosomoidea,0,Nematode
2055,Rattus rattus,Mandena,agriculture,Nippostrongylus,1,Nematode
2055,Rattus rattus,Mandena,agriculture,Trichostrongylidae,0,Nematode
2055,Rattus rattus,Mandena,agriculture,Hypotrichomonas,0,Protozoa
2055,Rattus rattus,Mandena,agriculture,Tritrichomonas,0,Protozoa
2055,Rattus rattus,Mandena,agriculture,Eimeria,0,Protozoa
2055,Rattus rattus,Mandena,agriculture,Heligmonellidae,0,Nematode
2055,Rattus rattus,Mandena,agriculture,Hexamastix,0,Protozoa
2055,Rattus rattus,Mandena,agriculture,Tetratrichomonas,0,Protozoa
2063,Rattus rattus,Mandena,agriculture,Blastocystis,0,Protozoa
2063,Rattus rattus,Mandena,agriculture,Entamoeba,0,Protozoa
2063,Rattus rattus,Mandena,agriculture,Heligmosomoidea,0,Nematode
2063,Rattus rattus,Mandena,agriculture,Nippostrongylus,1,Nematode
2063,Rattus rattus,Mandena,agriculture,Trichostrongylidae,0,Nematode
2063,Rattus rattus,Mandena,agriculture,Hypotrichomonas,0,Protozoa
2063,Rattus rattus,Mandena,agriculture,Tritrichomonas,0,Protozoa
2063,Rattus rattus,Mandena,agriculture,Eimeria,0,Protozoa
2063,Rattus rattus,Mandena,agriculture,Heligmonellidae,0,Nematode
2063,Rattus rattus,Mandena,agriculture,Hexamastix,0,Protozoa
2063,Rattus rattus,Mandena,agriculture,Tetratrichomonas,0,Protozoa
2067,Rattus rattus,Mandena,agriculture,Blastocystis,0,Protozoa
2067,Rattus rattus,Mandena,agriculture,Entamoeba,0,Protozoa
2067,Rattus rattus,Mandena,agriculture,Heligmosomoidea,0,Nematode
2067,Rattus rattus,Mandena,agriculture,Nippostrongylus,1,Nematode
2067,Rattus rattus,Mandena,agriculture,Trichostrongylidae,0,Nematode
2067,Rattus rattus,Mandena,agriculture,Hypotrichomonas,0,Protozoa
2067,Rattus rattus,Mandena,agriculture,Tritrichomonas,0,Protozoa
2067,Rattus rattus,Mandena,agriculture,Eimeria,0,Protozoa
2067,Rattus rattus,Mandena,agriculture,Heligmonellidae,0,Nematode
2067,Rattus rattus,Mandena,agriculture,Hexamastix,0,Protozoa
2067,Rattus rattus,Mandena,agriculture,Tetratrichomonas,0,Protozoa
2093,Rattus rattus,Mandena,agriculture,Blastocystis,0,Protozoa
2093,Rattus rattus,Mandena,agriculture,Entamoeba,0,Protozoa
2093,Rattus rattus,Mandena,agriculture,Heligmosomoidea,0,Nematode
2093,Rattus rattus,Mandena,agriculture,Nippostrongylus,1,Nematode
2093,Rattus rattus,Mandena,agriculture,Trichostrongylidae,0,Nematode
2093,Rattus rattus,Mandena,agriculture,Hypotrichomonas,0,Protozoa
2093,Rattus rattus,Mandena,agriculture,Tritrichomonas,0,Protozoa
2093,Rattus rattus,Mandena,agriculture,Eimeria,0,Protozoa
2093,Rattus rattus,Mandena,agriculture,Heligmonellidae,0,Nematode
2093,Rattus rattus,Mandena,agriculture,Hexamastix,0,Protozoa
2093,Rattus rattus,Mandena,agriculture,Tetratrichomonas,0,Protozoa
2096,Rattus rattus,Mandena,agriculture,Blastocystis,0,Protozoa
2096,Rattus rattus,Mandena,agriculture,Entamoeba,0,Protozoa
2096,Rattus rattus,Mandena,agriculture,Heligmosomoidea,0,Nematode
2096,Rattus rattus,Mandena,agriculture,Nippostrongylus,0,Nematode
2096,Rattus rattus,Mandena,agriculture,Trichostrongylidae,0,Nematode
2096,Rattus rattus,Mandena,agriculture,Hypotrichomonas,0,Protozoa
2096,Rattus rattus,Mandena,agriculture,Tritrichomonas,0,Protozoa
2096,Rattus rattus,Mandena,agriculture,Eimeria,0,Protozoa
2096,Rattus rattus,Mandena,agriculture,Heligmonellidae,0,Nematode
2096,Rattus rattus,Mandena,agriculture,Hexamastix,0,Protozoa
2096,Rattus rattus,Mandena,agriculture,Tetratrichomonas,0,Protozoa
2103,Rattus rattus,Mandena,village,Blastocystis,0,Protozoa
2103,Rattus rattus,Mandena,village,Entamoeba,0,Protozoa
2103,Rattus rattus,Mandena,village,Heligmosomoidea,0,Nematode
2103,Rattus rattus,Mandena,village,Nippostrongylus,1,Nematode
2103,Rattus rattus,Mandena,village,Trichostrongylidae,0,Nematode
2103,Rattus rattus,Mandena,village,Hypotrichomonas,0,Protozoa
2103,Rattus rattus,Mandena,village,Tritrichomonas,0,Protozoa
2103,Rattus rattus,Mandena,village,Eimeria,0,Protozoa
2103,Rattus rattus,Mandena,village,Heligmonellidae,0,Nematode
2103,Rattus rattus,Mandena,village,Hexamastix,0,Protozoa
2103,Rattus rattus,Mandena,village,Tetratrichomonas,0,Protozoa
2108,Microgale brevicaudata,Mandena,secondary_forest,Blastocystis,0,Protozoa
2108,Microgale brevicaudata,Mandena,secondary_forest,Entamoeba,0,Protozoa
2108,Microgale brevicaudata,Mandena,secondary_forest,Heligmosomoidea,1,Nematode
2108,Microgale brevicaudata,Mandena,secondary_forest,Nippostrongylus,0,Nematode
2108,Microgale brevicaudata,Mandena,secondary_forest,Trichostrongylidae,1,Nematode
2108,Microgale brevicaudata,Mandena,secondary_forest,Hypotrichomonas,0,Protozoa
2108,Microgale brevicaudata,Mandena,secondary_forest,Tritrichomonas,0,Protozoa
2108,Microgale brevicaudata,Mandena,secondary_forest,Eimeria,0,Protozoa
2108,Microgale brevicaudata,Mandena,secondary_forest,Heligmonellidae,0,Nematode
2108,Microgale brevicaudata,Mandena,secondary_forest,Hexamastix,0,Protozoa
2108,Microgale brevicaudata,Mandena,secondary_forest,Tetratrichomonas,0,Protozoa
2112,Rattus rattus,Mandena,secondary_forest,Blastocystis,0,Protozoa
2112,Rattus rattus,Mandena,secondary_forest,Entamoeba,0,Protozoa
2112,Rattus rattus,Mandena,secondary_forest,Heligmosomoidea,0,Nematode
2112,Rattus rattus,Mandena,secondary_forest,Nippostrongylus,0,Nematode
2112,Rattus rattus,Mandena,secondary_forest,Trichostrongylidae,0,Nematode
2112,Rattus rattus,Mandena,secondary_forest,Hypotrichomonas,0,Protozoa
2112,Rattus rattus,Mandena,secondary_forest,Tritrichomonas,0,Protozoa
2112,Rattus rattus,Mandena,secondary_forest,Eimeria,0,Protozoa
2112,Rattus rattus,Mandena,secondary_forest,Heligmonellidae,0,Nematode
2112,Rattus rattus,Mandena,secondary_forest,Hexamastix,0,Protozoa
2112,Rattus rattus,Mandena,secondary_forest,Tetratrichomonas,0,Protozoa
2117,Microgale brevicaudata,Mandena,secondary_forest,Blastocystis,0,Protozoa
2117,Microgale brevicaudata,Mandena,secondary_forest,Entamoeba,0,Protozoa
2117,Microgale brevicaudata,Mandena,secondary_forest,Heligmosomoidea,0,Nematode
2117,Microgale brevicaudata,Mandena,secondary_forest,Nippostrongylus,0,Nematode
2117,Microgale brevicaudata,Mandena,secondary_forest,Trichostrongylidae,0,Nematode
2117,Microgale brevicaudata,Mandena,secondary_forest,Hypotrichomonas,0,Protozoa
2117,Microgale brevicaudata,Mandena,secondary_forest,Tritrichomonas,0,Protozoa
2117,Microgale brevicaudata,Mandena,secondary_forest,Eimeria,0,Protozoa
2117,Microgale brevicaudata,Mandena,secondary_forest,Heligmonellidae,0,Nematode
2117,Microgale brevicaudata,Mandena,secondary_forest,Hexamastix,0,Protozoa
2117,Microgale brevicaudata,Mandena,secondary_forest,Tetratrichomonas,0,Protozoa
2127,Rattus rattus,Mandena,secondary_forest,Blastocystis,0,Protozoa
2127,Rattus rattus,Mandena,secondary_forest,Entamoeba,0,Protozoa
2127,Rattus rattus,Mandena,secondary_forest,Heligmosomoidea,0,Nematode
2127,Rattus rattus,Mandena,secondary_forest,Nippostrongylus,1,Nematode
2127,Rattus rattus,Mandena,secondary_forest,Trichostrongylidae,0,Nematode
2127,Rattus rattus,Mandena,secondary_forest,Hypotrichomonas,0,Protozoa
2127,Rattus rattus,Mandena,secondary_forest,Tritrichomonas,0,Protozoa
2127,Rattus rattus,Mandena,secondary_forest,Eimeria,0,Protozoa
2127,Rattus rattus,Mandena,secondary_forest,Heligmonellidae,0,Nematode
2127,Rattus rattus,Mandena,secondary_forest,Hexamastix,0,Protozoa
2127,Rattus rattus,Mandena,secondary_forest,Tetratrichomonas,0,Protozoa
2128,Rattus rattus,Mandena,secondary_forest,Blastocystis,0,Protozoa
2128,Rattus rattus,Mandena,secondary_forest,Entamoeba,0,Protozoa
2128,Rattus rattus,Mandena,secondary_forest,Heligmosomoidea,0,Nematode
2128,Rattus rattus,Mandena,secondary_forest,Nippostrongylus,1,Nematode
2128,Rattus rattus,Mandena,secondary_forest,Trichostrongylidae,0,Nematode
2128,Rattus rattus,Mandena,secondary_forest,Hypotrichomonas,0,Protozoa
2128,Rattus rattus,Mandena,secondary_forest,Tritrichomonas,0,Protozoa
2128,Rattus rattus,Mandena,secondary_forest,Eimeria,0,Protozoa
2128,Rattus rattus,Mandena,secondary_forest,Heligmonellidae,0,Nematode
2128,Rattus rattus,Mandena,secondary_forest,Hexamastix,0,Protozoa
2128,Rattus rattus,Mandena,secondary_forest,Tetratrichomonas,0,Protozoa
2129,Rattus rattus,Mandena,secondary_forest,Blastocystis,0,Protozoa
2129,Rattus rattus,Mandena,secondary_forest,Entamoeba,0,Protozoa
2129,Rattus rattus,Mandena,secondary_forest,Heligmosomoidea,0,Nematode
2129,Rattus rattus,Mandena,secondary_forest,Nippostrongylus,1,Nematode
2129,Rattus rattus,Mandena,secondary_forest,Trichostrongylidae,0,Nematode
2129,Rattus rattus,Mandena,secondary_forest,Hypotrichomonas,0,Protozoa
2129,Rattus rattus,Mandena,secondary_forest,Tritrichomonas,0,Protozoa
2129,Rattus rattus,Mandena,secondary_forest,Eimeria,0,Protozoa
2129,Rattus rattus,Mandena,secondary_forest,Heligmonellidae,0,Nematode
2129,Rattus rattus,Mandena,secondary_forest,Hexamastix,0,Protozoa
2129,Rattus rattus,Mandena,secondary_forest,Tetratrichomonas,0,Protozoa
2130,Rattus rattus,Mandena,secondary_forest,Blastocystis,0,Protozoa
2130,Rattus rattus,Mandena,secondary_forest,Entamoeba,0,Protozoa
2130,Rattus rattus,Mandena,secondary_forest,Heligmosomoidea,0,Nematode
2130,Rattus rattus,Mandena,secondary_forest,Nippostrongylus,1,Nematode
2130,Rattus rattus,Mandena,secondary_forest,Trichostrongylidae,0,Nematode
2130,Rattus rattus,Mandena,secondary_forest,Hypotrichomonas,0,Protozoa
2130,Rattus rattus,Mandena,secondary_forest,Tritrichomonas,0,Protozoa
2130,Rattus rattus,Mandena,secondary_forest,Eimeria,0,Protozoa
2130,Rattus rattus,Mandena,secondary_forest,Heligmonellidae,0,Nematode
2130,Rattus rattus,Mandena,secondary_forest,Hexamastix,0,Protozoa
2130,Rattus rattus,Mandena,secondary_forest,Tetratrichomonas,0,Protozoa
2138,Rattus rattus,Mandena,semi-intact_forest,Blastocystis,0,Protozoa
2138,Rattus rattus,Mandena,semi-intact_forest,Entamoeba,0,Protozoa
2138,Rattus rattus,Mandena,semi-intact_forest,Heligmosomoidea,0,Nematode
2138,Rattus rattus,Mandena,semi-intact_forest,Nippostrongylus,0,Nematode
2138,Rattus rattus,Mandena,semi-intact_forest,Trichostrongylidae,0,Nematode
2138,Rattus rattus,Mandena,semi-intact_forest,Hypotrichomonas,0,Protozoa
2138,Rattus rattus,Mandena,semi-intact_forest,Tritrichomonas,0,Protozoa
2138,Rattus rattus,Mandena,semi-intact_forest,Eimeria,0,Protozoa
2138,Rattus rattus,Mandena,semi-intact_forest,Heligmonellidae,0,Nematode
2138,Rattus rattus,Mandena,semi-intact_forest,Hexamastix,0,Protozoa
2138,Rattus rattus,Mandena,semi-intact_forest,Tetratrichomonas,0,Protozoa
2140,Rattus rattus,Mandena,semi-intact_forest,Blastocystis,0,Protozoa
2140,Rattus rattus,Mandena,semi-intact_forest,Entamoeba,0,Protozoa
2140,Rattus rattus,Mandena,semi-intact_forest,Heligmosomoidea,0,Nematode
2140,Rattus rattus,Mandena,semi-intact_forest,Nippostrongylus,0,Nematode
2140,Rattus rattus,Mandena,semi-intact_forest,Trichostrongylidae,0,Nematode
2140,Rattus rattus,Mandena,semi-intact_forest,Hypotrichomonas,0,Protozoa
2140,Rattus rattus,Mandena,semi-intact_forest,Tritrichomonas,0,Protozoa
2140,Rattus rattus,Mandena,semi-intact_forest,Eimeria,0,Protozoa
2140,Rattus rattus,Mandena,semi-intact_forest,Heligmonellidae,0,Nematode
2140,Rattus rattus,Mandena,semi-intact_forest,Hexamastix,0,Protozoa
2140,Rattus rattus,Mandena,semi-intact_forest,Tetratrichomonas,0,Protozoa
2154,Rattus rattus,Mandena,flooded_rice,Blastocystis,0,Protozoa
2154,Rattus rattus,Mandena,flooded_rice,Entamoeba,0,Protozoa
2154,Rattus rattus,Mandena,flooded_rice,Heligmosomoidea,0,Nematode
2154,Rattus rattus,Mandena,flooded_rice,Nippostrongylus,0,Nematode
2154,Rattus rattus,Mandena,flooded_rice,Trichostrongylidae,0,Nematode
2154,Rattus rattus,Mandena,flooded_rice,Hypotrichomonas,0,Protozoa
2154,Rattus rattus,Mandena,flooded_rice,Tritrichomonas,0,Protozoa
2154,Rattus rattus,Mandena,flooded_rice,Eimeria,0,Protozoa
2154,Rattus rattus,Mandena,flooded_rice,Heligmonellidae,0,Nematode
2154,Rattus rattus,Mandena,flooded_rice,Hexamastix,0,Protozoa
2154,Rattus rattus,Mandena,flooded_rice,Tetratrichomonas,0,Protozoa
2157,Microgale brevicaudata,Mandena,flooded_rice,Blastocystis,0,Protozoa
2157,Microgale brevicaudata,Mandena,flooded_rice,Entamoeba,0,Protozoa
2157,Microgale brevicaudata,Mandena,flooded_rice,Heligmosomoidea,0,Nematode
2157,Microgale brevicaudata,Mandena,flooded_rice,Nippostrongylus,0,Nematode
2157,Microgale brevicaudata,Mandena,flooded_rice,Trichostrongylidae,0,Nematode
2157,Microgale brevicaudata,Mandena,flooded_rice,Hypotrichomonas,0,Protozoa
2157,Microgale brevicaudata,Mandena,flooded_rice,Tritrichomonas,0,Protozoa
2157,Microgale brevicaudata,Mandena,flooded_rice,Eimeria,0,Protozoa
2157,Microgale brevicaudata,Mandena,flooded_rice,Heligmonellidae,0,Nematode
2157,Microgale brevicaudata,Mandena,flooded_rice,Hexamastix,0,Protozoa
2157,Microgale brevicaudata,Mandena,flooded_rice,Tetratrichomonas,0,Protozoa
2163,Microgale brevicaudata,Mandena,flooded_rice,Blastocystis,0,Protozoa
2163,Microgale brevicaudata,Mandena,flooded_rice,Entamoeba,0,Protozoa
2163,Microgale brevicaudata,Mandena,flooded_rice,Heligmosomoidea,0,Nematode
2163,Microgale brevicaudata,Mandena,flooded_rice,Nippostrongylus,0,Nematode
2163,Microgale brevicaudata,Mandena,flooded_rice,Trichostrongylidae,0,Nematode
2163,Microgale brevicaudata,Mandena,flooded_rice,Hypotrichomonas,0,Protozoa
2163,Microgale brevicaudata,Mandena,flooded_rice,Tritrichomonas,0,Protozoa
2163,Microgale brevicaudata,Mandena,flooded_rice,Eimeria,0,Protozoa
2163,Microgale brevicaudata,Mandena,flooded_rice,Heligmonellidae,0,Nematode
2163,Microgale brevicaudata,Mandena,flooded_rice,Hexamastix,0,Protozoa
2163,Microgale brevicaudata,Mandena,flooded_rice,Tetratrichomonas,0,Protozoa
2170,Microgale brevicaudata,Mandena,flooded_rice,Blastocystis,0,Protozoa
2170,Microgale brevicaudata,Mandena,flooded_rice,Entamoeba,0,Protozoa
2170,Microgale brevicaudata,Mandena,flooded_rice,Heligmosomoidea,0,Nematode
2170,Microgale brevicaudata,Mandena,flooded_rice,Nippostrongylus,1,Nematode
2170,Microgale brevicaudata,Mandena,flooded_rice,Trichostrongylidae,1,Nematode
2170,Microgale brevicaudata,Mandena,flooded_rice,Hypotrichomonas,0,Protozoa
2170,Microgale brevicaudata,Mandena,flooded_rice,Tritrichomonas,0,Protozoa
2170,Microgale brevicaudata,Mandena,flooded_rice,Eimeria,0,Protozoa
2170,Microgale brevicaudata,Mandena,flooded_rice,Heligmonellidae,0,Nematode
2170,Microgale brevicaudata,Mandena,flooded_rice,Hexamastix,0,Protozoa
2170,Microgale brevicaudata,Mandena,flooded_rice,Tetratrichomonas,0,Protozoa
2175,Rattus rattus,Mandena,flooded_rice,Blastocystis,0,Protozoa
2175,Rattus rattus,Mandena,flooded_rice,Entamoeba,0,Protozoa
2175,Rattus rattus,Mandena,flooded_rice,Heligmosomoidea,0,Nematode
2175,Rattus rattus,Mandena,flooded_rice,Nippostrongylus,0,Nematode
2175,Rattus rattus,Mandena,flooded_rice,Trichostrongylidae,0,Nematode
2175,Rattus rattus,Mandena,flooded_rice,Hypotrichomonas,0,Protozoa
2175,Rattus rattus,Mandena,flooded_rice,Tritrichomonas,0,Protozoa
2175,Rattus rattus,Mandena,flooded_rice,Eimeria,0,Protozoa
2175,Rattus rattus,Mandena,flooded_rice,Heligmonellidae,0,Nematode
2175,Rattus rattus,Mandena,flooded_rice,Hexamastix,0,Protozoa
2175,Rattus rattus,Mandena,flooded_rice,Tetratrichomonas,0,Protozoa
2176,Rattus rattus,Mandena,flooded_rice,Blastocystis,0,Protozoa
2176,Rattus rattus,Mandena,flooded_rice,Entamoeba,0,Protozoa
2176,Rattus rattus,Mandena,flooded_rice,Heligmosomoidea,0,Nematode
2176,Rattus rattus,Mandena,flooded_rice,Nippostrongylus,0,Nematode
2176,Rattus rattus,Mandena,flooded_rice,Trichostrongylidae,0,Nematode
2176,Rattus rattus,Mandena,flooded_rice,Hypotrichomonas,0,Protozoa
2176,Rattus rattus,Mandena,flooded_rice,Tritrichomonas,0,Protozoa
2176,Rattus rattus,Mandena,flooded_rice,Eimeria,0,Protozoa
2176,Rattus rattus,Mandena,flooded_rice,Heligmonellidae,0,Nematode
2176,Rattus rattus,Mandena,flooded_rice,Hexamastix,0,Protozoa
2176,Rattus rattus,Mandena,flooded_rice,Tetratrichomonas,0,Protozoa
2186,Rattus rattus,Mandena,flooded_rice,Blastocystis,0,Protozoa
2186,Rattus rattus,Mandena,flooded_rice,Entamoeba,0,Protozoa
2186,Rattus rattus,Mandena,flooded_rice,Heligmosomoidea,0,Nematode
2186,Rattus rattus,Mandena,flooded_rice,Nippostrongylus,0,Nematode
2186,Rattus rattus,Mandena,flooded_rice,Trichostrongylidae,0,Nematode
2186,Rattus rattus,Mandena,flooded_rice,Hypotrichomonas,0,Protozoa
2186,Rattus rattus,Mandena,flooded_rice,Tritrichomonas,0,Protozoa
2186,Rattus rattus,Mandena,flooded_rice,Eimeria,0,Protozoa
2186,Rattus rattus,Mandena,flooded_rice,Heligmonellidae,0,Nematode
2186,Rattus rattus,Mandena,flooded_rice,Hexamastix,0,Protozoa
2186,Rattus rattus,Mandena,flooded_rice,Tetratrichomonas,0,Protozoa
2197,Microgale brevicaudata,Mandena,agroforest,Blastocystis,0,Protozoa
2197,Microgale brevicaudata,Mandena,agroforest,Entamoeba,0,Protozoa
2197,Microgale brevicaudata,Mandena,agroforest,Heligmosomoidea,0,Nematode
2197,Microgale brevicaudata,Mandena,agroforest,Nippostrongylus,1,Nematode
2197,Microgale brevicaudata,Mandena,agroforest,Trichostrongylidae,1,Nematode
2197,Microgale brevicaudata,Mandena,agroforest,Hypotrichomonas,0,Protozoa
2197,Microgale brevicaudata,Mandena,agroforest,Tritrichomonas,0,Protozoa
2197,Microgale brevicaudata,Mandena,agroforest,Eimeria,0,Protozoa
2197,Microgale brevicaudata,Mandena,agroforest,Heligmonellidae,1,Nematode
2197,Microgale brevicaudata,Mandena,agroforest,Hexamastix,0,Protozoa
2197,Microgale brevicaudata,Mandena,agroforest,Tetratrichomonas,0,Protozoa
2206,Rattus rattus,Mandena,village,Blastocystis,0,Protozoa
2206,Rattus rattus,Mandena,village,Entamoeba,0,Protozoa
2206,Rattus rattus,Mandena,village,Heligmosomoidea,0,Nematode
2206,Rattus rattus,Mandena,village,Nippostrongylus,0,Nematode
2206,Rattus rattus,Mandena,village,Trichostrongylidae,0,Nematode
2206,Rattus rattus,Mandena,village,Hypotrichomonas,0,Protozoa
2206,Rattus rattus,Mandena,village,Tritrichomonas,0,Protozoa
2206,Rattus rattus,Mandena,village,Eimeria,0,Protozoa
2206,Rattus rattus,Mandena,village,Heligmonellidae,0,Nematode
2206,Rattus rattus,Mandena,village,Hexamastix,0,Protozoa
2206,Rattus rattus,Mandena,village,Tetratrichomonas,0,Protozoa
2220,Rattus rattus,Mandena,village,Blastocystis,0,Protozoa
2220,Rattus rattus,Mandena,village,Entamoeba,0,Protozoa
2220,Rattus rattus,Mandena,village,Heligmosomoidea,0,Nematode
2220,Rattus rattus,Mandena,village,Nippostrongylus,0,Nematode
2220,Rattus rattus,Mandena,village,Trichostrongylidae,0,Nematode
2220,Rattus rattus,Mandena,village,Hypotrichomonas,0,Protozoa
2220,Rattus rattus,Mandena,village,Tritrichomonas,0,Protozoa
2220,Rattus rattus,Mandena,village,Eimeria,0,Protozoa
2220,Rattus rattus,Mandena,village,Heligmonellidae,0,Nematode
2220,Rattus rattus,Mandena,village,Hexamastix,0,Protozoa
2220,Rattus rattus,Mandena,village,Tetratrichomonas,0,Protozoa
2222,Rattus rattus,Mandena,village,Blastocystis,0,Protozoa
2222,Rattus rattus,Mandena,village,Entamoeba,0,Protozoa
2222,Rattus rattus,Mandena,village,Heligmosomoidea,0,Nematode
2222,Rattus rattus,Mandena,village,Nippostrongylus,1,Nematode
2222,Rattus rattus,Mandena,village,Trichostrongylidae,1,Nematode
2222,Rattus rattus,Mandena,village,Hypotrichomonas,0,Protozoa
2222,Rattus rattus,Mandena,village,Tritrichomonas,0,Protozoa
2222,Rattus rattus,Mandena,village,Eimeria,0,Protozoa
2222,Rattus rattus,Mandena,village,Heligmonellidae,1,Nematode
2222,Rattus rattus,Mandena,village,Hexamastix,0,Protozoa
2222,Rattus rattus,Mandena,village,Tetratrichomonas,0,Protozoa
2223,Rattus rattus,Mandena,village,Blastocystis,0,Protozoa
2223,Rattus rattus,Mandena,village,Entamoeba,0,Protozoa
2223,Rattus rattus,Mandena,village,Heligmosomoidea,0,Nematode
2223,Rattus rattus,Mandena,village,Nippostrongylus,0,Nematode
2223,Rattus rattus,Mandena,village,Trichostrongylidae,0,Nematode
2223,Rattus rattus,Mandena,village,Hypotrichomonas,0,Protozoa
2223,Rattus rattus,Mandena,village,Tritrichomonas,0,Protozoa
2223,Rattus rattus,Mandena,village,Eimeria,0,Protozoa
2223,Rattus rattus,Mandena,village,Heligmonellidae,0,Nematode
2223,Rattus rattus,Mandena,village,Hexamastix,0,Protozoa
2223,Rattus rattus,Mandena,village,Tetratrichomonas,0,Protozoa
2264,Microgale brevicaudata,Mandena,brushy_regrowth,Blastocystis,0,Protozoa
2264,Microgale brevicaudata,Mandena,brushy_regrowth,Entamoeba,0,Protozoa
2264,Microgale brevicaudata,Mandena,brushy_regrowth,Heligmosomoidea,0,Nematode
2264,Microgale brevicaudata,Mandena,brushy_regrowth,Nippostrongylus,0,Nematode
2264,Microgale brevicaudata,Mandena,brushy_regrowth,Trichostrongylidae,0,Nematode
2264,Microgale brevicaudata,Mandena,brushy_regrowth,Hypotrichomonas,0,Protozoa
2264,Microgale brevicaudata,Mandena,brushy_regrowth,Tritrichomonas,0,Protozoa
2264,Microgale brevicaudata,Mandena,brushy_regrowth,Eimeria,0,Protozoa
2264,Microgale brevicaudata,Mandena,brushy_regrowth,Heligmonellidae,0,Nematode
2264,Microgale brevicaudata,Mandena,brushy_regrowth,Hexamastix,0,Protozoa
2264,Microgale brevicaudata,Mandena,brushy_regrowth,Tetratrichomonas,0,Protozoa
2270,Rattus rattus,Mandena,brushy_regrowth,Blastocystis,0,Protozoa
2270,Rattus rattus,Mandena,brushy_regrowth,Entamoeba,0,Protozoa
2270,Rattus rattus,Mandena,brushy_regrowth,Heligmosomoidea,0,Nematode
2270,Rattus rattus,Mandena,brushy_regrowth,Nippostrongylus,1,Nematode
2270,Rattus rattus,Mandena,brushy_regrowth,Trichostrongylidae,0,Nematode
2270,Rattus rattus,Mandena,brushy_regrowth,Hypotrichomonas,0,Protozoa
2270,Rattus rattus,Mandena,brushy_regrowth,Tritrichomonas,0,Protozoa
2270,Rattus rattus,Mandena,brushy_regrowth,Eimeria,0,Protozoa
2270,Rattus rattus,Mandena,brushy_regrowth,Heligmonellidae,0,Nematode
2270,Rattus rattus,Mandena,brushy_regrowth,Hexamastix,0,Protozoa
2270,Rattus rattus,Mandena,brushy_regrowth,Tetratrichomonas,0,Protozoa
2276,Microgale brevicaudata,Mandena,brushy_regrowth,Blastocystis,0,Protozoa
2276,Microgale brevicaudata,Mandena,brushy_regrowth,Entamoeba,0,Protozoa
2276,Microgale brevicaudata,Mandena,brushy_regrowth,Heligmosomoidea,0,Nematode
2276,Microgale brevicaudata,Mandena,brushy_regrowth,Nippostrongylus,0,Nematode
2276,Microgale brevicaudata,Mandena,brushy_regrowth,Trichostrongylidae,1,Nematode
2276,Microgale brevicaudata,Mandena,brushy_regrowth,Hypotrichomonas,0,Protozoa
2276,Microgale brevicaudata,Mandena,brushy_regrowth,Tritrichomonas,0,Protozoa
2276,Microgale brevicaudata,Mandena,brushy_regrowth,Eimeria,0,Protozoa
2276,Microgale brevicaudata,Mandena,brushy_regrowth,Heligmonellidae,0,Nematode
2276,Microgale brevicaudata,Mandena,brushy_regrowth,Hexamastix,0,Protozoa
2276,Microgale brevicaudata,Mandena,brushy_regrowth,Tetratrichomonas,0,Protozoa
2293,Microgale brevicaudata,Mandena,agriculture,Blastocystis,0,Protozoa
2293,Microgale brevicaudata,Mandena,agriculture,Entamoeba,0,Protozoa
2293,Microgale brevicaudata,Mandena,agriculture,Heligmosomoidea,0,Nematode
2293,Microgale brevicaudata,Mandena,agriculture,Nippostrongylus,0,Nematode
2293,Microgale brevicaudata,Mandena,agriculture,Trichostrongylidae,1,Nematode
2293,Microgale brevicaudata,Mandena,agriculture,Hypotrichomonas,0,Protozoa
2293,Microgale brevicaudata,Mandena,agriculture,Tritrichomonas,0,Protozoa
2293,Microgale brevicaudata,Mandena,agriculture,Eimeria,0,Protozoa
2293,Microgale brevicaudata,Mandena,agriculture,Heligmonellidae,0,Nematode
2293,Microgale brevicaudata,Mandena,agriculture,Hexamastix,0,Protozoa
2293,Microgale brevicaudata,Mandena,agriculture,Tetratrichomonas,0,Protozoa
2302,Rattus rattus,Mandena,agriculture,Blastocystis,0,Protozoa
2302,Rattus rattus,Mandena,agriculture,Entamoeba,0,Protozoa
2302,Rattus rattus,Mandena,agriculture,Heligmosomoidea,0,Nematode
2302,Rattus rattus,Mandena,agriculture,Nippostrongylus,1,Nematode
2302,Rattus rattus,Mandena,agriculture,Trichostrongylidae,0,Nematode
2302,Rattus rattus,Mandena,agriculture,Hypotrichomonas,0,Protozoa
2302,Rattus rattus,Mandena,agriculture,Tritrichomonas,0,Protozoa
2302,Rattus rattus,Mandena,agriculture,Eimeria,0,Protozoa
2302,Rattus rattus,Mandena,agriculture,Heligmonellidae,0,Nematode
2302,Rattus rattus,Mandena,agriculture,Hexamastix,0,Protozoa
2302,Rattus rattus,Mandena,agriculture,Tetratrichomonas,0,Protozoa
2333,Microgale brevicaudata,Mandena,agriculture,Blastocystis,0,Protozoa
2333,Microgale brevicaudata,Mandena,agriculture,Entamoeba,0,Protozoa
2333,Microgale brevicaudata,Mandena,agriculture,Heligmosomoidea,0,Nematode
2333,Microgale brevicaudata,Mandena,agriculture,Nippostrongylus,0,Nematode
2333,Microgale brevicaudata,Mandena,agriculture,Trichostrongylidae,1,Nematode
2333,Microgale brevicaudata,Mandena,agriculture,Hypotrichomonas,0,Protozoa
2333,Microgale brevicaudata,Mandena,agriculture,Tritrichomonas,0,Protozoa
2333,Microgale brevicaudata,Mandena,agriculture,Eimeria,0,Protozoa
2333,Microgale brevicaudata,Mandena,agriculture,Heligmonellidae,0,Nematode
2333,Microgale brevicaudata,Mandena,agriculture,Hexamastix,0,Protozoa
2333,Microgale brevicaudata,Mandena,agriculture,Tetratrichomonas,0,Protozoa
2353,Rattus rattus,Mandena,secondary_forest,Blastocystis,0,Protozoa
2353,Rattus rattus,Mandena,secondary_forest,Entamoeba,0,Protozoa
2353,Rattus rattus,Mandena,secondary_forest,Heligmosomoidea,0,Nematode
2353,Rattus rattus,Mandena,secondary_forest,Nippostrongylus,0,Nematode
2353,Rattus rattus,Mandena,secondary_forest,Trichostrongylidae,0,Nematode
2353,Rattus rattus,Mandena,secondary_forest,Hypotrichomonas,0,Protozoa
2353,Rattus rattus,Mandena,secondary_forest,Tritrichomonas,0,Protozoa
2353,Rattus rattus,Mandena,secondary_forest,Eimeria,0,Protozoa
2353,Rattus rattus,Mandena,secondary_forest,Heligmonellidae,0,Nematode
2353,Rattus rattus,Mandena,secondary_forest,Hexamastix,0,Protozoa
2353,Rattus rattus,Mandena,secondary_forest,Tetratrichomonas,0,Protozoa
2354,Rattus rattus,Mandena,secondary_forest,Blastocystis,0,Protozoa
2354,Rattus rattus,Mandena,secondary_forest,Entamoeba,0,Protozoa
2354,Rattus rattus,Mandena,secondary_forest,Heligmosomoidea,0,Nematode
2354,Rattus rattus,Mandena,secondary_forest,Nippostrongylus,1,Nematode
2354,Rattus rattus,Mandena,secondary_forest,Trichostrongylidae,0,Nematode
2354,Rattus rattus,Mandena,secondary_forest,Hypotrichomonas,0,Protozoa
2354,Rattus rattus,Mandena,secondary_forest,Tritrichomonas,0,Protozoa
2354,Rattus rattus,Mandena,secondary_forest,Eimeria,0,Protozoa
2354,Rattus rattus,Mandena,secondary_forest,Heligmonellidae,0,Nematode
2354,Rattus rattus,Mandena,secondary_forest,Hexamastix,0,Protozoa
2354,Rattus rattus,Mandena,secondary_forest,Tetratrichomonas,0,Protozoa
2357,Rattus rattus,Mandena,secondary_forest,Blastocystis,0,Protozoa
2357,Rattus rattus,Mandena,secondary_forest,Entamoeba,0,Protozoa
2357,Rattus rattus,Mandena,secondary_forest,Heligmosomoidea,0,Nematode
2357,Rattus rattus,Mandena,secondary_forest,Nippostrongylus,0,Nematode
2357,Rattus rattus,Mandena,secondary_forest,Trichostrongylidae,0,Nematode
2357,Rattus rattus,Mandena,secondary_forest,Hypotrichomonas,0,Protozoa
2357,Rattus rattus,Mandena,secondary_forest,Tritrichomonas,0,Protozoa
2357,Rattus rattus,Mandena,secondary_forest,Eimeria,0,Protozoa
2357,Rattus rattus,Mandena,secondary_forest,Heligmonellidae,0,Nematode
2357,Rattus rattus,Mandena,secondary_forest,Hexamastix,0,Protozoa
2357,Rattus rattus,Mandena,secondary_forest,Tetratrichomonas,0,Protozoa
2367,Rattus rattus,Mandena,secondary_forest,Blastocystis,0,Protozoa
2367,Rattus rattus,Mandena,secondary_forest,Entamoeba,0,Protozoa
2367,Rattus rattus,Mandena,secondary_forest,Heligmosomoidea,0,Nematode
2367,Rattus rattus,Mandena,secondary_forest,Nippostrongylus,0,Nematode
2367,Rattus rattus,Mandena,secondary_forest,Trichostrongylidae,0,Nematode
2367,Rattus rattus,Mandena,secondary_forest,Hypotrichomonas,0,Protozoa
2367,Rattus rattus,Mandena,secondary_forest,Tritrichomonas,0,Protozoa
2367,Rattus rattus,Mandena,secondary_forest,Eimeria,0,Protozoa
2367,Rattus rattus,Mandena,secondary_forest,Heligmonellidae,0,Nematode
2367,Rattus rattus,Mandena,secondary_forest,Hexamastix,0,Protozoa
2367,Rattus rattus,Mandena,secondary_forest,Tetratrichomonas,0,Protozoa
2373,Microgale brevicaudata,Mandena,semi-intact_forest,Blastocystis,0,Protozoa
2373,Microgale brevicaudata,Mandena,semi-intact_forest,Entamoeba,0,Protozoa
2373,Microgale brevicaudata,Mandena,semi-intact_forest,Heligmosomoidea,1,Nematode
2373,Microgale brevicaudata,Mandena,semi-intact_forest,Nippostrongylus,0,Nematode
2373,Microgale brevicaudata,Mandena,semi-intact_forest,Trichostrongylidae,1,Nematode
2373,Microgale brevicaudata,Mandena,semi-intact_forest,Hypotrichomonas,0,Protozoa
2373,Microgale brevicaudata,Mandena,semi-intact_forest,Tritrichomonas,0,Protozoa
2373,Microgale brevicaudata,Mandena,semi-intact_forest,Eimeria,0,Protozoa
2373,Microgale brevicaudata,Mandena,semi-intact_forest,Heligmonellidae,0,Nematode
2373,Microgale brevicaudata,Mandena,semi-intact_forest,Hexamastix,0,Protozoa
2373,Microgale brevicaudata,Mandena,semi-intact_forest,Tetratrichomonas,0,Protozoa
2374,Microgale brevicaudata,Mandena,semi-intact_forest,Blastocystis,0,Protozoa
2374,Microgale brevicaudata,Mandena,semi-intact_forest,Entamoeba,0,Protozoa
2374,Microgale brevicaudata,Mandena,semi-intact_forest,Heligmosomoidea,1,Nematode
2374,Microgale brevicaudata,Mandena,semi-intact_forest,Nippostrongylus,0,Nematode
2374,Microgale brevicaudata,Mandena,semi-intact_forest,Trichostrongylidae,1,Nematode
2374,Microgale brevicaudata,Mandena,semi-intact_forest,Hypotrichomonas,0,Protozoa
2374,Microgale brevicaudata,Mandena,semi-intact_forest,Tritrichomonas,0,Protozoa
2374,Microgale brevicaudata,Mandena,semi-intact_forest,Eimeria,0,Protozoa
2374,Microgale brevicaudata,Mandena,semi-intact_forest,Heligmonellidae,0,Nematode
2374,Microgale brevicaudata,Mandena,semi-intact_forest,Hexamastix,0,Protozoa
2374,Microgale brevicaudata,Mandena,semi-intact_forest,Tetratrichomonas,0,Protozoa
2377,Rattus rattus,Mandena,semi-intact_forest,Blastocystis,0,Protozoa
2377,Rattus rattus,Mandena,semi-intact_forest,Entamoeba,0,Protozoa
2377,Rattus rattus,Mandena,semi-intact_forest,Heligmosomoidea,0,Nematode
2377,Rattus rattus,Mandena,semi-intact_forest,Nippostrongylus,1,Nematode
2377,Rattus rattus,Mandena,semi-intact_forest,Trichostrongylidae,0,Nematode
2377,Rattus rattus,Mandena,semi-intact_forest,Hypotrichomonas,0,Protozoa
2377,Rattus rattus,Mandena,semi-intact_forest,Tritrichomonas,0,Protozoa
2377,Rattus rattus,Mandena,semi-intact_forest,Eimeria,0,Protozoa
2377,Rattus rattus,Mandena,semi-intact_forest,Heligmonellidae,0,Nematode
2377,Rattus rattus,Mandena,semi-intact_forest,Hexamastix,0,Protozoa
2377,Rattus rattus,Mandena,semi-intact_forest,Tetratrichomonas,0,Protozoa
2378,Microgale brevicaudata,Mandena,semi-intact_forest,Blastocystis,0,Protozoa
2378,Microgale brevicaudata,Mandena,semi-intact_forest,Entamoeba,0,Protozoa
2378,Microgale brevicaudata,Mandena,semi-intact_forest,Heligmosomoidea,1,Nematode
2378,Microgale brevicaudata,Mandena,semi-intact_forest,Nippostrongylus,0,Nematode
2378,Microgale brevicaudata,Mandena,semi-intact_forest,Trichostrongylidae,0,Nematode
2378,Microgale brevicaudata,Mandena,semi-intact_forest,Hypotrichomonas,0,Protozoa
2378,Microgale brevicaudata,Mandena,semi-intact_forest,Tritrichomonas,0,Protozoa
2378,Microgale brevicaudata,Mandena,semi-intact_forest,Eimeria,0,Protozoa
2378,Microgale brevicaudata,Mandena,semi-intact_forest,Heligmonellidae,0,Nematode
2378,Microgale brevicaudata,Mandena,semi-intact_forest,Hexamastix,0,Protozoa
2378,Microgale brevicaudata,Mandena,semi-intact_forest,Tetratrichomonas,0,Protozoa
2381,Rattus rattus,Mandena,semi-intact_forest,Blastocystis,0,Protozoa
2381,Rattus rattus,Mandena,semi-intact_forest,Entamoeba,0,Protozoa
2381,Rattus rattus,Mandena,semi-intact_forest,Heligmosomoidea,0,Nematode
2381,Rattus rattus,Mandena,semi-intact_forest,Nippostrongylus,0,Nematode
2381,Rattus rattus,Mandena,semi-intact_forest,Trichostrongylidae,0,Nematode
2381,Rattus rattus,Mandena,semi-intact_forest,Hypotrichomonas,0,Protozoa
2381,Rattus rattus,Mandena,semi-intact_forest,Tritrichomonas,0,Protozoa
2381,Rattus rattus,Mandena,semi-intact_forest,Eimeria,0,Protozoa
2381,Rattus rattus,Mandena,semi-intact_forest,Heligmonellidae,0,Nematode
2381,Rattus rattus,Mandena,semi-intact_forest,Hexamastix,0,Protozoa
2381,Rattus rattus,Mandena,semi-intact_forest,Tetratrichomonas,0,Protozoa
2398,Rattus rattus,Mandena,flooded_rice,Blastocystis,0,Protozoa
2398,Rattus rattus,Mandena,flooded_rice,Entamoeba,0,Protozoa
2398,Rattus rattus,Mandena,flooded_rice,Heligmosomoidea,0,Nematode
2398,Rattus rattus,Mandena,flooded_rice,Nippostrongylus,1,Nematode
2398,Rattus rattus,Mandena,flooded_rice,Trichostrongylidae,0,Nematode
2398,Rattus rattus,Mandena,flooded_rice,Hypotrichomonas,0,Protozoa
2398,Rattus rattus,Mandena,flooded_rice,Tritrichomonas,0,Protozoa
2398,Rattus rattus,Mandena,flooded_rice,Eimeria,0,Protozoa
2398,Rattus rattus,Mandena,flooded_rice,Heligmonellidae,0,Nematode
2398,Rattus rattus,Mandena,flooded_rice,Hexamastix,0,Protozoa
2398,Rattus rattus,Mandena,flooded_rice,Tetratrichomonas,0,Protozoa
2399,Rattus rattus,Mandena,flooded_rice,Blastocystis,0,Protozoa
2399,Rattus rattus,Mandena,flooded_rice,Entamoeba,0,Protozoa
2399,Rattus rattus,Mandena,flooded_rice,Heligmosomoidea,0,Nematode
2399,Rattus rattus,Mandena,flooded_rice,Nippostrongylus,0,Nematode
2399,Rattus rattus,Mandena,flooded_rice,Trichostrongylidae,0,Nematode
2399,Rattus rattus,Mandena,flooded_rice,Hypotrichomonas,0,Protozoa
2399,Rattus rattus,Mandena,flooded_rice,Tritrichomonas,0,Protozoa
2399,Rattus rattus,Mandena,flooded_rice,Eimeria,0,Protozoa
2399,Rattus rattus,Mandena,flooded_rice,Heligmonellidae,0,Nematode
2399,Rattus rattus,Mandena,flooded_rice,Hexamastix,0,Protozoa
2399,Rattus rattus,Mandena,flooded_rice,Tetratrichomonas,0,Protozoa
2405,Microgale brevicaudata,Mandena,flooded_rice,Blastocystis,0,Protozoa
2405,Microgale brevicaudata,Mandena,flooded_rice,Entamoeba,0,Protozoa
2405,Microgale brevicaudata,Mandena,flooded_rice,Heligmosomoidea,0,Nematode
2405,Microgale brevicaudata,Mandena,flooded_rice,Nippostrongylus,0,Nematode
2405,Microgale brevicaudata,Mandena,flooded_rice,Trichostrongylidae,0,Nematode
2405,Microgale brevicaudata,Mandena,flooded_rice,Hypotrichomonas,0,Protozoa
2405,Microgale brevicaudata,Mandena,flooded_rice,Tritrichomonas,0,Protozoa
2405,Microgale brevicaudata,Mandena,flooded_rice,Eimeria,0,Protozoa
2405,Microgale brevicaudata,Mandena,flooded_rice,Heligmonellidae,0,Nematode
2405,Microgale brevicaudata,Mandena,flooded_rice,Hexamastix,0,Protozoa
2405,Microgale brevicaudata,Mandena,flooded_rice,Tetratrichomonas,0,Protozoa
2410,Rattus rattus,Mandena,flooded_rice,Blastocystis,0,Protozoa
2410,Rattus rattus,Mandena,flooded_rice,Entamoeba,0,Protozoa
2410,Rattus rattus,Mandena,flooded_rice,Heligmosomoidea,0,Nematode
2410,Rattus rattus,Mandena,flooded_rice,Nippostrongylus,1,Nematode
2410,Rattus rattus,Mandena,flooded_rice,Trichostrongylidae,0,Nematode
2410,Rattus rattus,Mandena,flooded_rice,Hypotrichomonas,0,Protozoa
2410,Rattus rattus,Mandena,flooded_rice,Tritrichomonas,0,Protozoa
2410,Rattus rattus,Mandena,flooded_rice,Eimeria,0,Protozoa
2410,Rattus rattus,Mandena,flooded_rice,Heligmonellidae,0,Nematode
2410,Rattus rattus,Mandena,flooded_rice,Hexamastix,0,Protozoa
2410,Rattus rattus,Mandena,flooded_rice,Tetratrichomonas,0,Protozoa
2412,Microgale brevicaudata,Mandena,flooded_rice,Blastocystis,0,Protozoa
2412,Microgale brevicaudata,Mandena,flooded_rice,Entamoeba,0,Protozoa
2412,Microgale brevicaudata,Mandena,flooded_rice,Heligmosomoidea,0,Nematode
2412,Microgale brevicaudata,Mandena,flooded_rice,Nippostrongylus,0,Nematode
2412,Microgale brevicaudata,Mandena,flooded_rice,Trichostrongylidae,0,Nematode
2412,Microgale brevicaudata,Mandena,flooded_rice,Hypotrichomonas,0,Protozoa
2412,Microgale brevicaudata,Mandena,flooded_rice,Tritrichomonas,0,Protozoa
2412,Microgale brevicaudata,Mandena,flooded_rice,Eimeria,0,Protozoa
2412,Microgale brevicaudata,Mandena,flooded_rice,Heligmonellidae,0,Nematode
2412,Microgale brevicaudata,Mandena,flooded_rice,Hexamastix,0,Protozoa
2412,Microgale brevicaudata,Mandena,flooded_rice,Tetratrichomonas,0,Protozoa
2416,Rattus rattus,Mandena,flooded_rice,Blastocystis,0,Protozoa
2416,Rattus rattus,Mandena,flooded_rice,Entamoeba,0,Protozoa
2416,Rattus rattus,Mandena,flooded_rice,Heligmosomoidea,0,Nematode
2416,Rattus rattus,Mandena,flooded_rice,Nippostrongylus,1,Nematode
2416,Rattus rattus,Mandena,flooded_rice,Trichostrongylidae,0,Nematode
2416,Rattus rattus,Mandena,flooded_rice,Hypotrichomonas,0,Protozoa
2416,Rattus rattus,Mandena,flooded_rice,Tritrichomonas,0,Protozoa
2416,Rattus rattus,Mandena,flooded_rice,Eimeria,0,Protozoa
2416,Rattus rattus,Mandena,flooded_rice,Heligmonellidae,0,Nematode
2416,Rattus rattus,Mandena,flooded_rice,Hexamastix,0,Protozoa
2416,Rattus rattus,Mandena,flooded_rice,Tetratrichomonas,0,Protozoa
2418,Rattus rattus,Mandena,flooded_rice,Blastocystis,0,Protozoa
2418,Rattus rattus,Mandena,flooded_rice,Entamoeba,0,Protozoa
2418,Rattus rattus,Mandena,flooded_rice,Heligmosomoidea,0,Nematode
2418,Rattus rattus,Mandena,flooded_rice,Nippostrongylus,0,Nematode
2418,Rattus rattus,Mandena,flooded_rice,Trichostrongylidae,0,Nematode
2418,Rattus rattus,Mandena,flooded_rice,Hypotrichomonas,0,Protozoa
2418,Rattus rattus,Mandena,flooded_rice,Tritrichomonas,0,Protozoa
2418,Rattus rattus,Mandena,flooded_rice,Eimeria,0,Protozoa
2418,Rattus rattus,Mandena,flooded_rice,Heligmonellidae,0,Nematode
2418,Rattus rattus,Mandena,flooded_rice,Hexamastix,0,Protozoa
2418,Rattus rattus,Mandena,flooded_rice,Tetratrichomonas,0,Protozoa
2419,Rattus rattus,Mandena,flooded_rice,Blastocystis,0,Protozoa
2419,Rattus rattus,Mandena,flooded_rice,Entamoeba,0,Protozoa
2419,Rattus rattus,Mandena,flooded_rice,Heligmosomoidea,0,Nematode
2419,Rattus rattus,Mandena,flooded_rice,Nippostrongylus,1,Nematode
2419,Rattus rattus,Mandena,flooded_rice,Trichostrongylidae,0,Nematode
2419,Rattus rattus,Mandena,flooded_rice,Hypotrichomonas,0,Protozoa
2419,Rattus rattus,Mandena,flooded_rice,Tritrichomonas,0,Protozoa
2419,Rattus rattus,Mandena,flooded_rice,Eimeria,0,Protozoa
2419,Rattus rattus,Mandena,flooded_rice,Heligmonellidae,0,Nematode
2419,Rattus rattus,Mandena,flooded_rice,Hexamastix,0,Protozoa
2419,Rattus rattus,Mandena,flooded_rice,Tetratrichomonas,0,Protozoa
2427,Rattus rattus,Mandena,flooded_rice,Blastocystis,0,Protozoa
2427,Rattus rattus,Mandena,flooded_rice,Entamoeba,0,Protozoa
2427,Rattus rattus,Mandena,flooded_rice,Heligmosomoidea,0,Nematode
2427,Rattus rattus,Mandena,flooded_rice,Nippostrongylus,1,Nematode
2427,Rattus rattus,Mandena,flooded_rice,Trichostrongylidae,0,Nematode
2427,Rattus rattus,Mandena,flooded_rice,Hypotrichomonas,0,Protozoa
2427,Rattus rattus,Mandena,flooded_rice,Tritrichomonas,0,Protozoa
2427,Rattus rattus,Mandena,flooded_rice,Eimeria,0,Protozoa
2427,Rattus rattus,Mandena,flooded_rice,Heligmonellidae,0,Nematode
2427,Rattus rattus,Mandena,flooded_rice,Hexamastix,0,Protozoa
2427,Rattus rattus,Mandena,flooded_rice,Tetratrichomonas,0,Protozoa
2434,Rattus rattus,Mandena,flooded_rice,Blastocystis,0,Protozoa
2434,Rattus rattus,Mandena,flooded_rice,Entamoeba,0,Protozoa
2434,Rattus rattus,Mandena,flooded_rice,Heligmosomoidea,0,Nematode
2434,Rattus rattus,Mandena,flooded_rice,Nippostrongylus,1,Nematode
2434,Rattus rattus,Mandena,flooded_rice,Trichostrongylidae,0,Nematode
2434,Rattus rattus,Mandena,flooded_rice,Hypotrichomonas,0,Protozoa
2434,Rattus rattus,Mandena,flooded_rice,Tritrichomonas,0,Protozoa
2434,Rattus rattus,Mandena,flooded_rice,Eimeria,0,Protozoa
2434,Rattus rattus,Mandena,flooded_rice,Heligmonellidae,0,Nematode
2434,Rattus rattus,Mandena,flooded_rice,Hexamastix,0,Protozoa
2434,Rattus rattus,Mandena,flooded_rice,Tetratrichomonas,0,Protozoa
2437,Rattus rattus,Mandena,flooded_rice,Blastocystis,0,Protozoa
2437,Rattus rattus,Mandena,flooded_rice,Entamoeba,0,Protozoa
2437,Rattus rattus,Mandena,flooded_rice,Heligmosomoidea,0,Nematode
2437,Rattus rattus,Mandena,flooded_rice,Nippostrongylus,1,Nematode
2437,Rattus rattus,Mandena,flooded_rice,Trichostrongylidae,0,Nematode
2437,Rattus rattus,Mandena,flooded_rice,Hypotrichomonas,0,Protozoa
2437,Rattus rattus,Mandena,flooded_rice,Tritrichomonas,0,Protozoa
2437,Rattus rattus,Mandena,flooded_rice,Eimeria,0,Protozoa
2437,Rattus rattus,Mandena,flooded_rice,Heligmonellidae,0,Nematode
2437,Rattus rattus,Mandena,flooded_rice,Hexamastix,0,Protozoa
2437,Rattus rattus,Mandena,flooded_rice,Tetratrichomonas,0,Protozoa
2453,Rattus rattus,Mandena,village,Blastocystis,0,Protozoa
2453,Rattus rattus,Mandena,village,Entamoeba,0,Protozoa
2453,Rattus rattus,Mandena,village,Heligmosomoidea,0,Nematode
2453,Rattus rattus,Mandena,village,Nippostrongylus,0,Nematode
2453,Rattus rattus,Mandena,village,Trichostrongylidae,0,Nematode
2453,Rattus rattus,Mandena,village,Hypotrichomonas,0,Protozoa
2453,Rattus rattus,Mandena,village,Tritrichomonas,0,Protozoa
2453,Rattus rattus,Mandena,village,Eimeria,0,Protozoa
2453,Rattus rattus,Mandena,village,Heligmonellidae,0,Nematode
2453,Rattus rattus,Mandena,village,Hexamastix,0,Protozoa
2453,Rattus rattus,Mandena,village,Tetratrichomonas,0,Protozoa
2456,Rattus rattus,Mandena,village,Blastocystis,0,Protozoa
2456,Rattus rattus,Mandena,village,Entamoeba,0,Protozoa
2456,Rattus rattus,Mandena,village,Heligmosomoidea,0,Nematode
2456,Rattus rattus,Mandena,village,Nippostrongylus,1,Nematode
2456,Rattus rattus,Mandena,village,Trichostrongylidae,0,Nematode
2456,Rattus rattus,Mandena,village,Hypotrichomonas,0,Protozoa
2456,Rattus rattus,Mandena,village,Tritrichomonas,0,Protozoa
2456,Rattus rattus,Mandena,village,Eimeria,0,Protozoa
2456,Rattus rattus,Mandena,village,Heligmonellidae,0,Nematode
2456,Rattus rattus,Mandena,village,Hexamastix,0,Protozoa
2456,Rattus rattus,Mandena,village,Tetratrichomonas,0,Protozoa
2457,Rattus rattus,Mandena,village,Blastocystis,0,Protozoa
2457,Rattus rattus,Mandena,village,Entamoeba,0,Protozoa
2457,Rattus rattus,Mandena,village,Heligmosomoidea,0,Nematode
2457,Rattus rattus,Mandena,village,Nippostrongylus,0,Nematode
2457,Rattus rattus,Mandena,village,Trichostrongylidae,0,Nematode
2457,Rattus rattus,Mandena,village,Hypotrichomonas,0,Protozoa
2457,Rattus rattus,Mandena,village,Tritrichomonas,0,Protozoa
2457,Rattus rattus,Mandena,village,Eimeria,0,Protozoa
2457,Rattus rattus,Mandena,village,Heligmonellidae,0,Nematode
2457,Rattus rattus,Mandena,village,Hexamastix,0,Protozoa
2457,Rattus rattus,Mandena,village,Tetratrichomonas,0,Protozoa
2458,Rattus rattus,Mandena,village,Blastocystis,0,Protozoa
2458,Rattus rattus,Mandena,village,Entamoeba,0,Protozoa
2458,Rattus rattus,Mandena,village,Heligmosomoidea,0,Nematode
2458,Rattus rattus,Mandena,village,Nippostrongylus,0,Nematode
2458,Rattus rattus,Mandena,village,Trichostrongylidae,0,Nematode
2458,Rattus rattus,Mandena,village,Hypotrichomonas,0,Protozoa
2458,Rattus rattus,Mandena,village,Tritrichomonas,0,Protozoa
2458,Rattus rattus,Mandena,village,Eimeria,0,Protozoa
2458,Rattus rattus,Mandena,village,Heligmonellidae,0,Nematode
2458,Rattus rattus,Mandena,village,Hexamastix,0,Protozoa
2458,Rattus rattus,Mandena,village,Tetratrichomonas,0,Protozoa
2459,Rattus rattus,Mandena,village,Blastocystis,0,Protozoa
2459,Rattus rattus,Mandena,village,Entamoeba,0,Protozoa
2459,Rattus rattus,Mandena,village,Heligmosomoidea,0,Nematode
2459,Rattus rattus,Mandena,village,Nippostrongylus,0,Nematode
2459,Rattus rattus,Mandena,village,Trichostrongylidae,0,Nematode
2459,Rattus rattus,Mandena,village,Hypotrichomonas,0,Protozoa
2459,Rattus rattus,Mandena,village,Tritrichomonas,0,Protozoa
2459,Rattus rattus,Mandena,village,Eimeria,0,Protozoa
2459,Rattus rattus,Mandena,village,Heligmonellidae,0,Nematode
2459,Rattus rattus,Mandena,village,Hexamastix,0,Protozoa
2459,Rattus rattus,Mandena,village,Tetratrichomonas,0,Protozoa
2471,Rattus rattus,Mandena,village,Blastocystis,0,Protozoa
2471,Rattus rattus,Mandena,village,Entamoeba,0,Protozoa
2471,Rattus rattus,Mandena,village,Heligmosomoidea,0,Nematode
2471,Rattus rattus,Mandena,village,Nippostrongylus,0,Nematode
2471,Rattus rattus,Mandena,village,Trichostrongylidae,0,Nematode
2471,Rattus rattus,Mandena,village,Hypotrichomonas,0,Protozoa
2471,Rattus rattus,Mandena,village,Tritrichomonas,0,Protozoa
2471,Rattus rattus,Mandena,village,Eimeria,0,Protozoa
2471,Rattus rattus,Mandena,village,Heligmonellidae,0,Nematode
2471,Rattus rattus,Mandena,village,Hexamastix,0,Protozoa
2471,Rattus rattus,Mandena,village,Tetratrichomonas,0,Protozoa
2474,Rattus rattus,Mandena,agroforest,Blastocystis,0,Protozoa
2474,Rattus rattus,Mandena,agroforest,Entamoeba,0,Protozoa
2474,Rattus rattus,Mandena,agroforest,Heligmosomoidea,0,Nematode
2474,Rattus rattus,Mandena,agroforest,Nippostrongylus,0,Nematode
2474,Rattus rattus,Mandena,agroforest,Trichostrongylidae,0,Nematode
2474,Rattus rattus,Mandena,agroforest,Hypotrichomonas,0,Protozoa
2474,Rattus rattus,Mandena,agroforest,Tritrichomonas,0,Protozoa
2474,Rattus rattus,Mandena,agroforest,Eimeria,0,Protozoa
2474,Rattus rattus,Mandena,agroforest,Heligmonellidae,0,Nematode
2474,Rattus rattus,Mandena,agroforest,Hexamastix,0,Protozoa
2474,Rattus rattus,Mandena,agroforest,Tetratrichomonas,0,Protozoa
2490,Rattus rattus,Mandena,village,Blastocystis,0,Protozoa
2490,Rattus rattus,Mandena,village,Entamoeba,0,Protozoa
2490,Rattus rattus,Mandena,village,Heligmosomoidea,0,Nematode
2490,Rattus rattus,Mandena,village,Nippostrongylus,1,Nematode
2490,Rattus rattus,Mandena,village,Trichostrongylidae,0,Nematode
2490,Rattus rattus,Mandena,village,Hypotrichomonas,0,Protozoa
2490,Rattus rattus,Mandena,village,Tritrichomonas,0,Protozoa
2490,Rattus rattus,Mandena,village,Eimeria,0,Protozoa
2490,Rattus rattus,Mandena,village,Heligmonellidae,0,Nematode
2490,Rattus rattus,Mandena,village,Hexamastix,0,Protozoa
2490,Rattus rattus,Mandena,village,Tetratrichomonas,0,Protozoa
2495,Rattus rattus,Mandena,agroforest,Blastocystis,0,Protozoa
2495,Rattus rattus,Mandena,agroforest,Entamoeba,0,Protozoa
2495,Rattus rattus,Mandena,agroforest,Heligmosomoidea,0,Nematode
2495,Rattus rattus,Mandena,agroforest,Nippostrongylus,0,Nematode
2495,Rattus rattus,Mandena,agroforest,Trichostrongylidae,0,Nematode
2495,Rattus rattus,Mandena,agroforest,Hypotrichomonas,0,Protozoa
2495,Rattus rattus,Mandena,agroforest,Tritrichomonas,0,Protozoa
2495,Rattus rattus,Mandena,agroforest,Eimeria,0,Protozoa
2495,Rattus rattus,Mandena,agroforest,Heligmonellidae,0,Nematode
2495,Rattus rattus,Mandena,agroforest,Hexamastix,0,Protozoa
2495,Rattus rattus,Mandena,agroforest,Tetratrichomonas,0,Protozoa
2497,Microgale brevicaudata,Mandena,brushy_regrowth,Blastocystis,0,Protozoa
2497,Microgale brevicaudata,Mandena,brushy_regrowth,Entamoeba,0,Protozoa
2497,Microgale brevicaudata,Mandena,brushy_regrowth,Heligmosomoidea,1,Nematode
2497,Microgale brevicaudata,Mandena,brushy_regrowth,Nippostrongylus,0,Nematode
2497,Microgale brevicaudata,Mandena,brushy_regrowth,Trichostrongylidae,1,Nematode
2497,Microgale brevicaudata,Mandena,brushy_regrowth,Hypotrichomonas,0,Protozoa
2497,Microgale brevicaudata,Mandena,brushy_regrowth,Tritrichomonas,0,Protozoa
2497,Microgale brevicaudata,Mandena,brushy_regrowth,Eimeria,0,Protozoa
2497,Microgale brevicaudata,Mandena,brushy_regrowth,Heligmonellidae,0,Nematode
2497,Microgale brevicaudata,Mandena,brushy_regrowth,Hexamastix,0,Protozoa
2497,Microgale brevicaudata,Mandena,brushy_regrowth,Tetratrichomonas,0,Protozoa
2498,Microgale brevicaudata,Mandena,brushy_regrowth,Blastocystis,0,Protozoa
2498,Microgale brevicaudata,Mandena,brushy_regrowth,Entamoeba,0,Protozoa
2498,Microgale brevicaudata,Mandena,brushy_regrowth,Heligmosomoidea,1,Nematode
2498,Microgale brevicaudata,Mandena,brushy_regrowth,Nippostrongylus,0,Nematode
2498,Microgale brevicaudata,Mandena,brushy_regrowth,Trichostrongylidae,1,Nematode
2498,Microgale brevicaudata,Mandena,brushy_regrowth,Hypotrichomonas,0,Protozoa
2498,Microgale brevicaudata,Mandena,brushy_regrowth,Tritrichomonas,0,Protozoa
2498,Microgale brevicaudata,Mandena,brushy_regrowth,Eimeria,0,Protozoa
2498,Microgale brevicaudata,Mandena,brushy_regrowth,Heligmonellidae,0,Nematode
2498,Microgale brevicaudata,Mandena,brushy_regrowth,Hexamastix,0,Protozoa
2498,Microgale brevicaudata,Mandena,brushy_regrowth,Tetratrichomonas,0,Protozoa
2505,Rattus rattus,Mandena,brushy_regrowth,Blastocystis,0,Protozoa
2505,Rattus rattus,Mandena,brushy_regrowth,Entamoeba,0,Protozoa
2505,Rattus rattus,Mandena,brushy_regrowth,Heligmosomoidea,0,Nematode
2505,Rattus rattus,Mandena,brushy_regrowth,Nippostrongylus,1,Nematode
2505,Rattus rattus,Mandena,brushy_regrowth,Trichostrongylidae,0,Nematode
2505,Rattus rattus,Mandena,brushy_regrowth,Hypotrichomonas,0,Protozoa
2505,Rattus rattus,Mandena,brushy_regrowth,Tritrichomonas,0,Protozoa
2505,Rattus rattus,Mandena,brushy_regrowth,Eimeria,0,Protozoa
2505,Rattus rattus,Mandena,brushy_regrowth,Heligmonellidae,0,Nematode
2505,Rattus rattus,Mandena,brushy_regrowth,Hexamastix,0,Protozoa
2505,Rattus rattus,Mandena,brushy_regrowth,Tetratrichomonas,0,Protozoa
2507,Rattus rattus,Mandena,brushy_regrowth,Blastocystis,0,Protozoa
2507,Rattus rattus,Mandena,brushy_regrowth,Entamoeba,0,Protozoa
2507,Rattus rattus,Mandena,brushy_regrowth,Heligmosomoidea,0,Nematode
2507,Rattus rattus,Mandena,brushy_regrowth,Nippostrongylus,1,Nematode
2507,Rattus rattus,Mandena,brushy_regrowth,Trichostrongylidae,0,Nematode
2507,Rattus rattus,Mandena,brushy_regrowth,Hypotrichomonas,0,Protozoa
2507,Rattus rattus,Mandena,brushy_regrowth,Tritrichomonas,0,Protozoa
2507,Rattus rattus,Mandena,brushy_regrowth,Eimeria,0,Protozoa
2507,Rattus rattus,Mandena,brushy_regrowth,Heligmonellidae,0,Nematode
2507,Rattus rattus,Mandena,brushy_regrowth,Hexamastix,0,Protozoa
2507,Rattus rattus,Mandena,brushy_regrowth,Tetratrichomonas,0,Protozoa
2512,Rattus rattus,Mandena,brushy_regrowth,Blastocystis,0,Protozoa
2512,Rattus rattus,Mandena,brushy_regrowth,Entamoeba,0,Protozoa
2512,Rattus rattus,Mandena,brushy_regrowth,Heligmosomoidea,0,Nematode
2512,Rattus rattus,Mandena,brushy_regrowth,Nippostrongylus,1,Nematode
2512,Rattus rattus,Mandena,brushy_regrowth,Trichostrongylidae,0,Nematode
2512,Rattus rattus,Mandena,brushy_regrowth,Hypotrichomonas,0,Protozoa
2512,Rattus rattus,Mandena,brushy_regrowth,Tritrichomonas,0,Protozoa
2512,Rattus rattus,Mandena,brushy_regrowth,Eimeria,0,Protozoa
2512,Rattus rattus,Mandena,brushy_regrowth,Heligmonellidae,0,Nematode
2512,Rattus rattus,Mandena,brushy_regrowth,Hexamastix,0,Protozoa
2512,Rattus rattus,Mandena,brushy_regrowth,Tetratrichomonas,0,Protozoa
2518,Rattus rattus,Mandena,brushy_regrowth,Blastocystis,0,Protozoa
2518,Rattus rattus,Mandena,brushy_regrowth,Entamoeba,0,Protozoa
2518,Rattus rattus,Mandena,brushy_regrowth,Heligmosomoidea,0,Nematode
2518,Rattus rattus,Mandena,brushy_regrowth,Nippostrongylus,1,Nematode
2518,Rattus rattus,Mandena,brushy_regrowth,Trichostrongylidae,0,Nematode
2518,Rattus rattus,Mandena,brushy_regrowth,Hypotrichomonas,0,Protozoa
2518,Rattus rattus,Mandena,brushy_regrowth,Tritrichomonas,0,Protozoa
2518,Rattus rattus,Mandena,brushy_regrowth,Eimeria,0,Protozoa
2518,Rattus rattus,Mandena,brushy_regrowth,Heligmonellidae,0,Nematode
2518,Rattus rattus,Mandena,brushy_regrowth,Hexamastix,0,Protozoa
2518,Rattus rattus,Mandena,brushy_regrowth,Tetratrichomonas,0,Protozoa
2522,Rattus rattus,Mandena,brushy_regrowth,Blastocystis,0,Protozoa
2522,Rattus rattus,Mandena,brushy_regrowth,Entamoeba,0,Protozoa
2522,Rattus rattus,Mandena,brushy_regrowth,Heligmosomoidea,0,Nematode
2522,Rattus rattus,Mandena,brushy_regrowth,Nippostrongylus,1,Nematode
2522,Rattus rattus,Mandena,brushy_regrowth,Trichostrongylidae,0,Nematode
2522,Rattus rattus,Mandena,brushy_regrowth,Hypotrichomonas,0,Protozoa
2522,Rattus rattus,Mandena,brushy_regrowth,Tritrichomonas,0,Protozoa
2522,Rattus rattus,Mandena,brushy_regrowth,Eimeria,0,Protozoa
2522,Rattus rattus,Mandena,brushy_regrowth,Heligmonellidae,0,Nematode
2522,Rattus rattus,Mandena,brushy_regrowth,Hexamastix,0,Protozoa
2522,Rattus rattus,Mandena,brushy_regrowth,Tetratrichomonas,0,Protozoa
2529,Microgale brevicaudata,Mandena,brushy_regrowth,Blastocystis,0,Protozoa
2529,Microgale brevicaudata,Mandena,brushy_regrowth,Entamoeba,0,Protozoa
2529,Microgale brevicaudata,Mandena,brushy_regrowth,Heligmosomoidea,1,Nematode
2529,Microgale brevicaudata,Mandena,brushy_regrowth,Nippostrongylus,1,Nematode
2529,Microgale brevicaudata,Mandena,brushy_regrowth,Trichostrongylidae,1,Nematode
2529,Microgale brevicaudata,Mandena,brushy_regrowth,Hypotrichomonas,0,Protozoa
2529,Microgale brevicaudata,Mandena,brushy_regrowth,Tritrichomonas,0,Protozoa
2529,Microgale brevicaudata,Mandena,brushy_regrowth,Eimeria,0,Protozoa
2529,Microgale brevicaudata,Mandena,brushy_regrowth,Heligmonellidae,0,Nematode
2529,Microgale brevicaudata,Mandena,brushy_regrowth,Hexamastix,0,Protozoa
2529,Microgale brevicaudata,Mandena,brushy_regrowth,Tetratrichomonas,0,Protozoa
2541,Rattus rattus,Mandena,brushy_regrowth,Blastocystis,0,Protozoa
2541,Rattus rattus,Mandena,brushy_regrowth,Entamoeba,0,Protozoa
2541,Rattus rattus,Mandena,brushy_regrowth,Heligmosomoidea,0,Nematode
2541,Rattus rattus,Mandena,brushy_regrowth,Nippostrongylus,1,Nematode
2541,Rattus rattus,Mandena,brushy_regrowth,Trichostrongylidae,0,Nematode
2541,Rattus rattus,Mandena,brushy_regrowth,Hypotrichomonas,0,Protozoa
2541,Rattus rattus,Mandena,brushy_regrowth,Tritrichomonas,0,Protozoa
2541,Rattus rattus,Mandena,brushy_regrowth,Eimeria,0,Protozoa
2541,Rattus rattus,Mandena,brushy_regrowth,Heligmonellidae,0,Nematode
2541,Rattus rattus,Mandena,brushy_regrowth,Hexamastix,0,Protozoa
2541,Rattus rattus,Mandena,brushy_regrowth,Tetratrichomonas,0,Protozoa
2544,Microgale brevicaudata,Mandena,agriculture,Blastocystis,0,Protozoa
2544,Microgale brevicaudata,Mandena,agriculture,Entamoeba,0,Protozoa
2544,Microgale brevicaudata,Mandena,agriculture,Heligmosomoidea,0,Nematode
2544,Microgale brevicaudata,Mandena,agriculture,Nippostrongylus,0,Nematode
2544,Microgale brevicaudata,Mandena,agriculture,Trichostrongylidae,0,Nematode
2544,Microgale brevicaudata,Mandena,agriculture,Hypotrichomonas,0,Protozoa
2544,Microgale brevicaudata,Mandena,agriculture,Tritrichomonas,0,Protozoa
2544,Microgale brevicaudata,Mandena,agriculture,Eimeria,0,Protozoa
2544,Microgale brevicaudata,Mandena,agriculture,Heligmonellidae,0,Nematode
2544,Microgale brevicaudata,Mandena,agriculture,Hexamastix,0,Protozoa
2544,Microgale brevicaudata,Mandena,agriculture,Tetratrichomonas,0,Protozoa
2556,Rattus rattus,Mandena,agriculture,Blastocystis,0,Protozoa
2556,Rattus rattus,Mandena,agriculture,Entamoeba,0,Protozoa
2556,Rattus rattus,Mandena,agriculture,Heligmosomoidea,0,Nematode
2556,Rattus rattus,Mandena,agriculture,Nippostrongylus,1,Nematode
2556,Rattus rattus,Mandena,agriculture,Trichostrongylidae,0,Nematode
2556,Rattus rattus,Mandena,agriculture,Hypotrichomonas,0,Protozoa
2556,Rattus rattus,Mandena,agriculture,Tritrichomonas,0,Protozoa
2556,Rattus rattus,Mandena,agriculture,Eimeria,0,Protozoa
2556,Rattus rattus,Mandena,agriculture,Heligmonellidae,0,Nematode
2556,Rattus rattus,Mandena,agriculture,Hexamastix,0,Protozoa
2556,Rattus rattus,Mandena,agriculture,Tetratrichomonas,0,Protozoa
2569,Rattus rattus,Mandena,agriculture,Blastocystis,0,Protozoa
2569,Rattus rattus,Mandena,agriculture,Entamoeba,0,Protozoa
2569,Rattus rattus,Mandena,agriculture,Heligmosomoidea,0,Nematode
2569,Rattus rattus,Mandena,agriculture,Nippostrongylus,0,Nematode
2569,Rattus rattus,Mandena,agriculture,Trichostrongylidae,0,Nematode
2569,Rattus rattus,Mandena,agriculture,Hypotrichomonas,0,Protozoa
2569,Rattus rattus,Mandena,agriculture,Tritrichomonas,0,Protozoa
2569,Rattus rattus,Mandena,agriculture,Eimeria,0,Protozoa
2569,Rattus rattus,Mandena,agriculture,Heligmonellidae,0,Nematode
2569,Rattus rattus,Mandena,agriculture,Hexamastix,0,Protozoa
2569,Rattus rattus,Mandena,agriculture,Tetratrichomonas,0,Protozoa
2577,Rattus rattus,Mandena,agriculture,Blastocystis,0,Protozoa
2577,Rattus rattus,Mandena,agriculture,Entamoeba,0,Protozoa
2577,Rattus rattus,Mandena,agriculture,Heligmosomoidea,0,Nematode
2577,Rattus rattus,Mandena,agriculture,Nippostrongylus,1,Nematode
2577,Rattus rattus,Mandena,agriculture,Trichostrongylidae,0,Nematode
2577,Rattus rattus,Mandena,agriculture,Hypotrichomonas,0,Protozoa
2577,Rattus rattus,Mandena,agriculture,Tritrichomonas,0,Protozoa
2577,Rattus rattus,Mandena,agriculture,Eimeria,0,Protozoa
2577,Rattus rattus,Mandena,agriculture,Heligmonellidae,0,Nematode
2577,Rattus rattus,Mandena,agriculture,Hexamastix,0,Protozoa
2577,Rattus rattus,Mandena,agriculture,Tetratrichomonas,0,Protozoa
2578,Microgale brevicaudata,Mandena,agriculture,Blastocystis,0,Protozoa
2578,Microgale brevicaudata,Mandena,agriculture,Entamoeba,0,Protozoa
2578,Microgale brevicaudata,Mandena,agriculture,Heligmosomoidea,0,Nematode
2578,Microgale brevicaudata,Mandena,agriculture,Nippostrongylus,0,Nematode
2578,Microgale brevicaudata,Mandena,agriculture,Trichostrongylidae,1,Nematode
2578,Microgale brevicaudata,Mandena,agriculture,Hypotrichomonas,0,Protozoa
2578,Microgale brevicaudata,Mandena,agriculture,Tritrichomonas,0,Protozoa
2578,Microgale brevicaudata,Mandena,agriculture,Eimeria,0,Protozoa
2578,Microgale brevicaudata,Mandena,agriculture,Heligmonellidae,0,Nematode
2578,Microgale brevicaudata,Mandena,agriculture,Hexamastix,0,Protozoa
2578,Microgale brevicaudata,Mandena,agriculture,Tetratrichomonas,0,Protozoa
2579,Microgale brevicaudata,Mandena,agriculture,Blastocystis,0,Protozoa
2579,Microgale brevicaudata,Mandena,agriculture,Entamoeba,0,Protozoa
2579,Microgale brevicaudata,Mandena,agriculture,Heligmosomoidea,0,Nematode
2579,Microgale brevicaudata,Mandena,agriculture,Nippostrongylus,0,Nematode
2579,Microgale brevicaudata,Mandena,agriculture,Trichostrongylidae,1,Nematode
2579,Microgale brevicaudata,Mandena,agriculture,Hypotrichomonas,0,Protozoa
2579,Microgale brevicaudata,Mandena,agriculture,Tritrichomonas,0,Protozoa
2579,Microgale brevicaudata,Mandena,agriculture,Eimeria,0,Protozoa
2579,Microgale brevicaudata,Mandena,agriculture,Heligmonellidae,0,Nematode
2579,Microgale brevicaudata,Mandena,agriculture,Hexamastix,0,Protozoa
2579,Microgale brevicaudata,Mandena,agriculture,Tetratrichomonas,0,Protozoa
2588,Rattus rattus,Mandena,agriculture,Blastocystis,0,Protozoa
2588,Rattus rattus,Mandena,agriculture,Entamoeba,0,Protozoa
2588,Rattus rattus,Mandena,agriculture,Heligmosomoidea,0,Nematode
2588,Rattus rattus,Mandena,agriculture,Nippostrongylus,1,Nematode
2588,Rattus rattus,Mandena,agriculture,Trichostrongylidae,0,Nematode
2588,Rattus rattus,Mandena,agriculture,Hypotrichomonas,0,Protozoa
2588,Rattus rattus,Mandena,agriculture,Tritrichomonas,0,Protozoa
2588,Rattus rattus,Mandena,agriculture,Eimeria,0,Protozoa
2588,Rattus rattus,Mandena,agriculture,Heligmonellidae,0,Nematode
2588,Rattus rattus,Mandena,agriculture,Hexamastix,0,Protozoa
2588,Rattus rattus,Mandena,agriculture,Tetratrichomonas,0,Protozoa
2590,Microgale brevicaudata,Mandena,agriculture,Blastocystis,0,Protozoa
2590,Microgale brevicaudata,Mandena,agriculture,Entamoeba,0,Protozoa
2590,Microgale brevicaudata,Mandena,agriculture,Heligmosomoidea,0,Nematode
2590,Microgale brevicaudata,Mandena,agriculture,Nippostrongylus,0,Nematode
2590,Microgale brevicaudata,Mandena,agriculture,Trichostrongylidae,1,Nematode
2590,Microgale brevicaudata,Mandena,agriculture,Hypotrichomonas,0,Protozoa
2590,Microgale brevicaudata,Mandena,agriculture,Tritrichomonas,0,Protozoa
2590,Microgale brevicaudata,Mandena,agriculture,Eimeria,0,Protozoa
2590,Microgale brevicaudata,Mandena,agriculture,Heligmonellidae,0,Nematode
2590,Microgale brevicaudata,Mandena,agriculture,Hexamastix,0,Protozoa
2590,Microgale brevicaudata,Mandena,agriculture,Tetratrichomonas,0,Protozoa
2596,Rattus rattus,Mandena,flooded_rice,Blastocystis,0,Protozoa
2596,Rattus rattus,Mandena,flooded_rice,Entamoeba,0,Protozoa
2596,Rattus rattus,Mandena,flooded_rice,Heligmosomoidea,0,Nematode
2596,Rattus rattus,Mandena,flooded_rice,Nippostrongylus,1,Nematode
2596,Rattus rattus,Mandena,flooded_rice,Trichostrongylidae,0,Nematode
2596,Rattus rattus,Mandena,flooded_rice,Hypotrichomonas,0,Protozoa
2596,Rattus rattus,Mandena,flooded_rice,Tritrichomonas,0,Protozoa
2596,Rattus rattus,Mandena,flooded_rice,Eimeria,0,Protozoa
2596,Rattus rattus,Mandena,flooded_rice,Heligmonellidae,0,Nematode
2596,Rattus rattus,Mandena,flooded_rice,Hexamastix,0,Protozoa
2596,Rattus rattus,Mandena,flooded_rice,Tetratrichomonas,0,Protozoa
2602,Rattus rattus,Mandena,flooded_rice,Blastocystis,0,Protozoa
2602,Rattus rattus,Mandena,flooded_rice,Entamoeba,0,Protozoa
2602,Rattus rattus,Mandena,flooded_rice,Heligmosomoidea,0,Nematode
2602,Rattus rattus,Mandena,flooded_rice,Nippostrongylus,1,Nematode
2602,Rattus rattus,Mandena,flooded_rice,Trichostrongylidae,0,Nematode
2602,Rattus rattus,Mandena,flooded_rice,Hypotrichomonas,0,Protozoa
2602,Rattus rattus,Mandena,flooded_rice,Tritrichomonas,0,Protozoa
2602,Rattus rattus,Mandena,flooded_rice,Eimeria,0,Protozoa
2602,Rattus rattus,Mandena,flooded_rice,Heligmonellidae,1,Nematode
2602,Rattus rattus,Mandena,flooded_rice,Hexamastix,0,Protozoa
2602,Rattus rattus,Mandena,flooded_rice,Tetratrichomonas,0,Protozoa
2635,Microgale brevicaudata,Mandena,flooded_rice,Blastocystis,0,Protozoa
2635,Microgale brevicaudata,Mandena,flooded_rice,Entamoeba,0,Protozoa
2635,Microgale brevicaudata,Mandena,flooded_rice,Heligmosomoidea,0,Nematode
2635,Microgale brevicaudata,Mandena,flooded_rice,Nippostrongylus,1,Nematode
2635,Microgale brevicaudata,Mandena,flooded_rice,Trichostrongylidae,1,Nematode
2635,Microgale brevicaudata,Mandena,flooded_rice,Hypotrichomonas,0,Protozoa
2635,Microgale brevicaudata,Mandena,flooded_rice,Tritrichomonas,0,Protozoa
2635,Microgale brevicaudata,Mandena,flooded_rice,Eimeria,0,Protozoa
2635,Microgale brevicaudata,Mandena,flooded_rice,Heligmonellidae,0,Nematode
2635,Microgale brevicaudata,Mandena,flooded_rice,Hexamastix,0,Protozoa
2635,Microgale brevicaudata,Mandena,flooded_rice,Tetratrichomonas,0,Protozoa
2642,Rattus rattus,Mandena,flooded_rice,Blastocystis,0,Protozoa
2642,Rattus rattus,Mandena,flooded_rice,Entamoeba,0,Protozoa
2642,Rattus rattus,Mandena,flooded_rice,Heligmosomoidea,0,Nematode
2642,Rattus rattus,Mandena,flooded_rice,Nippostrongylus,1,Nematode
2642,Rattus rattus,Mandena,flooded_rice,Trichostrongylidae,0,Nematode
2642,Rattus rattus,Mandena,flooded_rice,Hypotrichomonas,0,Protozoa
2642,Rattus rattus,Mandena,flooded_rice,Tritrichomonas,0,Protozoa
2642,Rattus rattus,Mandena,flooded_rice,Eimeria,0,Protozoa
2642,Rattus rattus,Mandena,flooded_rice,Heligmonellidae,0,Nematode
2642,Rattus rattus,Mandena,flooded_rice,Hexamastix,0,Protozoa
2642,Rattus rattus,Mandena,flooded_rice,Tetratrichomonas,0,Protozoa
2650,Rattus rattus,Mandena,secondary_forest,Blastocystis,0,Protozoa
2650,Rattus rattus,Mandena,secondary_forest,Entamoeba,0,Protozoa
2650,Rattus rattus,Mandena,secondary_forest,Heligmosomoidea,0,Nematode
2650,Rattus rattus,Mandena,secondary_forest,Nippostrongylus,0,Nematode
2650,Rattus rattus,Mandena,secondary_forest,Trichostrongylidae,0,Nematode
2650,Rattus rattus,Mandena,secondary_forest,Hypotrichomonas,0,Protozoa
2650,Rattus rattus,Mandena,secondary_forest,Tritrichomonas,0,Protozoa
2650,Rattus rattus,Mandena,secondary_forest,Eimeria,0,Protozoa
2650,Rattus rattus,Mandena,secondary_forest,Heligmonellidae,0,Nematode
2650,Rattus rattus,Mandena,secondary_forest,Hexamastix,0,Protozoa
2650,Rattus rattus,Mandena,secondary_forest,Tetratrichomonas,0,Protozoa
2659,Rattus rattus,Mandena,secondary_forest,Blastocystis,0,Protozoa
2659,Rattus rattus,Mandena,secondary_forest,Entamoeba,0,Protozoa
2659,Rattus rattus,Mandena,secondary_forest,Heligmosomoidea,0,Nematode
2659,Rattus rattus,Mandena,secondary_forest,Nippostrongylus,0,Nematode
2659,Rattus rattus,Mandena,secondary_forest,Trichostrongylidae,0,Nematode
2659,Rattus rattus,Mandena,secondary_forest,Hypotrichomonas,0,Protozoa
2659,Rattus rattus,Mandena,secondary_forest,Tritrichomonas,0,Protozoa
2659,Rattus rattus,Mandena,secondary_forest,Eimeria,0,Protozoa
2659,Rattus rattus,Mandena,secondary_forest,Heligmonellidae,0,Nematode
2659,Rattus rattus,Mandena,secondary_forest,Hexamastix,0,Protozoa
2659,Rattus rattus,Mandena,secondary_forest,Tetratrichomonas,0,Protozoa
2662,Rattus rattus,Mandena,secondary_forest,Blastocystis,0,Protozoa
2662,Rattus rattus,Mandena,secondary_forest,Entamoeba,0,Protozoa
2662,Rattus rattus,Mandena,secondary_forest,Heligmosomoidea,0,Nematode
2662,Rattus rattus,Mandena,secondary_forest,Nippostrongylus,1,Nematode
2662,Rattus rattus,Mandena,secondary_forest,Trichostrongylidae,0,Nematode
2662,Rattus rattus,Mandena,secondary_forest,Hypotrichomonas,0,Protozoa
2662,Rattus rattus,Mandena,secondary_forest,Tritrichomonas,0,Protozoa
2662,Rattus rattus,Mandena,secondary_forest,Eimeria,0,Protozoa
2662,Rattus rattus,Mandena,secondary_forest,Heligmonellidae,0,Nematode
2662,Rattus rattus,Mandena,secondary_forest,Hexamastix,0,Protozoa
2662,Rattus rattus,Mandena,secondary_forest,Tetratrichomonas,0,Protozoa
2666,Rattus rattus,Mandena,secondary_forest,Blastocystis,0,Protozoa
2666,Rattus rattus,Mandena,secondary_forest,Entamoeba,0,Protozoa
2666,Rattus rattus,Mandena,secondary_forest,Heligmosomoidea,0,Nematode
2666,Rattus rattus,Mandena,secondary_forest,Nippostrongylus,1,Nematode
2666,Rattus rattus,Mandena,secondary_forest,Trichostrongylidae,0,Nematode
2666,Rattus rattus,Mandena,secondary_forest,Hypotrichomonas,0,Protozoa
2666,Rattus rattus,Mandena,secondary_forest,Tritrichomonas,0,Protozoa
2666,Rattus rattus,Mandena,secondary_forest,Eimeria,0,Protozoa
2666,Rattus rattus,Mandena,secondary_forest,Heligmonellidae,0,Nematode
2666,Rattus rattus,Mandena,secondary_forest,Hexamastix,0,Protozoa
2666,Rattus rattus,Mandena,secondary_forest,Tetratrichomonas,0,Protozoa
2667,Rattus rattus,Mandena,secondary_forest,Blastocystis,0,Protozoa
2667,Rattus rattus,Mandena,secondary_forest,Entamoeba,0,Protozoa
2667,Rattus rattus,Mandena,secondary_forest,Heligmosomoidea,0,Nematode
2667,Rattus rattus,Mandena,secondary_forest,Nippostrongylus,1,Nematode
2667,Rattus rattus,Mandena,secondary_forest,Trichostrongylidae,0,Nematode
2667,Rattus rattus,Mandena,secondary_forest,Hypotrichomonas,0,Protozoa
2667,Rattus rattus,Mandena,secondary_forest,Tritrichomonas,0,Protozoa
2667,Rattus rattus,Mandena,secondary_forest,Eimeria,0,Protozoa
2667,Rattus rattus,Mandena,secondary_forest,Heligmonellidae,0,Nematode
2667,Rattus rattus,Mandena,secondary_forest,Hexamastix,0,Protozoa
2667,Rattus rattus,Mandena,secondary_forest,Tetratrichomonas,0,Protozoa
2668,Rattus rattus,Mandena,secondary_forest,Blastocystis,0,Protozoa
2668,Rattus rattus,Mandena,secondary_forest,Entamoeba,0,Protozoa
2668,Rattus rattus,Mandena,secondary_forest,Heligmosomoidea,0,Nematode
2668,Rattus rattus,Mandena,secondary_forest,Nippostrongylus,1,Nematode
2668,Rattus rattus,Mandena,secondary_forest,Trichostrongylidae,0,Nematode
2668,Rattus rattus,Mandena,secondary_forest,Hypotrichomonas,0,Protozoa
2668,Rattus rattus,Mandena,secondary_forest,Tritrichomonas,0,Protozoa
2668,Rattus rattus,Mandena,secondary_forest,Eimeria,0,Protozoa
2668,Rattus rattus,Mandena,secondary_forest,Heligmonellidae,0,Nematode
2668,Rattus rattus,Mandena,secondary_forest,Hexamastix,0,Protozoa
2668,Rattus rattus,Mandena,secondary_forest,Tetratrichomonas,0,Protozoa
2670,Rattus rattus,Mandena,secondary_forest,Blastocystis,0,Protozoa
2670,Rattus rattus,Mandena,secondary_forest,Entamoeba,0,Protozoa
2670,Rattus rattus,Mandena,secondary_forest,Heligmosomoidea,0,Nematode
2670,Rattus rattus,Mandena,secondary_forest,Nippostrongylus,1,Nematode
2670,Rattus rattus,Mandena,secondary_forest,Trichostrongylidae,0,Nematode
2670,Rattus rattus,Mandena,secondary_forest,Hypotrichomonas,0,Protozoa
2670,Rattus rattus,Mandena,secondary_forest,Tritrichomonas,0,Protozoa
2670,Rattus rattus,Mandena,secondary_forest,Eimeria,0,Protozoa
2670,Rattus rattus,Mandena,secondary_forest,Heligmonellidae,0,Nematode
2670,Rattus rattus,Mandena,secondary_forest,Hexamastix,0,Protozoa
2670,Rattus rattus,Mandena,secondary_forest,Tetratrichomonas,0,Protozoa
2671,Rattus rattus,Mandena,secondary_forest,Blastocystis,0,Protozoa
2671,Rattus rattus,Mandena,secondary_forest,Entamoeba,0,Protozoa
2671,Rattus rattus,Mandena,secondary_forest,Heligmosomoidea,0,Nematode
2671,Rattus rattus,Mandena,secondary_forest,Nippostrongylus,1,Nematode
2671,Rattus rattus,Mandena,secondary_forest,Trichostrongylidae,0,Nematode
2671,Rattus rattus,Mandena,secondary_forest,Hypotrichomonas,0,Protozoa
2671,Rattus rattus,Mandena,secondary_forest,Tritrichomonas,0,Protozoa
2671,Rattus rattus,Mandena,secondary_forest,Eimeria,0,Protozoa
2671,Rattus rattus,Mandena,secondary_forest,Heligmonellidae,0,Nematode
2671,Rattus rattus,Mandena,secondary_forest,Hexamastix,0,Protozoa
2671,Rattus rattus,Mandena,secondary_forest,Tetratrichomonas,0,Protozoa
2673,Rattus rattus,Mandena,secondary_forest,Blastocystis,0,Protozoa
2673,Rattus rattus,Mandena,secondary_forest,Entamoeba,0,Protozoa
2673,Rattus rattus,Mandena,secondary_forest,Heligmosomoidea,0,Nematode
2673,Rattus rattus,Mandena,secondary_forest,Nippostrongylus,1,Nematode
2673,Rattus rattus,Mandena,secondary_forest,Trichostrongylidae,0,Nematode
2673,Rattus rattus,Mandena,secondary_forest,Hypotrichomonas,0,Protozoa
2673,Rattus rattus,Mandena,secondary_forest,Tritrichomonas,0,Protozoa
2673,Rattus rattus,Mandena,secondary_forest,Eimeria,0,Protozoa
2673,Rattus rattus,Mandena,secondary_forest,Heligmonellidae,0,Nematode
2673,Rattus rattus,Mandena,secondary_forest,Hexamastix,0,Protozoa
2673,Rattus rattus,Mandena,secondary_forest,Tetratrichomonas,0,Protozoa
2676,Rattus rattus,Mandena,secondary_forest,Blastocystis,0,Protozoa
2676,Rattus rattus,Mandena,secondary_forest,Entamoeba,0,Protozoa
2676,Rattus rattus,Mandena,secondary_forest,Heligmosomoidea,0,Nematode
2676,Rattus rattus,Mandena,secondary_forest,Nippostrongylus,1,Nematode
2676,Rattus rattus,Mandena,secondary_forest,Trichostrongylidae,0,Nematode
2676,Rattus rattus,Mandena,secondary_forest,Hypotrichomonas,0,Protozoa
2676,Rattus rattus,Mandena,secondary_forest,Tritrichomonas,0,Protozoa
2676,Rattus rattus,Mandena,secondary_forest,Eimeria,0,Protozoa
2676,Rattus rattus,Mandena,secondary_forest,Heligmonellidae,0,Nematode
2676,Rattus rattus,Mandena,secondary_forest,Hexamastix,0,Protozoa
2676,Rattus rattus,Mandena,secondary_forest,Tetratrichomonas,0,Protozoa
2681,Microgale brevicaudata,Mandena,semi-intact_forest,Blastocystis,0,Protozoa
2681,Microgale brevicaudata,Mandena,semi-intact_forest,Entamoeba,0,Protozoa
2681,Microgale brevicaudata,Mandena,semi-intact_forest,Heligmosomoidea,1,Nematode
2681,Microgale brevicaudata,Mandena,semi-intact_forest,Nippostrongylus,0,Nematode
2681,Microgale brevicaudata,Mandena,semi-intact_forest,Trichostrongylidae,1,Nematode
2681,Microgale brevicaudata,Mandena,semi-intact_forest,Hypotrichomonas,0,Protozoa
2681,Microgale brevicaudata,Mandena,semi-intact_forest,Tritrichomonas,0,Protozoa
2681,Microgale brevicaudata,Mandena,semi-intact_forest,Eimeria,0,Protozoa
2681,Microgale brevicaudata,Mandena,semi-intact_forest,Heligmonellidae,0,Nematode
2681,Microgale brevicaudata,Mandena,semi-intact_forest,Hexamastix,0,Protozoa
2681,Microgale brevicaudata,Mandena,semi-intact_forest,Tetratrichomonas,0,Protozoa
2683,Rattus rattus,Mandena,semi-intact_forest,Blastocystis,0,Protozoa
2683,Rattus rattus,Mandena,semi-intact_forest,Entamoeba,0,Protozoa
2683,Rattus rattus,Mandena,semi-intact_forest,Heligmosomoidea,0,Nematode
2683,Rattus rattus,Mandena,semi-intact_forest,Nippostrongylus,1,Nematode
2683,Rattus rattus,Mandena,semi-intact_forest,Trichostrongylidae,0,Nematode
2683,Rattus rattus,Mandena,semi-intact_forest,Hypotrichomonas,0,Protozoa
2683,Rattus rattus,Mandena,semi-intact_forest,Tritrichomonas,0,Protozoa
2683,Rattus rattus,Mandena,semi-intact_forest,Eimeria,0,Protozoa
2683,Rattus rattus,Mandena,semi-intact_forest,Heligmonellidae,0,Nematode
2683,Rattus rattus,Mandena,semi-intact_forest,Hexamastix,0,Protozoa
2683,Rattus rattus,Mandena,semi-intact_forest,Tetratrichomonas,0,Protozoa
2684,Rattus rattus,Mandena,semi-intact_forest,Blastocystis,0,Protozoa
2684,Rattus rattus,Mandena,semi-intact_forest,Entamoeba,0,Protozoa
2684,Rattus rattus,Mandena,semi-intact_forest,Heligmosomoidea,0,Nematode
2684,Rattus rattus,Mandena,semi-intact_forest,Nippostrongylus,1,Nematode
2684,Rattus rattus,Mandena,semi-intact_forest,Trichostrongylidae,0,Nematode
2684,Rattus rattus,Mandena,semi-intact_forest,Hypotrichomonas,0,Protozoa
2684,Rattus rattus,Mandena,semi-intact_forest,Tritrichomonas,0,Protozoa
2684,Rattus rattus,Mandena,semi-intact_forest,Eimeria,0,Protozoa
2684,Rattus rattus,Mandena,semi-intact_forest,Heligmonellidae,0,Nematode
2684,Rattus rattus,Mandena,semi-intact_forest,Hexamastix,0,Protozoa
2684,Rattus rattus,Mandena,semi-intact_forest,Tetratrichomonas,0,Protozoa
2685,Rattus rattus,Mandena,semi-intact_forest,Blastocystis,0,Protozoa
2685,Rattus rattus,Mandena,semi-intact_forest,Entamoeba,0,Protozoa
2685,Rattus rattus,Mandena,semi-intact_forest,Heligmosomoidea,0,Nematode
2685,Rattus rattus,Mandena,semi-intact_forest,Nippostrongylus,1,Nematode
2685,Rattus rattus,Mandena,semi-intact_forest,Trichostrongylidae,0,Nematode
2685,Rattus rattus,Mandena,semi-intact_forest,Hypotrichomonas,0,Protozoa
2685,Rattus rattus,Mandena,semi-intact_forest,Tritrichomonas,0,Protozoa
2685,Rattus rattus,Mandena,semi-intact_forest,Eimeria,0,Protozoa
2685,Rattus rattus,Mandena,semi-intact_forest,Heligmonellidae,0,Nematode
2685,Rattus rattus,Mandena,semi-intact_forest,Hexamastix,0,Protozoa
2685,Rattus rattus,Mandena,semi-intact_forest,Tetratrichomonas,0,Protozoa
2691,Rattus rattus,Mandena,semi-intact_forest,Blastocystis,0,Protozoa
2691,Rattus rattus,Mandena,semi-intact_forest,Entamoeba,0,Protozoa
2691,Rattus rattus,Mandena,semi-intact_forest,Heligmosomoidea,0,Nematode
2691,Rattus rattus,Mandena,semi-intact_forest,Nippostrongylus,0,Nematode
2691,Rattus rattus,Mandena,semi-intact_forest,Trichostrongylidae,0,Nematode
2691,Rattus rattus,Mandena,semi-intact_forest,Hypotrichomonas,0,Protozoa
2691,Rattus rattus,Mandena,semi-intact_forest,Tritrichomonas,0,Protozoa
2691,Rattus rattus,Mandena,semi-intact_forest,Eimeria,0,Protozoa
2691,Rattus rattus,Mandena,semi-intact_forest,Heligmonellidae,0,Nematode
2691,Rattus rattus,Mandena,semi-intact_forest,Hexamastix,0,Protozoa
2691,Rattus rattus,Mandena,semi-intact_forest,Tetratrichomonas,0,Protozoa
2694,Rattus rattus,Mandena,agroforest,Blastocystis,0,Protozoa
2694,Rattus rattus,Mandena,agroforest,Entamoeba,0,Protozoa
2694,Rattus rattus,Mandena,agroforest,Heligmosomoidea,0,Nematode
2694,Rattus rattus,Mandena,agroforest,Nippostrongylus,1,Nematode
2694,Rattus rattus,Mandena,agroforest,Trichostrongylidae,0,Nematode
2694,Rattus rattus,Mandena,agroforest,Hypotrichomonas,0,Protozoa
2694,Rattus rattus,Mandena,agroforest,Tritrichomonas,0,Protozoa
2694,Rattus rattus,Mandena,agroforest,Eimeria,0,Protozoa
2694,Rattus rattus,Mandena,agroforest,Heligmonellidae,0,Nematode
2694,Rattus rattus,Mandena,agroforest,Hexamastix,0,Protozoa
2694,Rattus rattus,Mandena,agroforest,Tetratrichomonas,0,Protozoa
2695,Rattus rattus,Mandena,agroforest,Blastocystis,0,Protozoa
2695,Rattus rattus,Mandena,agroforest,Entamoeba,0,Protozoa
2695,Rattus rattus,Mandena,agroforest,Heligmosomoidea,0,Nematode
2695,Rattus rattus,Mandena,agroforest,Nippostrongylus,0,Nematode
2695,Rattus rattus,Mandena,agroforest,Trichostrongylidae,0,Nematode
2695,Rattus rattus,Mandena,agroforest,Hypotrichomonas,0,Protozoa
2695,Rattus rattus,Mandena,agroforest,Tritrichomonas,0,Protozoa
2695,Rattus rattus,Mandena,agroforest,Eimeria,0,Protozoa
2695,Rattus rattus,Mandena,agroforest,Heligmonellidae,0,Nematode
2695,Rattus rattus,Mandena,agroforest,Hexamastix,0,Protozoa
2695,Rattus rattus,Mandena,agroforest,Tetratrichomonas,0,Protozoa
2724,Rattus rattus,Mandena,agroforest,Blastocystis,0,Protozoa
2724,Rattus rattus,Mandena,agroforest,Entamoeba,0,Protozoa
2724,Rattus rattus,Mandena,agroforest,Heligmosomoidea,0,Nematode
2724,Rattus rattus,Mandena,agroforest,Nippostrongylus,1,Nematode
2724,Rattus rattus,Mandena,agroforest,Trichostrongylidae,0,Nematode
2724,Rattus rattus,Mandena,agroforest,Hypotrichomonas,0,Protozoa
2724,Rattus rattus,Mandena,agroforest,Tritrichomonas,0,Protozoa
2724,Rattus rattus,Mandena,agroforest,Eimeria,0,Protozoa
2724,Rattus rattus,Mandena,agroforest,Heligmonellidae,0,Nematode
2724,Rattus rattus,Mandena,agroforest,Hexamastix,0,Protozoa
2724,Rattus rattus,Mandena,agroforest,Tetratrichomonas,0,Protozoa
2727,Microgale brevicaudata,Mandena,agroforest,Blastocystis,0,Protozoa
2727,Microgale brevicaudata,Mandena,agroforest,Entamoeba,0,Protozoa
2727,Microgale brevicaudata,Mandena,agroforest,Heligmosomoidea,0,Nematode
2727,Microgale brevicaudata,Mandena,agroforest,Nippostrongylus,0,Nematode
2727,Microgale brevicaudata,Mandena,agroforest,Trichostrongylidae,0,Nematode
2727,Microgale brevicaudata,Mandena,agroforest,Hypotrichomonas,0,Protozoa
2727,Microgale brevicaudata,Mandena,agroforest,Tritrichomonas,0,Protozoa
2727,Microgale brevicaudata,Mandena,agroforest,Eimeria,0,Protozoa
2727,Microgale brevicaudata,Mandena,agroforest,Heligmonellidae,0,Nematode
2727,Microgale brevicaudata,Mandena,agroforest,Hexamastix,0,Protozoa
2727,Microgale brevicaudata,Mandena,agroforest,Tetratrichomonas,0,Protozoa
2729,Microgale brevicaudata,Mandena,agroforest,Blastocystis,0,Protozoa
2729,Microgale brevicaudata,Mandena,agroforest,Entamoeba,0,Protozoa
2729,Microgale brevicaudata,Mandena,agroforest,Heligmosomoidea,0,Nematode
2729,Microgale brevicaudata,Mandena,agroforest,Nippostrongylus,0,Nematode
2729,Microgale brevicaudata,Mandena,agroforest,Trichostrongylidae,1,Nematode
2729,Microgale brevicaudata,Mandena,agroforest,Hypotrichomonas,0,Protozoa
2729,Microgale brevicaudata,Mandena,agroforest,Tritrichomonas,0,Protozoa
2729,Microgale brevicaudata,Mandena,agroforest,Eimeria,0,Protozoa
2729,Microgale brevicaudata,Mandena,agroforest,Heligmonellidae,0,Nematode
2729,Microgale brevicaudata,Mandena,agroforest,Hexamastix,0,Protozoa
2729,Microgale brevicaudata,Mandena,agroforest,Tetratrichomonas,0,Protozoa
2733,Rattus rattus,Mandena,agroforest,Blastocystis,0,Protozoa
2733,Rattus rattus,Mandena,agroforest,Entamoeba,0,Protozoa
2733,Rattus rattus,Mandena,agroforest,Heligmosomoidea,0,Nematode
2733,Rattus rattus,Mandena,agroforest,Nippostrongylus,0,Nematode
2733,Rattus rattus,Mandena,agroforest,Trichostrongylidae,0,Nematode
2733,Rattus rattus,Mandena,agroforest,Hypotrichomonas,0,Protozoa
2733,Rattus rattus,Mandena,agroforest,Tritrichomonas,0,Protozoa
2733,Rattus rattus,Mandena,agroforest,Eimeria,0,Protozoa
2733,Rattus rattus,Mandena,agroforest,Heligmonellidae,0,Nematode
2733,Rattus rattus,Mandena,agroforest,Hexamastix,0,Protozoa
2733,Rattus rattus,Mandena,agroforest,Tetratrichomonas,0,Protozoa
2746,Rattus rattus,Mandena,agroforest,Blastocystis,0,Protozoa
2746,Rattus rattus,Mandena,agroforest,Entamoeba,0,Protozoa
2746,Rattus rattus,Mandena,agroforest,Heligmosomoidea,0,Nematode
2746,Rattus rattus,Mandena,agroforest,Nippostrongylus,1,Nematode
2746,Rattus rattus,Mandena,agroforest,Trichostrongylidae,0,Nematode
2746,Rattus rattus,Mandena,agroforest,Hypotrichomonas,0,Protozoa
2746,Rattus rattus,Mandena,agroforest,Tritrichomonas,0,Protozoa
2746,Rattus rattus,Mandena,agroforest,Eimeria,0,Protozoa
2746,Rattus rattus,Mandena,agroforest,Heligmonellidae,0,Nematode
2746,Rattus rattus,Mandena,agroforest,Hexamastix,0,Protozoa
2746,Rattus rattus,Mandena,agroforest,Tetratrichomonas,0,Protozoa
