host_ID,final_id,link,type,host_species,village,grid,season
2006,Blastocystis,1,Protozoa,Microgale brevicaudata,Mandena,brushy_regrowth,1
2006,Entamoeba,1,Protozoa,Microgale brevicaudata,Mandena,brushy_regrowth,1
2007,Blastocystis,1,Protozoa,Microgale brevicaudata,Mandena,brushy_regrowth,1
2007,Entamoeba,1,Protozoa,Microgale brevicaudata,Mandena,brushy_regrowth,1
2008,Eimeria,1,Protozoa,Setifer setosus,Mandena,brushy_regrowth,1
2009,Eimeria,1,Protozoa,Setifer setosus,Mandena,brushy_regrowth,1
2010,Entamoeba,1,Protozoa,Rattus rattus,Mandena,brushy_regrowth,1
2010,Hypotrichomonas,1,Protozoa,Rattus rattus,Mandena,brushy_regrowth,1
2011,Blastocystis,1,Protozoa,Rattus rattus,Mandena,brushy_regrowth,1
2011,Entamoeba,1,Protozoa,Rattus rattus,Mandena,brushy_regrowth,1
2011,Hypotrichomonas,1,Protozoa,Rattus rattus,Mandena,brushy_regrowth,1
2011,Tritrichomonas,1,Protozoa,Rattus rattus,Mandena,brushy_regrowth,1
2013,Blastocystis,1,Protozoa,Rattus rattus,Mandena,brushy_regrowth,1
2013,Entamoeba,1,Protozoa,Rattus rattus,Mandena,brushy_regrowth,1
2014,Blastocystis,1,Protozoa,Rattus rattus,Mandena,brushy_regrowth,1
2015,Blastocystis,1,Protozoa,Rattus rattus,Mandena,brushy_regrowth,1
2015,Entamoeba,1,Protozoa,Rattus rattus,Mandena,brushy_regrowth,1
2015,Hypotrichomonas,1,Protozoa,Rattus rattus,Mandena,brushy_regrowth,1
2016,Blastocystis,1,Protozoa,Rattus rattus,Mandena,brushy_regrowth,1
2016,Entamoeba,1,Protozoa,Rattus rattus,Mandena,brushy_regrowth,1
2018,Blastocystis,1,Protozoa,Rattus rattus,Mandena,brushy_regrowth,1
2018,Entamoeba,1,Protozoa,Rattus rattus,Mandena,brushy_regrowth,1
2019,Blastocystis,1,Protozoa,Rattus rattus,Mandena,brushy_regrowth,1
2019,Entamoeba,1,Protozoa,Rattus rattus,Mandena,brushy_regrowth,1
2019,Tritrichomonas,1,Protozoa,Rattus rattus,Mandena,brushy_regrowth,1
2021,Blastocystis,1,Protozoa,Microgale brevicaudata,Mandena,brushy_regrowth,1
2021,Eimeria,1,Protozoa,Microgale brevicaudata,Mandena,brushy_regrowth,1
2021,Entamoeba,1,Protozoa,Microgale brevicaudata,Mandena,brushy_regrowth,1
2023,Blastocystis,1,Protozoa,Rattus rattus,Mandena,brushy_regrowth,1
2024,Entamoeba,1,Protozoa,Rattus rattus,Mandena,brushy_regrowth,1
2024,Tritrichomonas,1,Protozoa,Rattus rattus,Mandena,brushy_regrowth,1
2025,Blastocystis,1,Protozoa,Rattus rattus,Mandena,brushy_regrowth,1
2025,Entamoeba,1,Protozoa,Rattus rattus,Mandena,brushy_regrowth,1
2025,Tritrichomonas,1,Protozoa,Rattus rattus,Mandena,brushy_regrowth,1
2026,Blastocystis,1,Protozoa,Microgale brevicaudata,Mandena,brushy_regrowth,1
2027,Blastocystis,1,Protozoa,Microgale brevicaudata,Mandena,brushy_regrowth,1
2028,Eimeria,1,Protozoa,Microgale brevicaudata,Mandena,brushy_regrowth,1
2029,Blastocystis,1,Protozoa,Rattus rattus,Mandena,brushy_regrowth,1
2029,Entamoeba,1,Protozoa,Rattus rattus,Mandena,brushy_regrowth,1
2029,Tritrichomonas,1,Protozoa,Rattus rattus,Mandena,brushy_regrowth,1
2030,Blastocystis,1,Protozoa,Rattus rattus,Mandena,brushy_regrowth,1
2030,Entamoeba,1,Protozoa,Rattus rattus,Mandena,brushy_regrowth,1
2031,Blastocystis,1,Protozoa,Rattus rattus,Mandena,brushy_regrowth,1
2031,Tritrichomonas,1,Protozoa,Rattus rattus,Mandena,brushy_regrowth,1
2032,Blastocystis,1,Protozoa,Rattus rattus,Mandena,brushy_regrowth,1
2032,Entamoeba,1,Protozoa,Rattus rattus,Mandena,brushy_regrowth,1
2033,Blastocystis,1,Protozoa,Microgale brevicaudata,Mandena,brushy_regrowth,1
2034,Blastocystis,1,Protozoa,Microgale brevicaudata,Mandena,brushy_regrowth,1
2034,Eimeria,1,Protozoa,Microgale brevicaudata,Mandena,brushy_regrowth,1
2034,Entamoeba,1,Protozoa,Microgale brevicaudata,Mandena,brushy_regrowth,1
2035,Blastocystis,1,Protozoa,Microgale brevicaudata,Mandena,brushy_regrowth,1
2036,Blastocystis,1,Protozoa,Microgale brevicaudata,Mandena,brushy_regrowth,1
2037,Tritrichomonas,1,Protozoa,Rattus rattus,Mandena,brushy_regrowth,1
2038,Blastocystis,1,Protozoa,Rattus rattus,Mandena,brushy_regrowth,1
2038,Tritrichomonas,1,Protozoa,Rattus rattus,Mandena,brushy_regrowth,1
2039,Blastocystis,1,Protozoa,Rattus rattus,Mandena,brushy_regrowth,1
2039,Entamoeba,1,Protozoa,Rattus rattus,Mandena,brushy_regrowth,1
2040,Blastocystis,1,Protozoa,Rattus rattus,Mandena,brushy_regrowth,1
2040,Entamoeba,1,Protozoa,Rattus rattus,Mandena,brushy_regrowth,1
2041,Blastocystis,1,Protozoa,Mus musculus,Mandena,brushy_regrowth,1
2041,Entamoeba,1,Protozoa,Mus musculus,Mandena,brushy_regrowth,1
2041,Tritrichomonas,1,Protozoa,Mus musculus,Mandena,brushy_regrowth,1
2042,Tritrichomonas,1,Protozoa,Rattus rattus,Mandena,brushy_regrowth,1
2045,Blastocystis,1,Protozoa,Microgale brevicaudata,Mandena,agriculture,1
2045,Eimeria,1,Protozoa,Microgale brevicaudata,Mandena,agriculture,1
2045,Entamoeba,1,Protozoa,Microgale brevicaudata,Mandena,agriculture,1
2046,Eimeria,1,Protozoa,Microgale brevicaudata,Mandena,agriculture,1
2047,Blastocystis,1,Protozoa,Microgale brevicaudata,Mandena,agriculture,1
2047,Eimeria,1,Protozoa,Microgale brevicaudata,Mandena,agriculture,1
2050,Blastocystis,1,Protozoa,Mus musculus,Mandena,agriculture,1
2050,Entamoeba,1,Protozoa,Mus musculus,Mandena,agriculture,1
2051,Blastocystis,1,Protozoa,Mus musculus,Mandena,agriculture,1
2052,Blastocystis,1,Protozoa,Mus musculus,Mandena,agriculture,1
2052,Entamoeba,1,Protozoa,Mus musculus,Mandena,agriculture,1
2053,Blastocystis,1,Protozoa,Rattus rattus,Mandena,agriculture,1
2053,Entamoeba,1,Protozoa,Rattus rattus,Mandena,agriculture,1
2054,Blastocystis,1,Protozoa,Rattus rattus,Mandena,agriculture,1
2054,Entamoeba,1,Protozoa,Rattus rattus,Mandena,agriculture,1
2054,Hypotrichomonas,1,Protozoa,Rattus rattus,Mandena,agriculture,1
2057,Blastocystis,1,Protozoa,Microgale brevicaudata,Mandena,agriculture,1
2057,Entamoeba,1,Protozoa,Microgale brevicaudata,Mandena,agriculture,1
2058,Eimeria,1,Protozoa,Microgale brevicaudata,Mandena,agriculture,1
2059,Blastocystis,1,Protozoa,Rattus rattus,Mandena,agriculture,1
2059,Entamoeba,1,Protozoa,Rattus rattus,Mandena,agriculture,1
2060,Blastocystis,1,Protozoa,Mus musculus,Mandena,agriculture,1
2060,Entamoeba,1,Protozoa,Mus musculus,Mandena,agriculture,1
2061,Blastocystis,1,Protozoa,Mus musculus,Mandena,agriculture,1
2062,Tritrichomonas,1,Protozoa,Rattus rattus,Mandena,agriculture,1
2064,Tritrichomonas,1,Protozoa,Rattus rattus,Mandena,agriculture,1
2065,Blastocystis,1,Protozoa,Rattus rattus,Mandena,agriculture,1
2065,Entamoeba,1,Protozoa,Rattus rattus,Mandena,agriculture,1
2065,Hypotrichomonas,1,Protozoa,Rattus rattus,Mandena,agriculture,1
2066,Tritrichomonas,1,Protozoa,Rattus rattus,Mandena,agriculture,1
2069,Eimeria,1,Protozoa,Microgale brevicaudata,Mandena,agriculture,1
2077,Blastocystis,1,Protozoa,Rattus rattus,Mandena,agriculture,1
2077,Eimeria,1,Protozoa,Rattus rattus,Mandena,agriculture,1
2077,Entamoeba,1,Protozoa,Rattus rattus,Mandena,agriculture,1
2077,Hypotrichomonas,1,Protozoa,Rattus rattus,Mandena,agriculture,1
2081,Eimeria,1,Protozoa,Microgale brevicaudata,Mandena,agriculture,1
2082,Eimeria,1,Protozoa,Microgale brevicaudata,Mandena,agriculture,1
2083,Eimeria,1,Protozoa,Microgale brevicaudata,Mandena,agriculture,1
2085,Hypotrichomonas,1,Protozoa,Rattus rattus,Mandena,agriculture,1
2085,Tritrichomonas,1,Protozoa,Rattus rattus,Mandena,agriculture,1
2087,Tritrichomonas,1,Protozoa,Rattus rattus,Mandena,agriculture,1
2090,Blastocystis,1,Protozoa,Mus musculus,Mandena,agriculture,1
2091,Entamoeba,1,Protozoa,Rattus rattus,Mandena,agriculture,1
2091,Hypotrichomonas,1,Protozoa,Rattus rattus,Mandena,agriculture,1
2091,Tritrichomonas,1,Protozoa,Rattus rattus,Mandena,agriculture,1
2092,Hypotrichomonas,1,Protozoa,Rattus rattus,Mandena,agriculture,1
2094,Blastocystis,1,Protozoa,Rattus rattus,Mandena,agriculture,1
2094,Entamoeba,1,Protozoa,Rattus rattus,Mandena,agriculture,1
2095,Blastocystis,1,Protozoa,Rattus rattus,Mandena,agriculture,1
2095,Tritrichomonas,1,Protozoa,Rattus rattus,Mandena,agriculture,1
2097,Eimeria,1,Protozoa,Microgale brevicaudata,Mandena,agriculture,1
2098,Eimeria,1,Protozoa,Microgale brevicaudata,Mandena,agriculture,1
2100,Cryptosporidium,1,Protozoa,Rattus rattus,Mandena,agriculture,1
2100,Eimeria,1,Protozoa,Rattus rattus,Mandena,agriculture,1
2101,Hypotrichomonas,1,Protozoa,Rattus rattus,Mandena,agriculture,1
2102,Eimeria,1,Protozoa,Rattus rattus,Mandena,agriculture,1
2104,Tritrichomonas,1,Protozoa,Rattus rattus,Mandena,village,1
2105,Hypotrichomonas,1,Protozoa,Rattus rattus,Mandena,village,1
2106,Eimeria,1,Protozoa,Setifer setosus,Mandena,agriculture,1
2107,Eimeria,1,Protozoa,Suncus murinus,Mandena,agriculture,1
2109,Eimeria,1,Protozoa,Microgale brevicaudata,Mandena,secondary_forest,1
2110,Eimeria,1,Protozoa,Microgale brevicaudata,Mandena,secondary_forest,1
2111,Eimeria,1,Protozoa,Microgale brevicaudata,Mandena,secondary_forest,1
2114,Eimeria,1,Protozoa,Microgale brevicaudata,Mandena,secondary_forest,1
2115,Blastocystis,1,Protozoa,Microgale brevicaudata,Mandena,secondary_forest,1
2115,Entamoeba,1,Protozoa,Microgale brevicaudata,Mandena,secondary_forest,1
2116,Eimeria,1,Protozoa,Microgale brevicaudata,Mandena,secondary_forest,1
2118,Eimeria,1,Protozoa,Microgale brevicaudata,Mandena,secondary_forest,1
2120,Eimeria,1,Protozoa,Microgale brevicaudata,Mandena,secondary_forest,1
2122,Hypotrichomonas,1,Protozoa,Rattus rattus,Mandena,secondary_forest,1
2123,Entamoeba,1,Protozoa,Rattus rattus,Mandena,secondary_forest,1
2124,Eimeria,1,Protozoa,Microgale brevicaudata,Mandena,secondary_forest,1
2125,Eimeria,1,Protozoa,Microgale brevicaudata,Mandena,secondary_forest,1
2126,Eimeria,1,Protozoa,Microgale brevicaudata,Mandena,secondary_forest,1
2131,Eimeria,1,Protozoa,Microgale brevicaudata,Mandena,secondary_forest,1
2132,Eimeria,1,Protozoa,Microgale brevicaudata,Mandena,semi-intact_forest,1
2133,Eimeria,1,Protozoa,Microgale brevicaudata,Mandena,semi-intact_forest,1
2134,Eimeria,1,Protozoa,Microgale brevicaudata,Mandena,semi-intact_forest,1
2135,Tritrichomonas,1,Protozoa,Eliurus webbi,Mandena,semi-intact_forest,1
2136,Eimeria,1,Protozoa,Microgale brevicaudata,Mandena,semi-intact_forest,1
2137,Blastocystis,1,Protozoa,Microgale brevicaudata,Mandena,semi-intact_forest,1
2137,Eimeria,1,Protozoa,Microgale brevicaudata,Mandena,semi-intact_forest,1
2139,Hypotrichomonas,1,Protozoa,Eliurus minor,Mandena,semi-intact_forest,1
2139,Tritrichomonas,1,Protozoa,Eliurus minor,Mandena,semi-intact_forest,1
2141,Tritrichomonas,1,Protozoa,Eliurus webbi,Mandena,semi-intact_forest,1
2142,Eimeria,1,Protozoa,Microgale brevicaudata,Mandena,semi-intact_forest,1
2143,Eimeria,1,Protozoa,Microgale brevicaudata,Mandena,semi-intact_forest,1
2144,Eimeria,1,Protozoa,Microgale brevicaudata,Mandena,semi-intact_forest,1
2145,Eimeria,1,Protozoa,Microgale brevicaudata,Mandena,flooded_rice,1
2146,Eimeria,1,Protozoa,Microgale brevicaudata,Mandena,flooded_rice,1
2147,Eimeria,1,Protozoa,Microgale brevicaudata,Mandena,flooded_rice,1
2148,Eimeria,1,Protozoa,Microgale brevicaudata,Mandena,flooded_rice,1
2150,Eimeria,1,Protozoa,Microgale brevicaudata,Mandena,flooded_rice,1
2151,Tritrichomonas,1,Protozoa,Mus musculus,Mandena,flooded_rice,1
2152,Blastocystis,1,Protozoa,Rattus rattus,Mandena,flooded_rice,1
2152,Tritrichomonas,1,Protozoa,Rattus rattus,Mandena,flooded_rice,1
2153,Eimeria,1,Protozoa,Rattus rattus,Mandena,flooded_rice,1
2153,Tritrichomonas,1,Protozoa,Rattus rattus,Mandena,flooded_rice,1
2156,Eimeria,1,Protozoa,Microgale brevicaudata,Mandena,flooded_rice,1
2160,Eimeria,1,Protozoa,Rattus rattus,Mandena,flooded_rice,1
2161,Eimeria,1,Protozoa,Microgale brevicaudata,Mandena,flooded_rice,1
2162,Eimeria,1,Protozoa,Microgale brevicaudata,Mandena,flooded_rice,1
2164,Eimeria,1,Protozoa,Setifer setosus,Mandena,flooded_rice,1
2165,Eimeria,1,Protozoa,Microgale brevicaudata,Mandena,flooded_rice,1
2166,Tritrichomonas,1,Protozoa,Mus musculus,Mandena,flooded_rice,1
2167,Tritrichomonas,1,Protozoa,Mus musculus,Mandena,flooded_rice,1
2168,Tritrichomonas,1,Protozoa,Mus musculus,Mandena,flooded_rice,1
2169,Hypotrichomonas,1,Protozoa,Rattus rattus,Mandena,flooded_rice,1
2169,Tritrichomonas,1,Protozoa,Rattus rattus,Mandena,flooded_rice,1
2171,Eimeria,1,Protozoa,Microgale brevicaudata,Mandena,flooded_rice,1
2172,Eimeria,1,Protozoa,Microgale brevicaudata,Mandena,flooded_rice,1
2173,Eimeria,1,Protozoa,Microgale brevicaudata,Mandena,flooded_rice,1
2177,Blastocystis,1,Protozoa,Rattus rattus,Mandena,flooded_rice,1
2177,Tritrichomonas,1,Protozoa,Rattus rattus,Mandena,flooded_rice,1
2178,Blastocystis,1,Protozoa,Rattus rattus,Mandena,flooded_rice,1
2178,Tritrichomonas,1,Protozoa,Rattus rattus,Mandena,flooded_rice,1
2181,Blastocystis,1,Protozoa,Rattus rattus,Mandena,flooded_rice,1
2181,Eimeria,1,Protozoa,Rattus rattus,Mandena,flooded_rice,1
2181,Hypotrichomonas,1,Protozoa,Rattus rattus,Mandena,flooded_rice,1
2181,Tritrichomonas,1,Protozoa,Rattus rattus,Mandena,flooded_rice,1
2182,Eimeria,1,Protozoa,Rattus rattus,Mandena,flooded_rice,1
2182,Hypotrichomonas,1,Protozoa,Rattus rattus,Mandena,flooded_rice,1
2183,Blastocystis,1,Protozoa,Rattus rattus,Mandena,flooded_rice,1
2183,Hypotrichomonas,1,Protozoa,Rattus rattus,Mandena,flooded_rice,1
2183,Tritrichomonas,1,Protozoa,Rattus rattus,Mandena,flooded_rice,1
2184,Eimeria,1,Protozoa,Suncus murinus,Mandena,flooded_rice,1
2185,Eimeria,1,Protozoa,Microgale brevicaudata,Mandena,flooded_rice,1
2187,Tritrichomonas,1,Protozoa,Rattus rattus,Mandena,flooded_rice,1
2188,Eimeria,1,Protozoa,Microgale brevicaudata,Mandena,agroforest,1
2191,Eimeria,1,Protozoa,Suncus murinus,Mandena,agroforest,1
2192,Eimeria,1,Protozoa,Suncus murinus,Mandena,agroforest,1
2193,Eimeria,1,Protozoa,Suncus murinus,Mandena,village,1
2195,Eimeria,1,Protozoa,Microgale brevicaudata,Mandena,agroforest,1
2196,Eimeria,1,Protozoa,Microgale brevicaudata,Mandena,agroforest,1
2196,Hexamastix,1,Protozoa,Microgale brevicaudata,Mandena,agroforest,1
2199,Tritrichomonas,1,Protozoa,Mus musculus,Mandena,village,1
2200,Eimeria,1,Protozoa,Rattus rattus,Mandena,village,1
2200,Hexamastix,1,Protozoa,Rattus rattus,Mandena,village,1
2202,Eimeria,1,Protozoa,Suncus murinus,Mandena,village,1
2203,Blastocystis,1,Protozoa,Rattus rattus,Mandena,village,1
2203,Eimeria,1,Protozoa,Rattus rattus,Mandena,village,1
2203,Tritrichomonas,1,Protozoa,Rattus rattus,Mandena,village,1
2204,Blastocystis,1,Protozoa,Rattus rattus,Mandena,village,1
2204,Tritrichomonas,1,Protozoa,Rattus rattus,Mandena,village,1
2205,Hexamastix,1,Protozoa,Rattus rattus,Mandena,village,1
2207,Eimeria,1,Protozoa,Rattus rattus,Mandena,agroforest,1
2208,Tritrichomonas,1,Protozoa,Rattus rattus,Mandena,agroforest,1
2211,Eimeria,1,Protozoa,Suncus murinus,Mandena,agroforest,1
2213,Eimeria,1,Protozoa,Setifer setosus,Mandena,agroforest,1
2214,Tritrichomonas,1,Protozoa,Mus musculus,Mandena,agroforest,1
2215,Eimeria,1,Protozoa,Mus musculus,Mandena,agroforest,1
2215,Entamoeba,1,Protozoa,Mus musculus,Mandena,agroforest,1
2216,Eimeria,1,Protozoa,Rattus rattus,Mandena,agroforest,1
2217,Hypotrichomonas,1,Protozoa,Rattus rattus,Mandena,agroforest,1
2217,Tritrichomonas,1,Protozoa,Rattus rattus,Mandena,agroforest,1
2218,Hypotrichomonas,1,Protozoa,Rattus rattus,Mandena,agroforest,1
2219,Eimeria,1,Protozoa,Setifer setosus,Mandena,agroforest,1
2221,Blastocystis,1,Protozoa,Rattus rattus,Mandena,village,1
2221,Eimeria,1,Protozoa,Rattus rattus,Mandena,village,1
2221,Tritrichomonas,1,Protozoa,Rattus rattus,Mandena,village,1
2224,Eimeria,1,Protozoa,Suncus murinus,Mandena,agroforest,1
2227,Tritrichomonas,1,Protozoa,Rattus rattus,Mandena,village,1
2228,Tritrichomonas,1,Protozoa,Rattus rattus,Mandena,agroforest,1
2229,Tritrichomonas,1,Protozoa,Rattus rattus,Mandena,agroforest,1
2231,Entamoeba,1,Protozoa,Mus musculus,Mandena,agroforest,1
2232,Entamoeba,1,Protozoa,Mus musculus,Mandena,agroforest,1
2232,Tetratrichomonas,1,Protozoa,Mus musculus,Mandena,agroforest,1
2234,Eimeria,1,Protozoa,Microgale brevicaudata,Mandena,agroforest,1
2235,Eimeria,1,Protozoa,Microgale brevicaudata,Mandena,agroforest,1
2236,Blastocystis,1,Protozoa,Rattus rattus,Mandena,village,1
2236,Hexamastix,1,Protozoa,Rattus rattus,Mandena,village,1
2236,Tetratrichomonas,1,Protozoa,Rattus rattus,Mandena,village,1
2238,Tritrichomonas,1,Protozoa,Mus musculus,Mandena,agroforest,1
2240,Eimeria,1,Protozoa,Mus musculus,Mandena,agroforest,1
2241,Entamoeba,1,Protozoa,Rattus rattus,Mandena,agroforest,1
2241,Tetratrichomonas,1,Protozoa,Rattus rattus,Mandena,agroforest,1
2242,Hypotrichomonas,1,Protozoa,Rattus rattus,Mandena,agroforest,1
2242,Tritrichomonas,1,Protozoa,Rattus rattus,Mandena,agroforest,1
2243,Tetratrichomonas,1,Protozoa,Rattus rattus,Mandena,agroforest,1
2244,Eimeria,1,Protozoa,Microgale brevicaudata,Mandena,agroforest,1
2245,Eimeria,1,Protozoa,Microgale brevicaudata,Mandena,agroforest,1
2246,Tritrichomonas,1,Protozoa,Mus musculus,Mandena,agroforest,1
2247,Eimeria,1,Protozoa,Suncus murinus,Mandena,agroforest,1
2248,Hypotrichomonas,1,Protozoa,Rattus rattus,Mandena,agroforest,1
2249,Hypotrichomonas,1,Protozoa,Rattus rattus,Mandena,agroforest,1
2251,Entamoeba,1,Protozoa,Rattus rattus,Mandena,agroforest,1
2251,Tritrichomonas,1,Protozoa,Rattus rattus,Mandena,agroforest,1
2254,Eimeria,1,Protozoa,Microgale brevicaudata,Mandena,brushy_regrowth,2
2255,Eimeria,1,Protozoa,Microgale brevicaudata,Mandena,brushy_regrowth,2
2256,Eimeria,1,Protozoa,Microgale brevicaudata,Mandena,brushy_regrowth,2
2257,Eimeria,1,Protozoa,Microgale brevicaudata,Mandena,brushy_regrowth,2
2260,Eimeria,1,Protozoa,Mus musculus,Mandena,brushy_regrowth,2
2261,Tritrichomonas,1,Protozoa,Rattus rattus,Mandena,brushy_regrowth,2
2262,Eimeria,1,Protozoa,Rattus rattus,Mandena,brushy_regrowth,2
2263,Tritrichomonas,1,Protozoa,Rattus rattus,Mandena,brushy_regrowth,2
2265,Eimeria,1,Protozoa,Microgale brevicaudata,Mandena,brushy_regrowth,2
2266,Eimeria,1,Protozoa,Microgale brevicaudata,Mandena,brushy_regrowth,2
2267,Eimeria,1,Protozoa,Microgale brevicaudata,Mandena,brushy_regrowth,2
2269,Tritrichomonas,1,Protozoa,Rattus rattus,Mandena,brushy_regrowth,2
2271,Eimeria,1,Protozoa,Microgale brevicaudata,Mandena,brushy_regrowth,2
2272,Eimeria,1,Protozoa,Microgale brevicaudata,Mandena,brushy_regrowth,2
2273,Eimeria,1,Protozoa,Microgale brevicaudata,Mandena,brushy_regrowth,2
2274,Eimeria,1,Protozoa,Microgale brevicaudata,Mandena,brushy_regrowth,2
2274,Tritrichomonas,1,Protozoa,Microgale brevicaudata,Mandena,brushy_regrowth,2
2275,Eimeria,1,Protozoa,Microgale brevicaudata,Mandena,brushy_regrowth,2
2277,Hypotrichomonas,1,Protozoa,Rattus rattus,Mandena,brushy_regrowth,2
2277,Tritrichomonas,1,Protozoa,Rattus rattus,Mandena,brushy_regrowth,2
2278,Tritrichomonas,1,Protozoa,Rattus rattus,Mandena,brushy_regrowth,2
2279,Eimeria,1,Protozoa,Microgale brevicaudata,Mandena,brushy_regrowth,2
2281,Eimeria,1,Protozoa,Microgale brevicaudata,Mandena,brushy_regrowth,2
2282,Eimeria,1,Protozoa,Microgale brevicaudata,Mandena,brushy_regrowth,2
2283,Eimeria,1,Protozoa,Microgale brevicaudata,Mandena,brushy_regrowth,2
2284,Eimeria,1,Protozoa,Microgale brevicaudata,Mandena,brushy_regrowth,2
2285,Eimeria,1,Protozoa,Microgale brevicaudata,Mandena,brushy_regrowth,2
2286,Eimeria,1,Protozoa,Microgale brevicaudata,Mandena,brushy_regrowth,2
2287,Entamoeba,1,Protozoa,Rattus rattus,Mandena,brushy_regrowth,2
2287,Tritrichomonas,1,Protozoa,Rattus rattus,Mandena,brushy_regrowth,2
2288,Eimeria,1,Protozoa,Suncus etruscus,Mandena,brushy_regrowth,2
2289,Eimeria,1,Protozoa,Microgale brevicaudata,Mandena,brushy_regrowth,2
2291,Eimeria,1,Protozoa,Microgale brevicaudata,Mandena,agriculture,2
2294,Eimeria,1,Protozoa,Microgale brevicaudata,Mandena,agriculture,2
2295,Eimeria,1,Protozoa,Microgale brevicaudata,Mandena,agriculture,2
2295,Tritrichomonas,1,Protozoa,Microgale brevicaudata,Mandena,agriculture,2
2296,Eimeria,1,Protozoa,Microgale brevicaudata,Mandena,agriculture,2
2299,Tritrichomonas,1,Protozoa,Mus musculus,Mandena,agriculture,2
2303,Hypotrichomonas,1,Protozoa,Rattus rattus,Mandena,agriculture,2
2304,Tritrichomonas,1,Protozoa,Rattus rattus,Mandena,agriculture,2
2305,Eimeria,1,Protozoa,Microgale brevicaudata,Mandena,agriculture,2
2306,Eimeria,1,Protozoa,Microgale brevicaudata,Mandena,agriculture,2
2307,Eimeria,1,Protozoa,Microgale brevicaudata,Mandena,agriculture,2
2308,Eimeria,1,Protozoa,Microgale brevicaudata,Mandena,agriculture,2
2309,Eimeria,1,Protozoa,Microgale brevicaudata,Mandena,agriculture,2
2313,Tritrichomonas,1,Protozoa,Rattus rattus,Mandena,agriculture,2
2314,Tritrichomonas,1,Protozoa,Rattus rattus,Mandena,agriculture,2
2315,Tritrichomonas,1,Protozoa,Rattus rattus,Mandena,agriculture,2
2318,Eimeria,1,Protozoa,Microgale brevicaudata,Mandena,agriculture,2
2319,Eimeria,1,Protozoa,Microgale brevicaudata,Mandena,agriculture,2
2320,Eimeria,1,Protozoa,Suncus murinus,Mandena,agriculture,2
2324,Hypotrichomonas,1,Protozoa,Rattus rattus,Mandena,agriculture,2
2324,Tritrichomonas,1,Protozoa,Rattus rattus,Mandena,agriculture,2
2325,Eimeria,1,Protozoa,Tenrec ecaudatus,Mandena,agriculture,2
2327,Eimeria,1,Protozoa,Microgale brevicaudata,Mandena,agriculture,2
2328,Eimeria,1,Protozoa,Rattus rattus,Mandena,agriculture,2
2329,Hypotrichomonas,1,Protozoa,Rattus rattus,Mandena,agriculture,2
2330,Entamoeba,1,Protozoa,Rattus rattus,Mandena,agriculture,2
2330,Tritrichomonas,1,Protozoa,Rattus rattus,Mandena,agriculture,2
2334,Eimeria,1,Protozoa,Microgale brevicaudata,Mandena,agriculture,2
2337,Tritrichomonas,1,Protozoa,Rattus rattus,Mandena,agriculture,2
2338,Eimeria,1,Protozoa,Microgale brevicaudata,Mandena,agriculture,2
2339,Eimeria,1,Protozoa,Microgale brevicaudata,Mandena,agriculture,2
2341,Blastocystis,1,Protozoa,Rattus rattus,Mandena,agriculture,2
2341,Tritrichomonas,1,Protozoa,Rattus rattus,Mandena,agriculture,2
2342,Hypotrichomonas,1,Protozoa,Rattus rattus,Mandena,agriculture,2
2343,Tritrichomonas,1,Protozoa,Rattus rattus,Mandena,agriculture,2
2345,Eimeria,1,Protozoa,Microgale brevicaudata,Mandena,secondary_forest,2
2346,Eimeria,1,Protozoa,Microgale brevicaudata,Mandena,secondary_forest,2
2347,Eimeria,1,Protozoa,Microgale brevicaudata,Mandena,secondary_forest,2
2348,Eimeria,1,Protozoa,Microgale brevicaudata,Mandena,secondary_forest,2
2349,Eimeria,1,Protozoa,Microgale brevicaudata,Mandena,secondary_forest,2
2350,Eimeria,1,Protozoa,Microgale brevicaudata,Mandena,secondary_forest,2
2352,Eimeria,1,Protozoa,Microgale brevicaudata,Mandena,secondary_forest,2
2355,Eimeria,1,Protozoa,Microgale brevicaudata,Mandena,secondary_forest,2
2358,Tritrichomonas,1,Protozoa,Eliurus webbi,Mandena,secondary_forest,2
2359,Eimeria,1,Protozoa,Microgale brevicaudata,Mandena,secondary_forest,2
2361,Hypotrichomonas,1,Protozoa,Rattus rattus,Mandena,secondary_forest,2
2361,Tritrichomonas,1,Protozoa,Rattus rattus,Mandena,secondary_forest,2
2362,Tritrichomonas,1,Protozoa,Eliurus webbi,Mandena,secondary_forest,2
2363,Eimeria,1,Protozoa,Microgale brevicaudata,Mandena,secondary_forest,2
2366,Eimeria,1,Protozoa,Setifer setosus,Mandena,secondary_forest,2
2368,Hypotrichomonas,1,Protozoa,Rattus rattus,Mandena,secondary_forest,2
2369,Eimeria,1,Protozoa,Setifer setosus,Mandena,secondary_forest,2
2370,Tritrichomonas,1,Protozoa,Nesomys audeberti,Mandena,secondary_forest,2
2371,Eimeria,1,Protozoa,Microgale brevicaudata,Mandena,semi-intact_forest,2
2372,Eimeria,1,Protozoa,Microgale brevicaudata,Mandena,semi-intact_forest,2
2375,Eimeria,1,Protozoa,Microgale brevicaudata,Mandena,semi-intact_forest,2
2376,Eimeria,1,Protozoa,Eliurus webbi,Mandena,semi-intact_forest,2
2376,Tritrichomonas,1,Protozoa,Eliurus webbi,Mandena,semi-intact_forest,2
2379,Tritrichomonas,1,Protozoa,Eliurus cf. tanala,Mandena,semi-intact_forest,2
2380,Tritrichomonas,1,Protozoa,Eliurus webbi,Mandena,semi-intact_forest,2
2382,Tritrichomonas,1,Protozoa,Nesomys cf. audeberti,Mandena,semi-intact_forest,2
2383,Eimeria,1,Protozoa,Microgale brevicaudata,Mandena,semi-intact_forest,2
2384,Tritrichomonas,1,Protozoa,Eliurus webbi,Mandena,semi-intact_forest,2
2385,Eimeria,1,Protozoa,Microgale brevicaudata,Mandena,semi-intact_forest,2
2386,Eimeria,1,Protozoa,Microgale brevicaudata,Mandena,flooded_rice,2
2387,Eimeria,1,Protozoa,Microgale brevicaudata,Mandena,flooded_rice,2
2388,Eimeria,1,Protozoa,Microgale brevicaudata,Mandena,flooded_rice,2
2389,Eimeria,1,Protozoa,Microgale brevicaudata,Mandena,flooded_rice,2
2390,Eimeria,1,Protozoa,Microgale brevicaudata,Mandena,flooded_rice,2
2391,Eimeria,1,Protozoa,Microgale brevicaudata,Mandena,flooded_rice,2
2392,Eimeria,1,Protozoa,Microgale brevicaudata,Mandena,flooded_rice,2
2393,Eimeria,1,Protozoa,Microgale brevicaudata,Mandena,flooded_rice,2
2394,Eimeria,1,Protozoa,Microgale brevicaudata,Mandena,flooded_rice,2
2396,Blastocystis,1,Protozoa,Rattus rattus,Mandena,flooded_rice,2
2396,Tritrichomonas,1,Protozoa,Rattus rattus,Mandena,flooded_rice,2
2397,Blastocystis,1,Protozoa,Rattus rattus,Mandena,flooded_rice,2
2400,Tritrichomonas,1,Protozoa,Rattus rattus,Mandena,flooded_rice,2
2401,Eimeria,1,Protozoa,Microgale brevicaudata,Mandena,flooded_rice,2
2402,Eimeria,1,Protozoa,Microgale brevicaudata,Mandena,flooded_rice,2
2406,Eimeria,1,Protozoa,Microgale brevicaudata,Mandena,flooded_rice,2
2407,Eimeria,1,Protozoa,Microgale brevicaudata,Mandena,flooded_rice,2
2408,Eimeria,1,Protozoa,Setifer setosus,Mandena,flooded_rice,2
2409,Hypotrichomonas,1,Protozoa,Mus musculus,Mandena,flooded_rice,2
2411,Eimeria,1,Protozoa,Microgale brevicaudata,Mandena,flooded_rice,2
2417,Tritrichomonas,1,Protozoa,Rattus rattus,Mandena,flooded_rice,2
2420,Hypotrichomonas,1,Protozoa,Rattus rattus,Mandena,flooded_rice,2
2421,Eimeria,1,Protozoa,Microgale brevicaudata,Mandena,flooded_rice,2
2422,Eimeria,1,Protozoa,Microgale brevicaudata,Mandena,flooded_rice,2
2423,Eimeria,1,Protozoa,Microgale brevicaudata,Mandena,flooded_rice,2
2424,Eimeria,1,Protozoa,Microgale brevicaudata,Mandena,flooded_rice,2
2428,Tritrichomonas,1,Protozoa,Rattus rattus,Mandena,flooded_rice,2
2429,Hypotrichomonas,1,Protozoa,Rattus rattus,Mandena,flooded_rice,2
2429,Tritrichomonas,1,Protozoa,Rattus rattus,Mandena,flooded_rice,2
2430,Eimeria,1,Protozoa,Microgale brevicaudata,Mandena,flooded_rice,2
2432,Eimeria,1,Protozoa,Microgale brevicaudata,Mandena,flooded_rice,2
2433,Tritrichomonas,1,Protozoa,Mus musculus,Mandena,flooded_rice,2
2435,Tritrichomonas,1,Protozoa,Rattus rattus,Mandena,flooded_rice,2
2436,Pentatrichomonas,1,Protozoa,Rattus rattus,Mandena,flooded_rice,2
2436,Tritrichomonas,1,Protozoa,Rattus rattus,Mandena,flooded_rice,2
2438,Hypotrichomonas,1,Protozoa,Rattus rattus,Mandena,flooded_rice,2
2438,Tritrichomonas,1,Protozoa,Rattus rattus,Mandena,flooded_rice,2
2439,Eimeria,1,Protozoa,Tenrec ecaudatus,Mandena,flooded_rice,2
2441,Eimeria,1,Protozoa,Microgale brevicaudata,Mandena,agroforest,2
2442,Tritrichomonas,1,Protozoa,Mus musculus,Mandena,agroforest,2
2444,Eimeria,1,Protozoa,Microgale brevicaudata,Mandena,agroforest,2
2445,Eimeria,1,Protozoa,Microgale brevicaudata,Mandena,agroforest,2
2451,Tritrichomonas,1,Protozoa,Rattus rattus,Mandena,village,2
2452,Blastocystis,1,Protozoa,Rattus rattus,Mandena,village,2
2452,Tritrichomonas,1,Protozoa,Rattus rattus,Mandena,village,2
2454,Blastocystis,1,Protozoa,Rattus rattus,Mandena,village,2
2460,Eimeria,1,Protozoa,Rattus rattus,Mandena,village,2
2460,Tritrichomonas,1,Protozoa,Rattus rattus,Mandena,village,2
2461,Hypotrichomonas,1,Protozoa,Rattus rattus,Mandena,agroforest,2
2462,Blastocystis,1,Protozoa,Rattus rattus,Mandena,agroforest,2
2463,Eimeria,1,Protozoa,Mus musculus,Mandena,agroforest,2
2464,Tritrichomonas,1,Protozoa,Rattus rattus,Mandena,agroforest,2
2466,Entamoeba,1,Protozoa,Mus musculus,Mandena,village,2
2468,Hexamastix,1,Protozoa,Rattus rattus,Mandena,village,2
2469,Hexamastix,1,Protozoa,Rattus rattus,Mandena,village,2
2470,Entamoeba,1,Protozoa,Rattus rattus,Mandena,village,2
2472,Blastocystis,1,Protozoa,Rattus rattus,Mandena,village,2
2472,Tritrichomonas,1,Protozoa,Rattus rattus,Mandena,village,2
2473,Tritrichomonas,1,Protozoa,Mus musculus,Mandena,agroforest,2
2475,Eimeria,1,Protozoa,Rattus rattus,Mandena,agroforest,2
2475,Tritrichomonas,1,Protozoa,Rattus rattus,Mandena,agroforest,2
2476,Eimeria,1,Protozoa,Setifer setosus,Mandena,agroforest,2
2477,Eimeria,1,Protozoa,Suncus murinus,Mandena,village,2
2478,Entamoeba,1,Protozoa,Rattus rattus,Mandena,village,2
2478,Hexamastix,1,Protozoa,Rattus rattus,Mandena,village,2
2479,Blastocystis,1,Protozoa,Rattus rattus,Mandena,village,2
2479,Hypotrichomonas,1,Protozoa,Rattus rattus,Mandena,village,2
2479,Tritrichomonas,1,Protozoa,Rattus rattus,Mandena,village,2
2481,Eimeria,1,Protozoa,Rattus rattus,Mandena,village,2
2481,Hypotrichomonas,1,Protozoa,Rattus rattus,Mandena,village,2
2481,Tritrichomonas,1,Protozoa,Rattus rattus,Mandena,village,2
2484,Eimeria,1,Protozoa,Setifer setosus,Mandena,agroforest,2
2485,Eimeria,1,Protozoa,Suncus murinus,Mandena,agroforest,2
2486,Blastocystis,1,Protozoa,Rattus rattus,Mandena,village,2
2487,Tritrichomonas,1,Protozoa,Rattus rattus,Mandena,village,2
2491,Hypotrichomonas,1,Protozoa,Rattus rattus,Mandena,village,2
2492,Eimeria,1,Protozoa,Suncus murinus,Mandena,agroforest,2
2493,Eimeria,1,Protozoa,Setifer setosus,Mandena,agroforest,2
2494,Eimeria,1,Protozoa,Suncus murinus,Mandena,agroforest,2
2496,Blastocystis,1,Protozoa,Rattus rattus,Mandena,agroforest,2
2499,Blastocystis,1,Protozoa,Rattus rattus,Mandena,brushy_regrowth,3
2499,Eimeria,1,Protozoa,Rattus rattus,Mandena,brushy_regrowth,3
2500,Hypotrichomonas,1,Protozoa,Rattus rattus,Mandena,brushy_regrowth,3
2501,Tritrichomonas,1,Protozoa,Rattus rattus,Mandena,brushy_regrowth,3
2502,Eimeria,1,Protozoa,Rattus rattus,Mandena,brushy_regrowth,3
2502,Tetratrichomonas,1,Protozoa,Rattus rattus,Mandena,brushy_regrowth,3
2503,Tritrichomonas,1,Protozoa,Rattus rattus,Mandena,brushy_regrowth,3
2504,Cryptosporidium,1,Protozoa,Rattus rattus,Mandena,brushy_regrowth,3
2504,Tetratrichomonas,1,Protozoa,Rattus rattus,Mandena,brushy_regrowth,3
2504,Tritrichomonas,1,Protozoa,Rattus rattus,Mandena,brushy_regrowth,3
2506,Eimeria,1,Protozoa,Rattus rattus,Mandena,brushy_regrowth,3
2506,Hypotrichomonas,1,Protozoa,Rattus rattus,Mandena,brushy_regrowth,3
2508,Tritrichomonas,1,Protozoa,Rattus rattus,Mandena,brushy_regrowth,3
2509,Eimeria,1,Protozoa,Rattus rattus,Mandena,brushy_regrowth,3
2509,Tritrichomonas,1,Protozoa,Rattus rattus,Mandena,brushy_regrowth,3
2510,Tritrichomonas,1,Protozoa,Rattus rattus,Mandena,brushy_regrowth,3
2511,Tritrichomonas,1,Protozoa,Rattus rattus,Mandena,brushy_regrowth,3
2513,Eimeria,1,Protozoa,Rattus rattus,Mandena,brushy_regrowth,3
2513,Tritrichomonas,1,Protozoa,Rattus rattus,Mandena,brushy_regrowth,3
2514,Tritrichomonas,1,Protozoa,Rattus rattus,Mandena,brushy_regrowth,3
2515,Hypotrichomonas,1,Protozoa,Rattus rattus,Mandena,brushy_regrowth,3
2516,Tritrichomonas,1,Protozoa,Rattus rattus,Mandena,brushy_regrowth,3
2517,Hypotrichomonas,1,Protozoa,Rattus rattus,Mandena,brushy_regrowth,3
2523,Tetratrichomonas,1,Protozoa,Rattus rattus,Mandena,brushy_regrowth,3
2524,Eimeria,1,Protozoa,Microgale brevicaudata,Mandena,brushy_regrowth,3
2525,Eimeria,1,Protozoa,Microgale brevicaudata,Mandena,brushy_regrowth,3
2526,Hypotrichomonas,1,Protozoa,Rattus rattus,Mandena,brushy_regrowth,3
2527,Hypotrichomonas,1,Protozoa,Rattus rattus,Mandena,brushy_regrowth,3
2527,Tetratrichomonas,1,Protozoa,Rattus rattus,Mandena,brushy_regrowth,3
2528,Eimeria,1,Protozoa,Microgale brevicaudata,Mandena,brushy_regrowth,3
2530,Eimeria,1,Protozoa,Microgale brevicaudata,Mandena,brushy_regrowth,3
2532,Tritrichomonas,1,Protozoa,Mus musculus,Mandena,brushy_regrowth,3
2533,Eimeria,1,Protozoa,Mus musculus,Mandena,brushy_regrowth,3
2533,Tritrichomonas,1,Protozoa,Mus musculus,Mandena,brushy_regrowth,3
2535,Tritrichomonas,1,Protozoa,Rattus rattus,Mandena,brushy_regrowth,3
2536,Tritrichomonas,1,Protozoa,Rattus rattus,Mandena,brushy_regrowth,3
2537,Hypotrichomonas,1,Protozoa,Rattus rattus,Mandena,brushy_regrowth,3
2539,Tetratrichomonas,1,Protozoa,Rattus rattus,Mandena,brushy_regrowth,3
2540,Tritrichomonas,1,Protozoa,Rattus rattus,Mandena,brushy_regrowth,3
2542,Eimeria,1,Protozoa,Microgale prolixacaudata,Mandena,agriculture,3
2548,Hypotrichomonas,1,Protozoa,Rattus rattus,Mandena,agriculture,3
2548,Tritrichomonas,1,Protozoa,Rattus rattus,Mandena,agriculture,3
2549,Hypotrichomonas,1,Protozoa,Rattus rattus,Mandena,agriculture,3
2549,Tritrichomonas,1,Protozoa,Rattus rattus,Mandena,agriculture,3
2550,Eimeria,1,Protozoa,Rattus rattus,Mandena,agriculture,3
2552,Tritrichomonas,1,Protozoa,Rattus rattus,Mandena,agriculture,3
2553,Tritrichomonas,1,Protozoa,Rattus rattus,Mandena,agriculture,3
2554,Blastocystis,1,Protozoa,Rattus rattus,Mandena,agriculture,3
2554,Hypotrichomonas,1,Protozoa,Rattus rattus,Mandena,agriculture,3
2554,Tritrichomonas,1,Protozoa,Rattus rattus,Mandena,agriculture,3
2555,Hypotrichomonas,1,Protozoa,Rattus rattus,Mandena,agriculture,3
2555,Tritrichomonas,1,Protozoa,Rattus rattus,Mandena,agriculture,3
2557,Eimeria,1,Protozoa,Rattus rattus,Mandena,agriculture,3
2557,Hypotrichomonas,1,Protozoa,Rattus rattus,Mandena,agriculture,3
2557,Tritrichomonas,1,Protozoa,Rattus rattus,Mandena,agriculture,3
2558,Tritrichomonas,1,Protozoa,Rattus rattus,Mandena,agriculture,3
2559,Eimeria,1,Protozoa,Suncus murinus,Mandena,agriculture,3
2562,Eimeria,1,Protozoa,Suncus murinus,Mandena,agriculture,3
2564,Eimeria,1,Protozoa,Rattus rattus,Mandena,agriculture,3
2564,Hypotrichomonas,1,Protozoa,Rattus rattus,Mandena,agriculture,3
2564,Tritrichomonas,1,Protozoa,Rattus rattus,Mandena,agriculture,3
2565,Tritrichomonas,1,Protozoa,Rattus rattus,Mandena,agriculture,3
2566,Eimeria,1,Protozoa,Rattus rattus,Mandena,agriculture,3
2566,Tritrichomonas,1,Protozoa,Rattus rattus,Mandena,agriculture,3
2567,Hypotrichomonas,1,Protozoa,Rattus rattus,Mandena,agriculture,3
2567,Tritrichomonas,1,Protozoa,Rattus rattus,Mandena,agriculture,3
2568,Hypotrichomonas,1,Protozoa,Rattus rattus,Mandena,agriculture,3
2568,Tritrichomonas,1,Protozoa,Rattus rattus,Mandena,agriculture,3
2570,Tritrichomonas,1,Protozoa,Rattus rattus,Mandena,agriculture,3
2571,Eimeria,1,Protozoa,Rattus rattus,Mandena,agriculture,3
2571,Hypotrichomonas,1,Protozoa,Rattus rattus,Mandena,agriculture,3
2571,Tritrichomonas,1,Protozoa,Rattus rattus,Mandena,agriculture,3
2572,Tritrichomonas,1,Protozoa,Rattus rattus,Mandena,agriculture,3
2573,Blastocystis,1,Protozoa,Rattus rattus,Mandena,agriculture,3
2574,Tritrichomonas,1,Protozoa,Rattus rattus,Mandena,agriculture,3
2581,Hypotrichomonas,1,Protozoa,Rattus rattus,Mandena,agriculture,3
2581,Tritrichomonas,1,Protozoa,Rattus rattus,Mandena,agriculture,3
2582,Tritrichomonas,1,Protozoa,Rattus rattus,Mandena,agriculture,3
2583,Blastocystis,1,Protozoa,Rattus rattus,Mandena,agriculture,3
2583,Tritrichomonas,1,Protozoa,Rattus rattus,Mandena,agriculture,3
2584,Tritrichomonas,1,Protozoa,Rattus rattus,Mandena,agriculture,3
2586,Tritrichomonas,1,Protozoa,Rattus rattus,Mandena,agriculture,3
2587,Hypotrichomonas,1,Protozoa,Rattus rattus,Mandena,agriculture,3
2587,Tritrichomonas,1,Protozoa,Rattus rattus,Mandena,agriculture,3
2589,Eimeria,1,Protozoa,Rattus rattus,Mandena,agriculture,3
2589,Tritrichomonas,1,Protozoa,Rattus rattus,Mandena,agriculture,3
2591,Tritrichomonas,1,Protozoa,Mus musculus,Mandena,agriculture,3
2592,Eimeria,1,Protozoa,Microgale brevicaudata,Mandena,flooded_rice,3
2593,Entamoeba,1,Protozoa,Mus musculus,Mandena,flooded_rice,3
2594,Eimeria,1,Protozoa,Mus musculus,Mandena,flooded_rice,3
2594,Tritrichomonas,1,Protozoa,Mus musculus,Mandena,flooded_rice,3
2595,Tritrichomonas,1,Protozoa,Rattus rattus,Mandena,flooded_rice,3
2597,Tritrichomonas,1,Protozoa,Rattus rattus,Mandena,flooded_rice,3
2599,Blastocystis,1,Protozoa,Rattus rattus,Mandena,flooded_rice,3
2599,Tritrichomonas,1,Protozoa,Rattus rattus,Mandena,flooded_rice,3
2600,Blastocystis,1,Protozoa,Rattus rattus,Mandena,flooded_rice,3
2600,Hypotrichomonas,1,Protozoa,Rattus rattus,Mandena,flooded_rice,3
2600,Tritrichomonas,1,Protozoa,Rattus rattus,Mandena,flooded_rice,3
2601,Eimeria,1,Protozoa,Rattus rattus,Mandena,flooded_rice,3
2601,Tritrichomonas,1,Protozoa,Rattus rattus,Mandena,flooded_rice,3
2603,Hypotrichomonas,1,Protozoa,Rattus rattus,Mandena,flooded_rice,3
2604,Blastocystis,1,Protozoa,Rattus rattus,Mandena,flooded_rice,3
2604,Tritrichomonas,1,Protozoa,Rattus rattus,Mandena,flooded_rice,3
2605,Blastocystis,1,Protozoa,Rattus rattus,Mandena,flooded_rice,3
2605,Tritrichomonas,1,Protozoa,Rattus rattus,Mandena,flooded_rice,3
2606,Blastocystis,1,Protozoa,Rattus rattus,Mandena,flooded_rice,3
2606,Eimeria,1,Protozoa,Rattus rattus,Mandena,flooded_rice,3
2606,Hypotrichomonas,1,Protozoa,Rattus rattus,Mandena,flooded_rice,3
2606,Tritrichomonas,1,Protozoa,Rattus rattus,Mandena,flooded_rice,3
2607,Tritrichomonas,1,Protozoa,Rattus rattus,Mandena,flooded_rice,3
2609,Blastocystis,1,Protozoa,Rattus rattus,Mandena,flooded_rice,3
2609,Hypotrichomonas,1,Protozoa,Rattus rattus,Mandena,flooded_rice,3
2609,Tritrichomonas,1,Protozoa,Rattus rattus,Mandena,flooded_rice,3
2610,Eimeria,1,Protozoa,Rattus rattus,Mandena,flooded_rice,3
2610,Hypotrichomonas,1,Protozoa,Rattus rattus,Mandena,flooded_rice,3
2610,Tritrichomonas,1,Protozoa,Rattus rattus,Mandena,flooded_rice,3
2611,Blastocystis,1,Protozoa,Rattus rattus,Mandena,flooded_rice,3
2611,Eimeria,1,Protozoa,Rattus rattus,Mandena,flooded_rice,3
2611,Tritrichomonas,1,Protozoa,Rattus rattus,Mandena,flooded_rice,3
2612,Tritrichomonas,1,Protozoa,Rattus rattus,Mandena,flooded_rice,3
2613,Hypotrichomonas,1,Protozoa,Rattus rattus,Mandena,flooded_rice,3
2613,Tritrichomonas,1,Protozoa,Rattus rattus,Mandena,flooded_rice,3
2614,Tritrichomonas,1,Protozoa,Rattus rattus,Mandena,flooded_rice,3
2615,Eimeria,1,Protozoa,Rattus rattus,Mandena,flooded_rice,3
2615,Tritrichomonas,1,Protozoa,Rattus rattus,Mandena,flooded_rice,3
2616,Blastocystis,1,Protozoa,Rattus rattus,Mandena,flooded_rice,3
2616,Eimeria,1,Protozoa,Rattus rattus,Mandena,flooded_rice,3
2616,Hypotrichomonas,1,Protozoa,Rattus rattus,Mandena,flooded_rice,3
2616,Tritrichomonas,1,Protozoa,Rattus rattus,Mandena,flooded_rice,3
2617,Tritrichomonas,1,Protozoa,Rattus rattus,Mandena,flooded_rice,3
2618,Blastocystis,1,Protozoa,Rattus rattus,Mandena,flooded_rice,3
2618,Tritrichomonas,1,Protozoa,Rattus rattus,Mandena,flooded_rice,3
2619,Eimeria,1,Protozoa,Mus musculus,Mandena,flooded_rice,3
2620,Blastocystis,1,Protozoa,Rattus rattus,Mandena,flooded_rice,3
2620,Entamoeba,1,Protozoa,Rattus rattus,Mandena,flooded_rice,3
2620,Tritrichomonas,1,Protozoa,Rattus rattus,Mandena,flooded_rice,3
2621,Tritrichomonas,1,Protozoa,Rattus rattus,Mandena,flooded_rice,3
2622,Blastocystis,1,Protozoa,Rattus rattus,Mandena,flooded_rice,3
2622,Eimeria,1,Protozoa,Rattus rattus,Mandena,flooded_rice,3
2623,Blastocystis,1,Protozoa,Rattus rattus,Mandena,flooded_rice,3
2623,Eimeria,1,Protozoa,Rattus rattus,Mandena,flooded_rice,3
2624,Blastocystis,1,Protozoa,Rattus rattus,Mandena,flooded_rice,3
2625,Eimeria,1,Protozoa,Microgale brevicaudata,Mandena,flooded_rice,3
2626,Eimeria,1,Protozoa,Microgale brevicaudata,Mandena,flooded_rice,3
2627,Eimeria,1,Protozoa,Mus musculus,Mandena,flooded_rice,3
2630,Eimeria,1,Protozoa,Rattus rattus,Mandena,flooded_rice,3
2631,Tritrichomonas,1,Protozoa,Rattus rattus,Mandena,flooded_rice,3
2632,Eimeria,1,Protozoa,Rattus rattus,Mandena,flooded_rice,3
2632,Tritrichomonas,1,Protozoa,Rattus rattus,Mandena,flooded_rice,3
2633,Eimeria,1,Protozoa,Rattus rattus,Mandena,flooded_rice,3
2633,Tritrichomonas,1,Protozoa,Rattus rattus,Mandena,flooded_rice,3
2634,Blastocystis,1,Protozoa,Rattus rattus,Mandena,flooded_rice,3
2634,Hypotrichomonas,1,Protozoa,Rattus rattus,Mandena,flooded_rice,3
2637,Eimeria,1,Protozoa,Microgale brevicaudata,Mandena,flooded_rice,3
2638,Eimeria,1,Protozoa,Mus musculus,Mandena,flooded_rice,3
2640,Eimeria,1,Protozoa,Mus musculus,Mandena,flooded_rice,3
2641,Eimeria,1,Protozoa,Mus musculus,Mandena,flooded_rice,3
2643,Tritrichomonas,1,Protozoa,Rattus rattus,Mandena,flooded_rice,3
2644,Eimeria,1,Protozoa,Rattus rattus,Mandena,flooded_rice,3
2645,Tritrichomonas,1,Protozoa,Rattus rattus,Mandena,flooded_rice,3
2646,Tritrichomonas,1,Protozoa,Rattus rattus,Mandena,flooded_rice,3
2649,Eimeria,1,Protozoa,Microgale brevicaudata,Mandena,secondary_forest,3
2651,Tritrichomonas,1,Protozoa,Rattus rattus,Mandena,secondary_forest,3
2652,Eimeria,1,Protozoa,Rattus rattus,Mandena,secondary_forest,3
2652,Tritrichomonas,1,Protozoa,Rattus rattus,Mandena,secondary_forest,3
2654,Eimeria,1,Protozoa,Microgale brevicaudata,Mandena,secondary_forest,3
2655,Eimeria,1,Protozoa,Microgale brevicaudata,Mandena,secondary_forest,3
2656,Eimeria,1,Protozoa,Microgale brevicaudata,Mandena,secondary_forest,3
2657,Tritrichomonas,1,Protozoa,Eliurus cf. webbi,Mandena,secondary_forest,3
2660,Hypotrichomonas,1,Protozoa,Rattus rattus,Mandena,secondary_forest,3
2661,Eimeria,1,Protozoa,Rattus rattus,Mandena,secondary_forest,3
2661,Hypotrichomonas,1,Protozoa,Rattus rattus,Mandena,secondary_forest,3
2663,Eimeria,1,Protozoa,Microgale brevicaudata,Mandena,secondary_forest,3
2664,Eimeria,1,Protozoa,Microgale brevicaudata,Mandena,secondary_forest,3
2672,Eimeria,1,Protozoa,Rattus rattus,Mandena,secondary_forest,3
2674,Hypotrichomonas,1,Protozoa,Rattus rattus,Mandena,secondary_forest,3
2675,Hypotrichomonas,1,Protozoa,Rattus rattus,Mandena,secondary_forest,3
2677,Eimeria,1,Protozoa,Microgale brevicaudata,Mandena,semi-intact_forest,3
2678,Eimeria,1,Protozoa,Microgale brevicaudata,Mandena,semi-intact_forest,3
2679,Tritrichomonas,1,Protozoa,Eliurus cf. webbi,Mandena,semi-intact_forest,3
2680,Tritrichomonas,1,Protozoa,Eliurus cf. webbi,Mandena,semi-intact_forest,3
2682,Eimeria,1,Protozoa,Microgale brevicaudata,Mandena,semi-intact_forest,3
2686,Tritrichomonas,1,Protozoa,Eliurus cf. webbi,Mandena,semi-intact_forest,3
2687,Tritrichomonas,1,Protozoa,Eliurus cf. webbi,Mandena,semi-intact_forest,3
2688,Eimeria,1,Protozoa,Microgale brevicaudata,Mandena,semi-intact_forest,3
2689,Eimeria,1,Protozoa,Microgale brevicaudata,Mandena,semi-intact_forest,3
2690,Tritrichomonas,1,Protozoa,Nesomys cf. audeberti,Mandena,semi-intact_forest,3
2692,Tritrichomonas,1,Protozoa,Eliurus cf. webbi,Mandena,semi-intact_forest,3
2693,Eimeria,1,Protozoa,Microgale brevicaudata,Mandena,semi-intact_forest,3
2696,Hypotrichomonas,1,Protozoa,Rattus rattus,Mandena,agroforest,3
2696,Tritrichomonas,1,Protozoa,Rattus rattus,Mandena,agroforest,3
2698,Eimeria,1,Protozoa,Suncus murinus,Mandena,agroforest,3
2699,Eimeria,1,Protozoa,Suncus murinus,Mandena,agroforest,3
2700,Eimeria,1,Protozoa,Setifer setosus,Mandena,agroforest,3
2700,Tritrichomonas,1,Protozoa,Setifer setosus,Mandena,agroforest,3
2701,Eimeria,1,Protozoa,Mus musculus,Mandena,agroforest,3
2701,Tritrichomonas,1,Protozoa,Mus musculus,Mandena,agroforest,3
2702,Eimeria,1,Protozoa,Mus musculus,Mandena,agroforest,3
2702,Tritrichomonas,1,Protozoa,Mus musculus,Mandena,agroforest,3
2703,Eimeria,1,Protozoa,Rattus rattus,Mandena,agroforest,3
2703,Hypotrichomonas,1,Protozoa,Rattus rattus,Mandena,agroforest,3
2703,Tritrichomonas,1,Protozoa,Rattus rattus,Mandena,agroforest,3
2704,Tritrichomonas,1,Protozoa,Rattus rattus,Mandena,agroforest,3
2705,Blastocystis,1,Protozoa,Rattus rattus,Mandena,agroforest,3
2705,Tritrichomonas,1,Protozoa,Rattus rattus,Mandena,agroforest,3
2706,Tritrichomonas,1,Protozoa,Rattus rattus,Mandena,agroforest,3
2707,Hypotrichomonas,1,Protozoa,Rattus rattus,Mandena,agroforest,3
2708,Blastocystis,1,Protozoa,Rattus rattus,Mandena,agroforest,3
2708,Tritrichomonas,1,Protozoa,Rattus rattus,Mandena,agroforest,3
2709,Blastocystis,1,Protozoa,Rattus rattus,Mandena,agroforest,3
2709,Hypotrichomonas,1,Protozoa,Rattus rattus,Mandena,agroforest,3
2709,Tritrichomonas,1,Protozoa,Rattus rattus,Mandena,agroforest,3
2710,Eimeria,1,Protozoa,Rattus rattus,Mandena,agroforest,3
2710,Tetratrichomonas,1,Protozoa,Rattus rattus,Mandena,agroforest,3
2710,Tritrichomonas,1,Protozoa,Rattus rattus,Mandena,agroforest,3
2711,Tritrichomonas,1,Protozoa,Rattus rattus,Mandena,agroforest,3
2712,Tritrichomonas,1,Protozoa,Rattus rattus,Mandena,agroforest,3
2714,Eimeria,1,Protozoa,Setifer setosus,Mandena,agroforest,3
2716,Cryptosporidium,1,Protozoa,Mus musculus,Mandena,agroforest,3
2717,Hexamastix,1,Protozoa,Rattus rattus,Mandena,agroforest,3
2718,Blastocystis,1,Protozoa,Rattus rattus,Mandena,agroforest,3
2718,Hexamastix,1,Protozoa,Rattus rattus,Mandena,agroforest,3
2718,Tetratrichomonas,1,Protozoa,Rattus rattus,Mandena,agroforest,3
2719,Blastocystis,1,Protozoa,Rattus rattus,Mandena,agroforest,3
2719,Tritrichomonas,1,Protozoa,Rattus rattus,Mandena,agroforest,3
2720,Blastocystis,1,Protozoa,Rattus rattus,Mandena,agroforest,3
2720,Tritrichomonas,1,Protozoa,Rattus rattus,Mandena,agroforest,3
2721,Tritrichomonas,1,Protozoa,Rattus rattus,Mandena,agroforest,3
2722,Tritrichomonas,1,Protozoa,Rattus rattus,Mandena,agroforest,3
2723,Eimeria,1,Protozoa,Rattus rattus,Mandena,agroforest,3
2723,Hypotrichomonas,1,Protozoa,Rattus rattus,Mandena,agroforest,3
2723,Tritrichomonas,1,Protozoa,Rattus rattus,Mandena,agroforest,3
2725,Hypotrichomonas,1,Protozoa,Rattus rattus,Mandena,agroforest,3
2725,Tritrichomonas,1,Protozoa,Rattus rattus,Mandena,agroforest,3
2726,Hypotrichomonas,1,Protozoa,Rattus rattus,Mandena,agroforest,3
2726,Tritrichomonas,1,Protozoa,Rattus rattus,Mandena,agroforest,3
2736,Tritrichomonas,1,Protozoa,Rattus rattus,Mandena,village,3
2737,Eimeria,1,Protozoa,Rattus rattus,Mandena,village,3
2737,Entamoeba,1,Protozoa,Rattus rattus,Mandena,village,3
2738,Tritrichomonas,1,Protozoa,Rattus rattus,Mandena,village,3
2739,Blastocystis,1,Protozoa,Rattus rattus,Mandena,village,3
2739,Eimeria,1,Protozoa,Rattus rattus,Mandena,village,3
2739,Tritrichomonas,1,Protozoa,Rattus rattus,Mandena,village,3
2740,Hypotrichomonas,1,Protozoa,Rattus rattus,Mandena,village,3
2741,Tritrichomonas,1,Protozoa,Rattus rattus,Mandena,village,3
2742,Blastocystis,1,Protozoa,Rattus rattus,Mandena,agroforest,3
2742,Hypotrichomonas,1,Protozoa,Rattus rattus,Mandena,agroforest,3
2742,Tritrichomonas,1,Protozoa,Rattus rattus,Mandena,agroforest,3
2743,Tritrichomonas,1,Protozoa,Rattus rattus,Mandena,agroforest,3
2744,Blastocystis,1,Protozoa,Rattus rattus,Mandena,agroforest,3
2744,Tritrichomonas,1,Protozoa,Rattus rattus,Mandena,agroforest,3
2745,Tritrichomonas,1,Protozoa,Rattus rattus,Mandena,agroforest,3
2747,Tritrichomonas,1,Protozoa,Rattus rattus,Mandena,agroforest,3
2748,Blastocystis,1,Protozoa,Rattus rattus,Mandena,agroforest,3
2748,Hypotrichomonas,1,Protozoa,Rattus rattus,Mandena,agroforest,3
2748,Tritrichomonas,1,Protozoa,Rattus rattus,Mandena,agroforest,3
2749,Hypotrichomonas,1,Protozoa,Rattus rattus,Mandena,agroforest,3
2749,Tritrichomonas,1,Protozoa,Rattus rattus,Mandena,agroforest,3
2751,Blastocystis,1,Protozoa,Rattus rattus,Mandena,village,3
2751,Hexamastix,1,Protozoa,Rattus rattus,Mandena,village,3
2751,Tritrichomonas,1,Protozoa,Rattus rattus,Mandena,village,3
2752,Tetratrichomonas,1,Protozoa,Mus musculus,Mandena,village,3
2753,Eimeria,1,Protozoa,Mus musculus,Mandena,village,3
2754,Tritrichomonas,1,Protozoa,Rattus rattus,Mandena,agroforest,3
2755,Eimeria,1,Protozoa,Rattus rattus,Mandena,agroforest,3
2755,Hypotrichomonas,1,Protozoa,Rattus rattus,Mandena,agroforest,3
2756,Blastocystis,1,Protozoa,Rattus rattus,Mandena,agroforest,3
2756,Tritrichomonas,1,Protozoa,Rattus rattus,Mandena,agroforest,3
2757,Eimeria,1,Protozoa,Rattus rattus,Mandena,agroforest,3
2757,Tritrichomonas,1,Protozoa,Rattus rattus,Mandena,agroforest,3
2758,Eimeria,1,Protozoa,Rattus rattus,Mandena,agroforest,3
2758,Tritrichomonas,1,Protozoa,Rattus rattus,Mandena,agroforest,3
2759,Hypotrichomonas,1,Protozoa,Rattus rattus,Mandena,agroforest,3
2759,Tritrichomonas,1,Protozoa,Rattus rattus,Mandena,agroforest,3
2761,Eimeria,1,Protozoa,Microgale brevicaudata,Mandena,agroforest,3
2762,Eimeria,1,Protozoa,Rattus rattus,Mandena,village,3
2762,Hexamastix,1,Protozoa,Rattus rattus,Mandena,village,3
2764,Hypotrichomonas,1,Protozoa,Rattus rattus,Mandena,village,3
2764,Tritrichomonas,1,Protozoa,Rattus rattus,Mandena,village,3
2765,Hypotrichomonas,1,Protozoa,Rattus rattus,Mandena,agroforest,3
2765,Tritrichomonas,1,Protozoa,Rattus rattus,Mandena,agroforest,3
2766,Tritrichomonas,1,Protozoa,Rattus rattus,Mandena,agroforest,3
2767,Eimeria,1,Protozoa,Microgale brevicaudata,Mandena,agroforest,3
2768,Cryptosporidium,1,Protozoa,Suncus murinus,Mandena,agroforest,3
2768,Eimeria,1,Protozoa,Suncus murinus,Mandena,agroforest,3
2769,Tritrichomonas,1,Protozoa,Rattus rattus,Mandena,agroforest,3
2770,Hypotrichomonas,1,Protozoa,Rattus rattus,Mandena,agroforest,3
2770,Tritrichomonas,1,Protozoa,Rattus rattus,Mandena,agroforest,3
2771,Blastocystis,1,Protozoa,Rattus rattus,Sarahandrano,brushy_regrowth,1
2773,Blastocystis,1,Protozoa,Rattus rattus,Sarahandrano,brushy_regrowth,1
2773,Eimeria,1,Protozoa,Rattus rattus,Sarahandrano,brushy_regrowth,1
2774,Blastocystis,1,Protozoa,Rattus rattus,Sarahandrano,brushy_regrowth,1
2774,Entamoeba,1,Protozoa,Rattus rattus,Sarahandrano,brushy_regrowth,1
2777,Eimeria,1,Protozoa,Mus musculus,Sarahandrano,brushy_regrowth,1
2778,Eimeria,1,Protozoa,Suncus murinus,Sarahandrano,brushy_regrowth,1
2779,Tritrichomonas,1,Protozoa,Rattus rattus,Sarahandrano,brushy_regrowth,1
2782,Entamoeba,1,Protozoa,Rattus rattus,Sarahandrano,brushy_regrowth,1
2782,Tritrichomonas,1,Protozoa,Rattus rattus,Sarahandrano,brushy_regrowth,1
2786,Tritrichomonas,1,Protozoa,Mus musculus,Sarahandrano,brushy_regrowth,1
2792,Entamoeba,1,Protozoa,Rattus rattus,Sarahandrano,brushy_regrowth,1
2792,Hypotrichomonas,1,Protozoa,Rattus rattus,Sarahandrano,brushy_regrowth,1
2792,Tritrichomonas,1,Protozoa,Rattus rattus,Sarahandrano,brushy_regrowth,1
2793,Blastocystis,1,Protozoa,Rattus rattus,Sarahandrano,brushy_regrowth,1
2793,Entamoeba,1,Protozoa,Rattus rattus,Sarahandrano,brushy_regrowth,1
2794,Eimeria,1,Protozoa,Rattus rattus,Sarahandrano,brushy_regrowth,1
2795,Blastocystis,1,Protozoa,Rattus rattus,Sarahandrano,brushy_regrowth,1
2796,Eimeria,1,Protozoa,Suncus murinus,Sarahandrano,brushy_regrowth,1
2798,Blastocystis,1,Protozoa,Rattus rattus,Sarahandrano,brushy_regrowth,1
2798,Entamoeba,1,Protozoa,Rattus rattus,Sarahandrano,brushy_regrowth,1
2799,Blastocystis,1,Protozoa,Rattus rattus,Sarahandrano,brushy_regrowth,1
2799,Entamoeba,1,Protozoa,Rattus rattus,Sarahandrano,brushy_regrowth,1
2800,Blastocystis,1,Protozoa,Rattus rattus,Sarahandrano,brushy_regrowth,1
2800,Entamoeba,1,Protozoa,Rattus rattus,Sarahandrano,brushy_regrowth,1
2800,Hypotrichomonas,1,Protozoa,Rattus rattus,Sarahandrano,brushy_regrowth,1
2801,Blastocystis,1,Protozoa,Rattus rattus,Sarahandrano,brushy_regrowth,1
2801,Entamoeba,1,Protozoa,Rattus rattus,Sarahandrano,brushy_regrowth,1
2807,Tritrichomonas,1,Protozoa,Rattus rattus,Sarahandrano,brushy_regrowth,1
2810,Eimeria,1,Protozoa,Rattus rattus,Sarahandrano,brushy_regrowth,1
2810,Tritrichomonas,1,Protozoa,Rattus rattus,Sarahandrano,brushy_regrowth,1
2811,Tritrichomonas,1,Protozoa,Rattus rattus,Sarahandrano,brushy_regrowth,1
2813,Blastocystis,1,Protozoa,Microgale prolixacaudata,Sarahandrano,agriculture,1
2814,Tritrichomonas,1,Protozoa,Suncus murinus,Sarahandrano,agriculture,1
2817,Eimeria,1,Protozoa,Suncus murinus,Sarahandrano,agriculture,1
2821,Tritrichomonas,1,Protozoa,Rattus rattus,Sarahandrano,agriculture,1
2822,Eimeria,1,Protozoa,Rattus rattus,Sarahandrano,agriculture,1
2824,Pentatrichomonas,1,Protozoa,Rattus rattus,Sarahandrano,agriculture,1
2825,Tritrichomonas,1,Protozoa,Mus musculus,Sarahandrano,agriculture,1
2828,Hypotrichomonas,1,Protozoa,Rattus rattus,Sarahandrano,agriculture,1
2828,Tritrichomonas,1,Protozoa,Rattus rattus,Sarahandrano,agriculture,1
2829,Tritrichomonas,1,Protozoa,Rattus rattus,Sarahandrano,agriculture,1
2830,Cryptosporidium,1,Protozoa,Rattus rattus,Sarahandrano,agriculture,1
2830,Entamoeba,1,Protozoa,Rattus rattus,Sarahandrano,agriculture,1
2830,Hypotrichomonas,1,Protozoa,Rattus rattus,Sarahandrano,agriculture,1
2830,Tritrichomonas,1,Protozoa,Rattus rattus,Sarahandrano,agriculture,1
2831,Tritrichomonas,1,Protozoa,Rattus rattus,Sarahandrano,agriculture,1
2832,Hypotrichomonas,1,Protozoa,Rattus rattus,Sarahandrano,agriculture,1
2832,Tritrichomonas,1,Protozoa,Rattus rattus,Sarahandrano,agriculture,1
2833,Tritrichomonas,1,Protozoa,Mus musculus,Sarahandrano,agriculture,1
2835,Eimeria,1,Protozoa,Mus musculus,Sarahandrano,agriculture,1
2835,Tritrichomonas,1,Protozoa,Mus musculus,Sarahandrano,agriculture,1
2839,Tritrichomonas,1,Protozoa,Rattus rattus,Sarahandrano,agriculture,1
2840,Tritrichomonas,1,Protozoa,Rattus rattus,Sarahandrano,agriculture,1
2841,Hypotrichomonas,1,Protozoa,Rattus rattus,Sarahandrano,agriculture,1
2841,Tritrichomonas,1,Protozoa,Rattus rattus,Sarahandrano,agriculture,1
2843,Tritrichomonas,1,Protozoa,Mus musculus,Sarahandrano,agriculture,1
2844,Tritrichomonas,1,Protozoa,Rattus rattus,Sarahandrano,agriculture,1
2845,Tritrichomonas,1,Protozoa,Rattus rattus,Sarahandrano,agriculture,1
2847,Tritrichomonas,1,Protozoa,Rattus rattus,Sarahandrano,agriculture,1
2850,Tritrichomonas,1,Protozoa,Microgale prolixacaudata,Sarahandrano,agriculture,1
2853,Eimeria,1,Protozoa,Mus musculus,Sarahandrano,agriculture,1
2854,Tritrichomonas,1,Protozoa,Rattus rattus,Sarahandrano,agriculture,1
2864,Entamoeba,1,Protozoa,Microgale prolixacaudata,Sarahandrano,agriculture,1
2865,Eimeria,1,Protozoa,Mus musculus,Sarahandrano,agriculture,1
2868,Eimeria,1,Protozoa,Rattus rattus,Sarahandrano,agriculture,1
2871,Eimeria,1,Protozoa,Microgale brevicaudata,Sarahandrano,secondary_forest,1
2872,Blastocystis,1,Protozoa,Microgale brevicaudata,Sarahandrano,secondary_forest,1
2872,Entamoeba,1,Protozoa,Microgale brevicaudata,Sarahandrano,secondary_forest,1
2874,Eimeria,1,Protozoa,Microgale brevicaudata,Sarahandrano,secondary_forest,1
2875,Eimeria,1,Protozoa,Microgale brevicaudata,Sarahandrano,secondary_forest,1
2877,Eimeria,1,Protozoa,Rattus rattus,Sarahandrano,secondary_forest,1
2878,Tritrichomonas,1,Protozoa,Rattus rattus,Sarahandrano,secondary_forest,1
2879,Tritrichomonas,1,Protozoa,Rattus rattus,Sarahandrano,secondary_forest,1
2880,Hypotrichomonas,1,Protozoa,Rattus rattus,Sarahandrano,secondary_forest,1
2880,Tritrichomonas,1,Protozoa,Rattus rattus,Sarahandrano,secondary_forest,1
2885,Eimeria,1,Protozoa,Nesomys cf. audeberti,Sarahandrano,secondary_forest,1
2888,Tritrichomonas,1,Protozoa,Rattus rattus,Sarahandrano,secondary_forest,1
2890,Eimeria,1,Protozoa,Microgale brevicaudata,Sarahandrano,secondary_forest,1
2893,Entamoeba,1,Protozoa,Rattus rattus,Sarahandrano,secondary_forest,1
2894,Hexamastix,1,Protozoa,Rattus rattus,Sarahandrano,secondary_forest,1
2897,Blastocystis,1,Protozoa,Microgale brevicaudata,Sarahandrano,secondary_forest,1
2898,Eimeria,1,Protozoa,Nesomys cf. rufus,Sarahandrano,secondary_forest,1
2898,Tritrichomonas,1,Protozoa,Nesomys cf. rufus,Sarahandrano,secondary_forest,1
2904,Blastocystis,1,Protozoa,Microgale brevicaudata,Sarahandrano,secondary_forest,1
2904,Eimeria,1,Protozoa,Microgale brevicaudata,Sarahandrano,secondary_forest,1
2905,Eimeria,1,Protozoa,Microgale brevicaudata,Sarahandrano,secondary_forest,1
2907,Blastocystis,1,Protozoa,Microgale brevicaudata,Sarahandrano,secondary_forest,1
2909,Eimeria,1,Protozoa,Microgale parvula,Sarahandrano,semi-intact_forest,1
2912,Blastocystis,1,Protozoa,Microgale cf. talazaci,Sarahandrano,semi-intact_forest,1
2915,Tritrichomonas,1,Protozoa,Eliurus cf. webbi,Sarahandrano,semi-intact_forest,1
2919,Eimeria,1,Protozoa,Microgale cf. talazaci,Sarahandrano,agroforest,1
2921,Tritrichomonas,1,Protozoa,Suncus murinus,Sarahandrano,agroforest,1
2925,Hypotrichomonas,1,Protozoa,Rattus rattus,Sarahandrano,agroforest,1
2925,Tritrichomonas,1,Protozoa,Rattus rattus,Sarahandrano,agroforest,1
2926,Tritrichomonas,1,Protozoa,Rattus rattus,Sarahandrano,agroforest,1
2927,Tritrichomonas,1,Protozoa,Rattus rattus,Sarahandrano,agroforest,1
2928,Hypotrichomonas,1,Protozoa,Rattus rattus,Sarahandrano,agroforest,1
2928,Tritrichomonas,1,Protozoa,Rattus rattus,Sarahandrano,agroforest,1
2930,Tritrichomonas,1,Protozoa,Rattus rattus,Sarahandrano,agroforest,1
2933,Eimeria,1,Protozoa,Rattus rattus,Sarahandrano,agroforest,1
2933,Hypotrichomonas,1,Protozoa,Rattus rattus,Sarahandrano,agroforest,1
2934,Eimeria,1,Protozoa,Rattus rattus,Sarahandrano,agroforest,1
2934,Hypotrichomonas,1,Protozoa,Rattus rattus,Sarahandrano,agroforest,1
2935,Cryptosporidium,1,Protozoa,Rattus rattus,Sarahandrano,agroforest,1
2935,Hypotrichomonas,1,Protozoa,Rattus rattus,Sarahandrano,agroforest,1
2935,Tritrichomonas,1,Protozoa,Rattus rattus,Sarahandrano,agroforest,1
2936,Tritrichomonas,1,Protozoa,Rattus rattus,Sarahandrano,agroforest,1
2937,Hypotrichomonas,1,Protozoa,Rattus rattus,Sarahandrano,agroforest,1
2937,Tritrichomonas,1,Protozoa,Rattus rattus,Sarahandrano,agroforest,1
2938,Tritrichomonas,1,Protozoa,Rattus rattus,Sarahandrano,agroforest,1
2941,Tritrichomonas,1,Protozoa,Rattus rattus,Sarahandrano,agroforest,1
2942,Hypotrichomonas,1,Protozoa,Rattus rattus,Sarahandrano,agroforest,1
2942,Tritrichomonas,1,Protozoa,Rattus rattus,Sarahandrano,agroforest,1
2943,Tritrichomonas,1,Protozoa,Rattus rattus,Sarahandrano,agroforest,1
2944,Hypotrichomonas,1,Protozoa,Rattus rattus,Sarahandrano,agroforest,1
2944,Tritrichomonas,1,Protozoa,Rattus rattus,Sarahandrano,agroforest,1
2946,Tritrichomonas,1,Protozoa,Rattus rattus,Sarahandrano,agroforest,1
2947,Eimeria,1,Protozoa,Suncus murinus,Sarahandrano,agroforest,1
2954,Tritrichomonas,1,Protozoa,Suncus murinus,Sarahandrano,flooded_rice,1
2955,Tritrichomonas,1,Protozoa,Mus musculus,Sarahandrano,flooded_rice,1
2957,Tritrichomonas,1,Protozoa,Mus musculus,Sarahandrano,flooded_rice,1
2958,Hexamastix,1,Protozoa,Rattus rattus,Sarahandrano,flooded_rice,1
2959,Cryptosporidium,1,Protozoa,Rattus rattus,Sarahandrano,village,1
2959,Tritrichomonas,1,Protozoa,Rattus rattus,Sarahandrano,village,1
2963,Cryptosporidium,1,Protozoa,Suncus murinus,Sarahandrano,flooded_rice,1
2970,Eimeria,1,Protozoa,Mus musculus,Sarahandrano,flooded_rice,1
2974,Eimeria,1,Protozoa,Suncus murinus,Sarahandrano,flooded_rice,1
2975,Eimeria,1,Protozoa,Suncus murinus,Sarahandrano,flooded_rice,1
2976,Eimeria,1,Protozoa,Rattus rattus,Sarahandrano,village,1
2976,Tritrichomonas,1,Protozoa,Rattus rattus,Sarahandrano,village,1
2978,Hypotrichomonas,1,Protozoa,Rattus rattus,Sarahandrano,village,1
2978,Tritrichomonas,1,Protozoa,Rattus rattus,Sarahandrano,village,1
2979,Eimeria,1,Protozoa,Rattus rattus,Sarahandrano,village,1
2980,Eimeria,1,Protozoa,Rattus rattus,Sarahandrano,village,1
2980,Hypotrichomonas,1,Protozoa,Rattus rattus,Sarahandrano,village,1
2984,Eimeria,1,Protozoa,Rattus rattus,Sarahandrano,village,1
2988,Eimeria,1,Protozoa,Mus musculus,Sarahandrano,brushy_regrowth,2
2989,Eimeria,1,Protozoa,Rattus rattus,Sarahandrano,brushy_regrowth,2
2989,Hypotrichomonas,1,Protozoa,Rattus rattus,Sarahandrano,brushy_regrowth,2
2991,Tritrichomonas,1,Protozoa,Rattus rattus,Sarahandrano,brushy_regrowth,2
2996,Eimeria,1,Protozoa,Mus musculus,Sarahandrano,brushy_regrowth,2
2999,Eimeria,1,Protozoa,Mus musculus,Sarahandrano,brushy_regrowth,2
3000,Tritrichomonas,1,Protozoa,Rattus rattus,Sarahandrano,brushy_regrowth,2
3001,Tetratrichomonas,1,Protozoa,Rattus rattus,Sarahandrano,brushy_regrowth,2
3002,Hypotrichomonas,1,Protozoa,Rattus rattus,Sarahandrano,brushy_regrowth,2
3004,Tritrichomonas,1,Protozoa,Mus musculus,Sarahandrano,brushy_regrowth,2
3005,Tritrichomonas,1,Protozoa,Rattus rattus,Sarahandrano,brushy_regrowth,2
3008,Tritrichomonas,1,Protozoa,Mus musculus,Sarahandrano,brushy_regrowth,2
3011,Hypotrichomonas,1,Protozoa,Rattus rattus,Sarahandrano,brushy_regrowth,2
3011,Tritrichomonas,1,Protozoa,Rattus rattus,Sarahandrano,brushy_regrowth,2
3014,Tritrichomonas,1,Protozoa,Mus musculus,Sarahandrano,brushy_regrowth,2
3016,Eimeria,1,Protozoa,Suncus murinus,Sarahandrano,brushy_regrowth,2
3018,Eimeria,1,Protozoa,Nesogale talazaci,Sarahandrano,agroforest,2
3020,Tritrichomonas,1,Protozoa,Rattus rattus,Sarahandrano,agroforest,2
3021,Hypotrichomonas,1,Protozoa,Rattus rattus,Sarahandrano,agroforest,2
3021,Tritrichomonas,1,Protozoa,Rattus rattus,Sarahandrano,agroforest,2
3023,Tritrichomonas,1,Protozoa,Rattus rattus,Sarahandrano,agroforest,2
3024,Tritrichomonas,1,Protozoa,Rattus rattus,Sarahandrano,agroforest,2
3030,Tritrichomonas,1,Protozoa,Rattus rattus,Sarahandrano,agroforest,2
3031,Tritrichomonas,1,Protozoa,Rattus rattus,Sarahandrano,agroforest,2
3032,Eimeria,1,Protozoa,Tenrec ecaudatus,Sarahandrano,agroforest,2
3035,Tritrichomonas,1,Protozoa,Rattus rattus,Sarahandrano,agroforest,2
3038,Hypotrichomonas,1,Protozoa,Rattus rattus,Sarahandrano,agroforest,2
3038,Tritrichomonas,1,Protozoa,Rattus rattus,Sarahandrano,agroforest,2
3039,Tritrichomonas,1,Protozoa,Rattus rattus,Sarahandrano,agroforest,2
3040,Hypotrichomonas,1,Protozoa,Rattus rattus,Sarahandrano,agroforest,2
3041,Hypotrichomonas,1,Protozoa,Rattus rattus,Sarahandrano,agroforest,2
3041,Tritrichomonas,1,Protozoa,Rattus rattus,Sarahandrano,agroforest,2
3042,Hypotrichomonas,1,Protozoa,Rattus rattus,Sarahandrano,agroforest,2
3043,Tritrichomonas,1,Protozoa,Rattus rattus,Sarahandrano,secondary_forest,2
3044,Hypotrichomonas,1,Protozoa,Rattus rattus,Sarahandrano,secondary_forest,2
3054,Eimeria,1,Protozoa,Microgale parvula,Sarahandrano,secondary_forest,2
3055,Eimeria,1,Protozoa,Microgale brevicaudata,Sarahandrano,secondary_forest,2
3056,Cryptosporidium,1,Protozoa,Setifer setosus,Sarahandrano,secondary_forest,2
3060,Eimeria,1,Protozoa,Microgale brevicaudata,Sarahandrano,secondary_forest,2
3063,Eimeria,1,Protozoa,Setifer setosus,Sarahandrano,secondary_forest,2
3064,Cryptosporidium,1,Protozoa,Rattus rattus,Sarahandrano,secondary_forest,2
3064,Tritrichomonas,1,Protozoa,Rattus rattus,Sarahandrano,secondary_forest,2
3065,Eimeria,1,Protozoa,Microgale brevicaudata,Sarahandrano,secondary_forest,2
3066,Eimeria,1,Protozoa,Nesogale talazaci,Sarahandrano,semi-intact_forest,2
3067,Eimeria,1,Protozoa,Nesogale talazaci,Sarahandrano,semi-intact_forest,2
3068,Tritrichomonas,1,Protozoa,Eliurus minor,Sarahandrano,semi-intact_forest,2
3069,Tritrichomonas,1,Protozoa,Nesomys audeberti,Sarahandrano,semi-intact_forest,2
3070,Eimeria,1,Protozoa,Nesomys audeberti,Sarahandrano,semi-intact_forest,2
3071,Eimeria,1,Protozoa,Nesogale talazaci,Sarahandrano,semi-intact_forest,2
3072,Eimeria,1,Protozoa,Nesogale talazaci,Sarahandrano,semi-intact_forest,2
3073,Eimeria,1,Protozoa,Nesomys audeberti,Sarahandrano,semi-intact_forest,2
3073,Tritrichomonas,1,Protozoa,Nesomys audeberti,Sarahandrano,semi-intact_forest,2
3074,Eimeria,1,Protozoa,Suncus murinus,Sarahandrano,flooded_rice,2
3075,Eimeria,1,Protozoa,Suncus murinus,Sarahandrano,flooded_rice,2
3076,Eimeria,1,Protozoa,Suncus murinus,Sarahandrano,flooded_rice,2
3077,Eimeria,1,Protozoa,Suncus etruscus,Sarahandrano,flooded_rice,2
3081,Entamoeba,1,Protozoa,Rattus rattus,Sarahandrano,flooded_rice,2
3081,Hypotrichomonas,1,Protozoa,Rattus rattus,Sarahandrano,flooded_rice,2
3081,Tritrichomonas,1,Protozoa,Rattus rattus,Sarahandrano,flooded_rice,2
3085,Eimeria,1,Protozoa,Suncus murinus,Sarahandrano,flooded_rice,2
3086,Eimeria,1,Protozoa,Suncus murinus,Sarahandrano,flooded_rice,2
3087,Eimeria,1,Protozoa,Suncus etruscus,Sarahandrano,flooded_rice,2
3089,Tetratrichomonas,1,Protozoa,Mus musculus,Sarahandrano,flooded_rice,2
3096,Eimeria,1,Protozoa,Mus musculus,Sarahandrano,flooded_rice,2
3099,Eimeria,1,Protozoa,Suncus murinus,Sarahandrano,flooded_rice,2
3100,Eimeria,1,Protozoa,Suncus murinus,Sarahandrano,flooded_rice,2
3102,Eimeria,1,Protozoa,Suncus etruscus,Sarahandrano,flooded_rice,2
3104,Hexamastix,1,Protozoa,Rattus rattus,Sarahandrano,village,2
3107,Eimeria,1,Protozoa,Suncus murinus,Sarahandrano,flooded_rice,2
3109,Tritrichomonas,1,Protozoa,Mus musculus,Sarahandrano,flooded_rice,2
3112,Eimeria,1,Protozoa,Suncus murinus,Sarahandrano,village,2
3114,Hexamastix,1,Protozoa,Rattus rattus,Sarahandrano,village,2
3116,Eimeria,1,Protozoa,Suncus etruscus,Sarahandrano,flooded_rice,2
3117,Eimeria,1,Protozoa,Suncus murinus,Sarahandrano,flooded_rice,2
3120,Tritrichomonas,1,Protozoa,Rattus rattus,Sarahandrano,village,2
3121,Hypotrichomonas,1,Protozoa,Rattus rattus,Sarahandrano,village,2
3130,Tritrichomonas,1,Protozoa,Rattus rattus,Sarahandrano,agriculture,2
3134,Eimeria,1,Protozoa,Suncus murinus,Sarahandrano,agriculture,2
3136,Tritrichomonas,1,Protozoa,Rattus rattus,Sarahandrano,agriculture,2
3137,Tritrichomonas,1,Protozoa,Rattus rattus,Sarahandrano,agriculture,2
3139,Hypotrichomonas,1,Protozoa,Rattus rattus,Sarahandrano,agriculture,2
3139,Tritrichomonas,1,Protozoa,Rattus rattus,Sarahandrano,agriculture,2
3149,Hypotrichomonas,1,Protozoa,Rattus rattus,Sarahandrano,agriculture,2
3149,Tritrichomonas,1,Protozoa,Rattus rattus,Sarahandrano,agriculture,2
3150,Hypotrichomonas,1,Protozoa,Rattus rattus,Sarahandrano,agriculture,2
3151,Eimeria,1,Protozoa,Suncus murinus,Sarahandrano,agriculture,2
3151,Tritrichomonas,1,Protozoa,Suncus murinus,Sarahandrano,agriculture,2
3154,Tritrichomonas,1,Protozoa,Rattus rattus,Sarahandrano,agriculture,2
3155,Tritrichomonas,1,Protozoa,Rattus rattus,Sarahandrano,agriculture,2
3156,Hypotrichomonas,1,Protozoa,Rattus rattus,Sarahandrano,agriculture,2
3156,Tritrichomonas,1,Protozoa,Rattus rattus,Sarahandrano,agriculture,2
3157,Eimeria,1,Protozoa,Microgale prolixacaudata,Sarahandrano,brushy_regrowth,3
3158,Eimeria,1,Protozoa,Microgale prolixacaudata,Sarahandrano,brushy_regrowth,3
3159,Eimeria,1,Protozoa,Suncus murinus,Sarahandrano,brushy_regrowth,3
3160,Eimeria,1,Protozoa,Suncus murinus,Sarahandrano,brushy_regrowth,3
3161,Eimeria,1,Protozoa,Mus musculus,Sarahandrano,brushy_regrowth,3
3165,Eimeria,1,Protozoa,Mus musculus,Sarahandrano,brushy_regrowth,3
3165,Tritrichomonas,1,Protozoa,Mus musculus,Sarahandrano,brushy_regrowth,3
3167,Eimeria,1,Protozoa,Mus musculus,Sarahandrano,brushy_regrowth,3
3168,Eimeria,1,Protozoa,Mus musculus,Sarahandrano,brushy_regrowth,3
3169,Eimeria,1,Protozoa,Mus musculus,Sarahandrano,brushy_regrowth,3
3170,Tritrichomonas,1,Protozoa,Mus musculus,Sarahandrano,brushy_regrowth,3
3172,Eimeria,1,Protozoa,Rattus rattus,Sarahandrano,brushy_regrowth,3
3172,Hypotrichomonas,1,Protozoa,Rattus rattus,Sarahandrano,brushy_regrowth,3
3173,Hypotrichomonas,1,Protozoa,Rattus rattus,Sarahandrano,brushy_regrowth,3
3175,Hypotrichomonas,1,Protozoa,Rattus rattus,Sarahandrano,brushy_regrowth,3
3175,Pentatrichomonas,1,Protozoa,Rattus rattus,Sarahandrano,brushy_regrowth,3
3175,Tritrichomonas,1,Protozoa,Rattus rattus,Sarahandrano,brushy_regrowth,3
3176,Tritrichomonas,1,Protozoa,Rattus rattus,Sarahandrano,brushy_regrowth,3
3177,Tritrichomonas,1,Protozoa,Rattus rattus,Sarahandrano,brushy_regrowth,3
3178,Hypotrichomonas,1,Protozoa,Rattus rattus,Sarahandrano,brushy_regrowth,3
3178,Tritrichomonas,1,Protozoa,Rattus rattus,Sarahandrano,brushy_regrowth,3
3181,Hypotrichomonas,1,Protozoa,Rattus rattus,Sarahandrano,brushy_regrowth,3
3181,Tritrichomonas,1,Protozoa,Rattus rattus,Sarahandrano,brushy_regrowth,3
3182,Tritrichomonas,1,Protozoa,Rattus rattus,Sarahandrano,brushy_regrowth,3
3183,Eimeria,1,Protozoa,Rattus rattus,Sarahandrano,brushy_regrowth,3
3183,Entamoeba,1,Protozoa,Rattus rattus,Sarahandrano,brushy_regrowth,3
3183,Tetratrichomonas,1,Protozoa,Rattus rattus,Sarahandrano,brushy_regrowth,3
3186,Hypotrichomonas,1,Protozoa,Rattus rattus,Sarahandrano,brushy_regrowth,3
3187,Tritrichomonas,1,Protozoa,Rattus rattus,Sarahandrano,brushy_regrowth,3
3193,Eimeria,1,Protozoa,Mus musculus,Sarahandrano,brushy_regrowth,3
3194,Eimeria,1,Protozoa,Mus musculus,Sarahandrano,brushy_regrowth,3
3196,Tritrichomonas,1,Protozoa,Mus musculus,Sarahandrano,brushy_regrowth,3
3197,Eimeria,1,Protozoa,Mus musculus,Sarahandrano,brushy_regrowth,3
3197,Tritrichomonas,1,Protozoa,Mus musculus,Sarahandrano,brushy_regrowth,3
3198,Tritrichomonas,1,Protozoa,Mus musculus,Sarahandrano,brushy_regrowth,3
3201,Eimeria,1,Protozoa,Mus musculus,Sarahandrano,brushy_regrowth,3
3202,Eimeria,1,Protozoa,Mus musculus,Sarahandrano,brushy_regrowth,3
3202,Tritrichomonas,1,Protozoa,Mus musculus,Sarahandrano,brushy_regrowth,3
3203,Tritrichomonas,1,Protozoa,Mus musculus,Sarahandrano,brushy_regrowth,3
3204,Eimeria,1,Protozoa,Mus musculus,Sarahandrano,brushy_regrowth,3
3205,Eimeria,1,Protozoa,Mus musculus,Sarahandrano,brushy_regrowth,3
3205,Tritrichomonas,1,Protozoa,Mus musculus,Sarahandrano,brushy_regrowth,3
3206,Tritrichomonas,1,Protozoa,Mus musculus,Sarahandrano,brushy_regrowth,3
3208,Eimeria,1,Protozoa,Mus musculus,Sarahandrano,brushy_regrowth,3
3212,Eimeria,1,Protozoa,Mus musculus,Sarahandrano,brushy_regrowth,3
3212,Tritrichomonas,1,Protozoa,Mus musculus,Sarahandrano,brushy_regrowth,3
3213,Eimeria,1,Protozoa,Rattus rattus,Sarahandrano,brushy_regrowth,3
3213,Hypotrichomonas,1,Protozoa,Rattus rattus,Sarahandrano,brushy_regrowth,3
3213,Tritrichomonas,1,Protozoa,Rattus rattus,Sarahandrano,brushy_regrowth,3
3214,Eimeria,1,Protozoa,Rattus rattus,Sarahandrano,brushy_regrowth,3
3214,Tritrichomonas,1,Protozoa,Rattus rattus,Sarahandrano,brushy_regrowth,3
3216,Pentatrichomonas,1,Protozoa,Rattus rattus,Sarahandrano,brushy_regrowth,3
3216,Tritrichomonas,1,Protozoa,Rattus rattus,Sarahandrano,brushy_regrowth,3
3218,Tritrichomonas,1,Protozoa,Rattus rattus,Sarahandrano,brushy_regrowth,3
3219,Tritrichomonas,1,Protozoa,Rattus rattus,Sarahandrano,brushy_regrowth,3
3221,Eimeria,1,Protozoa,Mus musculus,Sarahandrano,brushy_regrowth,3
3223,Eimeria,1,Protozoa,Mus musculus,Sarahandrano,brushy_regrowth,3
3224,Eimeria,1,Protozoa,Mus musculus,Sarahandrano,brushy_regrowth,3
3225,Eimeria,1,Protozoa,Mus musculus,Sarahandrano,brushy_regrowth,3
3227,Eimeria,1,Protozoa,Mus musculus,Sarahandrano,brushy_regrowth,3
3228,Eimeria,1,Protozoa,Mus musculus,Sarahandrano,brushy_regrowth,3
3230,Eimeria,1,Protozoa,Mus musculus,Sarahandrano,brushy_regrowth,3
3232,Hypotrichomonas,1,Protozoa,Rattus rattus,Sarahandrano,brushy_regrowth,3
3232,Tritrichomonas,1,Protozoa,Rattus rattus,Sarahandrano,brushy_regrowth,3
3233,Eimeria,1,Protozoa,Rattus rattus,Sarahandrano,brushy_regrowth,3
3234,Tritrichomonas,1,Protozoa,Mus musculus,Sarahandrano,brushy_regrowth,3
3237,Eimeria,1,Protozoa,Mus musculus,Sarahandrano,brushy_regrowth,3
3238,Eimeria,1,Protozoa,Rattus rattus,Sarahandrano,brushy_regrowth,3
3238,Hypotrichomonas,1,Protozoa,Rattus rattus,Sarahandrano,brushy_regrowth,3
3238,Tritrichomonas,1,Protozoa,Rattus rattus,Sarahandrano,brushy_regrowth,3
3239,Eimeria,1,Protozoa,Rattus rattus,Sarahandrano,brushy_regrowth,3
3240,Tritrichomonas,1,Protozoa,Mus musculus,Sarahandrano,agriculture,3
3242,Tritrichomonas,1,Protozoa,Mus musculus,Sarahandrano,agriculture,3
3244,Eimeria,1,Protozoa,Rattus rattus,Sarahandrano,agriculture,3
3244,Tritrichomonas,1,Protozoa,Rattus rattus,Sarahandrano,agriculture,3
3246,Tritrichomonas,1,Protozoa,Rattus rattus,Sarahandrano,agriculture,3
3247,Tritrichomonas,1,Protozoa,Rattus rattus,Sarahandrano,agriculture,3
3248,Eimeria,1,Protozoa,Rattus rattus,Sarahandrano,agriculture,3
3248,Tritrichomonas,1,Protozoa,Rattus rattus,Sarahandrano,agriculture,3
3250,Tritrichomonas,1,Protozoa,Rattus rattus,Sarahandrano,agriculture,3
3251,Tritrichomonas,1,Protozoa,Rattus rattus,Sarahandrano,agriculture,3
3252,Cryptosporidium,1,Protozoa,Setifer setosus,Sarahandrano,agriculture,3
3252,Eimeria,1,Protozoa,Setifer setosus,Sarahandrano,agriculture,3
3253,Eimeria,1,Protozoa,Suncus murinus,Sarahandrano,agriculture,3
3255,Eimeria,1,Protozoa,Suncus murinus,Sarahandrano,agriculture,3
3256,Eimeria,1,Protozoa,Suncus murinus,Sarahandrano,agriculture,3
3256,Tritrichomonas,1,Protozoa,Suncus murinus,Sarahandrano,agriculture,3
3263,Eimeria,1,Protozoa,Rattus rattus,Sarahandrano,agriculture,3
3263,Hypotrichomonas,1,Protozoa,Rattus rattus,Sarahandrano,agriculture,3
3263,Tetratrichomonas,1,Protozoa,Rattus rattus,Sarahandrano,agriculture,3
3266,Eimeria,1,Protozoa,Mus musculus,Sarahandrano,agriculture,3
3268,Hypotrichomonas,1,Protozoa,Rattus rattus,Sarahandrano,agriculture,3
3269,Hypotrichomonas,1,Protozoa,Rattus rattus,Sarahandrano,agriculture,3
3271,Tritrichomonas,1,Protozoa,Rattus rattus,Sarahandrano,agriculture,3
3272,Hypotrichomonas,1,Protozoa,Rattus rattus,Sarahandrano,agriculture,3
3273,Eimeria,1,Protozoa,Rattus rattus,Sarahandrano,agriculture,3
3273,Tritrichomonas,1,Protozoa,Rattus rattus,Sarahandrano,agriculture,3
3277,Eimeria,1,Protozoa,Suncus murinus,Sarahandrano,agriculture,3
3279,Tritrichomonas,1,Protozoa,Rattus rattus,Sarahandrano,agriculture,3
3281,Tritrichomonas,1,Protozoa,Rattus rattus,Sarahandrano,agriculture,3
3284,Tritrichomonas,1,Protozoa,Rattus rattus,Sarahandrano,agriculture,3
3285,Tritrichomonas,1,Protozoa,Rattus rattus,Sarahandrano,agriculture,3
3289,Hypotrichomonas,1,Protozoa,Rattus rattus,Sarahandrano,agriculture,3
3290,Eimeria,1,Protozoa,Suncus murinus,Sarahandrano,agriculture,3
3295,Hypotrichomonas,1,Protozoa,Rattus rattus,Sarahandrano,agriculture,3
3295,Tritrichomonas,1,Protozoa,Rattus rattus,Sarahandrano,agriculture,3
3296,Tritrichomonas,1,Protozoa,Rattus rattus,Sarahandrano,agriculture,3
3298,Eimeria,1,Protozoa,Rattus rattus,Sarahandrano,agriculture,3
3298,Hypotrichomonas,1,Protozoa,Rattus rattus,Sarahandrano,agriculture,3
3298,Tritrichomonas,1,Protozoa,Rattus rattus,Sarahandrano,agriculture,3
3300,Eimeria,1,Protozoa,Rattus rattus,Sarahandrano,agriculture,3
3300,Tritrichomonas,1,Protozoa,Rattus rattus,Sarahandrano,agriculture,3
3302,Tritrichomonas,1,Protozoa,Rattus rattus,Sarahandrano,agriculture,3
3305,Eimeria,1,Protozoa,Suncus murinus,Sarahandrano,agriculture,3
3306,Eimeria,1,Protozoa,Mus musculus,Sarahandrano,agriculture,3
3310,Eimeria,1,Protozoa,Rattus rattus,Sarahandrano,agriculture,3
3312,Tritrichomonas,1,Protozoa,Rattus rattus,Sarahandrano,agriculture,3
3314,Hypotrichomonas,1,Protozoa,Rattus rattus,Sarahandrano,agriculture,3
3314,Tritrichomonas,1,Protozoa,Rattus rattus,Sarahandrano,agriculture,3
3315,Tritrichomonas,1,Protozoa,Rattus rattus,Sarahandrano,agriculture,3
3317,Tritrichomonas,1,Protozoa,Rattus rattus,Sarahandrano,secondary_forest,3
3318,Blastocystis,1,Protozoa,Rattus rattus,Sarahandrano,secondary_forest,3
3318,Tritrichomonas,1,Protozoa,Rattus rattus,Sarahandrano,secondary_forest,3
3320,Blastocystis,1,Protozoa,Rattus rattus,Sarahandrano,secondary_forest,3
3320,Tritrichomonas,1,Protozoa,Rattus rattus,Sarahandrano,secondary_forest,3
3321,Blastocystis,1,Protozoa,Rattus rattus,Sarahandrano,secondary_forest,3
3321,Tritrichomonas,1,Protozoa,Rattus rattus,Sarahandrano,secondary_forest,3
3322,Blastocystis,1,Protozoa,Rattus rattus,Sarahandrano,secondary_forest,3
3323,Blastocystis,1,Protozoa,Rattus rattus,Sarahandrano,secondary_forest,3
3323,Hypotrichomonas,1,Protozoa,Rattus rattus,Sarahandrano,secondary_forest,3
3323,Tritrichomonas,1,Protozoa,Rattus rattus,Sarahandrano,secondary_forest,3
3324,Eimeria,1,Protozoa,Microgale prolixacaudata,Sarahandrano,secondary_forest,3
3325,Eimeria,1,Protozoa,Microgale prolixacaudata,Sarahandrano,secondary_forest,3
3326,Eimeria,1,Protozoa,Microgale brevicaudata,Sarahandrano,secondary_forest,3
3327,Eimeria,1,Protozoa,Microgale brevicaudata,Sarahandrano,secondary_forest,3
3328,Blastocystis,1,Protozoa,Rattus rattus,Sarahandrano,secondary_forest,3
3328,Tritrichomonas,1,Protozoa,Rattus rattus,Sarahandrano,secondary_forest,3
3329,Blastocystis,1,Protozoa,Rattus rattus,Sarahandrano,secondary_forest,3
3329,Hypotrichomonas,1,Protozoa,Rattus rattus,Sarahandrano,secondary_forest,3
3331,Blastocystis,1,Protozoa,Rattus rattus,Sarahandrano,secondary_forest,3
3332,Eimeria,1,Protozoa,Suncus murinus,Sarahandrano,secondary_forest,3
3333,Hypotrichomonas,1,Protozoa,Rattus rattus,Sarahandrano,secondary_forest,3
3333,Tritrichomonas,1,Protozoa,Rattus rattus,Sarahandrano,secondary_forest,3
3334,Blastocystis,1,Protozoa,Rattus rattus,Sarahandrano,secondary_forest,3
3334,Tritrichomonas,1,Protozoa,Rattus rattus,Sarahandrano,secondary_forest,3
3335,Hypotrichomonas,1,Protozoa,Rattus rattus,Sarahandrano,secondary_forest,3
3335,Tritrichomonas,1,Protozoa,Rattus rattus,Sarahandrano,secondary_forest,3
3337,Hypotrichomonas,1,Protozoa,Rattus rattus,Sarahandrano,secondary_forest,3
3337,Tritrichomonas,1,Protozoa,Rattus rattus,Sarahandrano,secondary_forest,3
3338,Tritrichomonas,1,Protozoa,Rattus rattus,Sarahandrano,secondary_forest,3
3339,Tritrichomonas,1,Protozoa,Rattus rattus,Sarahandrano,secondary_forest,3
3340,Tritrichomonas,1,Protozoa,Rattus rattus,Sarahandrano,secondary_forest,3
3341,Tritrichomonas,1,Protozoa,Rattus rattus,Sarahandrano,secondary_forest,3
3342,Tritrichomonas,1,Protozoa,Rattus rattus,Sarahandrano,secondary_forest,3
3344,Blastocystis,1,Protozoa,Rattus rattus,Sarahandrano,secondary_forest,3
3344,Tritrichomonas,1,Protozoa,Rattus rattus,Sarahandrano,secondary_forest,3
3345,Eimeria,1,Protozoa,Rattus rattus,Sarahandrano,secondary_forest,3
3345,Tritrichomonas,1,Protozoa,Rattus rattus,Sarahandrano,secondary_forest,3
3346,Hypotrichomonas,1,Protozoa,Rattus rattus,Sarahandrano,secondary_forest,3
3346,Tritrichomonas,1,Protozoa,Rattus rattus,Sarahandrano,secondary_forest,3
3348,Hypotrichomonas,1,Protozoa,Rattus rattus,Sarahandrano,secondary_forest,3
3349,Hypotrichomonas,1,Protozoa,Rattus rattus,Sarahandrano,secondary_forest,3
3350,Tritrichomonas,1,Protozoa,Rattus rattus,Sarahandrano,secondary_forest,3
3354,Hypotrichomonas,1,Protozoa,Rattus rattus,Sarahandrano,secondary_forest,3
3354,Tritrichomonas,1,Protozoa,Rattus rattus,Sarahandrano,secondary_forest,3
3355,Eimeria,1,Protozoa,Microgale brevicaudata,Sarahandrano,secondary_forest,3
3356,Tritrichomonas,1,Protozoa,Rattus rattus,Sarahandrano,secondary_forest,3
3359,Eimeria,1,Protozoa,Suncus murinus,Sarahandrano,secondary_forest,3
3362,Eimeria,1,Protozoa,Rattus rattus,Sarahandrano,secondary_forest,3
3364,Eimeria,1,Protozoa,Nesogale talazaci,Sarahandrano,semi-intact_forest,3
3365,Eimeria,1,Protozoa,Nesogale talazaci,Sarahandrano,semi-intact_forest,3
3366,Eimeria,1,Protozoa,Nesogale talazaci,Sarahandrano,semi-intact_forest,3
3368,Tritrichomonas,1,Protozoa,Nesomys audeberti,Sarahandrano,semi-intact_forest,3
3369,Eimeria,1,Protozoa,Nesogale talazaci,Sarahandrano,semi-intact_forest,3
3373,Tritrichomonas,1,Protozoa,Rattus rattus,Sarahandrano,agroforest,3
3375,Tritrichomonas,1,Protozoa,Rattus rattus,Sarahandrano,agroforest,3
3377,Tetratrichomonas,1,Protozoa,Rattus rattus,Sarahandrano,agroforest,3
3377,Tritrichomonas,1,Protozoa,Rattus rattus,Sarahandrano,agroforest,3
3380,Hypotrichomonas,1,Protozoa,Rattus rattus,Sarahandrano,agroforest,3
3380,Tritrichomonas,1,Protozoa,Rattus rattus,Sarahandrano,agroforest,3
3383,Hypotrichomonas,1,Protozoa,Rattus rattus,Sarahandrano,agroforest,3
3383,Tritrichomonas,1,Protozoa,Rattus rattus,Sarahandrano,agroforest,3
3384,Hypotrichomonas,1,Protozoa,Rattus rattus,Sarahandrano,agroforest,3
3385,Hypotrichomonas,1,Protozoa,Rattus rattus,Sarahandrano,agroforest,3
3385,Tritrichomonas,1,Protozoa,Rattus rattus,Sarahandrano,agroforest,3
3390,Tritrichomonas,1,Protozoa,Rattus rattus,Sarahandrano,agroforest,3
3391,Hypotrichomonas,1,Protozoa,Rattus rattus,Sarahandrano,agroforest,3
3391,Tritrichomonas,1,Protozoa,Rattus rattus,Sarahandrano,agroforest,3
3392,Tritrichomonas,1,Protozoa,Rattus rattus,Sarahandrano,agroforest,3
3393,Tritrichomonas,1,Protozoa,Rattus rattus,Sarahandrano,agroforest,3
3394,Hypotrichomonas,1,Protozoa,Rattus rattus,Sarahandrano,agroforest,3
3394,Tritrichomonas,1,Protozoa,Rattus rattus,Sarahandrano,agroforest,3
3395,Eimeria,1,Protozoa,Rattus rattus,Sarahandrano,agroforest,3
3395,Hypotrichomonas,1,Protozoa,Rattus rattus,Sarahandrano,agroforest,3
3395,Tritrichomonas,1,Protozoa,Rattus rattus,Sarahandrano,agroforest,3
3396,Tritrichomonas,1,Protozoa,Rattus rattus,Sarahandrano,agroforest,3
3397,Eimeria,1,Protozoa,Rattus rattus,Sarahandrano,agroforest,3
3399,Tritrichomonas,1,Protozoa,Rattus rattus,Sarahandrano,agroforest,3
3400,Tritrichomonas,1,Protozoa,Rattus rattus,Sarahandrano,agroforest,3
3403,Tritrichomonas,1,Protozoa,Mus musculus,Sarahandrano,agroforest,3
3407,Eimeria,1,Protozoa,Rattus rattus,Sarahandrano,agroforest,3
3407,Hypotrichomonas,1,Protozoa,Rattus rattus,Sarahandrano,agroforest,3
3407,Tritrichomonas,1,Protozoa,Rattus rattus,Sarahandrano,agroforest,3
3410,Hypotrichomonas,1,Protozoa,Rattus rattus,Sarahandrano,agroforest,3
3414,Tritrichomonas,1,Protozoa,Rattus rattus,Sarahandrano,agroforest,3
3415,Tritrichomonas,1,Protozoa,Rattus rattus,Sarahandrano,agroforest,3
3417,Eimeria,1,Protozoa,Rattus rattus,Sarahandrano,agroforest,3
3417,Hypotrichomonas,1,Protozoa,Rattus rattus,Sarahandrano,agroforest,3
3417,Tritrichomonas,1,Protozoa,Rattus rattus,Sarahandrano,agroforest,3
3418,Tritrichomonas,1,Protozoa,Rattus rattus,Sarahandrano,agroforest,3
3419,Tritrichomonas,1,Protozoa,Rattus rattus,Sarahandrano,agroforest,3
3421,Eimeria,1,Protozoa,Rattus rattus,Sarahandrano,agroforest,3
3421,Hypotrichomonas,1,Protozoa,Rattus rattus,Sarahandrano,agroforest,3
3426,Eimeria,1,Protozoa,Rattus rattus,Sarahandrano,agroforest,3
3428,Eimeria,1,Protozoa,Rattus rattus,Sarahandrano,agroforest,3
3429,Hypotrichomonas,1,Protozoa,Rattus rattus,Sarahandrano,agroforest,3
3430,Hypotrichomonas,1,Protozoa,Rattus rattus,Sarahandrano,agroforest,3
3430,Tritrichomonas,1,Protozoa,Rattus rattus,Sarahandrano,agroforest,3
3432,Tritrichomonas,1,Protozoa,Rattus rattus,Sarahandrano,agroforest,3
3435,Eimeria,1,Protozoa,Suncus murinus,Sarahandrano,flooded_rice,3
3436,Eimeria,1,Protozoa,Suncus murinus,Sarahandrano,flooded_rice,3
3438,Blastocystis,1,Protozoa,Rattus rattus,Sarahandrano,village,3
3438,Tritrichomonas,1,Protozoa,Rattus rattus,Sarahandrano,village,3
3441,Tritrichomonas,1,Protozoa,Mus musculus,Sarahandrano,village,3
3442,Tritrichomonas,1,Protozoa,Rattus rattus,Sarahandrano,village,3
3443,Tritrichomonas,1,Protozoa,Mus musculus,Sarahandrano,flooded_rice,3
3445,Eimeria,1,Protozoa,Suncus murinus,Sarahandrano,flooded_rice,3
3446,Hypotrichomonas,1,Protozoa,Rattus rattus,Sarahandrano,flooded_rice,3
3446,Tritrichomonas,1,Protozoa,Rattus rattus,Sarahandrano,flooded_rice,3
3447,Eimeria,1,Protozoa,Suncus murinus,Sarahandrano,village,3
3448,Blastocystis,1,Protozoa,Rattus rattus,Sarahandrano,village,3
3448,Hexamastix,1,Protozoa,Rattus rattus,Sarahandrano,village,3
3449,Tritrichomonas,1,Protozoa,Rattus rattus,Sarahandrano,village,3
3450,Eimeria,1,Protozoa,Suncus murinus,Sarahandrano,village,3
3451,Tritrichomonas,1,Protozoa,Rattus rattus,Sarahandrano,village,3
3452,Blastocystis,1,Protozoa,Rattus rattus,Sarahandrano,village,3
3452,Tritrichomonas,1,Protozoa,Rattus rattus,Sarahandrano,village,3
3453,Hypotrichomonas,1,Protozoa,Rattus rattus,Sarahandrano,village,3
3453,Tritrichomonas,1,Protozoa,Rattus rattus,Sarahandrano,village,3
3454,Eimeria,1,Protozoa,Suncus etruscus,Sarahandrano,flooded_rice,3
3455,Eimeria,1,Protozoa,Suncus murinus,Sarahandrano,flooded_rice,3
3456,Tritrichomonas,1,Protozoa,Mus musculus,Sarahandrano,flooded_rice,3
3457,Tritrichomonas,1,Protozoa,Mus musculus,Sarahandrano,flooded_rice,3
3458,Eimeria,1,Protozoa,Suncus murinus,Sarahandrano,flooded_rice,3
3459,Blastocystis,1,Protozoa,Rattus rattus,Sarahandrano,flooded_rice,3
3460,Blastocystis,1,Protozoa,Rattus rattus,Sarahandrano,flooded_rice,3
3460,Tritrichomonas,1,Protozoa,Rattus rattus,Sarahandrano,flooded_rice,3
3463,Tritrichomonas,1,Protozoa,Rattus rattus,Sarahandrano,village,3
3464,Eimeria,1,Protozoa,Suncus etruscus,Sarahandrano,flooded_rice,3
3466,Eimeria,1,Protozoa,Suncus murinus,Sarahandrano,flooded_rice,3
3467,Eimeria,1,Protozoa,Mus musculus,Sarahandrano,village,3
3467,Hypotrichomonas,1,Protozoa,Mus musculus,Sarahandrano,village,3
3468,Eimeria,1,Protozoa,Suncus murinus,Sarahandrano,village,3
3469,Tritrichomonas,1,Protozoa,Rattus rattus,Sarahandrano,village,3
3470,Tritrichomonas,1,Protozoa,Rattus rattus,Sarahandrano,village,3
3471,Blastocystis,1,Protozoa,Rattus rattus,Sarahandrano,village,3
3471,Tritrichomonas,1,Protozoa,Rattus rattus,Sarahandrano,village,3
3472,Eimeria,1,Protozoa,Suncus etruscus,Sarahandrano,flooded_rice,3
3475,Tritrichomonas,1,Protozoa,Mus musculus,Sarahandrano,flooded_rice,3
3478,Tritrichomonas,1,Protozoa,Mus musculus,Sarahandrano,village,3
3479,Eimeria,1,Protozoa,Suncus murinus,Sarahandrano,village,3
3481,Tritrichomonas,1,Protozoa,Rattus rattus,Sarahandrano,village,3
3482,Tritrichomonas,1,Protozoa,Mus musculus,Sarahandrano,flooded_rice,3
3483,Eimeria,1,Protozoa,Suncus murinus,Sarahandrano,flooded_rice,3
3484,Eimeria,1,Protozoa,Mus musculus,Sarahandrano,village,3
3487,Eimeria,1,Protozoa,Mus musculus,Sarahandrano,village,3
3488,Eimeria,1,Protozoa,Rattus rattus,Sarahandrano,village,3
3490,Hexamastix,1,Protozoa,Rattus rattus,Sarahandrano,village,3
3491,Tritrichomonas,1,Protozoa,Rattus rattus,Sarahandrano,village,3
3493,Eimeria,1,Protozoa,Microgale brevicaudata,Andatsakala,brushy_regrowth,1
3494,Eimeria,1,Protozoa,Microgale brevicaudata,Andatsakala,brushy_regrowth,1
3501,Hypotrichomonas,1,Protozoa,Rattus rattus,Andatsakala,brushy_regrowth,1
3502,Eimeria,1,Protozoa,Rattus rattus,Andatsakala,brushy_regrowth,1
3510,Eimeria,1,Protozoa,Microgale brevicaudata,Andatsakala,brushy_regrowth,1
3512,Tetratrichomonas,1,Protozoa,Mus musculus,Andatsakala,brushy_regrowth,1
3515,Eimeria,1,Protozoa,Suncus etruscus,Andatsakala,brushy_regrowth,1
3520,Eimeria,1,Protozoa,Rattus rattus,Andatsakala,brushy_regrowth,1
3521,Eimeria,1,Protozoa,Microgale prolixacaudata,Andatsakala,brushy_regrowth,1
3522,Eimeria,1,Protozoa,Suncus etruscus,Andatsakala,brushy_regrowth,1
3523,Eimeria,1,Protozoa,Microgale brevicaudata,Andatsakala,brushy_regrowth,1
3526,Hypotrichomonas,1,Protozoa,Mus musculus,Andatsakala,brushy_regrowth,1
3526,Tritrichomonas,1,Protozoa,Mus musculus,Andatsakala,brushy_regrowth,1
3528,Hypotrichomonas,1,Protozoa,Rattus rattus,Andatsakala,brushy_regrowth,1
3529,Eimeria,1,Protozoa,Microgale brevicaudata,Andatsakala,agriculture,1
3531,Eimeria,1,Protozoa,Microgale brevicaudata,Andatsakala,agriculture,1
3533,Tritrichomonas,1,Protozoa,Mus musculus,Andatsakala,agriculture,1
3536,Eimeria,1,Protozoa,Microgale brevicaudata,Andatsakala,agriculture,1
3537,Eimeria,1,Protozoa,Microgale brevicaudata,Andatsakala,agriculture,1
3538,Eimeria,1,Protozoa,Microgale brevicaudata,Andatsakala,agriculture,1
3539,Entamoeba,1,Protozoa,Microgale brevicaudata,Andatsakala,agriculture,1
3540,Eimeria,1,Protozoa,Suncus etruscus,Andatsakala,agriculture,1
3541,Eimeria,1,Protozoa,Microgale brevicaudata,Andatsakala,agriculture,1
3543,Entamoeba,1,Protozoa,Rattus rattus,Andatsakala,agriculture,1
3545,Eimeria,1,Protozoa,Microgale brevicaudata,Andatsakala,agriculture,1
3546,Eimeria,1,Protozoa,Nesogale talazaci,Andatsakala,secondary_forest,1
3549,Eimeria,1,Protozoa,Suncus etruscus,Andatsakala,secondary_forest,1
3552,Tritrichomonas,1,Protozoa,Eliurus cf. grandidieri,Andatsakala,secondary_forest,1
3553,Entamoeba,1,Protozoa,Rattus rattus,Andatsakala,secondary_forest,1
3554,Eimeria,1,Protozoa,Nesogale cf. talazaci,Andatsakala,secondary_forest,1
3555,Eimeria,1,Protozoa,Microgale brevicaudata,Andatsakala,secondary_forest,1
3556,Eimeria,1,Protozoa,Microgale brevicaudata,Andatsakala,secondary_forest,1
3558,Tritrichomonas,1,Protozoa,Rattus rattus,Andatsakala,secondary_forest,1
3559,Entamoeba,1,Protozoa,Rattus rattus,Andatsakala,secondary_forest,1
3559,Hexamastix,1,Protozoa,Rattus rattus,Andatsakala,secondary_forest,1
3560,Tritrichomonas,1,Protozoa,Eliurus webbi,Andatsakala,secondary_forest,1
3561,Eimeria,1,Protozoa,Microgale brevicaudata,Andatsakala,secondary_forest,1
3562,Eimeria,1,Protozoa,Microgale brevicaudata,Andatsakala,secondary_forest,1
3563,Pentatrichomonas,1,Protozoa,Rattus rattus,Andatsakala,secondary_forest,1
3564,Tritrichomonas,1,Protozoa,Rattus rattus,Andatsakala,secondary_forest,1
3566,Eimeria,1,Protozoa,Microgale brevicaudata,Andatsakala,secondary_forest,1
3567,Tritrichomonas,1,Protozoa,Rattus rattus,Andatsakala,secondary_forest,1
3570,Eimeria,1,Protozoa,Microgale brevicaudata,Andatsakala,secondary_forest,1
3571,Tritrichomonas,1,Protozoa,Eliurus cf. webbi,Andatsakala,semi-intact_forest,1
3572,Eimeria,1,Protozoa,Microgale brevicaudata,Andatsakala,semi-intact_forest,1
3574,Hypotrichomonas,1,Protozoa,Rattus rattus,Andatsakala,semi-intact_forest,1
3575,Tritrichomonas,1,Protozoa,Eliurus cf. webbi,Andatsakala,semi-intact_forest,1
3576,Eimeria,1,Protozoa,Setifer setosus,Andatsakala,semi-intact_forest,1
3577,Hypotrichomonas,1,Protozoa,Rattus rattus,Andatsakala,semi-intact_forest,1
3578,Hypotrichomonas,1,Protozoa,Rattus rattus,Andatsakala,semi-intact_forest,1
3578,Tritrichomonas,1,Protozoa,Rattus rattus,Andatsakala,semi-intact_forest,1
3581,Tritrichomonas,1,Protozoa,Rattus rattus,Andatsakala,semi-intact_forest,1
3582,Eimeria,1,Protozoa,Microgale brevicaudata,Andatsakala,semi-intact_forest,1
3583,Eimeria,1,Protozoa,Microgale brevicaudata,Andatsakala,agroforest,1
3587,Tritrichomonas,1,Protozoa,Mus musculus,Andatsakala,agroforest,1
3591,Eimeria,1,Protozoa,Rattus rattus,Andatsakala,agroforest,1
3591,Tritrichomonas,1,Protozoa,Rattus rattus,Andatsakala,agroforest,1
3592,Tritrichomonas,1,Protozoa,Rattus rattus,Andatsakala,agroforest,1
3593,Hypotrichomonas,1,Protozoa,Rattus rattus,Andatsakala,agroforest,1
3598,Tritrichomonas,1,Protozoa,Rattus rattus,Andatsakala,agroforest,1
3600,Tritrichomonas,1,Protozoa,Rattus rattus,Andatsakala,agroforest,1
3605,Tritrichomonas,1,Protozoa,Rattus rattus,Andatsakala,agroforest,1
3608,Eimeria,1,Protozoa,Rattus rattus,Andatsakala,agroforest,1
3608,Tritrichomonas,1,Protozoa,Rattus rattus,Andatsakala,agroforest,1
3609,Eimeria,1,Protozoa,Microgale brevicaudata,Andatsakala,agroforest,1
3611,Cryptosporidium,1,Protozoa,Rattus rattus,Andatsakala,agroforest,1
3612,Hypotrichomonas,1,Protozoa,Rattus rattus,Andatsakala,agroforest,1
3612,Tritrichomonas,1,Protozoa,Rattus rattus,Andatsakala,agroforest,1
3614,Eimeria,1,Protozoa,Rattus rattus,Andatsakala,agroforest,1
3614,Hypotrichomonas,1,Protozoa,Rattus rattus,Andatsakala,agroforest,1
3615,Eimeria,1,Protozoa,Microgale brevicaudata,Andatsakala,agroforest,1
3619,Eimeria,1,Protozoa,Microgale brevicaudata,Andatsakala,agroforest,1
3620,Eimeria,1,Protozoa,Rattus rattus,Andatsakala,agroforest,1
3620,Hexamastix,1,Protozoa,Rattus rattus,Andatsakala,agroforest,1
3621,Hypotrichomonas,1,Protozoa,Rattus rattus,Andatsakala,agroforest,1
3621,Tritrichomonas,1,Protozoa,Rattus rattus,Andatsakala,agroforest,1
3622,Tritrichomonas,1,Protozoa,Rattus rattus,Andatsakala,agroforest,1
3625,Hexamastix,1,Protozoa,Mus musculus,Andatsakala,flooded_rice,1
3625,Tritrichomonas,1,Protozoa,Mus musculus,Andatsakala,flooded_rice,1
3626,Tritrichomonas,1,Protozoa,Mus musculus,Andatsakala,flooded_rice,1
3631,Eimeria,1,Protozoa,Suncus murinus,Andatsakala,flooded_rice,1
3634,Eimeria,1,Protozoa,Rattus rattus,Andatsakala,village,1
3635,Blastocystis,1,Protozoa,Rattus rattus,Andatsakala,village,1
3636,Entamoeba,1,Protozoa,Rattus rattus,Andatsakala,village,1
3637,Eimeria,1,Protozoa,Rattus rattus,Andatsakala,village,1
3637,Entamoeba,1,Protozoa,Rattus rattus,Andatsakala,village,1
3645,Hypotrichomonas,1,Protozoa,Rattus rattus,Andatsakala,village,1
3646,Tritrichomonas,1,Protozoa,Rattus rattus,Andatsakala,village,1
3649,Entamoeba,1,Protozoa,Rattus rattus,Andatsakala,village,1
3649,Hexamastix,1,Protozoa,Rattus rattus,Andatsakala,village,1
3650,Tritrichomonas,1,Protozoa,Rattus rattus,Andatsakala,village,1
3652,Tritrichomonas,1,Protozoa,Mus musculus,Andatsakala,flooded_rice,1
3655,Eimeria,1,Protozoa,Rattus rattus,Andatsakala,village,1
3663,Tetratrichomonas,1,Protozoa,Rattus rattus,Andatsakala,brushy_regrowth,2
3664,Tetratrichomonas,1,Protozoa,Mus musculus,Andatsakala,brushy_regrowth,2
3665,Eimeria,1,Protozoa,Setifer setosus,Andatsakala,brushy_regrowth,2
3666,Eimeria,1,Protozoa,Microgale longicaudata,Andatsakala,brushy_regrowth,2
3667,Eimeria,1,Protozoa,Microgale brevicaudata,Andatsakala,brushy_regrowth,2
3668,Eimeria,1,Protozoa,Microgale brevicaudata,Andatsakala,brushy_regrowth,2
3671,Eimeria,1,Protozoa,Microgale brevicaudata,Andatsakala,brushy_regrowth,2
3672,Eimeria,1,Protozoa,Microgale brevicaudata,Andatsakala,brushy_regrowth,2
3673,Hypotrichomonas,1,Protozoa,Rattus rattus,Andatsakala,brushy_regrowth,2
3674,Tritrichomonas,1,Protozoa,Mus musculus,Andatsakala,brushy_regrowth,2
3676,Eimeria,1,Protozoa,Suncus murinus,Andatsakala,brushy_regrowth,2
3678,Eimeria,1,Protozoa,Microgale brevicaudata,Andatsakala,brushy_regrowth,2
3680,Hypotrichomonas,1,Protozoa,Rattus rattus,Andatsakala,brushy_regrowth,2
3681,Tritrichomonas,1,Protozoa,Mus musculus,Andatsakala,brushy_regrowth,2
3683,Eimeria,1,Protozoa,Microgale brevicaudata,Andatsakala,brushy_regrowth,2
3684,Eimeria,1,Protozoa,Microgale brevicaudata,Andatsakala,agriculture,2
3685,Eimeria,1,Protozoa,Microgale brevicaudata,Andatsakala,agriculture,2
3686,Eimeria,1,Protozoa,Microgale brevicaudata,Andatsakala,agriculture,2
3687,Eimeria,1,Protozoa,Microgale brevicaudata,Andatsakala,agriculture,2
3688,Eimeria,1,Protozoa,Nesogale cf. talazaci,Andatsakala,agriculture,2
3689,Entamoeba,1,Protozoa,Rattus rattus,Andatsakala,agriculture,2
3693,Eimeria,1,Protozoa,Microgale brevicaudata,Andatsakala,agriculture,2
3695,Eimeria,1,Protozoa,Microgale brevicaudata,Andatsakala,agriculture,2
3697,Eimeria,1,Protozoa,Microgale brevicaudata,Andatsakala,agriculture,2
3698,Eimeria,1,Protozoa,Microgale brevicaudata,Andatsakala,agriculture,2
3699,Tritrichomonas,1,Protozoa,Rattus rattus,Andatsakala,agriculture,2
3700,Eimeria,1,Protozoa,Microgale brevicaudata,Andatsakala,agriculture,2
3702,Eimeria,1,Protozoa,Microgale brevicaudata,Andatsakala,agriculture,2
3703,Eimeria,1,Protozoa,Microgale brevicaudata,Andatsakala,agriculture,2
3705,Eimeria,1,Protozoa,Microgale brevicaudata,Andatsakala,agriculture,2
3707,Eimeria,1,Protozoa,Microgale brevicaudata,Andatsakala,agriculture,2
3709,Eimeria,1,Protozoa,Microgale brevicaudata,Andatsakala,secondary_forest,2
3710,Eimeria,1,Protozoa,Microgale brevicaudata,Andatsakala,secondary_forest,2
3711,Eimeria,1,Protozoa,Microgale brevicaudata,Andatsakala,secondary_forest,2
3712,Hypotrichomonas,1,Protozoa,Rattus rattus,Andatsakala,secondary_forest,2
3712,Tritrichomonas,1,Protozoa,Rattus rattus,Andatsakala,secondary_forest,2
3713,Hexamastix,1,Protozoa,Rattus rattus,Andatsakala,secondary_forest,2
3716,Eimeria,1,Protozoa,Nesogale talazaci,Andatsakala,secondary_forest,2
3717,Tritrichomonas,1,Protozoa,Mus musculus,Andatsakala,secondary_forest,2
3720,Entamoeba,1,Protozoa,Microgale brevicaudata,Andatsakala,secondary_forest,2
3722,Cryptosporidium,1,Protozoa,Microgale brevicaudata,Andatsakala,secondary_forest,2
3722,Eimeria,1,Protozoa,Microgale brevicaudata,Andatsakala,secondary_forest,2
3723,Eimeria,1,Protozoa,Microgale brevicaudata,Andatsakala,secondary_forest,2
3724,Eimeria,1,Protozoa,Microgale brevicaudata,Andatsakala,secondary_forest,2
3726,Tetratrichomonas,1,Protozoa,Rattus rattus,Andatsakala,secondary_forest,2
3729,Eimeria,1,Protozoa,Microgale brevicaudata,Andatsakala,semi-intact_forest,2
3730,Eimeria,1,Protozoa,Microgale brevicaudata,Andatsakala,semi-intact_forest,2
3732,Tritrichomonas,1,Protozoa,Nesomys audeberti,Andatsakala,semi-intact_forest,2
3733,Tritrichomonas,1,Protozoa,Nesomys audeberti,Andatsakala,semi-intact_forest,2
3734,Eimeria,1,Protozoa,Microgale brevicaudata,Andatsakala,semi-intact_forest,2
3735,Tetratrichomonas,1,Protozoa,Rattus rattus,Andatsakala,semi-intact_forest,2
3736,Eimeria,1,Protozoa,Microgale brevicaudata,Andatsakala,agroforest,2
3741,Entamoeba,1,Protozoa,Rattus rattus,Andatsakala,agroforest,2
3744,Eimeria,1,Protozoa,Microgale brevicaudata,Andatsakala,agroforest,2
3745,Eimeria,1,Protozoa,Microgale brevicaudata,Andatsakala,agroforest,2
3747,Eimeria,1,Protozoa,Microgale brevicaudata,Andatsakala,agroforest,2
3749,Hypotrichomonas,1,Protozoa,Rattus rattus,Andatsakala,agroforest,2
3749,Tritrichomonas,1,Protozoa,Rattus rattus,Andatsakala,agroforest,2
3750,Eimeria,1,Protozoa,Microgale brevicaudata,Andatsakala,agroforest,2
3753,Eimeria,1,Protozoa,Suncus etruscus,Andatsakala,agroforest,2
3754,Tritrichomonas,1,Protozoa,Mus musculus,Andatsakala,agroforest,2
3755,Eimeria,1,Protozoa,Microgale brevicaudata,Andatsakala,agroforest,2
3758,Eimeria,1,Protozoa,Microgale brevicaudata,Andatsakala,agroforest,2
3759,Eimeria,1,Protozoa,Microgale brevicaudata,Andatsakala,agroforest,2
3761,Hypotrichomonas,1,Protozoa,Rattus rattus,Andatsakala,agroforest,2
3762,Eimeria,1,Protozoa,Microgale brevicaudata,Andatsakala,agroforest,2
3763,Eimeria,1,Protozoa,Microgale brevicaudata,Andatsakala,agroforest,2
3764,Eimeria,1,Protozoa,Microgale brevicaudata,Andatsakala,agroforest,2
3765,Eimeria,1,Protozoa,Microgale brevicaudata,Andatsakala,agroforest,2
3766,Eimeria,1,Protozoa,Microgale brevicaudata,Andatsakala,agroforest,2
3768,Eimeria,1,Protozoa,Suncus etruscus,Andatsakala,agroforest,2
3769,Eimeria,1,Protozoa,Microgale brevicaudata,Andatsakala,agroforest,2
3772,Tritrichomonas,1,Protozoa,Rattus rattus,Andatsakala,agroforest,2
3775,Eimeria,1,Protozoa,Microgale brevicaudata,Andatsakala,agroforest,2
3776,Eimeria,1,Protozoa,Microgale brevicaudata,Andatsakala,agroforest,2
3778,Blastocystis,1,Protozoa,Rattus rattus,Andatsakala,flooded_rice,2
3778,Hypotrichomonas,1,Protozoa,Rattus rattus,Andatsakala,flooded_rice,2
3778,Tritrichomonas,1,Protozoa,Rattus rattus,Andatsakala,flooded_rice,2
3780,Hypotrichomonas,1,Protozoa,Rattus rattus,Andatsakala,flooded_rice,2
3783,Tritrichomonas,1,Protozoa,Mus musculus,Andatsakala,flooded_rice,2
3785,Tritrichomonas,1,Protozoa,Mus musculus,Andatsakala,flooded_rice,2
3786,Eimeria,1,Protozoa,Suncus murinus,Andatsakala,flooded_rice,2
3787,Eimeria,1,Protozoa,Suncus murinus,Andatsakala,flooded_rice,2
3789,Tritrichomonas,1,Protozoa,Rattus rattus,Andatsakala,village,2
3790,Hexamastix,1,Protozoa,Rattus rattus,Andatsakala,village,2
3791,Tritrichomonas,1,Protozoa,Rattus rattus,Andatsakala,village,2
3792,Tritrichomonas,1,Protozoa,Rattus rattus,Andatsakala,village,2
3794,Eimeria,1,Protozoa,Suncus murinus,Andatsakala,village,2
3796,Blastocystis,1,Protozoa,Mus musculus,Andatsakala,village,2
3797,Entamoeba,1,Protozoa,Rattus rattus,Andatsakala,village,2
3797,Tritrichomonas,1,Protozoa,Rattus rattus,Andatsakala,village,2
3798,Tritrichomonas,1,Protozoa,Rattus rattus,Andatsakala,village,2
3799,Blastocystis,1,Protozoa,Rattus rattus,Andatsakala,village,2
3799,Hexamastix,1,Protozoa,Rattus rattus,Andatsakala,village,2
3800,Tritrichomonas,1,Protozoa,Rattus rattus,Andatsakala,village,2
3801,Entamoeba,1,Protozoa,Rattus rattus,Andatsakala,village,2
3801,Hexamastix,1,Protozoa,Rattus rattus,Andatsakala,village,2
3802,Entamoeba,1,Protozoa,Rattus rattus,Andatsakala,village,2
3802,Hexamastix,1,Protozoa,Rattus rattus,Andatsakala,village,2
3803,Tritrichomonas,1,Protozoa,Mus musculus,Andatsakala,flooded_rice,2
3804,Tritrichomonas,1,Protozoa,Mus musculus,Andatsakala,flooded_rice,2
3805,Eimeria,1,Protozoa,Suncus murinus,Andatsakala,flooded_rice,2
3806,Hypotrichomonas,1,Protozoa,Rattus rattus,Andatsakala,flooded_rice,2
3807,Blastocystis,1,Protozoa,Rattus rattus,Andatsakala,flooded_rice,2
3808,Hypotrichomonas,1,Protozoa,Rattus rattus,Andatsakala,flooded_rice,2
3808,Tritrichomonas,1,Protozoa,Rattus rattus,Andatsakala,flooded_rice,2
3810,Entamoeba,1,Protozoa,Suncus murinus,Andatsakala,flooded_rice,2
3810,Hypotrichomonas,1,Protozoa,Suncus murinus,Andatsakala,flooded_rice,2
3810,Tritrichomonas,1,Protozoa,Suncus murinus,Andatsakala,flooded_rice,2
3811,Hypotrichomonas,1,Protozoa,Rattus rattus,Andatsakala,flooded_rice,2
3811,Tritrichomonas,1,Protozoa,Rattus rattus,Andatsakala,flooded_rice,2
3815,Blastocystis,1,Protozoa,Rattus rattus,Andatsakala,village,2
3815,Tritrichomonas,1,Protozoa,Rattus rattus,Andatsakala,village,2
3816,Entamoeba,1,Protozoa,Rattus rattus,Andatsakala,village,2
3816,Hexamastix,1,Protozoa,Rattus rattus,Andatsakala,village,2
3818,Eimeria,1,Protozoa,Suncus murinus,Andatsakala,flooded_rice,2
3819,Eimeria,1,Protozoa,Suncus murinus,Andatsakala,village,2
3820,Blastocystis,1,Protozoa,Rattus rattus,Andatsakala,village,2
3821,Blastocystis,1,Protozoa,Rattus rattus,Andatsakala,village,2
3821,Hexamastix,1,Protozoa,Rattus rattus,Andatsakala,village,2
3821,Hypotrichomonas,1,Protozoa,Rattus rattus,Andatsakala,village,2
3821,Tritrichomonas,1,Protozoa,Rattus rattus,Andatsakala,village,2
3822,Entamoeba,1,Protozoa,Rattus rattus,Andatsakala,flooded_rice,2
3822,Hypotrichomonas,1,Protozoa,Rattus rattus,Andatsakala,flooded_rice,2
3822,Tritrichomonas,1,Protozoa,Rattus rattus,Andatsakala,flooded_rice,2
3825,Tritrichomonas,1,Protozoa,Rattus rattus,Andatsakala,flooded_rice,2
3827,Eimeria,1,Protozoa,Microgale brevicaudata,Andatsakala,brushy_regrowth,3
3828,Eimeria,1,Protozoa,Microgale brevicaudata,Andatsakala,brushy_regrowth,3
3830,Cryptosporidium,1,Protozoa,Rattus rattus,Andatsakala,brushy_regrowth,3
3830,Entamoeba,1,Protozoa,Rattus rattus,Andatsakala,brushy_regrowth,3
3830,Hypotrichomonas,1,Protozoa,Rattus rattus,Andatsakala,brushy_regrowth,3
3833,Hypotrichomonas,1,Protozoa,Rattus rattus,Andatsakala,brushy_regrowth,3
3834,Tetratrichomonas,1,Protozoa,Rattus rattus,Andatsakala,brushy_regrowth,3
3834,Tritrichomonas,1,Protozoa,Rattus rattus,Andatsakala,brushy_regrowth,3
3836,Eimeria,1,Protozoa,Microgale brevicaudata,Andatsakala,brushy_regrowth,3
3837,Eimeria,1,Protozoa,Suncus etruscus,Andatsakala,brushy_regrowth,3
3838,Hypotrichomonas,1,Protozoa,Rattus rattus,Andatsakala,brushy_regrowth,3
3840,Hexamastix,1,Protozoa,Rattus rattus,Andatsakala,brushy_regrowth,3
3840,Tritrichomonas,1,Protozoa,Rattus rattus,Andatsakala,brushy_regrowth,3
3841,Tritrichomonas,1,Protozoa,Rattus rattus,Andatsakala,brushy_regrowth,3
3842,Eimeria,1,Protozoa,Microgale brevicaudata,Andatsakala,brushy_regrowth,3
3843,Eimeria,1,Protozoa,Microgale longicaudata,Andatsakala,brushy_regrowth,3
3845,Hypotrichomonas,1,Protozoa,Rattus rattus,Andatsakala,brushy_regrowth,3
3849,Eimeria,1,Protozoa,Microgale brevicaudata,Andatsakala,brushy_regrowth,3
3850,Entamoeba,1,Protozoa,Rattus rattus,Andatsakala,brushy_regrowth,3
3850,Tritrichomonas,1,Protozoa,Rattus rattus,Andatsakala,brushy_regrowth,3
3851,Hypotrichomonas,1,Protozoa,Rattus rattus,Andatsakala,brushy_regrowth,3
3851,Tritrichomonas,1,Protozoa,Rattus rattus,Andatsakala,brushy_regrowth,3
3852,Tritrichomonas,1,Protozoa,Rattus rattus,Andatsakala,brushy_regrowth,3
3853,Eimeria,1,Protozoa,Microgale brevicaudata,Andatsakala,agriculture,3
3854,Eimeria,1,Protozoa,Microgale brevicaudata,Andatsakala,agriculture,3
3856,Eimeria,1,Protozoa,Microgale brevicaudata,Andatsakala,agriculture,3
3858,Eimeria,1,Protozoa,Microgale brevicaudata,Andatsakala,agriculture,3
3859,Eimeria,1,Protozoa,Microgale brevicaudata,Andatsakala,agriculture,3
3860,Eimeria,1,Protozoa,Microgale brevicaudata,Andatsakala,agriculture,3
3861,Eimeria,1,Protozoa,Microgale brevicaudata,Andatsakala,agriculture,3
3862,Eimeria,1,Protozoa,Microgale brevicaudata,Andatsakala,agriculture,3
3863,Eimeria,1,Protozoa,Microgale brevicaudata,Andatsakala,agriculture,3
3865,Eimeria,1,Protozoa,Microgale brevicaudata,Andatsakala,agriculture,3
3866,Eimeria,1,Protozoa,Microgale brevicaudata,Andatsakala,agriculture,3
3867,Eimeria,1,Protozoa,Microgale brevicaudata,Andatsakala,agriculture,3
3868,Hypotrichomonas,1,Protozoa,Rattus rattus,Andatsakala,agriculture,3
3870,Eimeria,1,Protozoa,Microgale brevicaudata,Andatsakala,agriculture,3
3871,Eimeria,1,Protozoa,Microgale brevicaudata,Andatsakala,agriculture,3
3874,Blastocystis,1,Protozoa,Rattus rattus,Andatsakala,agriculture,3
3874,Hexamastix,1,Protozoa,Rattus rattus,Andatsakala,agriculture,3
3875,Hexamastix,1,Protozoa,Rattus rattus,Andatsakala,agriculture,3
3877,Hypotrichomonas,1,Protozoa,Rattus rattus,Andatsakala,agriculture,3
3880,Eimeria,1,Protozoa,Microgale brevicaudata,Andatsakala,agriculture,3
3881,Eimeria,1,Protozoa,Microgale brevicaudata,Andatsakala,agriculture,3
3883,Eimeria,1,Protozoa,Microgale brevicaudata,Andatsakala,agriculture,3
3885,Entamoeba,1,Protozoa,Rattus rattus,Andatsakala,agriculture,3
3885,Hypotrichomonas,1,Protozoa,Rattus rattus,Andatsakala,agriculture,3
3886,Eimeria,1,Protozoa,Rattus rattus,Andatsakala,agriculture,3
3890,Tritrichomonas,1,Protozoa,Mus musculus,Andatsakala,agriculture,3
3891,Eimeria,1,Protozoa,Microgale brevicaudata,Andatsakala,secondary_forest,3
3892,Eimeria,1,Protozoa,Microgale brevicaudata,Andatsakala,secondary_forest,3
3895,Hexamastix,1,Protozoa,Rattus rattus,Andatsakala,secondary_forest,3
3898,Tetratrichomonas,1,Protozoa,Rattus rattus,Andatsakala,secondary_forest,3
3901,Eimeria,1,Protozoa,Microgale brevicaudata,Andatsakala,secondary_forest,3
3902,Eimeria,1,Protozoa,Microgale brevicaudata,Andatsakala,secondary_forest,3
3904,Hypotrichomonas,1,Protozoa,Rattus rattus,Andatsakala,secondary_forest,3
3905,Hypotrichomonas,1,Protozoa,Rattus rattus,Andatsakala,secondary_forest,3
3905,Tritrichomonas,1,Protozoa,Rattus rattus,Andatsakala,secondary_forest,3
3906,Tetratrichomonas,1,Protozoa,Rattus rattus,Andatsakala,secondary_forest,3
3908,Hexamastix,1,Protozoa,Rattus rattus,Andatsakala,secondary_forest,3
3910,Tetratrichomonas,1,Protozoa,Rattus rattus,Andatsakala,secondary_forest,3
3911,Entamoeba,1,Protozoa,Rattus rattus,Andatsakala,secondary_forest,3
3913,Tetratrichomonas,1,Protozoa,Rattus rattus,Andatsakala,secondary_forest,3
3915,Eimeria,1,Protozoa,Rattus rattus,Andatsakala,secondary_forest,3
3915,Hypotrichomonas,1,Protozoa,Rattus rattus,Andatsakala,secondary_forest,3
3918,Hexamastix,1,Protozoa,Rattus rattus,Andatsakala,secondary_forest,3
3923,Eimeria,1,Protozoa,Microgale brevicaudata,Andatsakala,secondary_forest,3
3924,Eimeria,1,Protozoa,Nesogale talazaci,Andatsakala,secondary_forest,3
3925,Eimeria,1,Protozoa,Nesogale talazaci,Andatsakala,secondary_forest,3
3926,Eimeria,1,Protozoa,Microgale brevicaudata,Andatsakala,secondary_forest,3
3929,Hexamastix,1,Protozoa,Rattus rattus,Andatsakala,secondary_forest,3
3930,Tritrichomonas,1,Protozoa,Eliurus webbi,Andatsakala,semi-intact_forest,3
3931,Eimeria,1,Protozoa,Nesomys audeberti,Andatsakala,semi-intact_forest,3
3931,Tritrichomonas,1,Protozoa,Nesomys audeberti,Andatsakala,semi-intact_forest,3
3932,Tritrichomonas,1,Protozoa,Eliurus webbi,Andatsakala,semi-intact_forest,3
3933,Tritrichomonas,1,Protozoa,Eliurus webbi,Andatsakala,semi-intact_forest,3
3938,Tritrichomonas,1,Protozoa,Eliurus webbi,Andatsakala,semi-intact_forest,3
3939,Eimeria,1,Protozoa,Microgale brevicaudata,Andatsakala,semi-intact_forest,3
3940,Eimeria,1,Protozoa,Microgale brevicaudata,Andatsakala,semi-intact_forest,3
3941,Hexamastix,1,Protozoa,Eliurus webbi,Andatsakala,semi-intact_forest,3
3941,Tritrichomonas,1,Protozoa,Eliurus webbi,Andatsakala,semi-intact_forest,3
3942,Hexamastix,1,Protozoa,Eliurus webbi,Andatsakala,semi-intact_forest,3
3942,Tritrichomonas,1,Protozoa,Eliurus webbi,Andatsakala,semi-intact_forest,3
3943,Eimeria,1,Protozoa,Mus musculus,Andatsakala,flooded_rice,3
3948,Blastocystis,1,Protozoa,Rattus rattus,Andatsakala,flooded_rice,3
3949,Eimeria,1,Protozoa,Suncus murinus,Andatsakala,flooded_rice,3
3951,Eimeria,1,Protozoa,Suncus murinus,Andatsakala,village,3
3952,Tritrichomonas,1,Protozoa,Rattus rattus,Andatsakala,village,3
3953,Eimeria,1,Protozoa,Suncus etruscus,Andatsakala,flooded_rice,3
3956,Tritrichomonas,1,Protozoa,Mus musculus,Andatsakala,flooded_rice,3
3957,Eimeria,1,Protozoa,Rattus rattus,Andatsakala,flooded_rice,3
3957,Tritrichomonas,1,Protozoa,Rattus rattus,Andatsakala,flooded_rice,3
3958,Eimeria,1,Protozoa,Mus musculus,Andatsakala,village,3
3959,Hexamastix,1,Protozoa,Rattus rattus,Andatsakala,village,3
3960,Entamoeba,1,Protozoa,Rattus rattus,Andatsakala,village,3
3960,Hexamastix,1,Protozoa,Rattus rattus,Andatsakala,village,3
3961,Hypotrichomonas,1,Protozoa,Rattus rattus,Andatsakala,village,3
3963,Eimeria,1,Protozoa,Rattus rattus,Andatsakala,village,3
3965,Eimeria,1,Protozoa,Mus musculus,Andatsakala,flooded_rice,3
3970,Hypotrichomonas,1,Protozoa,Rattus rattus,Andatsakala,village,3
3972,Entamoeba,1,Protozoa,Rattus rattus,Andatsakala,village,3
3973,Hexamastix,1,Protozoa,Rattus rattus,Andatsakala,village,3
3974,Cryptosporidium,1,Protozoa,Rattus rattus,Andatsakala,village,3
3974,Entamoeba,1,Protozoa,Rattus rattus,Andatsakala,village,3
3974,Hexamastix,1,Protozoa,Rattus rattus,Andatsakala,village,3
3975,Entamoeba,1,Protozoa,Rattus rattus,Andatsakala,village,3
3975,Tritrichomonas,1,Protozoa,Rattus rattus,Andatsakala,village,3
3976,Eimeria,1,Protozoa,Suncus murinus,Andatsakala,village,3
3978,Blastocystis,1,Protozoa,Rattus rattus,Andatsakala,flooded_rice,3
3978,Entamoeba,1,Protozoa,Rattus rattus,Andatsakala,flooded_rice,3
3979,Entamoeba,1,Protozoa,Mus musculus,Andatsakala,village,3
3980,Hexamastix,1,Protozoa,Rattus rattus,Andatsakala,village,3
3981,Hexamastix,1,Protozoa,Rattus rattus,Andatsakala,village,3
3983,Eimeria,1,Protozoa,Suncus etruscus,Andatsakala,flooded_rice,3
3985,Eimeria,1,Protozoa,Suncus murinus,Andatsakala,village,3
3986,Hexamastix,1,Protozoa,Rattus rattus,Andatsakala,village,3
3987,Tritrichomonas,1,Protozoa,Rattus rattus,Andatsakala,village,3
3990,Tritrichomonas,1,Protozoa,Rattus rattus,Andatsakala,flooded_rice,3
3991,Eimeria,1,Protozoa,Suncus etruscus,Andatsakala,agroforest,3
3992,Eimeria,1,Protozoa,Microgale brevicaudata,Andatsakala,agroforest,3
3995,Entamoeba,1,Protozoa,Rattus rattus,Andatsakala,agroforest,3
3996,Entamoeba,1,Protozoa,Rattus rattus,Andatsakala,agroforest,3
3996,Tetratrichomonas,1,Protozoa,Rattus rattus,Andatsakala,agroforest,3
3996,Tritrichomonas,1,Protozoa,Rattus rattus,Andatsakala,agroforest,3
3998,Tritrichomonas,1,Protozoa,Rattus rattus,Andatsakala,agroforest,3
4000,Tritrichomonas,1,Protozoa,Mus musculus,Andatsakala,agroforest,3
4002,Blastocystis,1,Protozoa,Rattus rattus,Andatsakala,village,3
4002,Tritrichomonas,1,Protozoa,Rattus rattus,Andatsakala,village,3
4004,Blastocystis,1,Protozoa,Rattus rattus,Andatsakala,village,3
4004,Hypotrichomonas,1,Protozoa,Rattus rattus,Andatsakala,village,3
4004,Tritrichomonas,1,Protozoa,Rattus rattus,Andatsakala,village,3
4006,Tritrichomonas,1,Protozoa,Rattus rattus,Andatsakala,agroforest,3
4008,Eimeria,1,Protozoa,Rattus rattus,Andatsakala,agroforest,3
4011,Eimeria,1,Protozoa,Suncus etruscus,Andatsakala,agroforest,3
4012,Blastocystis,1,Protozoa,Rattus rattus,Andatsakala,village,3
4016,Tritrichomonas,1,Protozoa,Rattus rattus,Andatsakala,village,3
4017,Eimeria,1,Protozoa,Rattus rattus,Andatsakala,village,3
4019,Hexamastix,1,Protozoa,Rattus rattus,Andatsakala,village,3
4021,Tritrichomonas,1,Protozoa,Mus musculus,Andatsakala,agroforest,3
4022,Hypotrichomonas,1,Protozoa,Rattus rattus,Andatsakala,agroforest,3
4023,Hexamastix,1,Protozoa,Rattus rattus,Andatsakala,village,3
4024,Blastocystis,1,Protozoa,Rattus rattus,Andatsakala,village,3
4024,Eimeria,1,Protozoa,Rattus rattus,Andatsakala,village,3
4033,Blastocystis,1,Protozoa,Rattus rattus,Andatsakala,village,3
4035,Eimeria,1,Protozoa,Rattus rattus,Andatsakala,village,3
4035,Hexamastix,1,Protozoa,Rattus rattus,Andatsakala,village,3
4037,Eimeria,1,Protozoa,Rattus rattus,Andatsakala,village,3
4037,Hexamastix,1,Protozoa,Rattus rattus,Andatsakala,village,3
2017,NA,0,Protozoa,Rattus rattus,Mandena,brushy_regrowth,1
2020,NA,0,Protozoa,Rattus rattus,Mandena,brushy_regrowth,1
2043,NA,0,Protozoa,Microgale brevicaudata,Mandena,agriculture,1
2048,NA,0,Protozoa,Suncus etruscus,Mandena,agriculture,1
2055,NA,0,Protozoa,Rattus rattus,Mandena,agriculture,1
2063,NA,0,Protozoa,Rattus rattus,Mandena,agriculture,1
2067,NA,0,Protozoa,Rattus rattus,Mandena,agriculture,1
2068,NA,0,Protozoa,Mus musculus,Mandena,agriculture,1
2072,NA,0,Protozoa,Microgale brevicaudata,Mandena,agriculture,1
2074,NA,0,Protozoa,Mus musculus,Mandena,agriculture,1
2075,NA,0,Protozoa,Mus musculus,Mandena,agriculture,1
2076,NA,0,Protozoa,Mus musculus,Mandena,agriculture,1
2080,NA,0,Protozoa,Microgale longicaudata,Mandena,agriculture,1
2084,NA,0,Protozoa,Mus musculus,Mandena,agriculture,1
2089,NA,0,Protozoa,Mus musculus,Mandena,agriculture,1
2093,NA,0,Protozoa,Rattus rattus,Mandena,agriculture,1
2096,NA,0,Protozoa,Rattus rattus,Mandena,agriculture,1
2099,NA,0,Protozoa,Mus musculus,Mandena,agriculture,1
2103,NA,0,Protozoa,Rattus rattus,Mandena,village,1
2108,NA,0,Protozoa,Microgale brevicaudata,Mandena,secondary_forest,1
2112,NA,0,Protozoa,Rattus rattus,Mandena,secondary_forest,1
2117,NA,0,Protozoa,Microgale brevicaudata,Mandena,secondary_forest,1
2121,NA,0,Protozoa,Setifer setosus,Mandena,secondary_forest,1
2127,NA,0,Protozoa,Rattus rattus,Mandena,secondary_forest,1
2128,NA,0,Protozoa,Rattus rattus,Mandena,secondary_forest,1
2129,NA,0,Protozoa,Rattus rattus,Mandena,secondary_forest,1
2130,NA,0,Protozoa,Rattus rattus,Mandena,secondary_forest,1
2138,NA,0,Protozoa,Rattus rattus,Mandena,semi-intact_forest,1
2140,NA,0,Protozoa,Rattus rattus,Mandena,semi-intact_forest,1
2149,NA,0,Protozoa,Suncus murinus,Mandena,flooded_rice,1
2154,NA,0,Protozoa,Rattus rattus,Mandena,flooded_rice,1
2157,NA,0,Protozoa,Microgale brevicaudata,Mandena,flooded_rice,1
2158,NA,0,Protozoa,Suncus etruscus,Mandena,flooded_rice,1
2159,NA,0,Protozoa,Mus musculus,Mandena,flooded_rice,1
2163,NA,0,Protozoa,Microgale brevicaudata,Mandena,flooded_rice,1
2170,NA,0,Protozoa,Microgale brevicaudata,Mandena,flooded_rice,1
2174,NA,0,Protozoa,Mus musculus,Mandena,flooded_rice,1
2175,NA,0,Protozoa,Rattus rattus,Mandena,flooded_rice,1
2176,NA,0,Protozoa,Rattus rattus,Mandena,flooded_rice,1
2180,NA,0,Protozoa,Mus musculus,Mandena,flooded_rice,1
2186,NA,0,Protozoa,Rattus rattus,Mandena,flooded_rice,1
2190,NA,0,Protozoa,Suncus murinus,Mandena,agroforest,1
2197,NA,0,Protozoa,Microgale brevicaudata,Mandena,agroforest,1
2198,NA,0,Protozoa,Mus musculus,Mandena,village,1
2206,NA,0,Protozoa,Rattus rattus,Mandena,village,1
2209,NA,0,Protozoa,Mus musculus,Mandena,agroforest,1
2210,NA,0,Protozoa,Mus musculus,Mandena,agroforest,1
2212,NA,0,Protozoa,Setifer setosus,Mandena,agroforest,1
2220,NA,0,Protozoa,Rattus rattus,Mandena,village,1
2222,NA,0,Protozoa,Rattus rattus,Mandena,village,1
2223,NA,0,Protozoa,Rattus rattus,Mandena,village,1
2225,NA,0,Protozoa,Setifer setosus,Mandena,agroforest,1
2230,NA,0,Protozoa,Mus musculus,Mandena,agroforest,1
2237,NA,0,Protozoa,Mus musculus,Mandena,agroforest,1
2258,NA,0,Protozoa,Suncus murinus,Mandena,brushy_regrowth,2
2259,NA,0,Protozoa,Mus musculus,Mandena,brushy_regrowth,2
2264,NA,0,Protozoa,Microgale brevicaudata,Mandena,brushy_regrowth,2
2268,NA,0,Protozoa,Suncus etruscus,Mandena,brushy_regrowth,2
2270,NA,0,Protozoa,Rattus rattus,Mandena,brushy_regrowth,2
2276,NA,0,Protozoa,Microgale brevicaudata,Mandena,brushy_regrowth,2
2293,NA,0,Protozoa,Microgale brevicaudata,Mandena,agriculture,2
2298,NA,0,Protozoa,Mus musculus,Mandena,agriculture,2
2300,NA,0,Protozoa,Mus musculus,Mandena,agriculture,2
2301,NA,0,Protozoa,Mus musculus,Mandena,agriculture,2
2302,NA,0,Protozoa,Rattus rattus,Mandena,agriculture,2
2312,NA,0,Protozoa,Rattus rattus,Mandena,agriculture,2
2317,NA,0,Protozoa,Tenrec ecaudatus,Mandena,agriculture,2
2321,NA,0,Protozoa,Mus musculus,Mandena,agriculture,2
2323,NA,0,Protozoa,Mus musculus,Mandena,agriculture,2
2332,NA,0,Protozoa,Tenrec ecaudatus,Mandena,agriculture,2
2333,NA,0,Protozoa,Microgale brevicaudata,Mandena,agriculture,2
2335,NA,0,Protozoa,Mus musculus,Mandena,agriculture,2
2336,NA,0,Protozoa,Suncus murinus,Mandena,agriculture,2
2340,NA,0,Protozoa,Suncus murinus,Mandena,agriculture,2
2353,NA,0,Protozoa,Rattus rattus,Mandena,secondary_forest,2
2354,NA,0,Protozoa,Rattus rattus,Mandena,secondary_forest,2
2357,NA,0,Protozoa,Rattus rattus,Mandena,secondary_forest,2
2360,NA,0,Protozoa,Setifer setosus,Mandena,secondary_forest,2
2364,NA,0,Protozoa,Setifer setosus,Mandena,secondary_forest,2
2365,NA,0,Protozoa,Setifer setosus,Mandena,secondary_forest,2
2367,NA,0,Protozoa,Rattus rattus,Mandena,secondary_forest,2
2373,NA,0,Protozoa,Microgale brevicaudata,Mandena,semi-intact_forest,2
2374,NA,0,Protozoa,Microgale brevicaudata,Mandena,semi-intact_forest,2
2377,NA,0,Protozoa,Rattus rattus,Mandena,semi-intact_forest,2
2378,NA,0,Protozoa,Microgale brevicaudata,Mandena,semi-intact_forest,2
2381,NA,0,Protozoa,Rattus rattus,Mandena,semi-intact_forest,2
2395,NA,0,Protozoa,Mus musculus,Mandena,flooded_rice,2
2398,NA,0,Protozoa,Rattus rattus,Mandena,flooded_rice,2
2399,NA,0,Protozoa,Rattus rattus,Mandena,flooded_rice,2
2404,NA,0,Protozoa,Suncus murinus,Mandena,flooded_rice,2
2405,NA,0,Protozoa,Microgale brevicaudata,Mandena,flooded_rice,2
2410,NA,0,Protozoa,Rattus rattus,Mandena,flooded_rice,2
2412,NA,0,Protozoa,Microgale brevicaudata,Mandena,flooded_rice,2
2413,NA,0,Protozoa,Mus musculus,Mandena,flooded_rice,2
2414,NA,0,Protozoa,Mus musculus,Mandena,flooded_rice,2
2415,NA,0,Protozoa,Mus musculus,Mandena,flooded_rice,2
2416,NA,0,Protozoa,Rattus rattus,Mandena,flooded_rice,2
2418,NA,0,Protozoa,Rattus rattus,Mandena,flooded_rice,2
2419,NA,0,Protozoa,Rattus rattus,Mandena,flooded_rice,2
2425,NA,0,Protozoa,Mus musculus,Mandena,flooded_rice,2
2426,NA,0,Protozoa,Mus musculus,Mandena,flooded_rice,2
2427,NA,0,Protozoa,Rattus rattus,Mandena,flooded_rice,2
2431,NA,0,Protozoa,Suncus murinus,Mandena,flooded_rice,2
2434,NA,0,Protozoa,Rattus rattus,Mandena,flooded_rice,2
2437,NA,0,Protozoa,Rattus rattus,Mandena,flooded_rice,2
2446,NA,0,Protozoa,Suncus murinus,Mandena,agroforest,2
2447,NA,0,Protozoa,Suncus murinus,Mandena,agroforest,2
2450,NA,0,Protozoa,Suncus murinus,Mandena,village,2
2453,NA,0,Protozoa,Rattus rattus,Mandena,village,2
2456,NA,0,Protozoa,Rattus rattus,Mandena,village,2
2457,NA,0,Protozoa,Rattus rattus,Mandena,village,2
2458,NA,0,Protozoa,Rattus rattus,Mandena,village,2
2459,NA,0,Protozoa,Rattus rattus,Mandena,village,2
2465,NA,0,Protozoa,Suncus etruscus,Mandena,agroforest,2
2471,NA,0,Protozoa,Rattus rattus,Mandena,village,2
2474,NA,0,Protozoa,Rattus rattus,Mandena,agroforest,2
2482,NA,0,Protozoa,Suncus murinus,Mandena,agroforest,2
2483,NA,0,Protozoa,Suncus murinus,Mandena,agroforest,2
2488,NA,0,Protozoa,Suncus murinus,Mandena,village,2
2489,NA,0,Protozoa,Suncus murinus,Mandena,village,2
2490,NA,0,Protozoa,Rattus rattus,Mandena,village,2
2495,NA,0,Protozoa,Rattus rattus,Mandena,agroforest,2
2497,NA,0,Protozoa,Microgale brevicaudata,Mandena,brushy_regrowth,3
2498,NA,0,Protozoa,Microgale brevicaudata,Mandena,brushy_regrowth,3
2505,NA,0,Protozoa,Rattus rattus,Mandena,brushy_regrowth,3
2507,NA,0,Protozoa,Rattus rattus,Mandena,brushy_regrowth,3
2512,NA,0,Protozoa,Rattus rattus,Mandena,brushy_regrowth,3
2518,NA,0,Protozoa,Rattus rattus,Mandena,brushy_regrowth,3
2519,NA,0,Protozoa,Mus musculus,Mandena,brushy_regrowth,3
2520,NA,0,Protozoa,Mus musculus,Mandena,brushy_regrowth,3
2522,NA,0,Protozoa,Rattus rattus,Mandena,brushy_regrowth,3
2529,NA,0,Protozoa,Microgale brevicaudata,Mandena,brushy_regrowth,3
2531,NA,0,Protozoa,Mus musculus,Mandena,brushy_regrowth,3
2534,NA,0,Protozoa,Mus musculus,Mandena,brushy_regrowth,3
2541,NA,0,Protozoa,Rattus rattus,Mandena,brushy_regrowth,3
2544,NA,0,Protozoa,Microgale brevicaudata,Mandena,agriculture,3
2545,NA,0,Protozoa,Mus musculus,Mandena,agriculture,3
2546,NA,0,Protozoa,Mus musculus,Mandena,agriculture,3
2547,NA,0,Protozoa,Mus musculus,Mandena,agriculture,3
2556,NA,0,Protozoa,Rattus rattus,Mandena,agriculture,3
2560,NA,0,Protozoa,Suncus murinus,Mandena,agriculture,3
2561,NA,0,Protozoa,Mus musculus,Mandena,agriculture,3
2569,NA,0,Protozoa,Rattus rattus,Mandena,agriculture,3
2576,NA,0,Protozoa,Mus musculus,Mandena,agriculture,3
2577,NA,0,Protozoa,Rattus rattus,Mandena,agriculture,3
2578,NA,0,Protozoa,Microgale brevicaudata,Mandena,agriculture,3
2579,NA,0,Protozoa,Microgale brevicaudata,Mandena,agriculture,3
2580,NA,0,Protozoa,Mus musculus,Mandena,agriculture,3
2588,NA,0,Protozoa,Rattus rattus,Mandena,agriculture,3
2590,NA,0,Protozoa,Microgale brevicaudata,Mandena,agriculture,3
2596,NA,0,Protozoa,Rattus rattus,Mandena,flooded_rice,3
2602,NA,0,Protozoa,Rattus rattus,Mandena,flooded_rice,3
2629,NA,0,Protozoa,Mus musculus,Mandena,flooded_rice,3
2635,NA,0,Protozoa,Microgale brevicaudata,Mandena,flooded_rice,3
2636,NA,0,Protozoa,Setifer setosus,Mandena,flooded_rice,3
2639,NA,0,Protozoa,Mus musculus,Mandena,flooded_rice,3
2642,NA,0,Protozoa,Rattus rattus,Mandena,flooded_rice,3
2648,NA,0,Protozoa,Mus musculus,Mandena,flooded_rice,3
2650,NA,0,Protozoa,Rattus rattus,Mandena,secondary_forest,3
2659,NA,0,Protozoa,Rattus rattus,Mandena,secondary_forest,3
2662,NA,0,Protozoa,Rattus rattus,Mandena,secondary_forest,3
2666,NA,0,Protozoa,Rattus rattus,Mandena,secondary_forest,3
2667,NA,0,Protozoa,Rattus rattus,Mandena,secondary_forest,3
2668,NA,0,Protozoa,Rattus rattus,Mandena,secondary_forest,3
2669,NA,0,Protozoa,Suncus etruscus,Mandena,secondary_forest,3
2670,NA,0,Protozoa,Rattus rattus,Mandena,secondary_forest,3
2671,NA,0,Protozoa,Rattus rattus,Mandena,secondary_forest,3
2673,NA,0,Protozoa,Rattus rattus,Mandena,secondary_forest,3
2676,NA,0,Protozoa,Rattus rattus,Mandena,secondary_forest,3
2681,NA,0,Protozoa,Microgale brevicaudata,Mandena,semi-intact_forest,3
2683,NA,0,Protozoa,Rattus rattus,Mandena,semi-intact_forest,3
2684,NA,0,Protozoa,Rattus rattus,Mandena,semi-intact_forest,3
2685,NA,0,Protozoa,Rattus rattus,Mandena,semi-intact_forest,3
2691,NA,0,Protozoa,Rattus rattus,Mandena,semi-intact_forest,3
2694,NA,0,Protozoa,Rattus rattus,Mandena,agroforest,3
2695,NA,0,Protozoa,Rattus rattus,Mandena,agroforest,3
2697,NA,0,Protozoa,Mus musculus,Mandena,agroforest,3
2713,NA,0,Protozoa,Setifer setosus,Mandena,agroforest,3
2715,NA,0,Protozoa,Suncus murinus,Mandena,agroforest,3
2724,NA,0,Protozoa,Rattus rattus,Mandena,agroforest,3
2727,NA,0,Protozoa,Microgale brevicaudata,Mandena,agroforest,3
2729,NA,0,Protozoa,Microgale brevicaudata,Mandena,agroforest,3
2730,NA,0,Protozoa,Suncus murinus,Mandena,agroforest,3
2731,NA,0,Protozoa,Suncus murinus,Mandena,agroforest,3
2732,NA,0,Protozoa,Mus musculus,Mandena,agroforest,3
2733,NA,0,Protozoa,Rattus rattus,Mandena,agroforest,3
2734,NA,0,Protozoa,Suncus murinus,Mandena,agroforest,3
2735,NA,0,Protozoa,Mus musculus,Mandena,agroforest,3
2746,NA,0,Protozoa,Rattus rattus,Mandena,agroforest,3
2750,NA,0,Protozoa,Suncus etruscus,Mandena,agroforest,3
2760,NA,0,Protozoa,Microgale cf. prolixacaudata,Mandena,agroforest,3
2763,NA,0,Protozoa,Suncus murinus,Mandena,village,3
2772,NA,0,Protozoa,Rattus rattus,Sarahandrano,brushy_regrowth,1
2775,NA,0,Protozoa,Mus musculus,Sarahandrano,brushy_regrowth,1
2776,NA,0,Protozoa,Mus musculus,Sarahandrano,brushy_regrowth,1
2780,NA,0,Protozoa,Rattus rattus,Sarahandrano,brushy_regrowth,1
2783,NA,0,Protozoa,Mus musculus,Sarahandrano,brushy_regrowth,1
2785,NA,0,Protozoa,Mus musculus,Sarahandrano,brushy_regrowth,1
2797,NA,0,Protozoa,Mus musculus,Sarahandrano,brushy_regrowth,1
2802,NA,0,Protozoa,Rattus rattus,Sarahandrano,brushy_regrowth,1
2803,NA,0,Protozoa,Mus musculus,Sarahandrano,brushy_regrowth,1
2804,NA,0,Protozoa,Mus musculus,Sarahandrano,brushy_regrowth,1
2805,NA,0,Protozoa,Mus musculus,Sarahandrano,brushy_regrowth,1
2806,NA,0,Protozoa,Mus musculus,Sarahandrano,brushy_regrowth,1
2808,NA,0,Protozoa,Mus musculus,Sarahandrano,brushy_regrowth,1
2809,NA,0,Protozoa,Rattus rattus,Sarahandrano,brushy_regrowth,1
2812,NA,0,Protozoa,Rattus rattus,Sarahandrano,brushy_regrowth,1
2815,NA,0,Protozoa,Mus musculus,Sarahandrano,agriculture,1
2816,NA,0,Protozoa,Mus musculus,Sarahandrano,agriculture,1
2818,NA,0,Protozoa,Mus musculus,Sarahandrano,agriculture,1
2819,NA,0,Protozoa,Rattus rattus,Sarahandrano,agriculture,1
2820,NA,0,Protozoa,Rattus rattus,Sarahandrano,agriculture,1
2823,NA,0,Protozoa,Mus musculus,Sarahandrano,agriculture,1
2826,NA,0,Protozoa,Rattus rattus,Sarahandrano,agriculture,1
2834,NA,0,Protozoa,Mus musculus,Sarahandrano,agriculture,1
2836,NA,0,Protozoa,Rattus rattus,Sarahandrano,agriculture,1
2842,NA,0,Protozoa,Mus musculus,Sarahandrano,agriculture,1
2846,NA,0,Protozoa,Rattus rattus,Sarahandrano,agriculture,1
2849,NA,0,Protozoa,Tenrec ecaudatus,Sarahandrano,agriculture,1
2852,NA,0,Protozoa,Rattus rattus,Sarahandrano,agriculture,1
2855,NA,0,Protozoa,Rattus rattus,Sarahandrano,agriculture,1
2856,NA,0,Protozoa,Rattus rattus,Sarahandrano,agriculture,1
2857,NA,0,Protozoa,Rattus rattus,Sarahandrano,agriculture,1
2858,NA,0,Protozoa,Mus musculus,Sarahandrano,agriculture,1
2859,NA,0,Protozoa,Suncus murinus,Sarahandrano,agriculture,1
2861,NA,0,Protozoa,Suncus murinus,Sarahandrano,agriculture,1
2862,NA,0,Protozoa,Rattus rattus,Sarahandrano,agriculture,1
2867,NA,0,Protozoa,Suncus murinus,Sarahandrano,agriculture,1
2869,NA,0,Protozoa,Rattus rattus,Sarahandrano,agriculture,1
2873,NA,0,Protozoa,Microgale brevicaudata,Sarahandrano,secondary_forest,1
2876,NA,0,Protozoa,Rattus rattus,Sarahandrano,secondary_forest,1
2881,NA,0,Protozoa,Rattus rattus,Sarahandrano,secondary_forest,1
2882,NA,0,Protozoa,Microgale brevicaudata,Sarahandrano,secondary_forest,1
2884,NA,0,Protozoa,Microgale brevicaudata,Sarahandrano,secondary_forest,1
2886,NA,0,Protozoa,Eliurus cf. tanala,Sarahandrano,secondary_forest,1
2887,NA,0,Protozoa,Rattus rattus,Sarahandrano,secondary_forest,1
2889,NA,0,Protozoa,Setifer setosus,Sarahandrano,secondary_forest,1
2892,NA,0,Protozoa,Rattus rattus,Sarahandrano,secondary_forest,1
2895,NA,0,Protozoa,Rattus rattus,Sarahandrano,secondary_forest,1
2900,NA,0,Protozoa,Rattus rattus,Sarahandrano,secondary_forest,1
2901,NA,0,Protozoa,Rattus rattus,Sarahandrano,secondary_forest,1
2902,NA,0,Protozoa,Microgale brevicaudata,Sarahandrano,secondary_forest,1
2908,NA,0,Protozoa,Eliurus cf. webbi,Sarahandrano,secondary_forest,1
2911,NA,0,Protozoa,Setifer setosus,Sarahandrano,semi-intact_forest,1
2913,NA,0,Protozoa,Microgale cf. talazaci,Sarahandrano,semi-intact_forest,1
2914,NA,0,Protozoa,Eliurus cf. webbi,Sarahandrano,semi-intact_forest,1
2918,NA,0,Protozoa,Suncus murinus,Sarahandrano,agroforest,1
2920,NA,0,Protozoa,Microgale cf. prolixacaudata,Sarahandrano,agroforest,1
2924,NA,0,Protozoa,Rattus rattus,Sarahandrano,agroforest,1
2931,NA,0,Protozoa,Suncus murinus,Sarahandrano,agroforest,1
2945,NA,0,Protozoa,Rattus rattus,Sarahandrano,agroforest,1
2948,NA,0,Protozoa,Rattus rattus,Sarahandrano,agroforest,1
2949,NA,0,Protozoa,Suncus murinus,Sarahandrano,agroforest,1
2950,NA,0,Protozoa,Rattus rattus,Sarahandrano,agroforest,1
2951,NA,0,Protozoa,Suncus murinus,Sarahandrano,flooded_rice,1
2952,NA,0,Protozoa,Suncus murinus,Sarahandrano,flooded_rice,1
2953,NA,0,Protozoa,Suncus murinus,Sarahandrano,flooded_rice,1
2956,NA,0,Protozoa,Mus musculus,Sarahandrano,flooded_rice,1
2961,NA,0,Protozoa,Suncus murinus,Sarahandrano,flooded_rice,1
2962,NA,0,Protozoa,Suncus murinus,Sarahandrano,flooded_rice,1
2964,NA,0,Protozoa,Mus musculus,Sarahandrano,flooded_rice,1
2966,NA,0,Protozoa,Mus musculus,Sarahandrano,flooded_rice,1
2967,NA,0,Protozoa,Mus musculus,Sarahandrano,village,1
2968,NA,0,Protozoa,Mus musculus,Sarahandrano,village,1
2969,NA,0,Protozoa,Mus musculus,Sarahandrano,flooded_rice,1
2971,NA,0,Protozoa,Suncus murinus,Sarahandrano,flooded_rice,1
2972,NA,0,Protozoa,Suncus murinus,Sarahandrano,flooded_rice,1
2973,NA,0,Protozoa,Mus musculus,Sarahandrano,flooded_rice,1
2977,NA,0,Protozoa,Rattus rattus,Sarahandrano,village,1
2981,NA,0,Protozoa,Rattus rattus,Sarahandrano,village,1
2982,NA,0,Protozoa,Rattus rattus,Sarahandrano,village,1
2983,NA,0,Protozoa,Mus musculus,Sarahandrano,flooded_rice,1
2985,NA,0,Protozoa,Microgale prolixacaudata,Sarahandrano,brushy_regrowth,2
2986,NA,0,Protozoa,Microgale prolixacaudata,Sarahandrano,brushy_regrowth,2
2987,NA,0,Protozoa,Microgale prolixacaudata,Sarahandrano,brushy_regrowth,2
2990,NA,0,Protozoa,Rattus rattus,Sarahandrano,brushy_regrowth,2
2992,NA,0,Protozoa,Setifer setosus,Sarahandrano,brushy_regrowth,2
2994,NA,0,Protozoa,Microgale prolixacaudata,Sarahandrano,brushy_regrowth,2
2995,NA,0,Protozoa,Mus musculus,Sarahandrano,brushy_regrowth,2
2997,NA,0,Protozoa,Mus musculus,Sarahandrano,brushy_regrowth,2
2998,NA,0,Protozoa,Mus musculus,Sarahandrano,brushy_regrowth,2
3003,NA,0,Protozoa,Mus musculus,Sarahandrano,brushy_regrowth,2
3006,NA,0,Protozoa,Suncus murinus,Sarahandrano,brushy_regrowth,2
3007,NA,0,Protozoa,Mus musculus,Sarahandrano,brushy_regrowth,2
3009,NA,0,Protozoa,Mus musculus,Sarahandrano,brushy_regrowth,2
3010,NA,0,Protozoa,Suncus murinus,Sarahandrano,brushy_regrowth,2
3012,NA,0,Protozoa,Microgale prolixacaudata,Sarahandrano,brushy_regrowth,2
3013,NA,0,Protozoa,Microgale prolixacaudata,Sarahandrano,brushy_regrowth,2
3015,NA,0,Protozoa,Mus musculus,Sarahandrano,brushy_regrowth,2
3017,NA,0,Protozoa,Suncus etruscus,Sarahandrano,agroforest,2
3019,NA,0,Protozoa,Suncus murinus,Sarahandrano,agroforest,2
3022,NA,0,Protozoa,Rattus rattus,Sarahandrano,agroforest,2
3025,NA,0,Protozoa,Suncus murinus,Sarahandrano,agroforest,2
3026,NA,0,Protozoa,Suncus murinus,Sarahandrano,agroforest,2
3027,NA,0,Protozoa,Suncus murinus,Sarahandrano,agroforest,2
3028,NA,0,Protozoa,Mus musculus,Sarahandrano,agroforest,2
3033,NA,0,Protozoa,Suncus murinus,Sarahandrano,agroforest,2
3034,NA,0,Protozoa,Suncus murinus,Sarahandrano,agroforest,2
3036,NA,0,Protozoa,Rattus rattus,Sarahandrano,agroforest,2
3037,NA,0,Protozoa,Rattus rattus,Sarahandrano,agroforest,2
3045,NA,0,Protozoa,Rattus rattus,Sarahandrano,secondary_forest,2
3046,NA,0,Protozoa,Microgale brevicaudata,Sarahandrano,secondary_forest,2
3047,NA,0,Protozoa,Microgale brevicaudata,Sarahandrano,secondary_forest,2
3048,NA,0,Protozoa,Microgale brevicaudata,Sarahandrano,secondary_forest,2
3051,NA,0,Protozoa,Rattus rattus,Sarahandrano,secondary_forest,2
3052,NA,0,Protozoa,Rattus rattus,Sarahandrano,secondary_forest,2
3053,NA,0,Protozoa,Nesogale talazaci,Sarahandrano,secondary_forest,2
3057,NA,0,Protozoa,Suncus murinus,Sarahandrano,secondary_forest,2
3058,NA,0,Protozoa,Rattus rattus,Sarahandrano,secondary_forest,2
3059,NA,0,Protozoa,Setifer setosus,Sarahandrano,secondary_forest,2
3061,NA,0,Protozoa,Microgale brevicaudata,Sarahandrano,secondary_forest,2
3062,NA,0,Protozoa,Setifer setosus,Sarahandrano,secondary_forest,2
3078,NA,0,Protozoa,Mus musculus,Sarahandrano,flooded_rice,2
3079,NA,0,Protozoa,Suncus murinus,Sarahandrano,flooded_rice,2
3080,NA,0,Protozoa,Suncus murinus,Sarahandrano,flooded_rice,2
3082,NA,0,Protozoa,Mus musculus,Sarahandrano,village,2
3083,NA,0,Protozoa,Mus musculus,Sarahandrano,village,2
3084,NA,0,Protozoa,Mus musculus,Sarahandrano,village,2
3088,NA,0,Protozoa,Mus musculus,Sarahandrano,flooded_rice,2
3090,NA,0,Protozoa,Mus musculus,Sarahandrano,flooded_rice,2
3091,NA,0,Protozoa,Mus musculus,Sarahandrano,flooded_rice,2
3092,NA,0,Protozoa,Mus musculus,Sarahandrano,flooded_rice,2
3093,NA,0,Protozoa,Mus musculus,Sarahandrano,flooded_rice,2
3094,NA,0,Protozoa,Rattus rattus,Sarahandrano,flooded_rice,2
3095,NA,0,Protozoa,Mus musculus,Sarahandrano,flooded_rice,2
3097,NA,0,Protozoa,Mus musculus,Sarahandrano,flooded_rice,2
3098,NA,0,Protozoa,Suncus murinus,Sarahandrano,flooded_rice,2
3103,NA,0,Protozoa,Mus musculus,Sarahandrano,village,2
3105,NA,0,Protozoa,Rattus rattus,Sarahandrano,village,2
3106,NA,0,Protozoa,Mus musculus,Sarahandrano,flooded_rice,2
3108,NA,0,Protozoa,Suncus murinus,Sarahandrano,flooded_rice,2
3110,NA,0,Protozoa,Suncus murinus,Sarahandrano,flooded_rice,2
3111,NA,0,Protozoa,Suncus murinus,Sarahandrano,flooded_rice,2
3113,NA,0,Protozoa,Mus musculus,Sarahandrano,village,2
3115,NA,0,Protozoa,Rattus rattus,Sarahandrano,village,2
3118,NA,0,Protozoa,Rattus rattus,Sarahandrano,flooded_rice,2
3119,NA,0,Protozoa,Rattus rattus,Sarahandrano,village,2
3122,NA,0,Protozoa,Suncus murinus,Sarahandrano,agriculture,2
3123,NA,0,Protozoa,Microgale prolixacaudata,Sarahandrano,agriculture,2
3124,NA,0,Protozoa,Suncus murinus,Sarahandrano,agriculture,2
3125,NA,0,Protozoa,Suncus murinus,Sarahandrano,agriculture,2
3126,NA,0,Protozoa,Mus musculus,Sarahandrano,agriculture,2
3127,NA,0,Protozoa,Rattus rattus,Sarahandrano,agriculture,2
3128,NA,0,Protozoa,Rattus rattus,Sarahandrano,agriculture,2
3129,NA,0,Protozoa,Rattus rattus,Sarahandrano,agriculture,2
3131,NA,0,Protozoa,Suncus murinus,Sarahandrano,agriculture,2
3132,NA,0,Protozoa,Microgale prolixacaudata,Sarahandrano,agriculture,2
3135,NA,0,Protozoa,Mus musculus,Sarahandrano,agriculture,2
3138,NA,0,Protozoa,Rattus rattus,Sarahandrano,agriculture,2
3140,NA,0,Protozoa,Rattus rattus,Sarahandrano,agriculture,2
3141,NA,0,Protozoa,Suncus murinus,Sarahandrano,agriculture,2
3142,NA,0,Protozoa,Mus musculus,Sarahandrano,agriculture,2
3152,NA,0,Protozoa,Suncus murinus,Sarahandrano,agriculture,2
3162,NA,0,Protozoa,Mus musculus,Sarahandrano,brushy_regrowth,3
3164,NA,0,Protozoa,Mus musculus,Sarahandrano,brushy_regrowth,3
3171,NA,0,Protozoa,Mus musculus,Sarahandrano,brushy_regrowth,3
3174,NA,0,Protozoa,Rattus rattus,Sarahandrano,brushy_regrowth,3
3179,NA,0,Protozoa,Rattus rattus,Sarahandrano,brushy_regrowth,3
3180,NA,0,Protozoa,Rattus rattus,Sarahandrano,brushy_regrowth,3
3184,NA,0,Protozoa,Rattus rattus,Sarahandrano,brushy_regrowth,3
3185,NA,0,Protozoa,Rattus rattus,Sarahandrano,brushy_regrowth,3
3188,NA,0,Protozoa,Mus musculus,Sarahandrano,brushy_regrowth,3
3190,NA,0,Protozoa,Mus musculus,Sarahandrano,brushy_regrowth,3
3191,NA,0,Protozoa,Mus musculus,Sarahandrano,brushy_regrowth,3
3195,NA,0,Protozoa,Mus musculus,Sarahandrano,brushy_regrowth,3
3199,NA,0,Protozoa,Mus musculus,Sarahandrano,brushy_regrowth,3
3200,NA,0,Protozoa,Microgale prolixacaudata,Sarahandrano,brushy_regrowth,3
3209,NA,0,Protozoa,Mus musculus,Sarahandrano,brushy_regrowth,3
3210,NA,0,Protozoa,Mus musculus,Sarahandrano,brushy_regrowth,3
3217,NA,0,Protozoa,Rattus rattus,Sarahandrano,brushy_regrowth,3
3220,NA,0,Protozoa,Rattus rattus,Sarahandrano,brushy_regrowth,3
3229,NA,0,Protozoa,Mus musculus,Sarahandrano,brushy_regrowth,3
3235,NA,0,Protozoa,Mus musculus,Sarahandrano,brushy_regrowth,3
3241,NA,0,Protozoa,Mus musculus,Sarahandrano,agriculture,3
3243,NA,0,Protozoa,Rattus rattus,Sarahandrano,agriculture,3
3254,NA,0,Protozoa,Suncus murinus,Sarahandrano,agriculture,3
3257,NA,0,Protozoa,Mus musculus,Sarahandrano,agriculture,3
3258,NA,0,Protozoa,Mus musculus,Sarahandrano,agriculture,3
3264,NA,0,Protozoa,Mus musculus,Sarahandrano,agriculture,3
3265,NA,0,Protozoa,Mus musculus,Sarahandrano,agriculture,3
3267,NA,0,Protozoa,Suncus murinus,Sarahandrano,agriculture,3
3275,NA,0,Protozoa,Mus musculus,Sarahandrano,agriculture,3
3276,NA,0,Protozoa,Mus musculus,Sarahandrano,agriculture,3
3278,NA,0,Protozoa,Suncus murinus,Sarahandrano,agriculture,3
3282,NA,0,Protozoa,Rattus rattus,Sarahandrano,agriculture,3
3286,NA,0,Protozoa,Rattus rattus,Sarahandrano,agriculture,3
3291,NA,0,Protozoa,Mus musculus,Sarahandrano,agriculture,3
3292,NA,0,Protozoa,Mus musculus,Sarahandrano,agriculture,3
3293,NA,0,Protozoa,Mus musculus,Sarahandrano,agriculture,3
3294,NA,0,Protozoa,Mus musculus,Sarahandrano,agriculture,3
3299,NA,0,Protozoa,Rattus rattus,Sarahandrano,agriculture,3
3303,NA,0,Protozoa,Suncus murinus,Sarahandrano,agriculture,3
3304,NA,0,Protozoa,Suncus murinus,Sarahandrano,agriculture,3
3307,NA,0,Protozoa,Mus musculus,Sarahandrano,agriculture,3
3308,NA,0,Protozoa,Mus musculus,Sarahandrano,agriculture,3
3309,NA,0,Protozoa,Mus musculus,Sarahandrano,agriculture,3
3316,NA,0,Protozoa,Nesogale talazaci,Sarahandrano,secondary_forest,3
3319,NA,0,Protozoa,Rattus rattus,Sarahandrano,secondary_forest,3
3330,NA,0,Protozoa,Rattus rattus,Sarahandrano,secondary_forest,3
3347,NA,0,Protozoa,Rattus rattus,Sarahandrano,secondary_forest,3
3351,NA,0,Protozoa,Rattus rattus,Sarahandrano,secondary_forest,3
3352,NA,0,Protozoa,Suncus murinus,Sarahandrano,secondary_forest,3
3357,NA,0,Protozoa,Rattus rattus,Sarahandrano,secondary_forest,3
3358,NA,0,Protozoa,Rattus rattus,Sarahandrano,secondary_forest,3
3360,NA,0,Protozoa,Rattus rattus,Sarahandrano,secondary_forest,3
3363,NA,0,Protozoa,Nesogale talazaci,Sarahandrano,semi-intact_forest,3
3367,NA,0,Protozoa,Nesogale talazaci,Sarahandrano,semi-intact_forest,3
3370,NA,0,Protozoa,Mus musculus,Sarahandrano,agroforest,3
3371,NA,0,Protozoa,Mus musculus,Sarahandrano,agroforest,3
3378,NA,0,Protozoa,Rattus rattus,Sarahandrano,agroforest,3
3381,NA,0,Protozoa,Rattus rattus,Sarahandrano,agroforest,3
3382,NA,0,Protozoa,Rattus rattus,Sarahandrano,agroforest,3
3386,NA,0,Protozoa,Rattus rattus,Sarahandrano,agroforest,3
3388,NA,0,Protozoa,Mus musculus,Sarahandrano,agroforest,3
3389,NA,0,Protozoa,Mus musculus,Sarahandrano,agroforest,3
3401,NA,0,Protozoa,Mus musculus,Sarahandrano,agroforest,3
3402,NA,0,Protozoa,Mus musculus,Sarahandrano,agroforest,3
3404,NA,0,Protozoa,Mus musculus,Sarahandrano,agroforest,3
3405,NA,0,Protozoa,Rattus rattus,Sarahandrano,agroforest,3
3408,NA,0,Protozoa,Rattus rattus,Sarahandrano,agroforest,3
3411,NA,0,Protozoa,Mus musculus,Sarahandrano,agroforest,3
3412,NA,0,Protozoa,Mus musculus,Sarahandrano,agroforest,3
3413,NA,0,Protozoa,Mus musculus,Sarahandrano,agroforest,3
3422,NA,0,Protozoa,Microgale brevicaudata,Sarahandrano,agroforest,3
3423,NA,0,Protozoa,Mus musculus,Sarahandrano,agroforest,3
3425,NA,0,Protozoa,Rattus rattus,Sarahandrano,agroforest,3
3433,NA,0,Protozoa,Rattus rattus,Sarahandrano,agroforest,3
3437,NA,0,Protozoa,Suncus murinus,Sarahandrano,flooded_rice,3
3439,NA,0,Protozoa,Rattus rattus,Sarahandrano,village,3
3440,NA,0,Protozoa,Mus musculus,Sarahandrano,village,3
3444,NA,0,Protozoa,Suncus murinus,Sarahandrano,flooded_rice,3
3461,NA,0,Protozoa,Rattus rattus,Sarahandrano,village,3
3462,NA,0,Protozoa,Mus musculus,Sarahandrano,village,3
3465,NA,0,Protozoa,Mus musculus,Sarahandrano,flooded_rice,3
3473,NA,0,Protozoa,Mus musculus,Sarahandrano,flooded_rice,3
3474,NA,0,Protozoa,Mus musculus,Sarahandrano,flooded_rice,3
3476,NA,0,Protozoa,Suncus murinus,Sarahandrano,flooded_rice,3
3477,NA,0,Protozoa,Rattus rattus,Sarahandrano,village,3
3480,NA,0,Protozoa,Rattus rattus,Sarahandrano,village,3
3485,NA,0,Protozoa,Mus musculus,Sarahandrano,village,3
3486,NA,0,Protozoa,Mus musculus,Sarahandrano,village,3
3489,NA,0,Protozoa,Rattus rattus,Sarahandrano,village,3
3492,NA,0,Protozoa,Microgale brevicaudata,Andatsakala,brushy_regrowth,1
3495,NA,0,Protozoa,Microgale prolixacaudata,Andatsakala,brushy_regrowth,1
3496,NA,0,Protozoa,Mus musculus,Andatsakala,brushy_regrowth,1
3497,NA,0,Protozoa,Mus musculus,Andatsakala,brushy_regrowth,1
3498,NA,0,Protozoa,Mus musculus,Andatsakala,brushy_regrowth,1
3499,NA,0,Protozoa,Rattus rattus,Andatsakala,brushy_regrowth,1
3500,NA,0,Protozoa,Rattus rattus,Andatsakala,brushy_regrowth,1
3503,NA,0,Protozoa,Rattus rattus,Andatsakala,brushy_regrowth,1
3505,NA,0,Protozoa,Mus musculus,Andatsakala,brushy_regrowth,1
3506,NA,0,Protozoa,Mus musculus,Andatsakala,brushy_regrowth,1
3507,NA,0,Protozoa,Mus musculus,Andatsakala,brushy_regrowth,1
3508,NA,0,Protozoa,Mus musculus,Andatsakala,brushy_regrowth,1
3509,NA,0,Protozoa,Rattus rattus,Andatsakala,brushy_regrowth,1
3511,NA,0,Protozoa,Mus musculus,Andatsakala,brushy_regrowth,1
3513,NA,0,Protozoa,Mus musculus,Andatsakala,brushy_regrowth,1
3514,NA,0,Protozoa,Mus musculus,Andatsakala,brushy_regrowth,1
3516,NA,0,Protozoa,Rattus rattus,Andatsakala,brushy_regrowth,1
3517,NA,0,Protozoa,Microgale brevicaudata,Andatsakala,brushy_regrowth,1
3518,NA,0,Protozoa,Mus musculus,Andatsakala,brushy_regrowth,1
3519,NA,0,Protozoa,Mus musculus,Andatsakala,brushy_regrowth,1
3524,NA,0,Protozoa,Suncus murinus,Andatsakala,brushy_regrowth,1
3525,NA,0,Protozoa,Mus musculus,Andatsakala,brushy_regrowth,1
3527,NA,0,Protozoa,Rattus rattus,Andatsakala,brushy_regrowth,1
3530,NA,0,Protozoa,Microgale brevicaudata,Andatsakala,agriculture,1
3532,NA,0,Protozoa,Microgale parvula,Andatsakala,agriculture,1
3534,NA,0,Protozoa,Rattus rattus,Andatsakala,agriculture,1
3535,NA,0,Protozoa,Rattus rattus,Andatsakala,agriculture,1
3542,NA,0,Protozoa,Suncus etruscus,Andatsakala,agriculture,1
3544,NA,0,Protozoa,Suncus etruscus,Andatsakala,agriculture,1
3548,NA,0,Protozoa,Rattus rattus,Andatsakala,secondary_forest,1
3550,NA,0,Protozoa,Mus musculus,Andatsakala,secondary_forest,1
3551,NA,0,Protozoa,Mus musculus,Andatsakala,secondary_forest,1
3557,NA,0,Protozoa,Rattus rattus,Andatsakala,secondary_forest,1
3565,NA,0,Protozoa,Mus musculus,Andatsakala,secondary_forest,1
3568,NA,0,Protozoa,Rattus rattus,Andatsakala,secondary_forest,1
3569,NA,0,Protozoa,Rattus rattus,Andatsakala,secondary_forest,1
3579,NA,0,Protozoa,Nesomys rufus,Andatsakala,semi-intact_forest,1
3580,NA,0,Protozoa,Eliurus minor,Andatsakala,semi-intact_forest,1
3584,NA,0,Protozoa,Mus musculus,Andatsakala,agroforest,1
3585,NA,0,Protozoa,Mus musculus,Andatsakala,agroforest,1
3586,NA,0,Protozoa,Mus musculus,Andatsakala,agroforest,1
3588,NA,0,Protozoa,Mus musculus,Andatsakala,agroforest,1
3589,NA,0,Protozoa,Mus musculus,Andatsakala,agroforest,1
3590,NA,0,Protozoa,Mus musculus,Andatsakala,agroforest,1
3594,NA,0,Protozoa,Mus musculus,Andatsakala,agroforest,1
3595,NA,0,Protozoa,Mus musculus,Andatsakala,agroforest,1
3596,NA,0,Protozoa,Mus musculus,Andatsakala,agroforest,1
3597,NA,0,Protozoa,Mus musculus,Andatsakala,agroforest,1
3599,NA,0,Protozoa,Rattus rattus,Andatsakala,agroforest,1
3601,NA,0,Protozoa,Microgale brevicaudata,Andatsakala,agroforest,1
3602,NA,0,Protozoa,Suncus murinus,Andatsakala,agroforest,1
3603,NA,0,Protozoa,Mus musculus,Andatsakala,agroforest,1
3604,NA,0,Protozoa,Mus musculus,Andatsakala,agroforest,1
3606,NA,0,Protozoa,Microgale brevicaudata,Andatsakala,agroforest,1
3607,NA,0,Protozoa,Rattus rattus,Andatsakala,agroforest,1
3610,NA,0,Protozoa,Rattus rattus,Andatsakala,agroforest,1
3613,NA,0,Protozoa,Rattus rattus,Andatsakala,agroforest,1
3617,NA,0,Protozoa,Mus musculus,Andatsakala,agroforest,1
3618,NA,0,Protozoa,Suncus etruscus,Andatsakala,agroforest,1
3623,NA,0,Protozoa,Rattus rattus,Andatsakala,agroforest,1
3624,NA,0,Protozoa,Mus musculus,Andatsakala,flooded_rice,1
3627,NA,0,Protozoa,Mus musculus,Andatsakala,flooded_rice,1
3628,NA,0,Protozoa,Mus musculus,Andatsakala,village,1
3629,NA,0,Protozoa,Mus musculus,Andatsakala,village,1
3630,NA,0,Protozoa,Rattus rattus,Andatsakala,village,1
3632,NA,0,Protozoa,Mus musculus,Andatsakala,flooded_rice,1
3633,NA,0,Protozoa,Mus musculus,Andatsakala,flooded_rice,1
3638,NA,0,Protozoa,Rattus rattus,Andatsakala,village,1
3639,NA,0,Protozoa,Rattus rattus,Andatsakala,village,1
3640,NA,0,Protozoa,Mus musculus,Andatsakala,flooded_rice,1
3641,NA,0,Protozoa,Rattus rattus,Andatsakala,village,1
3642,NA,0,Protozoa,Rattus rattus,Andatsakala,village,1
3643,NA,0,Protozoa,Rattus rattus,Andatsakala,village,1
3644,NA,0,Protozoa,Rattus rattus,Andatsakala,village,1
3647,NA,0,Protozoa,Suncus etruscus,Andatsakala,flooded_rice,1
3648,NA,0,Protozoa,Suncus etruscus,Andatsakala,flooded_rice,1
3651,NA,0,Protozoa,Suncus etruscus,Andatsakala,flooded_rice,1
3653,NA,0,Protozoa,Rattus rattus,Andatsakala,village,1
3654,NA,0,Protozoa,Rattus rattus,Andatsakala,village,1
3656,NA,0,Protozoa,Rattus rattus,Andatsakala,flooded_rice,1
3657,NA,0,Protozoa,Rattus rattus,Andatsakala,flooded_rice,1
3658,NA,0,Protozoa,Rattus rattus,Andatsakala,village,1
3659,NA,0,Protozoa,Rattus rattus,Andatsakala,village,1
3660,NA,0,Protozoa,Rattus rattus,Andatsakala,village,1
3661,NA,0,Protozoa,Rattus rattus,Andatsakala,brushy_regrowth,2
3662,NA,0,Protozoa,Rattus rattus,Andatsakala,brushy_regrowth,2
3669,NA,0,Protozoa,Rattus rattus,Andatsakala,brushy_regrowth,2
3675,NA,0,Protozoa,Mus musculus,Andatsakala,brushy_regrowth,2
3677,NA,0,Protozoa,Microgale brevicaudata,Andatsakala,brushy_regrowth,2
3679,NA,0,Protozoa,Rattus rattus,Andatsakala,brushy_regrowth,2
3682,NA,0,Protozoa,Microgale brevicaudata,Andatsakala,brushy_regrowth,2
3690,NA,0,Protozoa,Mus musculus,Andatsakala,agriculture,2
3691,NA,0,Protozoa,Microgale brevicaudata,Andatsakala,agriculture,2
3694,NA,0,Protozoa,Suncus etruscus,Andatsakala,agriculture,2
3696,NA,0,Protozoa,Tenrec ecaudatus,Andatsakala,agriculture,2
3704,NA,0,Protozoa,Suncus etruscus,Andatsakala,agriculture,2
3706,NA,0,Protozoa,Suncus murinus,Andatsakala,agriculture,2
3708,NA,0,Protozoa,Rattus rattus,Andatsakala,agriculture,2
3714,NA,0,Protozoa,Rattus rattus,Andatsakala,secondary_forest,2
3718,NA,0,Protozoa,Mus musculus,Andatsakala,secondary_forest,2
3719,NA,0,Protozoa,Rattus rattus,Andatsakala,secondary_forest,2
3727,NA,0,Protozoa,Rattus rattus,Andatsakala,semi-intact_forest,2
3728,NA,0,Protozoa,Rattus rattus,Andatsakala,semi-intact_forest,2
3738,NA,0,Protozoa,Mus musculus,Andatsakala,agroforest,2
3739,NA,0,Protozoa,Mus musculus,Andatsakala,agroforest,2
3740,NA,0,Protozoa,Mus musculus,Andatsakala,agroforest,2
3742,NA,0,Protozoa,Rattus rattus,Andatsakala,agroforest,2
3743,NA,0,Protozoa,Setifer setosus,Andatsakala,agroforest,2
3746,NA,0,Protozoa,Suncus etruscus,Andatsakala,agroforest,2
3748,NA,0,Protozoa,Suncus murinus,Andatsakala,agroforest,2
3757,NA,0,Protozoa,Suncus etruscus,Andatsakala,agroforest,2
3760,NA,0,Protozoa,Mus musculus,Andatsakala,agroforest,2
3767,NA,0,Protozoa,Rattus rattus,Andatsakala,agroforest,2
3770,NA,0,Protozoa,Setifer setosus,Andatsakala,agroforest,2
3771,NA,0,Protozoa,Setifer setosus,Andatsakala,agroforest,2
3773,NA,0,Protozoa,Rattus rattus,Andatsakala,agroforest,2
3774,NA,0,Protozoa,Rattus rattus,Andatsakala,agroforest,2
3779,NA,0,Protozoa,Rattus rattus,Andatsakala,flooded_rice,2
3781,NA,0,Protozoa,Rattus rattus,Andatsakala,flooded_rice,2
3782,NA,0,Protozoa,Rattus rattus,Andatsakala,flooded_rice,2
3784,NA,0,Protozoa,Mus musculus,Andatsakala,flooded_rice,2
3788,NA,0,Protozoa,Suncus murinus,Andatsakala,flooded_rice,2
3793,NA,0,Protozoa,Mus musculus,Andatsakala,village,2
3795,NA,0,Protozoa,Mus musculus,Andatsakala,village,2
3809,NA,0,Protozoa,Mus musculus,Andatsakala,flooded_rice,2
3812,NA,0,Protozoa,Rattus rattus,Andatsakala,flooded_rice,2
3814,NA,0,Protozoa,Suncus murinus,Andatsakala,flooded_rice,2
3817,NA,0,Protozoa,Rattus rattus,Andatsakala,village,2
3824,NA,0,Protozoa,Suncus etruscus,Andatsakala,flooded_rice,2
3826,NA,0,Protozoa,Suncus murinus,Andatsakala,flooded_rice,2
3829,NA,0,Protozoa,Mus musculus,Andatsakala,brushy_regrowth,3
3831,NA,0,Protozoa,Rattus rattus,Andatsakala,brushy_regrowth,3
3832,NA,0,Protozoa,Rattus rattus,Andatsakala,brushy_regrowth,3
3835,NA,0,Protozoa,Mus musculus,Andatsakala,brushy_regrowth,3
3839,NA,0,Protozoa,Rattus rattus,Andatsakala,brushy_regrowth,3
3844,NA,0,Protozoa,Rattus rattus,Andatsakala,brushy_regrowth,3
3846,NA,0,Protozoa,Mus musculus,Andatsakala,brushy_regrowth,3
3847,NA,0,Protozoa,Mus musculus,Andatsakala,brushy_regrowth,3
3848,NA,0,Protozoa,Mus musculus,Andatsakala,brushy_regrowth,3
3855,NA,0,Protozoa,Microgale brevicaudata,Andatsakala,agriculture,3
3864,NA,0,Protozoa,Rattus rattus,Andatsakala,agriculture,3
3869,NA,0,Protozoa,Rattus rattus,Andatsakala,agriculture,3
3872,NA,0,Protozoa,Rattus rattus,Andatsakala,agriculture,3
3873,NA,0,Protozoa,Rattus rattus,Andatsakala,agriculture,3
3876,NA,0,Protozoa,Rattus rattus,Andatsakala,agriculture,3
3878,NA,0,Protozoa,Rattus rattus,Andatsakala,agriculture,3
3879,NA,0,Protozoa,Microgale brevicaudata,Andatsakala,agriculture,3
3882,NA,0,Protozoa,Nesogale talazaci,Andatsakala,agriculture,3
3884,NA,0,Protozoa,Nesogale talazaci,Andatsakala,agriculture,3
3887,NA,0,Protozoa,Rattus rattus,Andatsakala,agriculture,3
3888,NA,0,Protozoa,Rattus rattus,Andatsakala,agriculture,3
3889,NA,0,Protozoa,Rattus rattus,Andatsakala,agriculture,3
3893,NA,0,Protozoa,Rattus rattus,Andatsakala,secondary_forest,3
3894,NA,0,Protozoa,Rattus rattus,Andatsakala,secondary_forest,3
3896,NA,0,Protozoa,Rattus rattus,Andatsakala,secondary_forest,3
3897,NA,0,Protozoa,Rattus rattus,Andatsakala,secondary_forest,3
3899,NA,0,Protozoa,Rattus rattus,Andatsakala,secondary_forest,3
3900,NA,0,Protozoa,Rattus rattus,Andatsakala,secondary_forest,3
3903,NA,0,Protozoa,Rattus rattus,Andatsakala,secondary_forest,3
3907,NA,0,Protozoa,Rattus rattus,Andatsakala,secondary_forest,3
3909,NA,0,Protozoa,Rattus rattus,Andatsakala,secondary_forest,3
3912,NA,0,Protozoa,Rattus rattus,Andatsakala,secondary_forest,3
3914,NA,0,Protozoa,Rattus rattus,Andatsakala,secondary_forest,3
3916,NA,0,Protozoa,Rattus rattus,Andatsakala,secondary_forest,3
3917,NA,0,Protozoa,Rattus rattus,Andatsakala,secondary_forest,3
3919,NA,0,Protozoa,Rattus rattus,Andatsakala,secondary_forest,3
3920,NA,0,Protozoa,Rattus rattus,Andatsakala,secondary_forest,3
3922,NA,0,Protozoa,Microgale brevicaudata,Andatsakala,secondary_forest,3
3927,NA,0,Protozoa,Suncus etruscus,Andatsakala,secondary_forest,3
3928,NA,0,Protozoa,Rattus rattus,Andatsakala,secondary_forest,3
3934,NA,0,Protozoa,Eliurus webbi,Andatsakala,semi-intact_forest,3
3935,NA,0,Protozoa,Eliurus webbi,Andatsakala,semi-intact_forest,3
3936,NA,0,Protozoa,Rattus rattus,Andatsakala,semi-intact_forest,3
3937,NA,0,Protozoa,Rattus rattus,Andatsakala,semi-intact_forest,3
3944,NA,0,Protozoa,Suncus murinus,Andatsakala,flooded_rice,3
3945,NA,0,Protozoa,Rattus rattus,Andatsakala,flooded_rice,3
3946,NA,0,Protozoa,Suncus murinus,Andatsakala,flooded_rice,3
3947,NA,0,Protozoa,Suncus murinus,Andatsakala,flooded_rice,3
3950,NA,0,Protozoa,Mus musculus,Andatsakala,village,3
3954,NA,0,Protozoa,Suncus etruscus,Andatsakala,flooded_rice,3
3955,NA,0,Protozoa,Suncus murinus,Andatsakala,flooded_rice,3
3962,NA,0,Protozoa,Rattus rattus,Andatsakala,village,3
3964,NA,0,Protozoa,Suncus murinus,Andatsakala,flooded_rice,3
3966,NA,0,Protozoa,Rattus rattus,Andatsakala,flooded_rice,3
3967,NA,0,Protozoa,Suncus murinus,Andatsakala,flooded_rice,3
3968,NA,0,Protozoa,Rattus rattus,Andatsakala,village,3
3969,NA,0,Protozoa,Rattus rattus,Andatsakala,village,3
3971,NA,0,Protozoa,Rattus rattus,Andatsakala,village,3
3977,NA,0,Protozoa,Suncus murinus,Andatsakala,flooded_rice,3
3982,NA,0,Protozoa,Rattus rattus,Andatsakala,village,3
3988,NA,0,Protozoa,Rattus rattus,Andatsakala,village,3
3989,NA,0,Protozoa,Mus musculus,Andatsakala,village,3
3993,NA,0,Protozoa,Mus musculus,Andatsakala,agroforest,3
3994,NA,0,Protozoa,Mus musculus,Andatsakala,agroforest,3
3997,NA,0,Protozoa,Rattus rattus,Andatsakala,agroforest,3
3999,NA,0,Protozoa,Rattus rattus,Andatsakala,agroforest,3
4005,NA,0,Protozoa,Rattus rattus,Andatsakala,agroforest,3
4007,NA,0,Protozoa,Rattus rattus,Andatsakala,agroforest,3
4009,NA,0,Protozoa,Mus musculus,Andatsakala,agroforest,3
4010,NA,0,Protozoa,Mus musculus,Andatsakala,agroforest,3
4013,NA,0,Protozoa,Rattus rattus,Andatsakala,village,3
4014,NA,0,Protozoa,Rattus rattus,Andatsakala,village,3
4015,NA,0,Protozoa,Rattus rattus,Andatsakala,village,3
4018,NA,0,Protozoa,Rattus rattus,Andatsakala,village,3
4020,NA,0,Protozoa,Suncus murinus,Andatsakala,agroforest,3
4025,NA,0,Protozoa,Rattus rattus,Andatsakala,village,3
4026,NA,0,Protozoa,Rattus rattus,Andatsakala,village,3
4034,NA,0,Protozoa,Rattus rattus,Andatsakala,village,3
4036,NA,0,Protozoa,Rattus rattus,Andatsakala,agroforest,3
